age,years_at_company,years_in_current_role,monthly_income,salary_hike_percent,job_level,performance_rating,job_satisfaction,work_life_balance,environment_satisfaction,relationship_satisfaction,training_hours_last_year,overtime,remote_work,distance_from_home,commute_time_minutes,number_of_projects,team_size,manager_rating,absence_days,promotion_last_5_years,stock_option,is_senior_age,role_tenure_ratio,has_changed_role,career_stagnation_flag,years_per_job_level,income_per_job_level,income_percentile_in_dept,below_dept_median_income_flag,salary_hike_per_year_tenure,overall_satisfaction_index,satisfaction_volatility,low_satisfaction_flag,workload_intensity,projects_per_year_tenure,business_travel_ordinal,burnout_risk_score,commute_burden_index,long_commute_flag,performance_manager_gap,high_performer_flag,underrated_flag,absence_rate_per_year,high_absence_flag,hr_red_flag_count,overtime_and_low_satisfaction_flag,education_level_ordinal,gender_Male,marital_status_Married,marital_status_Single,department_HR,department_IT,department_Marketing,department_Operations,department_Sales,employment_type_Full-Time,employment_type_Part-Time,age_group_25-34,age_group_35-44,age_group_45-54,age_group_55+,actual_attrition,predicted_attrition
44,2,1,5574,17.8,1,3,3,3,3,4,36,1,1,16,55,4,7,3,8,0,0,0,0.333333333,1,0,2.0,5574.0,0.283717105,1,5.933333333,3.25,0.5,0,0.571428571,1.333333333,0,3,3.235294118,0,0,0,0,2.666666667,1,2,0,3,0,0,1,1,0,0,0,0,0,0,0,1,0,0,0,0
34,5,1,7797,15.7,2,3,2,3,2,4,41,1,1,20,59,1,10,3,6,0,0,0,0.166666667,1,0,2.5,3898.5,0.471965496,1,2.616666667,2.75,0.957427108,0,0.1,0.166666667,0,2,2.80952381,0,0,0,0,1.0,0,1,0,2,0,1,0,0,0,0,0,1,1,0,1,0,0,0,1,1
52,2,1,7963,17.9,2,3,2,5,3,5,23,0,0,5,16,2,14,3,2,0,0,1,0.333333333,1,0,1.0,3981.5,0.496919285,1,5.966666667,3.75,1.5,0,0.142857143,0.666666667,1,1,2.666666667,0,0,0,0,0.666666667,0,1,0,2,1,1,0,0,0,0,0,1,1,0,0,0,1,0,0,0
28,5,4,8877,14.7,1,4,4,1,4,2,22,0,0,22,63,3,9,3,4,0,1,0,0.666666667,1,1,5.0,8877.0,0.419489445,1,2.45,2.75,1.5,0,0.333333333,0.5,0,0,2.739130435,1,1,1,1,0.666666667,0,3,0,3,1,1,0,0,1,0,0,0,1,0,1,0,0,0,0,0
38,6,1,8831,12.1,2,4,4,2,3,4,50,0,0,13,32,5,5,3,3,0,1,0,0.142857143,1,0,3.0,4415.5,0.513321492,0,1.728571429,3.25,0.957427108,0,1.0,0.714285714,0,1,2.285714286,0,1,1,1,0.428571429,0,0,0,3,0,1,0,0,0,0,0,0,1,0,0,1,0,0,0,0
35,7,1,11085,16.3,3,4,3,3,4,4,43,1,0,26,70,2,2,1,13,0,1,0,0.125,1,0,2.333333333,3695.0,0.689248895,0,2.0375,3.5,0.577350269,0,1.0,0.25,1,4,2.592592593,1,3,1,1,1.625,1,2,0,1,1,1,0,0,1,0,0,0,1,0,0,1,0,0,1,0
39,5,3,11230,15.0,3,3,1,4,3,3,8,0,0,13,24,6,2,2,6,0,1,0,0.5,1,0,1.666666667,3743.333333,0.856438694,0,2.5,2.75,1.258305739,0,3.0,1.0,0,1,1.714285714,0,1,0,1,1.0,0,0,0,3,1,0,0,0,0,0,0,1,0,0,0,1,0,0,1,0
21,1,1,7780,21.3,1,4,3,1,3,5,36,1,0,48,150,4,10,3,14,0,0,0,0.5,0,0,1.0,7780.0,0.265586647,1,10.65,3.0,1.632993162,0,0.4,2.0,2,4,3.06122449,1,1,1,1,7.0,1,3,0,3,0,0,0,0,1,0,0,0,1,0,0,0,0,0,1,1
22,4,3,11069,11.0,3,3,2,2,2,3,32,1,1,11,46,1,7,2,7,0,1,0,0.6,1,0,1.333333333,3689.666667,0.687162494,0,2.2,2.25,0.5,1,0.142857143,0.2,1,3,3.833333333,0,1,0,1,1.4,0,1,1,2,0,1,0,0,1,0,0,0,1,0,0,0,0,0,1,1
41,4,0,8930,15.4,2,4,4,3,4,3,39,1,0,18,75,3,2,2,6,0,0,0,0.0,1,0,2.0,4465.0,0.427098675,1,3.08,3.5,0.577350269,0,1.5,0.6,1,4,3.947368421,1,2,1,1,1.2,0,2,0,2,1,0,1,0,1,0,0,0,1,0,0,1,0,0,0,0
39,12,7,12152,14.8,3,3,1,5,5,4,41,0,0,11,38,4,9,3,4,0,1,0,0.538461538,1,1,4.0,4050.666667,0.782768778,0,1.138461538,3.75,1.892969449,0,0.444444444,0.307692308,2,2,3.166666667,0,0,0,0,0.307692308,0,1,0,2,0,0,1,0,1,0,0,0,1,0,0,1,0,0,0,0
36,18,9,16749,16.1,5,4,2,3,2,4,59,0,0,19,55,3,3,2,7,1,1,0,0.473684211,1,0,3.6,3349.8,0.989833641,0,0.847368421,2.75,0.957427108,0,1.0,0.157894737,1,2,2.75,0,2,1,1,0.368421053,0,0,0,2,1,1,0,0,0,0,0,1,1,0,0,1,0,0,0,0
44,2,0,4975,21.4,2,4,4,3,4,2,44,0,1,1,5,4,5,5,4,0,0,0,0.0,1,0,1.0,2487.5,0.083025262,1,7.133333333,3.25,0.957427108,0,0.8,1.333333333,1,2,2.5,0,-1,1,0,1.333333333,0,1,0,1,1,0,1,0,0,0,0,1,0,1,0,1,0,0,1,0
44,9,8,12451,15.2,3,3,2,3,4,3,0,1,1,17,53,2,11,3,6,0,1,0,0.8,1,1,3.0,4150.333333,0.858792185,0,1.52,3.0,0.816496581,0,0.181818182,0.2,2,4,2.944444444,0,0,0,0,0.6,0,1,0,2,0,0,1,0,0,0,0,0,0,0,0,1,0,0,1,0
36,8,6,14398,20.6,4,5,3,4,1,4,8,0,1,15,45,6,6,3,3,1,1,0,0.666666667,1,0,2.0,3599.5,0.963647566,0,2.288888889,3.0,1.414213562,0,1.0,0.666666667,1,2,2.8125,0,2,1,1,0.333333333,0,0,0,3,0,0,0,0,0,0,0,1,1,0,0,1,0,0,0,0
51,13,11,10977,10.1,5,3,4,4,4,3,55,0,0,24,69,3,9,4,5,0,1,1,0.785714286,1,1,2.6,2195.4,0.930921053,0,0.721428571,3.75,0.5,0,0.333333333,0.214285714,1,1,2.76,1,-1,0,0,0.357142857,0,2,0,2,1,1,0,1,0,0,0,0,1,0,0,0,1,0,0,0
32,6,5,7995,12.2,3,3,1,3,4,4,49,1,0,14,56,5,6,3,4,0,1,0,0.714285714,1,1,2.0,2665.0,0.693256579,0,1.742857143,3.0,1.414213562,0,0.833333333,0.714285714,1,4,3.733333333,0,0,0,0,0.571428571,0,1,0,3,1,1,0,1,0,0,0,0,0,1,1,0,0,0,1,0
33,0,0,5373,13.5,2,3,2,3,4,4,0,1,1,12,29,4,8,3,7,0,0,0,0.0,0,0,0.0,2686.5,0.125539125,1,13.5,3.25,0.957427108,0,0.5,4.0,1,3,2.230769231,0,0,0,0,7.0,0,1,0,2,1,0,1,0,0,0,0,1,1,0,1,0,0,0,1,1
43,6,5,11370,14.3,3,3,4,4,3,3,24,0,1,26,105,3,11,3,4,0,1,0,0.714285714,1,1,2.0,3790.0,0.793294849,0,2.042857143,3.5,0.577350269,0,0.272727273,0.428571429,0,0,3.888888889,1,0,0,0,0.571428571,0,2,0,2,0,0,1,0,0,0,0,0,1,0,0,1,0,0,0,0
32,10,3,12250,13.9,4,2,3,3,4,4,15,1,1,2,6,6,4,3,5,0,1,0,0.272727273,1,0,2.5,3062.5,0.791114384,0,1.263636364,3.5,0.577350269,0,1.5,0.545454545,1,4,2.0,0,-1,0,0,0.454545455,0,0,0,2,0,0,1,0,1,0,0,0,1,0,1,0,0,0,0,0
18,0,0,5442,19.9,2,5,5,3,2,5,43,0,0,9,33,6,6,4,6,0,1,0,0.0,0,0,0.0,2721.0,0.13185459,1,19.9,3.75,1.5,0,1.0,6.0,2,3,3.3,0,1,1,1,6.0,0,1,0,1,1,1,0,0,0,0,0,1,1,0,0,0,0,0,0,0
27,1,1,6351,13.9,2,4,2,3,3,3,31,0,1,7,22,5,8,1,10,0,0,0,0.5,0,0,0.5,3175.5,0.359400998,1,6.95,2.75,0.5,0,0.625,2.5,0,1,2.75,0,3,1,1,5.0,1,2,0,2,1,0,1,0,0,0,1,0,1,0,1,0,0,0,1,1
45,1,0,5429,16.8,1,3,5,4,3,2,51,0,0,9,26,2,2,4,6,0,0,0,0.0,1,0,1.0,5429.0,0.163163717,1,8.4,3.5,1.290994449,0,1.0,1.0,1,2,2.6,0,-1,0,0,3.0,0,1,0,2,1,1,0,0,0,1,0,0,0,0,0,0,1,0,1,0
29,4,2,5122,21.9,1,3,1,2,3,2,23,0,1,2,5,5,2,3,9,0,0,0,0.4,1,0,4.0,5122.0,0.096734442,1,4.38,2.0,0.816496581,1,2.5,1.0,1,2,1.666666667,0,0,0,0,1.8,1,3,0,2,1,1,0,0,0,0,0,1,1,0,1,0,0,0,1,0
36,0,0,4854,8.0,1,1,3,4,4,3,84,0,0,8,20,2,12,4,5,0,0,0,0.0,0,0,0.0,4854.0,0.031083481,1,8.0,3.5,0.577350269,0,0.166666667,2.0,1,1,2.222222222,0,-3,0,0,5.0,0,1,0,1,0,1,0,0,0,0,0,0,1,0,0,1,0,0,0,0
51,4,1,8410,18.7,2,4,2,2,2,4,65,1,1,20,46,5,13,3,8,0,0,1,0.2,1,0,2.0,4205.0,0.450488455,1,3.74,2.5,1.0,0,0.384615385,1.0,0,2,2.19047619,0,1,1,1,1.6,1,2,0,2,0,1,0,0,0,0,0,0,1,0,0,0,1,0,1,1
49,0,0,6864,18.7,2,3,3,3,4,3,21,0,0,28,85,6,8,1,2,0,1,0,0.0,0,0,0.0,3432.0,0.448835275,1,18.7,3.25,0.5,0,0.75,6.0,0,1,2.931034483,1,2,0,1,2.0,0,2,0,3,0,0,1,0,0,0,1,0,1,0,0,0,1,0,0,0
50,1,1,8063,13.2,3,3,3,4,4,4,19,1,0,4,14,1,2,3,10,0,1,1,0.5,0,0,0.333333333,2687.666667,0.642678869,0,6.6,3.75,0.5,0,0.5,0.5,1,3,2.8,0,0,0,0,5.0,1,1,0,2,0,1,0,0,0,0,1,0,0,0,0,0,1,0,0,0
38,5,3,10445,15.7,3,3,4,3,3,4,24,0,1,39,125,7,15,3,5,0,1,0,0.5,1,0,1.666666667,3481.666667,0.61634757,0,2.616666667,3.5,0.577350269,0,0.466666667,1.166666667,0,0,3.125,1,0,0,0,0.833333333,0,1,0,2,1,0,1,0,1,0,0,0,0,1,0,1,0,0,0,0
25,1,1,4645,15.3,1,2,4,1,1,2,44,0,1,11,34,7,7,3,9,0,0,0,0.5,0,0,1.0,4645.0,0.01227295,1,7.65,2.0,1.414213562,1,1.0,3.5,1,2,2.833333333,0,-1,0,0,4.5,1,3,0,1,1,0,1,0,1,0,0,0,1,0,1,0,0,0,1,1
37,2,2,10107,16.7,2,4,4,4,5,4,32,0,0,2,7,9,2,2,4,0,0,0,0.666666667,0,0,1.0,5053.5,0.576337752,0,5.566666667,4.25,0.5,0,4.5,3.0,0,1,2.333333333,0,2,1,1,1.333333333,0,0,0,3,0,0,0,0,1,0,0,0,1,0,0,1,0,0,0,0
38,2,2,6522,22.3,2,2,2,1,3,3,26,0,1,7,24,4,8,4,7,0,0,0,0.666666667,0,0,1.0,3261.0,0.313053097,1,7.433333333,2.25,0.957427108,1,0.5,1.333333333,0,0,3.0,0,-2,0,0,2.333333333,0,2,0,2,1,0,1,0,0,1,0,0,1,0,0,1,0,0,1,1
42,3,2,7639,15.8,2,3,4,3,4,1,28,0,0,22,52,7,9,3,5,0,0,0,0.5,1,0,1.5,3819.5,0.335479574,1,3.95,3.0,1.414213562,0,0.777777778,1.75,1,2,2.260869565,0,0,0,0,1.25,0,1,0,2,0,0,1,0,0,0,0,0,1,0,0,1,0,0,0,0
32,2,1,6757,3.2,4,1,4,4,3,3,31,1,1,14,38,1,12,3,8,0,1,0,0.333333333,1,0,0.5,1689.25,0.355641593,1,1.066666667,3.5,0.577350269,0,0.083333333,0.333333333,2,4,2.533333333,0,-2,0,0,2.666666667,1,2,0,1,1,0,0,0,0,1,0,0,0,1,1,0,0,0,0,0
41,7,5,10495,18.2,3,3,4,3,4,3,22,1,1,2,5,4,11,4,2,0,1,0,0.625,1,1,2.333333333,3498.333333,0.801601972,0,2.275,3.5,0.577350269,0,0.363636364,0.5,1,3,1.666666667,0,-1,0,0,0.25,0,1,0,2,1,0,1,0,0,0,0,1,1,0,0,1,0,0,0,0
28,4,1,7277,15.5,2,2,3,4,4,3,5,0,0,4,19,7,11,5,8,0,0,0,0.2,1,0,2.0,3638.5,0.387861984,1,3.1,3.5,0.577350269,0,0.636363636,1.4,0,1,3.8,0,-3,0,0,1.6,1,2,0,2,0,0,0,0,0,0,0,1,1,0,1,0,0,0,0,0
35,2,2,9460,12.3,1,4,3,1,3,3,36,1,0,4,9,7,9,2,14,0,0,0,0.666666667,0,0,2.0,9460.0,0.493127148,1,4.1,2.5,1.0,0,0.777777778,2.333333333,1,4,1.8,0,2,1,1,4.666666667,1,2,0,4,1,1,0,0,1,0,0,0,0,1,0,1,0,0,1,1
25,2,1,3472,17.3,1,2,3,4,5,3,28,1,0,34,92,3,14,3,9,0,0,0,0.333333333,1,0,2.0,3472.0,0.026206323,1,5.766666667,3.75,0.957427108,0,0.214285714,1.0,1,3,2.628571429,1,-1,0,0,3.0,1,3,0,1,0,1,0,0,0,0,1,0,1,0,1,0,0,0,0,0
32,8,6,6182,17.5,3,3,1,3,5,5,15,0,0,16,69,4,6,3,5,0,1,0,0.666666667,1,1,2.666666667,2060.666667,0.400493421,1,1.944444444,3.5,1.914854216,0,0.666666667,0.444444444,0,1,4.058823529,1,0,0,0,0.555555556,0,3,0,1,1,0,1,1,0,0,0,0,1,0,1,0,0,0,0,0
44,0,0,6357,14.5,1,3,2,2,5,3,69,0,0,13,39,6,2,4,6,0,0,0,0.0,0,0,0.0,6357.0,0.244916821,1,14.5,3.0,1.414213562,0,3.0,6.0,2,3,2.785714286,0,-1,0,0,6.0,0,1,0,3,1,1,0,0,0,0,0,1,1,0,0,1,0,0,1,1
32,8,6,12181,12.3,4,3,3,3,3,3,0,0,1,14,56,3,9,4,4,0,1,0,0.666666667,1,1,2.0,3045.25,0.785714286,0,1.366666667,3.0,0.0,0,0.333333333,0.333333333,2,2,3.733333333,0,-1,0,0,0.444444444,0,1,0,2,1,0,1,0,1,0,0,0,1,0,1,0,0,0,0,0
36,3,1,4413,12.5,2,3,5,3,1,4,19,0,0,19,50,5,7,4,3,0,0,0,0.25,1,0,1.5,2206.5,0.123355263,1,3.125,3.25,1.707825128,0,0.714285714,1.25,2,3,2.5,0,-1,0,0,0.75,0,1,0,2,1,0,1,1,0,0,0,0,1,0,0,1,0,0,0,0
23,5,1,5265,17.6,1,4,3,3,4,3,33,0,1,10,29,3,6,5,4,1,0,0,0.166666667,1,0,5.0,5265.0,0.111675909,1,2.933333333,3.25,0.5,0,0.5,0.5,1,1,2.636363636,0,-1,1,0,0.666666667,0,1,0,2,1,0,1,0,0,0,0,1,0,0,0,0,0,0,0,0
19,1,0,8210,13.8,2,3,4,5,5,3,40,1,1,24,91,6,7,4,7,0,1,0,0.0,1,0,0.5,4105.0,0.422513321,1,6.9,4.25,0.957427108,0,0.857142857,3.0,2,5,3.64,1,-1,0,0,3.5,0,2,0,2,0,0,1,0,0,0,0,0,1,0,0,0,0,0,0,0
35,17,8,14547,20.1,5,4,3,4,4,3,40,0,0,11,32,5,3,2,3,0,1,0,0.444444444,1,1,3.4,2909.4,0.910407462,0,1.116666667,3.5,0.577350269,0,1.666666667,0.277777778,1,2,2.666666667,0,2,1,1,0.166666667,0,1,0,1,1,1,0,0,1,0,0,0,1,0,0,1,0,0,0,0
50,4,4,11009,15.5,3,4,4,5,4,3,21,0,0,16,43,3,5,3,3,0,1,1,0.8,0,1,1.333333333,3669.666667,0.679185076,0,3.1,4.0,0.816496581,0,0.6,0.6,0,1,2.529411765,0,1,1,1,0.6,0,1,0,2,1,1,0,0,1,0,0,0,1,0,0,0,1,0,0,0
56,1,0,8294,16.4,2,4,1,2,3,3,47,1,1,10,38,4,4,4,11,0,1,1,0.0,1,0,0.5,4147.0,0.549291436,0,8.2,2.25,0.957427108,1,1.0,2.0,0,3,3.454545455,0,0,1,0,5.5,1,2,1,2,1,1,0,0,0,0,0,1,1,0,0,0,0,1,1,1
21,3,3,9196,15.6,2,3,1,5,3,5,36,1,1,4,10,2,13,4,10,0,0,0,0.75,0,0,1.5,4598.0,0.561278863,0,3.9,3.5,1.914854216,0,0.153846154,0.5,0,2,2.0,0,-1,0,0,2.5,1,1,0,3,1,0,0,0,0,0,0,0,1,0,0,0,0,0,1,0
32,11,10,7132,15.7,3,3,4,2,5,4,31,1,1,7,25,5,6,3,6,0,1,0,0.833333333,1,1,3.666666667,2377.333333,0.428373894,1,1.308333333,3.75,1.258305739,0,0.833333333,0.416666667,0,3,3.125,0,0,0,0,0.5,0,2,0,1,1,0,1,0,0,1,0,0,1,0,1,0,0,0,0,0
35,2,1,7356,16.2,3,4,2,3,3,4,9,0,0,7,26,5,11,3,1,0,1,0,0.333333333,1,0,0.666666667,2452.0,0.400955022,1,5.4,3.0,0.816496581,0,0.454545455,1.666666667,1,1,3.25,0,1,1,1,0.333333333,0,1,0,1,1,1,0,0,0,0,0,1,1,0,0,1,0,0,0,0
37,4,0,7009,13.2,2,3,3,5,3,4,31,0,1,17,69,9,9,1,6,0,0,0,0.0,1,0,2.0,3504.5,0.336568084,1,2.64,3.75,0.957427108,0,1.0,1.8,1,2,3.833333333,1,2,0,1,1.2,0,2,0,1,1,1,0,0,0,0,0,1,1,0,0,1,0,0,0,0
35,2,1,9242,18.2,2,4,4,3,2,5,46,0,0,7,13,4,10,5,5,0,0,0,0.333333333,1,0,1.0,4621.0,0.468213058,1,6.066666667,3.5,1.290994449,0,0.4,1.333333333,2,2,1.625,0,-1,1,0,1.666666667,0,1,0,2,1,1,0,0,1,0,0,0,1,0,0,1,0,0,1,0
40,4,2,4723,18.4,2,4,4,3,3,3,53,1,1,8,29,3,9,3,6,0,1,0,0.4,1,0,2.0,2361.5,0.155427632,1,3.68,3.25,0.5,0,0.333333333,0.6,1,3,3.222222222,0,1,1,1,1.2,0,1,0,1,0,0,1,1,0,0,0,0,0,1,0,1,0,0,0,0
23,2,0,6219,14.1,2,2,2,2,5,3,43,0,1,27,52,8,10,2,8,0,0,0,0.0,1,0,1.0,3109.5,0.407894737,1,4.7,3.0,1.414213562,0,0.8,2.666666667,2,3,1.857142857,0,0,0,0,2.666666667,1,2,0,2,0,0,1,1,0,0,0,0,0,0,0,0,0,0,1,1
46,0,0,7523,17.1,2,4,5,5,2,5,31,1,0,19,71,10,12,3,7,0,0,0,0.0,0,0,0.0,3761.5,0.429143561,1,17.1,4.25,1.5,0,0.833333333,10.0,0,3,3.55,1,1,1,1,7.0,0,2,0,2,1,0,1,0,0,0,0,1,1,0,0,0,1,0,1,0
29,0,0,5027,17.6,1,4,5,3,3,3,42,0,1,15,61,7,10,4,8,0,0,0,0.0,0,0,0.0,5027.0,0.087184227,1,17.6,3.5,1.0,0,0.7,7.0,1,2,3.8125,1,0,1,0,8.0,1,3,0,2,0,1,0,0,0,0,0,1,1,0,1,0,0,0,0,0
45,2,2,4461,13.9,1,2,2,3,4,5,53,1,0,26,81,5,12,2,5,0,1,0,0.666666667,0,0,2.0,4461.0,0.065265487,1,4.633333333,3.5,1.290994449,0,0.416666667,1.666666667,1,3,3.0,1,0,0,0,1.666666667,0,2,0,2,1,0,1,0,0,1,0,0,0,1,0,0,1,0,1,1
41,2,2,6918,17.1,2,4,2,3,1,3,65,0,0,19,58,4,14,2,9,0,1,0,0.666666667,0,0,1.0,3459.0,0.234902309,1,5.7,2.25,0.957427108,1,0.285714286,1.333333333,0,0,2.9,0,2,1,1,3.0,1,3,0,2,1,1,0,0,0,0,0,0,0,0,0,1,0,0,1,1
47,13,11,12755,18.4,4,3,4,4,4,3,47,0,0,39,115,1,7,3,3,0,1,0,0.785714286,1,1,3.25,3188.75,0.952433628,0,1.314285714,3.75,0.5,0,0.142857143,0.071428571,1,1,2.875,1,0,0,0,0.214285714,0,2,0,2,0,0,0,0,0,1,0,0,1,0,0,0,1,0,0,0
57,3,0,12059,13.9,4,4,4,3,3,3,54,0,0,25,105,3,3,3,4,0,1,1,0.0,1,0,0.75,3014.75,0.834813499,0,3.475,3.25,0.5,0,1.0,0.75,1,2,4.038461538,1,1,1,1,1.0,0,1,0,2,0,0,1,0,0,0,0,0,0,0,0,0,0,1,0,0
32,5,2,10736,19.0,2,3,3,3,2,4,0,0,0,3,10,3,2,2,3,0,0,0,0.333333333,1,0,2.5,5368.0,0.650220913,0,3.166666667,3.0,0.816496581,0,1.5,0.5,0,1,2.5,0,1,0,1,0.5,0,0,0,3,0,0,1,0,1,0,0,0,1,0,1,0,0,0,0,0
35,1,1,7157,15.9,2,3,4,5,3,4,43,1,1,28,90,3,8,4,6,0,0,0,0.5,0,0,0.5,3578.5,0.191458027,1,7.95,4.0,0.816496581,0,0.375,1.5,1,3,3.103448276,1,-1,0,0,3.0,0,2,0,2,1,1,0,0,1,0,0,0,1,0,0,1,0,0,0,0
52,3,0,9980,18.4,2,3,3,3,4,5,41,1,1,52,132,1,6,2,6,0,0,1,0.0,1,0,1.5,4990.0,0.662300178,0,4.6,3.75,0.957427108,0,0.166666667,0.25,1,3,2.490566038,1,1,0,1,1.5,0,1,0,3,1,1,0,0,0,0,0,0,1,0,0,0,1,0,1,1
24,2,0,8362,14.9,2,3,4,1,1,1,54,1,1,5,14,3,10,2,9,0,0,0,0.0,1,0,1.0,4181.0,0.349901816,1,4.966666667,1.75,1.5,1,0.3,1.0,1,3,2.333333333,0,1,0,1,3.0,1,3,1,2,1,0,0,0,1,0,0,0,1,0,0,0,0,0,1,1
33,2,0,8485,16.6,2,1,2,3,4,1,54,0,0,10,37,6,9,4,4,0,0,0,0.0,1,0,1.0,4242.5,0.366961217,1,5.533333333,2.5,1.290994449,0,0.666666667,2.0,0,1,3.363636364,0,-3,0,0,1.333333333,0,1,0,3,0,0,1,0,1,0,0,0,0,0,1,0,0,0,1,0
31,5,2,5851,17.2,1,3,4,4,4,4,33,1,1,10,33,2,2,4,6,0,0,0,0.333333333,1,0,5.0,5851.0,0.178373383,1,2.866666667,4.0,0.0,0,1.0,0.333333333,1,4,3.0,0,-1,0,0,1.0,0,1,0,2,1,1,0,0,0,0,0,1,1,0,1,0,0,0,0,0
22,4,3,8233,15.7,2,5,5,4,4,1,13,0,1,3,13,3,2,3,3,0,0,0,0.6,1,0,2.0,4116.5,0.426509769,1,3.14,3.5,1.732050808,0,1.5,0.6,1,2,3.25,0,2,1,1,0.6,0,1,0,2,1,0,1,0,0,0,0,0,0,1,0,0,0,0,0,0
20,2,2,8687,14.8,2,4,3,4,5,4,34,1,0,10,29,4,4,3,6,0,1,0,0.666666667,0,0,1.0,4343.5,0.600123229,0,4.933333333,4.0,0.816496581,0,1.0,1.333333333,1,4,2.636363636,0,1,1,1,2.0,0,0,0,3,1,0,1,0,0,0,0,1,1,0,0,0,0,0,0,0
26,0,0,5727,19.1,1,3,3,3,3,3,44,0,1,7,23,5,4,4,3,0,0,0,0.0,0,0,0.0,5727.0,0.057069219,1,19.1,3.0,0.0,0,1.25,5.0,2,3,2.875,0,-1,0,0,3.0,0,1,0,3,1,1,0,0,1,0,0,0,1,0,1,0,0,0,0,0
26,5,4,8848,18.8,2,4,2,3,2,4,33,1,0,12,41,5,6,4,11,0,0,0,0.666666667,1,1,2.5,4424.0,0.416789396,1,3.133333333,2.75,0.957427108,0,0.833333333,0.833333333,1,4,3.153846154,0,0,1,0,1.833333333,1,3,0,2,1,0,0,0,1,0,0,0,1,0,1,0,0,0,0,1
18,0,0,4078,11.1,1,3,3,4,2,4,61,0,1,6,21,3,8,2,4,0,0,0,0.0,0,0,0.0,4078.0,0.053244592,1,11.1,3.25,0.957427108,0,0.375,3.0,1,1,3.0,0,1,0,1,4.0,0,1,0,1,1,1,0,0,0,0,1,0,1,0,0,0,0,0,1,0
33,1,1,11502,10.3,2,4,1,5,4,5,41,1,0,17,38,6,3,3,4,0,1,0,0.5,0,0,0.5,5751.0,0.731222386,0,5.15,3.75,1.892969449,0,2.0,3.0,1,4,2.111111111,0,1,1,1,2.0,0,0,0,4,0,0,1,0,1,0,0,0,1,0,1,0,0,0,1,0
32,2,0,8260,17.1,2,4,2,3,2,3,39,0,0,2,6,1,2,3,3,0,0,0,0.0,1,0,1.0,4130.0,0.542821935,0,5.7,2.5,0.577350269,0,0.5,0.333333333,1,1,2.0,0,1,1,1,1.0,0,0,0,2,1,1,0,0,0,0,0,1,1,0,1,0,0,0,0,0
38,0,0,4319,14.8,1,3,4,5,3,2,56,0,0,10,19,3,4,2,6,0,0,0,0.0,0,0,0.0,4319.0,0.111019737,1,14.8,3.5,1.290994449,0,0.75,3.0,2,3,1.727272727,0,1,0,1,6.0,0,1,0,2,0,1,0,1,0,0,0,0,1,0,0,1,0,0,1,0
42,1,1,7514,11.9,2,2,3,3,4,1,21,1,0,5,9,1,9,3,8,0,0,0,0.5,0,0,0.5,3757.0,0.427141097,1,5.95,2.75,1.258305739,0,0.111111111,0.5,0,2,1.5,0,-1,0,0,4.0,1,2,0,2,1,1,0,0,0,0,0,1,0,0,0,1,0,0,1,0
22,3,0,6914,15.5,2,3,2,3,4,3,42,0,1,15,50,6,2,3,3,0,0,0,0.0,1,0,1.5,3457.0,0.460898502,1,3.875,3.0,0.816496581,0,3.0,1.5,1,2,3.125,0,0,0,0,0.75,0,1,0,2,1,0,0,0,0,0,1,0,1,0,0,0,0,0,1,0
54,3,2,7505,8.1,2,2,1,3,4,4,26,1,0,5,20,1,9,2,4,0,0,1,0.5,1,0,1.5,3752.5,0.559900166,0,2.025,3.0,1.414213562,0,0.111111111,0.25,1,3,3.333333333,0,0,0,0,1.0,0,0,0,3,1,0,1,0,0,0,1,0,1,0,0,0,1,0,1,1
43,8,5,8081,17.5,3,4,3,3,3,3,59,1,1,8,28,2,8,4,3,1,1,0,0.555555556,1,0,2.666666667,2693.666667,0.587389381,0,1.944444444,3.0,0.0,0,0.25,0.222222222,0,2,3.111111111,0,0,1,0,0.333333333,0,0,0,1,0,1,0,0,0,1,0,0,1,0,0,1,0,0,0,0
18,0,0,3875,16.9,1,2,2,3,3,4,38,0,0,18,73,1,4,2,7,0,0,0,0.0,0,0,0.0,3875.0,0.018484288,1,16.9,3.0,0.816496581,0,0.25,1.0,1,1,3.842105263,1,0,0,0,7.0,0,2,0,1,1,0,1,0,0,0,0,1,1,0,0,0,0,0,1,1
39,11,5,11329,13.5,3,4,5,3,4,2,21,1,0,5,25,2,7,3,10,0,1,0,0.416666667,1,1,3.666666667,3776.333333,0.861059766,0,1.125,3.5,1.290994449,0,0.285714286,0.166666667,1,3,4.166666667,0,1,1,1,0.833333333,1,2,0,2,1,0,1,0,0,0,0,1,1,0,0,1,0,0,0,0
44,13,10,14017,9.0,4,4,1,2,4,4,32,0,0,11,46,1,10,1,5,1,1,0,0.714285714,1,0,3.25,3504.25,0.887088856,0,0.642857143,2.75,1.5,0,0.1,0.071428571,0,0,3.833333333,0,3,1,1,0.357142857,0,0,0,2,1,1,0,0,1,0,0,0,1,0,0,1,0,0,0,0
45,2,2,7653,16.0,3,3,5,4,3,3,35,0,0,48,150,3,10,3,8,0,1,0,0.666666667,0,0,0.666666667,2551.0,0.643092105,0,5.333333333,3.75,0.957427108,0,0.3,1.0,1,1,3.06122449,1,0,0,0,2.666666667,1,2,0,2,0,0,1,1,0,0,0,0,1,0,0,0,1,0,0,0
37,7,3,10503,13.5,3,4,3,2,5,4,34,1,0,6,15,6,4,4,6,0,1,0,0.375,1,0,2.333333333,3501.0,0.802064079,0,1.6875,3.5,1.290994449,0,1.5,0.75,0,3,2.142857143,0,0,1,0,0.75,0,0,0,3,0,1,0,0,0,0,0,1,1,0,0,1,0,0,1,0
32,12,11,14461,16.3,4,4,1,3,4,3,43,0,0,10,34,2,9,4,6,1,1,0,0.846153846,1,0,3.0,3615.25,0.905252823,0,1.253846154,2.75,1.258305739,0,0.222222222,0.153846154,1,1,3.090909091,0,0,1,0,0.461538462,0,0,0,2,1,0,1,0,1,0,0,0,1,0,1,0,0,0,0,0
36,4,0,10619,19.5,2,4,2,4,4,3,29,0,1,8,30,4,11,4,7,0,0,0,0.0,1,0,2.0,5309.5,0.639666176,0,3.9,3.25,0.957427108,0,0.363636364,0.8,1,1,3.333333333,0,0,1,0,1.4,0,0,0,3,0,1,0,0,1,0,0,0,0,0,0,1,0,0,0,0
38,1,0,5960,14.4,2,4,1,1,3,2,26,0,0,6,15,4,3,3,7,0,0,0,0.0,1,0,0.5,2980.0,0.361842105,1,7.2,1.75,0.957427108,1,1.333333333,2.0,1,2,2.142857143,0,1,1,1,3.5,0,2,0,3,0,1,0,1,0,0,0,0,1,0,0,1,0,0,1,1
24,6,1,4820,9.3,1,3,3,3,4,4,82,1,0,5,14,7,8,3,8,0,0,0,0.142857143,1,0,6.0,4820.0,0.120216306,1,1.328571429,3.5,0.577350269,0,0.875,1.0,1,4,2.333333333,0,0,0,0,1.142857143,1,2,0,2,1,0,1,0,0,0,1,0,0,0,0,0,0,0,1,0
44,11,2,10863,13.4,5,3,2,3,3,4,7,0,1,8,11,4,10,4,5,0,1,0,0.166666667,1,0,2.2,2172.6,0.870575221,0,1.116666667,3.0,0.816496581,0,0.4,0.333333333,1,1,1.222222222,0,-1,0,0,0.416666667,0,0,0,1,1,0,1,0,0,1,0,0,1,0,0,1,0,0,0,0
19,1,0,6165,14.6,1,4,3,4,5,4,52,1,0,7,14,4,5,5,4,0,1,0,0.0,1,0,1.0,6165.0,0.219963031,1,7.3,4.0,0.816496581,0,0.8,2.0,1,4,1.75,0,-1,1,0,2.0,0,1,0,2,0,0,0,0,0,0,0,1,1,0,0,0,0,0,0,0
40,9,3,12946,18.1,4,3,3,3,4,2,37,0,0,5,12,4,14,5,6,0,1,0,0.3,1,0,2.25,3236.5,0.835787923,0,1.81,3.0,0.816496581,0,0.285714286,0.4,1,1,2.0,0,-2,0,0,0.6,0,0,0,3,1,1,0,0,1,0,0,0,0,0,0,1,0,0,0,0
39,7,4,9777,20.4,3,3,5,2,4,4,44,1,0,12,58,2,12,3,3,0,1,0,0.5,1,1,2.333333333,3259.0,0.791205752,0,2.55,3.75,1.258305739,0,0.166666667,0.25,2,4,4.461538462,0,0,0,0,0.375,0,1,0,2,0,1,0,0,0,1,0,0,1,0,0,1,0,0,0,0
23,1,0,7174,18.1,2,5,4,2,3,5,40,1,1,10,25,4,2,3,6,0,0,0,0.0,1,0,0.5,3587.0,0.271758437,1,9.05,3.5,1.290994449,0,2.0,2.0,1,4,2.272727273,0,2,1,1,3.0,0,1,0,2,1,0,1,0,0,0,0,0,1,0,0,0,0,0,1,0
38,1,1,3763,15.1,1,3,4,3,5,4,68,1,1,35,111,5,6,5,6,0,0,0,0.5,0,0,1.0,3763.0,0.014479359,1,7.55,4.0,0.816496581,0,0.833333333,2.5,1,4,3.083333333,1,-2,0,0,3.0,0,2,0,2,0,1,0,0,0,0,0,1,0,1,0,1,0,0,0,1
29,1,1,8493,11.4,2,3,3,4,3,5,17,1,0,43,150,2,9,4,10,0,0,0,0.5,0,0,0.5,4246.5,0.705074875,0,5.7,3.75,0.957427108,0,0.222222222,1.0,0,2,3.409090909,1,-1,0,0,5.0,1,2,0,4,0,0,0,0,0,0,1,0,1,0,1,0,0,0,1,1
47,9,2,12089,17.8,5,4,3,4,3,4,14,0,1,11,35,4,8,5,6,0,1,0,0.2,1,0,1.8,2417.8,0.897104128,0,1.78,3.5,0.577350269,0,0.5,0.4,1,1,2.916666667,0,-1,1,0,0.6,0,0,0,1,0,1,0,0,0,0,0,1,1,0,0,0,1,0,0,0
36,15,8,12333,13.6,4,4,3,5,2,3,9,0,1,6,18,1,9,3,4,1,1,0,0.5,1,0,3.75,3083.25,0.940265487,0,0.85,3.25,1.258305739,0,0.111111111,0.0625,1,1,2.571428571,0,1,1,1,0.25,0,0,0,3,0,1,0,0,0,1,0,0,1,0,0,1,0,0,0,0
19,0,0,8289,12.5,2,4,5,3,3,5,61,1,0,17,58,6,5,5,8,0,0,0,0.0,0,0,0.0,4144.5,0.338733432,1,12.5,4.0,1.154700538,0,1.2,6.0,1,4,3.222222222,0,-1,1,0,8.0,1,2,0,2,1,0,1,0,1,0,0,0,0,0,0,0,0,0,1,0
33,15,15,15663,17.5,5,3,4,3,3,4,14,1,1,7,16,4,9,2,9,0,1,0,0.9375,0,1,3.0,3132.6,0.942562592,0,1.09375,3.5,0.577350269,0,0.444444444,0.25,0,2,2.0,0,1,0,1,0.5625,1,2,0,2,1,1,0,0,1,0,0,0,1,0,1,0,0,0,0,0
41,2,2,9657,15.8,2,2,3,2,2,3,61,0,0,17,41,6,8,1,5,0,0,0,0.666666667,0,0,1.0,4828.5,0.520864016,0,5.266666667,2.5,0.577350269,0,0.75,2.0,1,2,2.277777778,0,1,0,1,1.666666667,0,0,0,3,1,0,1,0,1,0,0,0,1,0,0,1,0,0,1,0
29,11,11,7803,15.1,3,4,3,2,4,4,48,1,0,6,24,8,12,3,9,0,1,0,0.916666667,0,1,3.666666667,2601.0,0.605657238,0,1.258333333,3.25,0.957427108,0,0.666666667,0.666666667,0,3,3.428571429,0,1,1,1,0.75,1,2,0,2,0,0,0,0,0,0,1,0,1,0,1,0,0,0,0,0
35,0,0,2806,18.4,1,1,4,3,4,3,41,0,0,11,39,1,15,4,5,0,0,0,0.0,0,0,0.0,2806.0,0.002765487,1,18.4,3.5,0.577350269,0,0.066666667,1.0,1,1,3.25,0,-3,0,0,5.0,0,1,0,2,1,0,1,0,0,1,0,0,1,0,0,1,0,0,0,0
46,0,0,7223,15.1,2,3,4,2,2,4,41,0,0,19,51,6,8,4,7,0,1,0,0.0,0,0,0.0,3611.5,0.375693161,1,15.1,3.0,1.154700538,0,0.75,6.0,1,2,2.55,0,-1,0,0,7.0,0,1,0,3,1,1,0,0,0,0,0,1,1,0,0,0,1,0,0,0
29,1,1,9029,16.5,2,4,3,3,3,5,31,0,0,18,59,6,9,4,5,0,1,0,0.5,0,0,0.5,4514.5,0.442439863,1,8.25,3.5,1.0,0,0.666666667,3.0,2,3,3.105263158,0,0,1,0,2.5,0,1,0,2,0,0,1,0,1,0,0,0,1,0,1,0,0,0,0,0
40,3,3,7979,14.8,1,4,2,3,3,3,35,0,0,5,16,6,14,3,4,0,1,0,0.75,0,0,3.0,7979.0,0.293200785,1,3.7,2.75,0.5,0,0.428571429,1.5,2,2,2.666666667,0,1,1,1,1.0,0,1,0,2,1,0,1,0,1,0,0,0,1,0,0,1,0,0,1,0
53,9,6,14020,12.3,3,3,2,3,2,4,8,0,0,21,41,2,17,4,3,0,1,1,0.6,1,1,3.0,4673.333333,0.887334315,0,1.23,2.75,0.957427108,0,0.117647059,0.2,1,1,1.863636364,0,-1,0,0,0.3,0,1,0,3,1,1,0,0,1,0,0,0,0,0,0,0,1,0,0,0
41,0,0,4174,15.2,1,3,2,5,3,4,44,0,1,7,19,2,6,3,7,0,0,0,0.0,0,0,0.0,4174.0,0.006136475,1,15.2,3.5,1.290994449,0,0.333333333,2.0,0,0,2.375,0,0,0,0,7.0,0,1,0,2,1,1,0,0,1,0,0,0,1,0,0,1,0,0,0,0
40,3,0,11410,14.2,3,3,5,4,5,3,44,0,0,19,70,4,7,3,8,0,1,0,0.0,1,0,1.0,3803.333333,0.866296981,0,3.55,4.25,0.957427108,0,0.571428571,1.0,1,2,3.5,1,0,0,0,2.0,1,2,0,3,0,0,1,0,0,0,0,1,1,0,0,1,0,0,0,0
34,7,1,12326,18.4,4,4,1,3,1,2,30,0,0,12,30,2,14,4,4,1,1,0,0.125,1,0,1.75,3081.5,0.796514482,0,2.3,1.75,0.957427108,1,0.142857143,0.25,0,0,2.307692308,0,0,1,0,0.5,0,1,0,1,1,0,1,0,1,0,0,0,1,0,1,0,0,0,0,0
34,0,0,5111,18.1,1,4,5,3,2,3,17,0,0,4,10,3,6,4,6,0,0,0,0.0,0,0,0.0,5111.0,0.095348121,1,18.1,3.25,1.258305739,0,0.5,3.0,0,0,2.0,0,0,1,0,6.0,0,1,0,3,1,0,1,0,0,0,0,1,1,0,1,0,0,0,0,0
40,8,3,10811,14.2,3,4,3,2,3,3,34,1,0,9,22,9,6,4,7,1,1,0,0.333333333,1,0,2.666666667,3603.666667,0.746891652,0,1.577777778,2.75,0.5,0,1.5,1.0,0,3,2.2,0,0,1,0,0.777777778,0,0,0,2,1,1,0,0,0,0,0,0,1,0,0,1,0,0,0,0
27,1,1,5681,14.9,2,4,1,2,2,3,43,0,0,4,12,3,6,2,5,0,0,0,0.5,0,0,0.5,2840.5,0.3046875,1,7.45,2.0,0.816496581,1,0.5,1.5,1,1,2.4,0,2,1,1,2.5,0,2,0,2,1,0,1,1,0,0,0,0,1,0,1,0,0,0,1,1
39,1,1,7906,11.8,2,3,4,4,3,3,2,0,0,8,33,1,13,1,10,0,0,0,0.5,0,0,0.5,3953.0,0.376998224,1,5.9,3.5,0.577350269,0,0.076923077,0.5,0,0,3.666666667,0,2,0,1,5.0,1,2,0,2,0,0,1,0,0,0,0,0,1,0,0,1,0,0,0,0
30,4,3,8671,11.6,2,3,3,2,4,2,47,0,0,18,53,3,11,4,5,0,0,0,0.6,1,0,2.0,4335.5,0.724417637,0,2.32,2.75,0.957427108,0,0.272727273,0.6,2,2,2.789473684,0,-1,0,0,1.0,0,0,0,4,0,1,0,0,0,0,1,0,1,0,1,0,0,0,1,0
40,2,2,7879,8.6,3,3,5,3,2,2,51,1,0,13,34,7,7,3,5,0,1,0,0.666666667,0,0,0.666666667,2626.333333,0.555309735,0,2.866666667,3.0,1.414213562,0,1.0,2.333333333,0,3,2.428571429,0,0,0,0,1.666666667,0,0,0,2,1,0,0,0,0,1,0,0,1,0,0,1,0,0,1,0
36,3,3,8345,16.0,3,4,4,3,3,3,36,0,1,18,54,3,5,2,6,0,1,0,0.75,0,0,1.0,2781.666667,0.68781198,0,4.0,3.25,0.5,0,0.6,0.75,1,2,2.842105263,0,2,1,1,1.5,0,0,0,2,1,1,0,0,0,0,1,0,1,0,0,1,0,0,0,0
54,3,3,7747,15.4,2,5,5,2,3,4,53,0,0,8,24,2,5,1,6,0,1,1,0.75,0,0,1.5,3873.5,0.655427632,0,3.85,3.5,1.290994449,0,0.4,0.5,1,1,2.666666667,0,4,1,1,1.5,0,0,0,3,1,1,0,1,0,0,0,0,1,0,0,0,1,0,0,0
53,0,0,10044,19.9,2,4,3,2,3,4,19,1,1,11,38,5,11,4,7,0,0,1,0.0,0,0,0.0,5022.0,0.672735346,0,19.9,3.0,0.816496581,0,0.454545455,5.0,1,3,3.166666667,0,0,1,0,7.0,0,0,0,4,1,0,1,0,0,0,0,0,1,0,0,0,1,0,1,0
26,6,6,10125,19.8,3,4,2,3,4,4,23,0,0,9,28,4,11,3,3,0,1,0,0.857142857,0,1,2.0,3375.0,0.765403574,0,2.828571429,3.25,0.957427108,0,0.363636364,0.571428571,1,1,2.8,0,1,1,1,0.428571429,0,1,0,2,1,1,0,0,0,0,0,1,1,0,1,0,0,0,0,0
43,1,0,6304,15.9,1,3,4,4,3,2,53,0,0,14,34,6,2,3,4,0,0,0,0.0,1,0,1.0,6304.0,0.282632743,1,7.95,3.25,0.957427108,0,3.0,3.0,1,2,2.266666667,0,0,0,0,2.0,0,1,0,3,1,1,0,0,0,1,0,0,1,0,0,1,0,0,0,0
36,13,6,11584,17.6,5,4,2,2,5,1,36,0,1,23,70,1,11,3,4,1,1,0,0.428571429,1,0,2.6,2316.8,0.910951327,0,1.257142857,2.5,1.732050808,0,0.090909091,0.071428571,0,0,2.916666667,1,1,1,1,0.285714286,0,1,0,1,1,0,0,0,0,1,0,0,1,0,0,1,0,0,0,0
32,5,1,8239,12.4,3,3,3,3,4,3,33,0,0,11,27,5,7,3,2,0,1,0,0.166666667,1,0,1.666666667,2746.333333,0.607300885,0,2.066666667,3.25,0.5,0,0.714285714,0.833333333,0,1,2.25,0,0,0,0,0.333333333,0,0,0,2,0,1,0,0,0,1,0,0,1,0,1,0,0,0,0,0
46,5,1,5346,13.0,2,1,2,4,4,4,53,0,1,25,101,7,6,3,5,0,1,0,0.166666667,1,0,2.5,2673.0,0.152654867,1,2.166666667,3.5,1.0,0,1.166666667,1.166666667,2,3,3.884615385,1,-2,0,0,0.833333333,0,2,0,2,0,1,0,0,0,1,0,0,1,0,0,0,1,0,0,1
32,4,1,8154,8.9,2,1,3,2,4,3,46,1,1,16,38,5,8,3,8,0,0,0,0.2,1,0,2.0,4077.0,0.716282895,0,1.78,3.0,0.816496581,0,0.625,1.0,0,3,2.235294118,0,-2,0,0,1.6,1,1,0,4,0,0,1,1,0,0,0,0,1,0,1,0,0,0,1,0
36,15,10,11854,18.0,5,4,4,3,3,3,39,0,0,15,35,3,6,4,4,0,1,0,0.625,1,1,3.0,2370.8,0.941347754,0,1.125,3.25,0.5,0,0.5,0.1875,1,1,2.1875,0,0,1,0,0.25,0,1,0,2,1,0,0,0,0,0,1,0,1,0,0,1,0,0,0,0
48,1,1,5209,16.2,1,3,3,4,2,5,25,1,0,11,37,5,5,3,3,0,0,0,0.5,0,0,1.0,5209.0,0.137721239,1,8.1,3.5,1.290994449,0,1.0,2.5,0,3,3.083333333,0,0,0,0,1.5,0,1,0,2,0,0,1,0,0,1,0,0,1,0,0,0,1,0,0,0
31,6,0,12348,14.0,3,3,4,3,2,2,40,0,1,15,38,2,11,1,8,0,1,0,0.0,1,0,2.0,4116.0,0.797741777,0,2.0,2.75,0.957427108,0,0.181818182,0.285714286,0,0,2.375,0,2,0,1,1.142857143,1,1,0,2,1,0,1,0,1,0,0,0,1,0,1,0,0,0,0,0
32,7,0,8924,13.2,3,2,5,4,3,5,2,1,1,2,7,5,3,2,2,0,1,0,0.0,1,0,2.333333333,2974.666667,0.75374376,0,1.65,4.25,0.957427108,0,1.666666667,0.625,0,3,2.333333333,0,0,0,0,0.25,0,0,0,2,0,1,0,0,0,0,1,0,1,0,1,0,0,0,0,0
48,0,0,7465,18.1,2,3,3,3,4,4,0,0,0,13,49,4,15,2,5,0,0,0,0.0,0,0,0.0,3732.5,0.555116473,0,18.1,3.5,0.577350269,0,0.266666667,4.0,0,0,3.5,0,1,0,1,5.0,0,0,0,3,1,1,0,0,0,0,1,0,0,0,0,0,1,0,1,0
38,4,0,10848,10.3,2,3,5,4,3,4,35,0,1,3,9,1,18,4,2,0,0,0,0.0,1,0,2.0,5424.0,0.662002946,0,2.06,4.0,0.816496581,0,0.055555556,0.2,0,0,2.25,0,-1,0,0,0.4,0,0,0,3,0,1,0,0,1,0,0,0,1,0,0,1,0,0,0,0
44,6,0,12669,12.3,5,3,4,2,2,2,75,0,0,26,70,3,10,3,2,0,1,0,0.0,1,0,1.2,2533.8,0.921441774,0,1.757142857,2.5,1.0,0,0.3,0.428571429,1,1,2.592592593,1,0,0,0,0.285714286,0,1,0,2,0,0,0,0,0,0,0,1,1,0,0,1,0,0,0,0
33,5,5,12403,12.8,3,3,5,4,2,4,18,0,1,15,44,6,2,2,6,0,1,0,0.833333333,0,1,1.666666667,4134.333333,0.801423662,0,2.133333333,3.75,1.258305739,0,3.0,1.0,1,2,2.75,0,1,0,1,1.0,0,1,0,2,1,1,0,0,1,0,0,0,1,0,1,0,0,0,0,0
45,5,4,6966,13.3,2,3,4,3,4,4,9,1,1,16,44,1,6,3,9,0,0,0,0.666666667,1,1,2.5,3483.0,0.245559503,1,2.216666667,3.75,0.5,0,0.166666667,0.166666667,1,3,2.588235294,0,0,0,0,1.5,1,3,0,2,1,1,0,0,0,0,0,0,1,0,0,0,1,0,0,0
24,1,1,9883,15.0,2,4,3,3,3,3,30,1,0,16,60,8,6,2,7,0,0,0,0.5,0,0,0.5,4941.5,0.648756661,0,7.5,3.0,0.0,0,1.333333333,4.0,1,4,3.529411765,0,2,1,1,3.5,0,0,0,2,0,0,1,0,0,0,0,0,1,0,0,0,0,0,1,1
20,2,1,6594,10.1,2,1,3,3,3,4,45,1,0,23,53,4,18,4,6,0,0,0,0.333333333,1,0,1.0,3297.0,0.126656848,1,3.366666667,3.25,0.5,0,0.222222222,1.333333333,1,3,2.208333333,0,-3,0,0,2.0,0,1,0,1,0,1,0,0,1,0,0,0,0,1,0,0,0,0,1,0
37,3,1,6630,13.2,2,3,3,3,4,1,36,1,0,18,52,2,13,3,3,0,0,0,0.25,1,0,1.5,3315.0,0.331858407,1,3.3,2.75,1.258305739,0,0.153846154,0.5,2,4,2.736842105,0,0,0,0,0.75,0,1,0,2,0,0,1,0,0,1,0,0,1,0,0,1,0,0,0,0
54,1,0,6391,12.6,1,3,1,2,4,3,30,0,0,4,14,5,5,4,6,0,0,1,0.0,1,0,1.0,6391.0,0.368136439,1,6.3,2.5,1.290994449,0,1.0,2.5,1,2,2.8,0,-1,0,0,3.0,0,1,0,4,0,0,1,0,0,0,1,0,1,0,0,0,1,0,1,1
38,1,0,6057,13.0,1,4,3,3,4,4,19,0,1,10,39,6,11,3,6,0,1,0,0.0,1,0,1.0,6057.0,0.317387687,1,6.5,3.5,0.577350269,0,0.545454545,3.0,1,2,3.545454545,0,1,1,1,3.0,0,1,0,2,1,0,1,0,0,0,1,0,0,0,0,1,0,0,0,0
41,1,1,7145,15.2,2,3,3,3,5,3,45,0,1,31,104,6,12,4,7,0,1,0,0.5,0,0,0.5,3572.5,0.363370302,1,7.6,3.5,1.0,0,0.5,3.0,1,1,3.25,1,-1,0,0,3.5,0,2,0,2,0,1,0,0,0,0,0,1,1,0,0,1,0,0,1,0
18,0,0,4906,18.9,1,5,4,3,4,1,53,0,0,11,35,2,9,3,5,0,0,0,0.0,0,0,0.0,4906.0,0.131863561,1,18.9,3.0,1.414213562,0,0.222222222,2.0,1,1,2.916666667,0,2,1,1,5.0,0,1,0,2,1,1,0,0,0,0,1,0,1,0,0,0,0,0,0,0
34,1,1,6638,15.6,2,4,3,3,3,3,24,0,1,16,53,3,10,4,6,0,0,0,0.5,0,0,0.5,3319.0,0.485197368,1,7.8,3.0,0.0,0,0.3,1.5,1,1,3.117647059,0,0,1,0,3.0,0,1,0,2,0,0,0,1,0,0,0,0,1,0,1,0,0,0,0,0
36,7,6,9891,22.4,3,4,4,4,5,3,30,0,1,14,55,4,6,3,5,0,1,0,0.75,1,1,2.333333333,3297.0,0.803926991,0,2.8,4.0,0.816496581,0,0.666666667,0.5,1,2,3.666666667,0,1,1,1,0.625,0,1,0,2,0,0,1,0,0,1,0,0,1,0,0,1,0,0,0,0
46,3,1,9454,19.3,2,4,1,3,3,4,64,1,1,22,42,6,15,5,6,0,0,0,0.25,1,0,1.5,4727.0,0.69762785,0,4.825,2.75,1.258305739,0,0.4,1.5,1,3,1.826086957,0,-1,1,0,1.5,0,0,0,2,1,1,0,0,0,0,0,1,0,1,0,0,1,0,1,1
44,2,0,10579,14.4,3,4,3,4,3,2,23,0,0,17,46,2,11,3,9,0,1,0,0.0,1,0,0.666666667,3526.333333,0.635247914,0,4.8,3.0,0.816496581,0,0.181818182,0.666666667,0,0,2.555555556,0,1,1,1,3.0,1,1,0,2,0,1,0,0,1,0,0,0,1,0,0,1,0,0,0,0
47,7,7,11992,12.0,3,2,3,3,5,3,35,0,0,26,61,2,7,4,3,0,1,0,0.875,0,1,2.333333333,3997.333333,0.77233677,0,1.5,3.5,1.0,0,0.285714286,0.25,0,0,2.259259259,1,-2,0,0,0.375,0,2,0,3,0,0,1,0,1,0,0,0,1,0,0,0,1,0,0,0
44,16,15,9717,12.2,4,3,3,2,4,2,22,0,0,14,49,3,9,4,6,0,1,0,0.882352941,1,1,4.0,2429.25,0.823211314,0,0.717647059,2.75,0.957427108,0,0.333333333,0.176470588,1,1,3.266666667,0,-1,0,0,0.352941176,0,1,0,1,1,1,0,0,0,0,1,0,1,0,0,1,0,0,0,0
33,2,1,12005,12.2,3,2,5,2,3,5,44,1,1,12,45,2,11,2,3,0,1,0,0.333333333,1,0,0.666666667,4001.666667,0.829262877,0,4.066666667,3.75,1.5,0,0.181818182,0.666666667,0,2,3.461538462,0,0,0,0,1.0,0,0,0,3,1,0,1,0,0,0,0,0,1,0,1,0,0,0,0,0
43,11,10,11635,10.0,4,3,2,3,4,3,47,1,0,11,35,3,8,2,6,0,1,0,0.833333333,1,1,2.75,2908.75,0.944901316,0,0.833333333,3.0,0.816496581,0,0.375,0.25,0,2,2.916666667,0,1,0,1,0.5,0,1,0,3,0,1,0,1,0,0,0,0,1,0,0,1,0,0,1,0
39,3,3,7808,9.4,2,3,4,2,4,5,19,0,0,18,30,2,4,2,4,0,0,0,0.75,0,0,1.5,3904.0,0.607321131,0,2.35,3.75,1.258305739,0,0.5,0.5,2,2,1.578947368,0,1,0,1,1.0,0,0,0,2,1,1,0,0,0,0,1,0,1,0,0,1,0,0,0,0
40,2,1,8487,13.7,3,4,2,3,4,2,36,1,1,3,10,6,10,1,12,0,1,0,0.333333333,1,0,0.666666667,2829.0,0.704034942,0,4.566666667,2.75,0.957427108,0,0.6,2.0,0,3,2.5,0,3,1,1,4.0,1,1,0,2,0,0,0,0,0,0,1,0,1,0,0,1,0,0,1,0
53,2,0,9150,12.9,2,3,5,1,4,3,85,1,0,19,51,1,7,4,7,0,1,1,0.0,1,0,1.0,4575.0,0.72289823,0,4.3,3.25,1.707825128,0,0.142857143,0.333333333,2,4,2.55,0,-1,0,0,2.333333333,0,0,0,3,0,1,0,0,0,1,0,0,0,1,0,0,1,0,0,0
26,0,0,9013,23.9,2,4,1,3,4,4,0,0,0,19,54,1,5,2,7,0,0,0,0.0,0,0,0.0,4506.5,0.641404806,0,23.9,3.0,1.414213562,0,0.2,1.0,0,0,2.7,0,2,1,1,7.0,0,0,0,4,0,0,1,0,0,0,0,1,1,0,1,0,0,0,1,0
22,0,0,6440,16.0,1,4,3,3,1,3,0,0,1,5,17,1,7,2,4,0,0,0,0.0,0,0,0.0,6440.0,0.259088108,1,16.0,2.5,1.0,0,0.142857143,1.0,1,1,2.833333333,0,2,1,1,4.0,0,1,0,2,1,1,0,0,0,0,0,1,0,1,0,0,0,0,1,0
22,1,1,4227,15.6,1,3,4,5,3,4,11,0,0,5,18,4,3,4,5,0,0,0,0.5,0,0,1.0,4227.0,0.03142329,1,7.8,4.0,0.816496581,0,1.333333333,2.0,2,3,3.0,0,-1,0,0,2.5,0,1,0,1,1,1,0,0,0,0,0,1,1,0,0,0,0,0,0,0
41,5,3,10750,18.2,3,5,5,3,5,3,18,0,0,4,13,6,13,3,7,0,1,0,0.5,1,0,1.666666667,3583.333333,0.862831858,0,3.033333333,4.0,1.154700538,0,0.461538462,1.0,2,2,2.6,0,2,1,1,1.166666667,0,0,0,3,0,0,1,0,0,1,0,0,0,0,0,1,0,0,0,0
37,12,8,8103,14.9,3,4,4,3,3,1,27,0,1,6,17,8,14,1,1,0,1,0,0.615384615,1,1,4.0,2701.0,0.513247073,0,1.146153846,2.75,1.258305739,0,0.571428571,0.615384615,2,3,2.428571429,0,3,1,1,0.076923077,0,1,0,1,1,1,0,0,0,0,0,1,1,0,0,1,0,0,0,0
57,5,4,7587,12.1,2,3,1,3,2,2,32,1,1,47,124,3,11,3,8,0,0,1,0.666666667,1,1,2.5,3793.5,0.513827434,0,2.016666667,2.0,0.816496581,1,0.272727273,0.5,1,3,2.583333333,1,0,0,0,1.333333333,1,4,1,3,0,0,0,0,0,1,0,0,1,0,0,0,0,1,1,1
35,2,2,9366,10.2,2,3,1,2,3,3,16,0,0,13,37,1,9,4,7,0,0,0,0.666666667,0,0,1.0,4683.0,0.689001848,0,3.4,2.25,0.957427108,1,0.111111111,0.333333333,0,0,2.642857143,0,-1,0,0,2.333333333,0,1,0,3,1,1,0,0,0,0,0,1,1,0,0,1,0,0,0,0
35,0,0,11554,16.6,3,3,4,4,3,4,48,1,0,4,5,3,9,4,3,0,1,0,0.0,0,0,0.0,3851.333333,0.806394316,0,16.6,3.75,0.5,0,0.333333333,3.0,0,2,1.0,0,-1,0,0,3.0,0,0,0,3,1,0,1,0,0,0,0,0,0,0,0,1,0,0,0,0
39,0,0,6132,14.7,1,3,5,2,4,3,49,0,0,18,65,1,3,3,11,0,0,0,0.0,0,0,0.0,6132.0,0.087628866,1,14.7,3.5,1.290994449,0,0.333333333,1.0,1,1,3.421052632,1,0,0,0,11.0,1,3,0,2,1,1,0,0,1,0,0,0,1,0,0,1,0,0,0,0
41,1,0,6837,13.8,2,3,5,3,3,4,70,1,1,13,43,5,14,2,3,0,0,0,0.0,1,0,0.5,3418.5,0.369469027,1,6.9,3.75,0.957427108,0,0.357142857,2.5,0,2,3.071428571,0,1,0,1,1.5,0,1,0,3,1,1,0,0,0,1,0,0,1,0,0,1,0,0,1,0
46,0,0,8178,20.1,2,3,3,3,4,4,46,0,0,29,79,3,3,2,5,0,0,0,0.0,0,0,0.0,4089.0,0.326092293,1,20.1,3.5,0.577350269,0,1.0,3.0,0,1,2.633333333,1,1,0,1,5.0,0,2,0,2,0,1,0,0,1,0,0,0,1,0,0,0,1,0,1,0
30,3,2,6575,13.7,3,3,2,2,1,3,41,0,0,12,41,5,10,3,7,0,1,0,0.5,1,0,1.0,2191.666667,0.321349558,1,3.425,2.0,0.816496581,1,0.5,1.25,0,0,3.153846154,0,0,0,0,1.75,0,2,0,1,1,0,1,0,0,1,0,0,0,1,1,0,0,0,0,1
39,0,0,4166,17.3,2,3,5,5,2,1,30,0,1,8,31,4,8,4,10,0,1,0,0.0,0,0,0.0,2083.0,0.097039474,1,17.3,3.25,2.061552813,0,0.5,4.0,0,0,3.444444444,0,-1,0,0,10.0,1,2,0,1,0,0,1,1,0,0,0,0,1,0,0,1,0,0,1,0
31,7,2,6488,13.3,2,2,4,3,3,4,25,1,1,10,33,4,4,3,9,0,0,0,0.25,1,0,3.5,3244.0,0.265711645,1,1.6625,3.5,0.577350269,0,1.0,0.5,0,3,3.0,0,-1,0,0,1.125,1,2,0,1,0,1,0,0,0,0,0,1,0,1,1,0,0,0,0,0
40,11,7,8973,18.5,4,4,4,3,3,3,41,1,0,14,42,3,6,4,5,1,1,0,0.583333333,1,0,2.75,2243.25,0.757695507,0,1.541666667,3.25,0.5,0,0.5,0.25,1,3,2.8,0,0,1,0,0.416666667,0,0,0,1,1,1,0,0,0,0,1,0,1,0,0,1,0,0,0,0
47,1,0,10925,14.9,3,3,4,1,2,1,31,0,1,18,57,5,9,4,2,0,1,0,0.0,1,0,0.333333333,3641.666667,0.669857634,0,7.45,2.0,1.414213562,1,0.555555556,2.5,0,1,3.0,0,-1,0,0,1.0,0,1,0,2,0,0,0,0,1,0,0,0,1,0,0,0,1,0,1,0
39,0,0,3987,12.2,1,3,3,4,4,3,40,1,1,10,36,4,10,5,5,0,0,0,0.0,0,0,0.0,3987.0,0.080592105,1,12.2,3.5,0.577350269,0,0.4,4.0,1,3,3.272727273,0,-2,0,0,5.0,0,1,0,2,1,1,0,1,0,0,0,0,1,0,0,1,0,0,0,0
28,0,0,12050,13.8,3,2,1,4,2,1,58,0,0,23,41,1,5,4,4,0,1,0,0.0,0,0,0.0,4016.666667,0.777000491,0,13.8,2.0,1.414213562,1,0.2,1.0,0,0,1.708333333,0,-2,0,0,4.0,0,1,0,3,1,0,1,0,1,0,0,0,1,0,1,0,0,0,1,1
29,11,7,14654,15.3,4,3,2,3,4,3,56,0,1,14,31,2,8,4,7,0,1,0,0.583333333,1,1,2.75,3663.5,0.914580265,0,1.275,3.0,0.816496581,0,0.25,0.166666667,1,1,2.066666667,0,-1,0,0,0.583333333,0,1,0,2,1,0,1,0,1,0,0,0,1,0,1,0,0,0,0,0
44,2,1,6987,22.5,1,5,4,2,4,3,49,1,1,21,83,5,8,5,7,0,0,0,0.333333333,1,0,2.0,6987.0,0.333025262,1,7.5,3.25,0.957427108,0,0.625,1.666666667,2,5,3.772727273,1,0,1,0,2.333333333,0,2,0,2,1,0,0,0,0,0,0,1,1,0,0,1,0,0,1,1
18,0,0,6588,10.2,2,2,2,3,4,5,59,1,0,7,28,2,11,3,8,0,0,0,0.0,0,0,0.0,3294.0,0.279420826,1,10.2,3.5,1.290994449,0,0.181818182,2.0,1,3,3.5,0,-1,0,0,8.0,1,2,0,2,0,1,0,0,0,0,0,1,0,1,0,0,0,0,1,1
41,14,3,14658,10.4,5,4,1,2,3,5,45,0,1,27,66,6,6,4,8,0,1,0,0.2,1,0,2.8,2931.6,0.992512479,0,0.693333333,2.75,1.707825128,0,1.0,0.4,1,2,2.357142857,1,0,1,0,0.533333333,1,2,0,3,1,0,1,0,0,0,1,0,1,0,0,1,0,0,0,0
34,2,1,10480,19.4,3,4,4,3,5,3,0,0,0,14,46,4,8,4,3,0,1,0,0.333333333,1,0,0.666666667,3493.333333,0.799445471,0,6.466666667,3.75,0.957427108,0,0.5,1.333333333,1,1,3.066666667,0,0,1,0,1.0,0,0,0,2,0,1,0,0,0,0,0,1,1,0,1,0,0,0,0,0
39,21,6,16095,16.2,5,3,3,2,4,5,14,1,1,1,5,5,2,3,8,0,1,0,0.272727273,1,1,4.2,3219.0,0.952626411,0,0.736363636,3.5,1.290994449,0,2.5,0.227272727,1,4,2.5,0,0,0,0,0.363636364,1,2,0,2,0,1,0,0,1,0,0,0,1,0,0,1,0,0,0,0
38,0,0,6841,15.4,2,5,3,5,3,4,20,0,1,7,24,3,8,3,1,0,1,0,0.0,0,0,0.0,3420.5,0.310227973,1,15.4,3.75,0.957427108,0,0.375,3.0,0,0,3.0,0,2,1,1,1.0,0,1,0,2,1,1,0,0,0,0,0,1,0,1,0,1,0,0,0,0
47,12,12,18939,15.3,5,4,4,3,4,4,6,1,0,6,18,4,5,3,9,0,1,0,0.923076923,0,1,2.4,3787.8,0.9978435,0,1.176923077,3.75,0.5,0,0.8,0.307692308,0,3,2.571428571,0,1,1,1,0.692307692,1,2,0,4,1,1,0,0,0,0,0,1,1,0,0,0,1,0,0,0
42,0,0,3716,7.6,1,3,2,1,3,3,65,0,0,21,85,1,3,2,7,0,0,0,0.0,0,0,0.0,3716.0,0.054276316,1,7.6,2.25,0.957427108,1,0.333333333,1.0,2,2,3.863636364,1,1,0,1,7.0,0,3,0,1,1,0,1,1,0,0,0,0,1,0,0,1,0,0,1,1
27,1,0,11346,15.8,2,4,3,3,4,3,87,1,1,8,20,6,7,4,6,0,0,0,0.0,1,0,0.5,5673.0,0.716740304,0,7.9,3.25,0.5,0,0.857142857,3.0,1,4,2.222222222,0,0,1,0,3.0,0,0,0,3,0,1,0,0,1,0,0,0,0,1,1,0,0,0,0,0
33,3,0,8038,14.7,3,3,3,3,4,2,43,0,1,3,13,3,9,3,2,0,1,0,0.0,1,0,1.0,2679.333333,0.639767055,0,3.675,3.0,0.816496581,0,0.333333333,0.75,1,1,3.25,0,0,0,0,0.5,0,0,0,2,1,0,1,0,0,0,1,0,1,0,1,0,0,0,0,0
37,10,2,12665,22.2,4,5,3,4,2,4,41,0,0,34,85,7,8,3,3,0,1,0,0.181818182,1,0,2.5,3166.25,0.871447602,0,2.018181818,3.25,0.957427108,0,0.875,0.636363636,2,3,2.428571429,1,2,1,1,0.272727273,0,1,0,2,1,1,0,0,0,0,0,0,1,0,0,1,0,0,0,0
45,0,0,7311,11.4,2,4,2,4,5,4,66,0,1,12,30,4,7,5,3,0,0,0,0.0,0,0,0.0,3655.5,0.295293073,1,11.4,3.75,1.258305739,0,0.571428571,4.0,0,1,2.307692308,0,-1,1,0,3.0,0,1,0,2,1,1,0,0,0,0,0,0,1,0,0,0,1,0,0,0
37,1,1,6992,16.3,2,3,4,1,2,4,23,1,1,13,40,3,13,3,7,0,0,0,0.5,0,0,0.5,3496.0,0.168630339,1,8.15,2.75,1.5,0,0.230769231,1.5,0,2,2.857142857,0,0,0,0,3.5,0,1,0,2,0,1,0,0,1,0,0,0,1,0,0,1,0,0,1,1
47,3,2,8570,15.3,2,3,2,1,3,5,63,0,1,20,83,4,4,2,8,0,1,0,0.5,1,0,1.5,4285.0,0.649889381,0,3.825,2.75,1.707825128,0,1.0,1.0,1,2,3.952380952,1,1,0,1,2.0,1,2,0,4,1,1,0,0,0,1,0,0,1,0,0,0,1,0,0,1
36,5,5,9246,16.6,2,3,1,2,3,3,32,0,0,14,43,1,2,3,5,0,0,0,0.833333333,0,1,2.5,4623.0,0.468581247,1,2.766666667,2.25,0.957427108,1,0.5,0.166666667,2,2,2.866666667,0,0,0,0,0.833333333,0,3,0,3,1,0,1,0,1,0,0,0,1,0,0,1,0,0,0,0
35,4,0,3505,9.4,1,2,2,3,2,3,35,0,0,17,73,6,6,2,11,0,0,0,0.0,1,0,4.0,3505.0,0.014933628,1,1.88,2.5,0.577350269,0,1.0,1.2,0,1,4.055555556,1,0,0,0,2.2,1,3,0,1,1,0,1,0,0,1,0,0,1,0,0,1,0,0,1,1
24,6,2,8671,17.9,1,5,4,4,3,3,59,0,0,2,6,3,5,4,7,0,0,0,0.285714286,1,0,6.0,8671.0,0.5982748,0,2.557142857,3.5,0.577350269,0,0.6,0.428571429,1,2,2.0,0,1,1,1,1.0,0,0,0,3,1,0,1,0,0,0,0,1,1,0,0,0,0,0,1,0
41,17,17,12464,18.1,4,4,5,1,3,3,47,0,1,13,52,3,16,5,5,0,1,0,0.944444444,0,1,4.25,3116.0,0.912661738,0,1.005555556,3.0,1.632993162,0,0.1875,0.166666667,1,1,3.714285714,0,-1,1,0,0.277777778,0,1,0,2,0,0,1,0,0,0,0,1,1,0,0,1,0,0,0,0
29,7,0,10921,13.5,3,1,4,4,3,3,54,1,0,7,23,3,17,5,8,0,1,0,0.0,1,0,2.333333333,3640.333333,0.757992895,0,1.6875,3.5,0.577350269,0,0.176470588,0.375,1,3,2.875,0,-4,0,0,1.0,1,1,0,3,0,0,1,0,0,0,0,0,0,1,1,0,0,0,0,0
33,11,0,8870,10.8,5,2,3,2,3,3,41,0,1,16,55,2,9,2,3,0,1,0,0.0,1,0,2.2,1774.0,0.74875208,0,0.9,2.75,0.5,0,0.222222222,0.166666667,1,1,3.235294118,0,0,0,0,0.25,0,0,0,1,0,0,1,0,0,0,1,0,1,0,1,0,0,0,0,0
58,7,3,9626,20.0,2,4,5,4,4,4,18,0,1,14,32,1,2,3,3,1,0,1,0.375,1,0,3.5,4813.0,0.51742759,0,2.5,4.25,0.5,0,0.5,0.125,1,1,2.133333333,0,1,1,1,0.375,0,0,0,2,0,1,0,0,1,0,0,0,1,0,0,0,0,1,0,0
31,13,9,9314,18.0,3,3,2,1,3,3,52,1,0,22,73,6,10,4,10,0,1,0,0.642857143,1,1,4.333333333,3104.666667,0.477908689,1,1.285714286,2.25,0.957427108,1,0.6,0.428571429,0,3,3.173913043,1,-1,0,0,0.714285714,1,5,1,1,1,0,1,0,1,0,0,0,1,0,1,0,0,0,1,1
45,4,2,6984,10.2,1,4,2,3,2,4,0,0,1,7,21,4,4,3,3,0,0,0,0.4,1,0,4.0,6984.0,0.246891652,1,2.04,2.75,0.957427108,0,1.0,0.8,2,3,2.625,0,1,1,1,0.6,0,1,0,2,1,0,1,0,0,0,0,0,1,0,0,0,1,0,1,0
24,6,5,6921,18.1,2,3,3,4,3,3,49,0,0,9,29,5,13,3,7,0,0,0,0.714285714,1,1,3.0,3460.5,0.162862052,1,2.585714286,3.25,0.5,0,0.384615385,0.714285714,2,2,2.9,0,0,0,0,1.0,0,2,0,1,1,1,0,0,1,0,0,0,1,0,0,0,0,0,0,0
43,6,6,11203,16.4,3,4,4,2,3,3,21,0,0,16,40,3,5,3,5,0,1,0,0.857142857,0,1,2.0,3734.333333,0.701644575,0,2.342857143,3.0,0.816496581,0,0.6,0.428571429,0,1,2.352941176,0,1,1,1,0.714285714,0,1,0,2,1,1,0,0,1,0,0,0,0,0,0,1,0,0,1,0
36,2,1,4580,14.6,1,3,3,4,4,3,49,0,0,26,69,3,8,3,4,0,1,0,0.333333333,1,0,2.0,4580.0,0.09234609,1,4.866666667,3.5,0.577350269,0,0.375,1.0,0,0,2.555555556,1,0,0,0,1.333333333,0,2,0,1,1,1,0,0,0,0,1,0,1,0,0,1,0,0,0,0
36,1,0,8088,15.5,2,4,4,4,3,4,20,0,0,11,33,2,18,3,2,0,0,0,0.0,1,0,0.5,4044.0,0.646422629,0,7.75,3.75,0.5,0,0.111111111,1.0,2,2,2.75,0,1,1,1,1.0,0,0,0,3,0,1,0,0,0,0,1,0,1,0,0,1,0,0,0,0
23,5,5,12231,15.0,3,3,2,3,3,4,39,1,1,6,27,3,10,3,6,0,1,0,0.833333333,0,1,1.666666667,4077.0,0.949667221,0,2.5,3.0,0.816496581,0,0.3,0.5,1,3,3.857142857,0,0,0,0,1.0,0,1,0,4,0,0,1,0,0,0,1,0,1,0,0,0,0,0,1,0
27,9,5,10188,21.9,3,3,3,2,3,2,43,0,1,5,12,8,10,3,6,0,1,0,0.5,1,1,3.0,3396.0,0.586401571,0,2.19,2.5,0.577350269,0,0.8,0.8,2,3,2.0,0,0,0,0,0.6,0,1,0,2,1,1,0,0,1,0,0,0,1,0,1,0,0,0,0,0
49,11,3,9748,13.4,3,3,4,4,3,3,34,0,0,12,49,5,5,5,8,0,1,0,0.25,1,0,3.666666667,3249.333333,0.786227876,0,1.116666667,3.5,0.577350269,0,1.0,0.416666667,0,1,3.769230769,0,-2,0,0,0.666666667,1,1,0,2,1,0,1,0,0,1,0,0,1,0,0,0,1,0,0,0
46,7,1,9520,15.3,3,3,2,1,1,3,47,0,1,10,20,3,10,2,4,0,1,0,0.125,1,0,2.333333333,3173.333333,0.803660566,0,1.9125,1.75,0.957427108,1,0.3,0.375,1,1,1.818181818,0,1,0,1,0.5,0,1,0,2,1,0,0,0,0,0,1,0,1,0,0,0,1,0,1,1
40,12,1,12468,17.7,4,4,3,2,3,3,28,0,0,5,14,2,8,3,1,0,1,0,0.076923077,1,0,3.0,3117.0,0.860124334,0,1.361538462,2.75,0.5,0,0.25,0.153846154,1,1,2.333333333,0,1,1,1,0.076923077,0,0,0,2,1,1,0,0,0,0,0,0,1,0,0,1,0,0,0,0
22,0,0,6152,20.0,2,3,1,5,1,3,14,1,0,4,12,8,12,4,7,0,0,0,0.0,0,0,0.0,3076.0,0.21749846,1,20.0,2.5,1.914854216,0,0.666666667,8.0,0,3,2.4,0,-1,0,0,7.0,0,1,0,3,0,1,0,0,0,0,0,1,1,0,0,0,0,0,1,1
33,6,4,13764,15.8,4,5,1,3,4,3,12,0,0,12,54,4,8,4,3,0,1,0,0.571428571,1,1,1.5,3441.0,0.876043201,0,2.257142857,2.75,1.258305739,0,0.5,0.571428571,1,1,4.153846154,0,1,1,1,0.428571429,0,1,0,2,1,0,0,0,1,0,0,0,0,1,1,0,0,0,0,0
24,0,0,6713,12.0,1,2,3,2,4,3,41,0,1,7,23,7,7,3,3,0,1,0,0.0,0,0,0.0,6713.0,0.345962389,1,12.0,3.0,0.816496581,0,1.0,7.0,2,3,2.875,0,-1,0,0,3.0,0,1,0,3,1,1,0,0,0,1,0,0,1,0,0,0,0,0,0,0
23,3,1,6264,17.2,2,5,3,2,5,4,40,0,0,8,29,1,8,2,5,0,0,0,0.25,1,0,1.5,3132.0,0.344425957,1,4.3,3.5,1.290994449,0,0.125,0.25,2,2,3.222222222,0,3,1,1,1.25,0,1,0,2,1,1,0,0,0,0,1,0,1,0,0,0,0,0,1,0
38,7,5,9417,16.7,3,3,4,2,3,3,24,0,0,26,98,2,12,3,3,0,1,0,0.625,1,1,2.333333333,3139.0,0.797004992,0,2.0875,3.0,0.816496581,0,0.166666667,0.25,0,0,3.62962963,1,0,0,0,0.375,0,2,0,2,0,1,0,0,0,0,1,0,1,0,0,1,0,0,0,0
40,2,2,7029,13.0,2,2,2,2,3,4,33,0,0,17,67,2,3,1,4,0,1,0,0.666666667,0,0,1.0,3514.5,0.33995687,1,4.333333333,2.75,0.957427108,0,0.666666667,0.666666667,1,2,3.722222222,1,1,0,1,1.333333333,0,2,0,3,0,0,0,0,0,0,0,1,1,0,0,1,0,0,1,1
39,2,2,7029,12.5,2,3,3,4,2,5,18,1,0,9,16,1,13,3,6,0,0,0,0.666666667,0,0,1.0,3514.5,0.255106572,1,4.166666667,3.5,1.290994449,0,0.076923077,0.333333333,0,2,1.6,0,0,0,0,2.0,0,1,0,2,1,1,0,0,0,0,0,0,1,0,0,1,0,0,0,0
43,1,0,3487,14.2,1,2,3,4,3,2,36,0,0,11,28,1,6,3,5,0,1,0,0.0,1,0,1.0,3487.0,0.027246256,1,7.1,3.0,0.816496581,0,0.166666667,0.5,0,0,2.333333333,0,-1,0,0,2.5,0,1,0,2,1,1,0,0,0,0,1,0,0,1,0,1,0,0,0,0
32,0,0,9581,13.4,2,3,5,1,4,3,25,1,1,7,26,6,6,2,9,0,0,0,0.0,0,0,0.0,4790.5,0.510309278,0,13.4,3.25,1.707825128,0,1.0,6.0,1,4,3.25,0,1,0,1,9.0,1,1,0,4,1,1,0,0,1,0,0,0,1,0,1,0,0,0,1,1
26,8,3,7702,15.8,3,3,2,3,2,1,7,0,1,34,82,4,16,3,8,0,1,0,0.333333333,1,0,2.666666667,2567.333333,0.457794208,1,1.755555556,2.0,0.816496581,1,0.25,0.444444444,0,0,2.342857143,1,0,0,0,0.888888889,1,4,0,2,1,1,0,0,0,0,0,1,1,0,1,0,0,0,0,1
30,0,0,6729,16.5,2,3,5,4,3,3,28,1,1,9,16,4,2,3,6,0,0,0,0.0,0,0,0.0,3364.5,0.350110619,1,16.5,3.75,0.957427108,0,2.0,4.0,2,5,1.6,0,0,0,0,6.0,0,1,0,2,1,0,0,0,0,1,0,0,1,0,1,0,0,0,1,0
39,1,0,5584,20.7,2,4,3,3,3,5,52,0,1,3,11,3,2,1,3,0,1,0,0.0,1,0,0.5,2792.0,0.1474122,1,10.35,3.5,1.0,0,1.5,1.5,1,2,2.75,0,3,1,1,1.5,0,1,0,2,1,0,1,0,0,0,0,1,1,0,0,1,0,0,0,0
30,0,0,8807,14.7,2,3,2,5,1,5,11,0,0,23,69,3,11,2,7,0,0,0,0.0,0,0,0.0,4403.5,0.411389298,1,14.7,3.25,2.061552813,0,0.272727273,3.0,1,1,2.875,1,1,0,1,7.0,0,2,0,3,0,1,0,0,1,0,0,0,1,0,1,0,0,0,1,1
31,2,0,7954,12.3,2,4,1,2,4,3,12,0,1,27,76,3,13,1,6,0,1,0,0.0,1,0,1.0,3977.0,0.28964163,1,4.1,2.5,1.290994449,0,0.230769231,1.0,1,1,2.714285714,1,3,1,1,2.0,0,2,0,1,0,1,0,0,1,0,0,0,1,0,1,0,0,0,1,1
41,4,3,14184,22.7,3,3,3,2,3,5,0,0,0,4,15,2,4,3,10,0,1,0,0.6,1,0,1.333333333,4728.0,0.894943544,0,4.54,3.25,1.258305739,0,0.5,0.4,1,1,3.0,0,0,0,0,2.0,1,1,0,3,0,1,0,0,1,0,0,0,1,0,0,1,0,0,0,0
49,1,0,9751,16.2,3,4,2,4,4,2,62,0,0,16,59,5,3,3,6,0,1,0,0.0,1,0,0.333333333,3250.333333,0.635213144,0,8.1,3.0,1.154700538,0,1.666666667,2.5,1,2,3.470588235,0,1,1,1,3.0,0,0,0,2,1,0,1,0,0,0,0,0,1,0,0,0,1,0,0,0
18,0,0,9644,15.3,2,5,2,2,4,3,76,1,0,12,40,1,11,3,15,0,1,0,0.0,0,0,0.0,4822.0,0.619005329,0,15.3,2.75,0.957427108,0,0.090909091,1.0,1,3,3.076923077,0,2,1,1,15.0,1,1,0,3,0,1,0,0,0,0,0,0,1,0,0,0,0,0,1,1
21,3,2,7787,11.7,2,4,3,3,2,3,16,1,0,38,109,4,8,4,5,0,0,0,0.5,1,0,1.5,3893.5,0.26730486,1,2.925,2.75,0.5,0,0.5,1.0,1,3,2.794871795,1,0,1,0,1.25,0,2,0,2,1,1,0,0,1,0,0,0,1,0,0,0,0,0,0,0
42,4,2,4525,15.4,1,3,5,4,1,4,34,0,0,4,9,8,10,3,4,0,1,0,0.4,1,0,4.0,4525.0,0.087770383,1,3.08,3.5,1.732050808,0,0.8,1.6,0,1,1.8,0,0,0,0,0.8,0,1,0,2,0,1,0,0,0,0,1,0,1,0,0,1,0,0,0,0
21,1,0,8497,8.5,3,3,5,4,3,2,39,0,1,10,28,4,6,3,4,0,1,0,0.0,1,0,0.333333333,2832.333333,0.643252212,0,4.25,3.5,1.290994449,0,0.666666667,2.0,2,3,2.545454545,0,0,0,0,2.0,0,0,0,2,1,0,1,0,0,1,0,0,1,0,0,0,0,0,0,0
43,2,2,8813,11.5,3,3,2,4,2,3,67,1,0,12,27,1,5,1,4,0,1,0,0.666666667,0,0,0.666666667,2937.666667,0.679756637,0,3.833333333,2.75,0.957427108,0,0.2,0.333333333,1,3,2.076923077,0,2,0,1,1.333333333,0,0,0,2,1,1,0,0,0,1,0,0,0,0,0,1,0,0,1,1
33,4,0,8433,13.5,2,3,3,3,5,3,74,0,1,12,29,2,8,4,4,0,0,0,0.0,1,0,2.0,4216.5,0.569470117,0,2.7,3.5,1.0,0,0.25,0.4,0,0,2.230769231,0,-1,0,0,0.8,0,0,0,3,0,0,1,0,0,0,0,1,0,0,1,0,0,0,0,0
38,1,0,10489,11.8,4,2,5,2,2,4,54,1,1,14,45,4,14,4,6,0,1,0,0.0,1,0,0.25,2622.25,0.800369686,0,5.9,3.25,1.5,0,0.285714286,2.0,1,3,3.0,0,-2,0,0,3.0,0,0,0,2,1,0,1,0,0,0,0,1,1,0,0,1,0,0,1,0
43,1,0,5175,13.8,1,3,2,2,3,2,45,0,1,40,105,6,8,3,3,0,0,0,0.0,1,0,1.0,5175.0,0.054174067,1,6.9,2.25,0.5,1,0.75,3.0,0,1,2.56097561,1,0,0,0,1.5,0,3,0,2,0,1,0,0,0,0,0,0,1,0,0,1,0,0,1,1
42,17,9,15681,14.7,5,3,4,3,4,4,42,0,0,5,12,5,9,4,8,0,1,0,0.5,1,1,3.4,3136.2,0.964476021,0,0.816666667,3.75,0.5,0,0.555555556,0.277777778,0,1,2.0,0,-1,0,0,0.444444444,1,2,0,2,1,1,0,0,0,0,0,0,1,0,0,1,0,0,0,0
27,1,1,4207,14.8,1,4,2,1,3,5,38,0,1,9,35,2,10,3,3,0,1,0,0.5,0,0,1.0,4207.0,0.101151316,1,7.4,2.75,1.707825128,0,0.2,1.0,1,1,3.5,0,1,1,1,1.5,0,1,0,2,1,1,0,1,0,0,0,0,1,0,1,0,0,0,1,0
31,2,1,4523,15.0,1,3,2,3,3,2,50,0,0,14,55,2,6,2,1,0,0,0,0.333333333,1,0,2.0,4523.0,0.132401316,1,5.0,2.5,0.577350269,0,0.333333333,0.666666667,1,1,3.666666667,0,1,0,1,0.333333333,0,1,0,3,0,0,1,1,0,0,0,0,1,0,1,0,0,0,0,1
42,3,3,10963,20.0,3,4,2,2,2,4,24,0,1,60,150,4,13,2,10,0,1,0,0.75,0,0,1.0,3654.333333,0.674521355,0,5.0,2.5,1.0,0,0.307692308,1.0,0,0,2.459016393,1,2,1,1,2.5,1,2,0,2,0,1,0,0,1,0,0,0,1,0,0,1,0,0,1,1
45,0,0,4897,10.4,1,3,3,2,3,4,37,0,0,13,46,1,10,2,6,0,1,0,0.0,0,0,0.0,4897.0,0.036190053,1,10.4,3.0,0.816496581,0,0.1,1.0,0,0,3.285714286,0,1,0,1,6.0,0,1,0,2,1,1,0,0,0,0,0,0,0,0,0,0,1,0,1,0
34,8,3,10050,13.0,3,3,2,4,4,3,34,1,0,27,98,1,11,4,4,0,1,0,0.333333333,1,0,2.666666667,3350.0,0.756623537,0,1.444444444,3.25,0.957427108,0,0.090909091,0.111111111,2,4,3.5,1,-1,0,0,0.444444444,0,1,0,2,1,1,0,0,0,0,0,1,1,0,1,0,0,0,1,0
33,1,1,4116,13.7,1,4,3,3,5,3,32,1,1,28,71,4,5,3,6,0,1,0,0.5,0,0,1.0,4116.0,0.090460526,1,6.85,3.5,1.0,0,0.8,2.0,1,4,2.448275862,1,1,1,1,3.0,0,2,0,1,0,1,0,1,0,0,0,0,1,0,1,0,0,0,1,0
25,0,0,5424,10.3,1,2,5,5,2,3,23,1,1,12,34,9,3,2,5,0,1,0,0.0,0,0,0.0,5424.0,0.130006161,1,10.3,3.75,1.5,0,3.0,9.0,2,5,2.615384615,0,0,0,0,5.0,0,1,0,3,1,1,0,0,0,0,0,1,1,0,1,0,0,0,1,1
60,2,0,7388,12.3,2,2,4,4,3,3,51,1,0,3,12,6,7,4,11,0,1,1,0.0,1,0,1.0,3694.0,0.47289823,1,4.1,3.5,0.577350269,0,0.857142857,2.0,0,3,3.0,0,-2,0,0,3.666666667,1,2,0,2,1,1,0,0,0,1,0,0,1,0,0,0,0,1,0,0
35,8,5,11018,16.4,3,4,4,3,3,1,21,0,1,8,24,6,3,3,3,0,1,0,0.555555556,1,1,2.666666667,3672.666667,0.881084071,0,1.822222222,2.75,1.258305739,0,2.0,0.666666667,1,2,2.666666667,0,1,1,1,0.333333333,0,1,0,3,0,0,1,0,0,1,0,0,0,0,0,1,0,0,0,0
37,8,6,11479,17.8,4,5,4,5,3,4,17,1,0,8,21,2,10,1,5,1,1,0,0.666666667,1,0,2.0,2869.75,0.904867257,0,1.977777778,4.0,0.816496581,0,0.2,0.222222222,0,2,2.333333333,0,4,1,1,0.555555556,0,0,0,2,1,1,0,0,0,1,0,0,1,0,0,1,0,0,0,0
52,0,0,5603,21.8,1,4,3,4,3,3,20,1,0,28,67,5,7,3,4,0,0,1,0.0,0,0,0.0,5603.0,0.149414664,1,21.8,3.25,0.5,0,0.714285714,5.0,1,4,2.310344828,1,1,1,1,4.0,0,2,0,2,1,0,1,0,0,0,0,1,0,1,0,0,1,0,0,0
37,7,7,14351,16.3,3,4,4,3,2,4,30,0,0,22,47,4,10,4,3,0,1,0,0.875,0,1,2.333333333,4783.666667,0.937833037,0,2.0375,3.25,0.957427108,0,0.4,0.5,1,1,2.043478261,0,0,1,0,0.375,0,1,0,4,0,1,0,0,0,0,0,0,1,0,0,1,0,0,0,0
36,5,4,8281,16.0,2,3,4,4,4,2,21,0,1,4,17,1,9,3,3,0,0,0,0.666666667,1,1,2.5,4140.5,0.547597043,0,2.666666667,3.5,1.0,0,0.111111111,0.166666667,0,0,3.4,0,0,0,0,0.5,0,1,0,2,1,0,1,0,0,0,0,1,1,0,0,1,0,0,1,0
47,7,3,6698,17.1,3,3,4,3,1,3,42,0,0,5,17,4,12,4,3,0,1,0,0.375,1,0,2.333333333,2232.666667,0.418469218,1,2.1375,2.75,1.258305739,0,0.333333333,0.5,1,1,2.833333333,0,-1,0,0,0.375,0,1,0,1,1,0,1,0,0,0,1,0,1,0,0,0,1,0,0,0
21,3,3,9091,9.0,3,4,4,2,4,4,10,0,1,60,150,3,2,4,4,0,1,0,0.75,0,0,1.0,3030.333333,0.770798669,0,2.25,3.5,1.0,0,1.5,0.75,1,2,2.459016393,1,0,1,0,1.0,0,1,0,3,1,0,1,0,0,0,1,0,1,0,0,0,0,0,0,0
58,2,1,9839,17.5,2,3,5,2,3,4,33,0,0,18,55,4,3,3,8,0,0,1,0.333333333,1,0,1.0,4919.5,0.54455081,0,5.833333333,3.5,1.290994449,0,1.333333333,1.333333333,1,2,2.894736842,0,0,0,0,2.666666667,1,1,0,3,0,0,0,0,1,0,0,0,1,0,0,0,0,1,0,0
38,7,6,5793,17.6,1,3,3,2,5,4,59,0,1,22,70,4,3,4,4,0,1,0,0.75,1,1,7.0,5793.0,0.171287739,1,2.2,3.5,1.290994449,0,1.333333333,0.5,0,1,3.043478261,1,-1,0,0,0.5,0,3,0,2,0,1,0,0,0,0,0,1,1,0,0,1,0,0,0,0
36,18,16,14282,18.0,5,4,1,3,3,5,49,1,1,28,97,5,2,4,6,1,1,0,0.842105263,1,0,3.6,2856.4,0.987520799,0,0.947368421,3.0,1.632993162,0,2.5,0.263157895,1,4,3.344827586,1,0,1,0,0.315789474,0,1,0,3,0,0,1,0,0,0,1,0,1,0,0,1,0,0,0,0
40,1,1,6896,16.4,2,5,4,4,5,4,50,1,0,17,45,5,7,4,8,0,0,0,0.5,0,0,0.5,3448.0,0.529605263,0,8.2,4.25,0.5,0,0.714285714,2.5,1,4,2.5,0,1,1,1,4.0,1,1,0,2,1,1,0,1,0,0,0,0,0,1,0,1,0,0,0,0
45,5,0,8412,15.4,3,4,3,5,2,3,34,0,0,5,15,3,7,5,5,1,1,0,0.0,1,0,1.666666667,2804.0,0.35652921,1,2.566666667,3.25,1.258305739,0,0.428571429,0.5,0,0,2.5,0,-1,1,0,0.833333333,0,1,0,1,0,1,0,0,1,0,0,0,1,0,0,0,1,0,0,0
56,6,5,10765,17.0,3,3,2,3,1,2,66,0,0,22,81,2,15,3,7,0,1,1,0.714285714,1,1,2.0,3588.333333,0.653043692,0,2.428571429,2.0,0.816496581,1,0.133333333,0.285714286,1,1,3.52173913,1,0,0,0,1.0,0,3,0,2,1,0,1,0,1,0,0,0,1,0,0,0,0,1,1,0
40,5,5,6418,14.4,2,2,4,4,2,3,10,0,1,10,41,5,7,2,4,0,0,0,0.833333333,0,1,2.5,3209.0,0.373544093,1,2.4,3.25,0.957427108,0,0.714285714,0.833333333,2,3,3.727272727,0,0,0,0,0.666666667,0,2,0,2,1,0,0,0,0,0,1,0,1,0,0,1,0,0,0,0
52,3,2,9312,14.0,2,4,4,4,3,5,45,1,1,12,44,5,13,4,7,0,0,1,0.5,1,0,1.5,4656.0,0.47766323,1,3.5,4.0,0.816496581,0,0.384615385,1.25,1,3,3.384615385,0,0,1,0,1.75,0,1,0,2,1,1,0,0,1,0,0,0,1,0,0,0,1,0,0,0
47,1,1,4833,16.3,1,4,5,3,1,3,24,1,1,4,10,3,12,3,8,0,0,0,0.5,0,0,1.0,4833.0,0.098727876,1,8.15,3.0,1.632993162,0,0.25,1.5,0,2,2.0,0,1,1,1,4.0,1,2,0,2,1,1,0,0,0,1,0,0,1,0,0,0,1,0,0,0
36,4,1,7466,14.8,1,3,2,3,4,4,9,0,0,18,67,6,6,3,7,0,1,0,0.2,1,0,4.0,7466.0,0.229749632,1,2.96,3.25,0.957427108,0,1.0,1.2,0,1,3.526315789,1,0,0,0,1.4,0,2,0,4,1,1,0,0,1,0,0,0,1,0,0,1,0,0,0,0
27,1,0,4228,10.0,1,3,3,5,5,4,8,0,0,5,13,2,13,5,6,0,0,0,0.0,1,0,1.0,4228.0,0.051438053,1,5.0,4.25,0.957427108,0,0.153846154,1.0,0,0,2.166666667,0,-2,0,0,3.0,0,1,0,2,0,1,0,0,0,1,0,0,1,0,1,0,0,0,0,0
34,0,0,7638,13.4,2,3,3,2,4,2,52,0,1,25,83,4,9,4,5,0,1,0,0.0,0,0,0.0,3819.0,0.448398028,1,13.4,2.75,0.957427108,0,0.444444444,4.0,1,1,3.192307692,1,-1,0,0,5.0,0,2,0,3,0,0,1,0,0,0,0,1,1,0,1,0,0,0,0,0
19,1,0,3882,13.1,1,3,2,3,3,1,73,0,0,28,94,4,8,4,5,0,0,0,0.0,1,0,1.0,3882.0,0.01879236,1,6.55,2.25,0.957427108,1,0.5,2.0,1,1,3.24137931,1,-1,0,0,2.5,0,3,0,1,1,0,0,0,0,0,0,1,0,0,0,0,0,0,0,1
27,9,1,10104,19.3,2,4,5,2,4,2,27,1,0,8,26,3,6,5,9,0,0,0,0.1,1,0,4.5,5052.0,0.678507993,0,1.93,3.25,1.5,0,0.5,0.3,2,4,2.888888889,0,-1,1,0,0.9,1,1,0,2,1,1,0,0,0,0,0,0,0,0,1,0,0,0,1,0
27,7,1,7197,10.0,2,3,4,4,3,4,26,1,0,11,18,5,8,2,9,0,1,0,0.125,1,0,3.5,3598.5,0.27553286,1,1.25,3.75,0.5,0,0.625,0.625,2,5,1.5,0,1,0,1,1.125,1,2,0,1,0,0,1,0,0,0,0,0,1,0,1,0,0,0,1,0
48,7,5,9778,13.5,4,3,4,2,4,3,37,0,1,17,44,4,10,4,7,0,1,0,0.625,1,1,1.75,2444.5,0.828618968,0,1.6875,3.25,0.957427108,0,0.4,0.5,2,2,2.444444444,0,-1,0,0,0.875,0,1,0,2,1,1,0,0,0,0,1,0,1,0,0,0,1,0,0,0
41,6,6,7184,16.7,2,4,3,4,3,3,29,0,0,31,56,2,14,5,3,1,0,0,0.857142857,0,0,3.0,3592.0,0.586348684,0,2.385714286,3.25,0.5,0,0.142857143,0.285714286,1,1,1.75,0,-1,1,0,0.428571429,0,0,0,2,1,1,0,1,0,0,0,0,1,0,0,1,0,0,0,0
44,3,0,7944,15.5,2,3,4,2,5,4,34,0,1,7,8,3,7,2,4,0,0,0,0.0,1,0,1.5,3972.0,0.288414335,1,3.875,3.75,1.258305739,0,0.428571429,0.75,0,0,1.0,0,1,0,1,1.0,0,1,0,2,0,0,1,0,1,0,0,0,1,0,0,1,0,0,0,0
35,0,0,3822,16.0,1,4,5,1,2,4,4,0,1,36,150,5,10,3,5,0,0,0,0.0,0,0,0.0,3822.0,0.029314159,1,16.0,3.0,1.825741858,0,0.5,5.0,1,1,4.054054054,1,1,1,1,5.0,0,2,0,1,0,1,0,0,0,1,0,0,0,1,0,1,0,0,1,1
44,4,1,9653,15.1,2,4,4,2,1,4,58,0,1,9,38,1,4,4,5,0,0,0,0.2,1,0,2.0,4826.5,0.520127639,0,3.02,2.75,1.5,0,0.25,0.2,1,1,3.8,0,0,1,0,1.0,0,0,0,2,1,1,0,0,1,0,0,0,1,0,0,1,0,0,1,0
45,11,8,12682,15.9,5,3,2,3,5,3,31,1,1,4,10,4,2,2,8,0,1,0,0.666666667,1,1,2.2,2536.4,0.922365989,0,1.325,3.25,1.258305739,0,2.0,0.333333333,2,5,2.0,0,1,0,1,0.666666667,1,2,0,1,1,0,1,0,0,0,0,1,1,0,0,0,1,0,1,0
40,2,1,8215,17.6,3,3,5,3,3,2,43,1,1,7,21,5,14,4,8,0,1,0,0.333333333,1,0,0.666666667,2738.333333,0.667845258,0,5.866666667,3.25,1.258305739,0,0.357142857,1.666666667,1,3,2.625,0,-1,0,0,2.666666667,1,1,0,2,0,0,1,0,0,0,1,0,0,1,0,1,0,0,0,0
18,0,0,7051,20.5,3,4,3,4,1,3,60,1,1,17,36,10,10,4,5,0,1,0,0.0,0,0,0.0,2350.333333,0.483569052,1,20.5,2.75,1.258305739,0,1.0,10.0,0,3,2.0,0,0,1,0,5.0,0,1,0,1,0,1,0,0,0,0,1,0,1,0,0,0,0,0,0,0
29,1,1,7197,11.7,1,4,2,4,2,3,2,0,0,7,28,6,10,3,4,0,0,0,0.5,0,0,1.0,7197.0,0.27553286,1,5.85,2.75,0.957427108,0,0.6,3.0,1,2,3.5,0,1,1,1,2.0,0,1,0,2,1,1,0,0,0,0,0,0,1,0,1,0,0,0,1,0
25,7,4,6010,15.2,2,4,5,4,3,3,35,1,1,5,17,5,13,1,8,0,0,0,0.5,1,1,3.5,3005.0,0.31031614,1,1.9,3.75,0.957427108,0,0.384615385,0.625,0,2,2.833333333,0,3,1,1,1.0,1,3,0,1,1,0,0,0,0,0,1,0,1,0,1,0,0,0,0,0
49,13,6,11204,11.3,4,4,3,4,5,4,44,1,0,11,38,3,2,3,12,0,1,0,0.428571429,1,1,3.25,2801.0,0.855206408,0,0.807142857,4.0,0.816496581,0,1.5,0.214285714,1,4,3.166666667,0,1,1,1,0.857142857,1,2,0,1,0,0,0,0,0,0,0,1,0,0,0,0,1,0,0,0
35,2,2,4855,11.1,1,4,5,3,2,1,0,0,1,6,19,3,5,1,4,0,1,0,0.666666667,0,0,2.0,4855.0,0.175986842,1,3.7,2.75,1.707825128,0,0.6,1.0,0,1,2.714285714,0,3,1,1,1.333333333,0,1,0,2,1,1,0,1,0,0,0,0,1,0,0,1,0,0,0,0
48,10,6,10659,11.4,3,4,4,4,2,4,57,0,0,6,18,2,2,3,3,0,1,0,0.545454545,1,1,3.333333333,3553.0,0.817005545,0,1.036363636,3.5,1.0,0,1.0,0.181818182,1,2,2.571428571,0,1,1,1,0.272727273,0,1,0,2,0,0,1,0,0,0,0,1,1,0,0,0,1,0,0,0
39,6,2,11646,14.1,3,4,5,4,3,2,24,1,0,3,8,11,6,4,9,0,1,0,0.285714286,1,0,2.0,3882.0,0.743986254,0,2.014285714,3.5,1.290994449,0,1.833333333,1.571428571,2,5,2.0,0,0,1,0,1.285714286,1,1,0,2,1,1,0,0,1,0,0,0,0,1,0,1,0,0,0,0
36,5,0,7790,16.2,2,3,3,5,4,3,47,0,0,12,50,8,6,3,5,0,0,0,0.0,1,0,2.5,3895.0,0.360124334,1,2.7,3.75,0.957427108,0,1.333333333,1.333333333,1,2,3.846153846,0,0,0,0,0.833333333,0,1,0,1,0,1,0,0,0,0,0,0,1,0,0,1,0,0,0,0
26,7,0,12937,16.1,3,3,3,2,4,1,34,1,0,9,24,6,8,2,6,0,1,0,0.0,1,0,2.333333333,4312.333333,0.835051546,0,2.0125,2.5,1.290994449,0,0.75,0.75,1,4,2.4,0,1,0,1,0.75,0,0,0,3,0,1,0,0,1,0,0,0,1,0,1,0,0,0,1,0
42,3,2,4502,15.0,1,3,5,4,4,3,33,1,0,14,32,7,10,4,13,0,0,0,0.5,1,0,3.0,4502.0,0.046518792,1,3.75,4.0,0.816496581,0,0.7,1.75,2,5,2.133333333,0,-1,0,0,3.25,1,2,0,2,1,0,1,0,0,0,0,1,1,0,0,1,0,0,1,0
19,1,0,9745,19.2,2,4,2,2,1,3,17,0,0,36,111,2,13,2,10,0,0,0,0.0,1,0,0.5,4872.5,0.78539823,0,9.6,2.0,0.816496581,1,0.153846154,1.0,2,2,3.0,1,2,1,1,5.0,1,3,0,4,1,0,1,0,0,1,0,0,1,0,0,0,0,0,1,1
37,4,1,6892,17.7,2,4,2,3,4,3,38,0,0,24,61,4,12,4,3,0,0,0,0.2,1,0,2.0,3446.0,0.381637168,1,3.54,3.0,0.816496581,0,0.333333333,0.8,1,1,2.44,1,0,1,0,0.6,0,2,0,2,0,1,0,0,0,1,0,0,1,0,0,1,0,0,1,0
36,5,4,10677,15.3,3,3,3,3,3,2,52,0,1,23,77,6,5,2,4,0,1,0,0.666666667,1,1,1.666666667,3559.0,0.888519135,0,2.55,2.75,0.5,0,1.2,1.0,1,2,3.208333333,1,1,0,1,0.666666667,0,2,0,3,1,1,0,0,0,0,1,0,1,0,0,1,0,0,0,0
46,6,2,8259,17.3,2,3,1,5,3,2,36,0,1,2,5,4,10,2,8,0,0,0,0.285714286,1,0,3.0,4129.5,0.542513863,0,2.471428571,2.75,1.707825128,0,0.4,0.571428571,0,0,1.666666667,0,1,0,1,1.142857143,1,1,0,2,0,0,1,0,0,0,0,1,0,1,0,0,1,0,0,0
36,3,2,7855,19.6,2,4,1,2,4,3,26,1,1,1,5,4,13,3,12,0,0,0,0.5,1,0,1.5,3927.5,0.48012939,1,4.9,2.5,1.290994449,0,0.307692308,1.0,1,3,2.5,0,1,1,1,3.0,1,2,0,3,1,1,0,0,0,0,0,1,1,0,0,1,0,0,1,1
18,0,0,7891,13.9,2,3,4,3,3,4,21,0,1,13,49,5,6,2,7,0,0,0,0.0,0,0,0.0,3945.5,0.282646048,1,13.9,3.5,0.577350269,0,0.833333333,5.0,1,2,3.5,0,1,0,1,7.0,0,1,0,2,1,1,0,0,1,0,0,0,1,0,0,0,0,0,0,0
48,9,7,8448,16.5,2,5,4,4,3,4,60,0,1,6,18,6,4,3,6,0,1,0,0.7,1,1,4.5,4224.0,0.698835275,0,1.65,3.75,0.5,0,1.5,0.6,2,3,2.571428571,0,2,1,1,0.6,0,1,0,2,1,0,1,0,0,0,1,0,1,0,0,0,1,0,0,0
46,1,0,7477,16.1,2,4,1,2,5,1,63,1,1,4,17,5,6,3,11,0,0,0,0.0,1,0,0.5,3738.5,0.313943162,1,8.05,2.25,1.892969449,1,0.833333333,2.5,1,4,3.4,0,1,1,1,5.5,1,3,1,1,0,0,1,0,0,0,0,0,1,0,0,0,1,0,1,1
36,11,3,14046,8.1,4,3,4,5,3,4,12,0,1,3,10,2,6,2,7,0,1,0,0.25,1,0,2.75,3511.5,0.88868434,0,0.675,4.0,0.816496581,0,0.333333333,0.166666667,1,1,2.5,0,1,0,1,0.583333333,0,0,0,2,0,0,1,0,1,0,0,0,1,0,0,1,0,0,0,0
46,0,0,12985,14.7,3,3,4,3,1,2,54,0,1,38,128,4,12,4,2,0,1,0,0.0,0,0,0.0,4328.333333,0.838733432,0,14.7,2.5,1.290994449,0,0.333333333,4.0,1,1,3.282051282,1,-1,0,0,2.0,0,1,0,4,1,1,0,0,1,0,0,0,1,0,0,0,1,0,0,0
30,0,0,5694,13.0,1,3,1,3,3,4,46,0,0,8,15,6,6,3,4,0,0,0,0.0,0,0,0.0,5694.0,0.255615641,1,13.0,2.75,1.258305739,0,1.0,6.0,0,1,1.666666667,0,0,0,0,4.0,0,1,0,2,1,0,0,0,0,0,1,0,1,0,1,0,0,0,0,0
42,0,0,8562,17.3,2,4,2,3,5,3,47,0,0,11,34,3,12,3,5,0,0,0,0.0,0,0,0.0,4281.0,0.378252332,1,17.3,3.25,1.258305739,0,0.25,3.0,1,1,2.833333333,0,1,1,1,5.0,0,1,0,2,1,0,0,0,1,0,0,0,1,0,0,1,0,0,0,0
34,4,4,6667,14.6,1,3,2,3,2,3,43,1,0,13,29,3,9,3,7,0,0,0,0.8,0,1,4.0,6667.0,0.133038783,1,2.92,2.5,0.577350269,0,0.333333333,0.6,1,3,2.071428571,0,0,0,0,1.4,0,2,0,2,1,0,1,0,1,0,0,0,1,0,1,0,0,0,1,1
37,1,1,4726,13.7,1,3,4,3,3,3,38,1,1,7,17,3,11,2,5,0,0,0,0.5,0,0,1.0,4726.0,0.062230437,1,6.85,3.25,0.5,0,0.272727273,1.5,1,3,2.125,0,1,0,1,2.5,0,1,0,2,1,0,1,0,0,0,0,1,1,0,0,1,0,0,1,1
21,0,0,3966,13.5,1,3,2,4,5,2,20,1,0,28,66,2,4,2,3,0,0,0,0.0,0,0,0.0,3966.0,0.021565003,1,13.5,3.25,1.5,0,0.5,2.0,1,3,2.275862069,1,1,0,1,3.0,0,2,0,1,1,0,1,0,0,0,0,1,1,0,0,0,0,0,1,1
38,9,5,7977,18.6,3,4,3,2,3,3,62,0,0,7,22,3,8,4,8,1,1,0,0.5,1,0,3.0,2659.0,0.570243363,0,1.86,2.75,0.5,0,0.375,0.3,1,1,2.75,0,0,1,0,0.8,1,1,0,1,1,1,0,0,0,1,0,0,1,0,0,1,0,0,0,0
38,10,10,18061,15.0,5,5,5,2,2,4,44,0,1,60,150,8,9,3,6,0,1,0,0.909090909,0,1,2.0,3612.2,0.991563055,0,1.363636364,3.25,1.5,0,0.888888889,0.727272727,0,1,2.459016393,1,2,1,1,0.545454545,0,2,0,3,0,1,0,0,0,0,0,0,1,0,0,1,0,0,0,0
27,9,7,10791,16.4,3,3,3,2,2,4,15,0,0,5,12,4,9,3,11,0,1,0,0.7,1,1,3.0,3597.0,0.656480118,0,1.64,2.75,0.957427108,0,0.444444444,0.4,1,1,2.0,0,0,0,0,1.1,1,2,0,2,1,1,0,0,1,0,0,0,1,0,1,0,0,0,0,0
41,4,4,7969,14.2,2,5,2,2,1,1,37,0,1,28,92,1,11,3,3,0,0,0,0.8,0,1,2.0,3984.5,0.567477876,0,2.84,1.5,0.577350269,1,0.090909091,0.2,0,0,3.172413793,1,2,1,1,0.6,0,3,0,2,0,0,1,0,0,1,0,0,1,0,0,1,0,0,1,1
32,14,12,13933,14.5,4,3,5,3,2,2,38,0,0,21,79,4,6,3,5,0,1,0,0.8,1,1,3.5,3483.25,0.88365243,0,0.966666667,3.0,1.414213562,0,0.666666667,0.266666667,1,2,3.590909091,1,0,0,0,0.333333333,0,2,0,2,0,0,1,0,1,0,0,0,1,0,1,0,0,0,0,0
22,4,3,10368,15.1,4,3,5,5,2,1,46,0,1,28,108,1,4,2,5,0,1,0,0.6,1,0,1.0,2592.0,0.705150977,0,3.02,3.25,2.061552813,0,0.25,0.2,1,1,3.724137931,1,1,0,1,1.0,0,1,0,2,1,0,1,0,0,0,0,0,1,0,0,0,0,0,1,0
36,8,1,11386,9.1,4,3,4,2,3,4,63,0,0,7,22,3,8,3,5,0,1,0,0.111111111,1,0,2.0,2846.5,0.865064695,0,1.011111111,3.25,0.957427108,0,0.375,0.333333333,1,1,2.75,0,0,0,0,0.555555556,0,0,0,3,0,1,0,0,0,0,0,1,0,1,0,1,0,0,0,0
60,2,0,7042,10.5,1,1,1,4,5,3,38,0,0,5,13,6,3,4,4,0,1,1,0.0,1,0,2.0,7042.0,0.175012273,1,3.5,3.25,1.707825128,0,2.0,2.0,1,2,2.166666667,0,-3,0,0,1.333333333,0,1,0,3,0,0,0,0,1,0,0,0,1,0,0,0,0,1,0,0
28,1,0,9329,7.7,3,1,2,5,3,5,37,0,1,6,17,6,2,4,9,0,1,0,0.0,1,0,0.333333333,3109.666667,0.579484902,0,3.85,3.75,1.5,0,3.0,3.0,1,2,2.428571429,0,-3,0,0,4.5,1,1,0,2,0,0,1,0,0,0,0,0,1,0,1,0,0,0,1,0
38,3,0,8148,16.9,1,5,4,3,3,3,32,0,1,13,37,7,7,3,4,0,1,0,0.0,1,0,3.0,8148.0,0.51987061,0,4.225,3.25,0.5,0,1.0,1.75,1,2,2.642857143,0,2,1,1,1.0,0,0,0,3,0,1,0,0,0,0,0,1,1,0,0,1,0,0,0,0
43,11,0,10341,13.3,4,2,4,3,3,3,32,0,1,7,29,3,7,3,3,0,1,0,0.0,1,0,2.75,2585.25,0.787430684,0,1.108333333,3.25,0.5,0,0.428571429,0.25,1,1,3.625,0,-1,0,0,0.25,0,0,0,1,0,0,1,0,0,0,0,1,0,0,0,1,0,0,0,0
51,7,4,10671,12.3,3,1,1,4,2,3,43,0,1,18,48,3,2,5,7,0,1,1,0.5,1,1,2.333333333,3557.0,0.644084438,0,1.5375,2.5,1.290994449,0,1.5,0.375,1,2,2.526315789,0,-4,0,0,0.875,0,1,0,2,1,0,1,0,1,0,0,0,1,0,0,0,1,0,1,0
39,2,2,6651,14.7,1,3,5,4,3,3,40,0,0,19,58,3,11,5,4,0,1,0,0.666666667,0,0,2.0,6651.0,0.202042629,1,4.9,3.75,0.957427108,0,0.272727273,1.0,2,2,2.9,0,-2,0,0,1.333333333,0,1,0,2,1,1,0,0,0,0,0,0,1,0,0,1,0,0,0,0
37,1,0,7783,17.3,2,3,4,1,3,3,58,1,0,4,15,6,13,1,5,0,1,0,0.0,1,0,0.5,3891.5,0.469038817,1,8.65,2.75,1.258305739,0,0.461538462,3.0,0,2,3.0,0,2,0,1,2.5,0,1,0,1,0,1,0,0,0,0,0,1,1,0,0,1,0,0,0,1
43,4,0,5992,15.2,2,4,3,3,3,4,44,1,0,14,57,2,8,4,13,0,0,0,0.0,1,0,2.0,2996.0,0.198089957,1,3.04,3.25,0.5,0,0.25,0.4,0,2,3.8,0,0,1,0,2.6,1,2,0,1,1,1,0,0,0,0,0,1,0,1,0,1,0,0,0,0
23,2,2,3212,18.7,1,4,3,4,3,3,41,0,1,25,81,3,2,5,2,0,0,0,0.666666667,0,0,2.0,3212.0,0.005545287,1,6.233333333,3.25,0.5,0,1.5,1.0,2,3,3.115384615,1,-1,1,0,0.666666667,0,2,0,1,1,1,0,0,0,0,0,1,1,0,0,0,0,0,0,0
56,5,4,6274,10.4,2,3,4,3,3,4,10,1,0,29,120,3,3,3,7,0,0,1,0.666666667,1,1,2.5,3137.0,0.232902033,1,1.733333333,3.5,0.577350269,0,1.0,0.5,2,5,4.0,1,0,0,0,1.166666667,0,3,0,2,1,0,1,0,0,0,0,1,1,0,0,0,0,1,0,0
32,4,1,8929,12.9,2,5,3,3,4,5,59,1,0,45,150,3,12,3,6,0,1,0,0.2,1,0,2.0,4464.5,0.529973357,0,2.58,3.75,0.957427108,0,0.25,0.6,0,2,3.260869565,1,2,1,1,1.2,0,1,0,2,0,1,0,0,0,0,0,0,0,0,1,0,0,0,0,0
53,4,1,7652,12.2,2,3,2,3,2,3,51,0,1,19,87,4,3,4,11,0,0,1,0.2,1,0,2.0,3826.0,0.583610649,0,2.44,2.5,0.577350269,0,1.333333333,0.8,0,1,4.35,1,-1,0,0,2.2,1,2,0,2,0,0,0,0,0,0,1,0,1,0,0,0,1,0,1,1
19,1,1,8120,18.0,2,3,4,4,4,5,23,0,0,11,46,3,15,5,3,0,0,0,0.5,0,0,0.5,4060.0,0.316151203,1,9.0,4.25,0.5,0,0.2,1.5,1,1,3.833333333,0,-2,0,0,1.5,0,1,0,2,0,1,0,0,1,0,0,0,1,0,0,0,0,0,0,0
41,4,1,8232,22.0,2,4,1,4,5,3,40,0,1,15,41,7,6,3,4,0,0,0,0.2,1,0,2.0,4116.0,0.425843694,1,4.4,3.25,1.707825128,0,1.166666667,1.4,1,2,2.5625,0,1,1,1,0.8,0,1,0,1,1,1,0,0,0,0,0,0,1,0,0,1,0,0,0,0
33,1,1,7367,13.0,2,4,4,3,3,5,19,0,1,13,29,4,4,4,10,0,0,0,0.5,0,0,0.5,3683.5,0.469026549,1,6.5,3.75,0.957427108,0,1.0,2.0,1,2,2.071428571,0,0,1,0,5.0,1,2,0,2,1,1,0,0,0,1,0,0,1,0,1,0,0,0,0,0
34,4,1,5979,14.2,2,3,3,1,1,4,42,0,1,20,56,4,7,2,7,0,0,0,0.2,1,0,2.0,2989.5,0.369243421,1,2.84,2.25,1.5,1,0.571428571,0.8,1,2,2.666666667,0,1,0,1,1.4,0,2,0,2,1,1,0,1,0,0,0,0,1,0,1,0,0,0,1,0
53,34,18,19542,14.2,5,3,3,3,1,4,53,1,1,9,29,2,8,3,4,0,1,1,0.514285714,1,1,6.8,3908.4,0.993372607,0,0.405714286,2.75,1.258305739,0,0.25,0.057142857,0,2,2.9,0,0,0,0,0.114285714,0,1,0,2,0,1,0,0,1,0,0,0,1,0,0,0,1,0,1,0
40,10,4,11238,16.0,4,3,3,3,4,4,23,0,0,1,5,5,15,2,4,0,1,0,0.363636364,1,1,2.5,2809.5,0.857054837,0,1.454545455,3.5,0.577350269,0,0.333333333,0.454545455,1,1,2.5,0,1,0,1,0.363636364,0,1,0,1,0,1,0,0,0,0,0,1,0,0,0,1,0,0,0,0
31,2,0,11641,14.4,3,3,3,3,2,4,41,0,0,3,11,5,11,4,1,0,1,0,0.0,1,0,0.666666667,3880.333333,0.743249877,0,4.8,3.0,0.816496581,0,0.454545455,1.666666667,1,1,2.75,0,-1,0,0,0.333333333,0,0,0,3,0,1,0,0,1,0,0,0,1,0,1,0,0,0,0,0
38,12,5,11215,15.0,3,3,5,5,3,4,63,0,0,9,20,7,6,4,6,0,1,0,0.384615385,1,1,4.0,3738.333333,0.856130622,0,1.153846154,4.25,0.957427108,0,1.166666667,0.538461538,2,3,2.0,0,-1,0,0,0.461538462,0,1,0,2,1,1,0,0,0,0,0,1,1,0,0,1,0,0,0,0
47,2,0,7813,16.0,1,4,4,4,3,2,69,1,1,12,35,4,13,3,4,0,0,0,0.0,1,0,2.0,7813.0,0.270618557,1,5.333333333,3.25,0.957427108,0,0.307692308,1.333333333,2,4,2.692307692,0,1,1,1,1.333333333,0,1,0,3,0,1,0,0,1,0,0,0,0,0,0,0,1,0,0,0
38,4,4,10424,17.4,3,3,4,4,1,5,63,0,0,18,48,2,3,5,4,0,1,0,0.8,0,1,1.333333333,3474.666667,0.614629357,0,3.48,3.5,1.732050808,0,0.666666667,0.4,1,2,2.526315789,0,-2,0,0,0.8,0,1,0,2,1,1,0,0,1,0,0,0,1,0,0,1,0,0,0,0
19,1,0,12667,13.5,3,4,3,4,3,2,58,0,0,4,19,7,6,5,3,0,1,0,0.0,1,0,0.333333333,4222.333333,0.872113677,0,6.75,3.0,0.816496581,0,1.166666667,3.5,1,2,3.8,0,-1,1,0,1.5,0,0,0,4,0,1,0,0,0,0,0,0,1,0,0,0,0,0,0,0
46,4,3,8093,16.0,2,3,3,3,3,3,64,1,0,24,76,3,3,3,7,0,1,0,0.6,1,0,2.0,4046.5,0.647254576,0,3.2,3.0,0.0,0,1.0,0.6,0,3,3.04,1,0,0,0,1.4,0,1,0,2,0,1,0,0,0,0,1,0,0,1,0,0,1,0,0,0
28,6,4,6473,19.4,2,3,4,2,2,3,56,0,0,27,64,5,8,3,4,0,0,0,0.571428571,1,1,3.0,3236.5,0.451480263,1,2.771428571,2.75,0.957427108,0,0.625,0.714285714,2,3,2.285714286,1,0,0,0,0.571428571,0,3,0,2,0,1,0,1,0,0,0,0,1,0,1,0,0,0,1,0
32,10,2,11821,12.4,4,4,4,2,5,3,41,1,0,13,45,4,5,4,2,0,1,0,0.181818182,1,0,2.5,2955.25,0.93968386,0,1.127272727,3.5,1.290994449,0,0.8,0.363636364,1,4,3.214285714,0,0,1,0,0.181818182,0,0,0,2,0,0,1,0,0,0,1,0,1,0,1,0,0,0,0,0
42,1,1,9748,13.1,3,5,3,2,2,4,31,0,1,19,49,6,2,2,4,0,1,0,0.5,0,0,0.333333333,3249.333333,0.786227876,0,6.55,2.75,0.957427108,0,3.0,3.0,0,1,2.45,0,3,1,1,2.0,0,0,0,2,0,0,1,0,0,1,0,0,1,0,0,1,0,0,1,0
23,2,0,9389,11.5,2,3,3,4,4,2,24,0,0,11,27,2,7,2,4,0,1,0,0.0,1,0,1.0,4694.5,0.692236599,0,3.833333333,3.25,0.957427108,0,0.285714286,0.666666667,1,1,2.25,0,1,0,1,1.333333333,0,0,0,4,0,0,0,0,0,0,0,1,0,0,0,0,0,0,0,0
44,4,3,9689,9.7,3,3,1,3,4,4,21,0,1,11,38,4,2,5,7,0,1,0,0.6,1,0,1.333333333,3229.666667,0.624333925,0,1.94,3.0,1.414213562,0,2.0,0.8,1,2,3.166666667,0,-2,0,0,1.4,0,0,0,2,0,1,0,0,0,0,0,0,1,0,0,1,0,0,0,0
35,3,1,8846,15.5,2,3,5,3,3,2,40,0,0,11,39,4,14,3,5,0,1,0,0.25,1,0,1.5,4423.0,0.746672213,0,3.875,3.25,1.258305739,0,0.285714286,1.0,0,0,3.25,0,0,0,0,1.25,0,0,0,4,0,1,0,0,0,0,1,0,1,0,0,1,0,0,0,0
53,6,2,6158,13.8,2,3,3,3,2,3,40,0,0,7,21,5,9,3,3,0,0,1,0.285714286,1,0,3.0,3079.0,0.332986689,1,1.971428571,2.75,0.5,0,0.555555556,0.714285714,1,2,2.625,0,0,0,0,0.428571429,0,1,0,2,0,0,1,0,0,0,1,0,1,0,0,0,1,0,0,0
39,3,2,5259,12.8,1,3,3,4,3,3,38,0,1,20,44,6,5,4,5,0,0,0,0.5,1,0,3.0,5259.0,0.033136966,1,3.2,3.25,0.5,0,1.2,1.5,1,2,2.095238095,0,-1,0,0,1.25,0,1,0,2,0,0,0,0,1,0,0,0,1,0,0,1,0,0,0,0
33,0,0,5435,15.1,1,4,2,3,2,3,43,0,0,18,62,3,4,3,3,0,0,0,0.0,0,0,0.0,5435.0,0.074600355,1,15.1,2.5,0.577350269,0,0.75,3.0,0,1,3.263157895,1,1,1,1,3.0,0,2,0,3,0,1,0,0,0,0,0,0,1,0,1,0,0,0,0,1
32,3,0,7420,12.7,2,4,2,3,4,5,46,1,1,6,25,4,6,1,5,0,0,0,0.0,1,0,1.5,3710.0,0.480641593,1,3.175,3.5,1.290994449,0,0.666666667,1.0,0,3,3.571428571,0,3,1,1,1.25,0,1,0,2,1,1,0,0,0,1,0,0,1,0,1,0,0,0,1,1
34,2,1,2893,11.1,1,2,5,4,2,2,8,0,0,40,105,4,11,3,6,0,0,0,0.333333333,1,0,2.0,2893.0,0.015625,1,3.7,3.25,1.5,0,0.363636364,1.333333333,0,0,2.56097561,1,-1,0,0,2.0,0,2,0,1,0,1,0,1,0,0,0,0,0,0,1,0,0,0,0,0
49,2,2,6323,13.9,1,3,3,2,2,4,15,0,0,10,42,3,12,4,6,0,0,0,0.666666667,0,0,2.0,6323.0,0.354617304,1,4.633333333,2.75,0.957427108,0,0.25,1.0,0,0,3.818181818,0,-1,0,0,2.0,0,1,0,3,1,1,0,0,0,0,1,0,0,1,0,0,1,0,1,0
34,11,3,9797,19.4,3,3,5,3,2,5,30,0,1,60,148,7,9,4,2,0,1,0,0.25,1,0,3.666666667,3265.666667,0.541114384,0,1.616666667,3.75,1.5,0,0.777777778,0.583333333,1,2,2.426229508,1,-1,0,0,0.166666667,0,1,0,1,0,1,0,0,1,0,0,0,1,0,1,0,0,0,0,0
38,2,0,5921,12.3,2,3,4,3,5,4,38,1,1,5,19,4,7,3,13,0,0,0,0.0,1,0,1.0,2960.5,0.226769912,1,4.1,4.0,0.816496581,0,0.571428571,1.333333333,1,4,3.166666667,0,0,0,0,4.333333333,1,2,0,2,1,0,1,0,0,1,0,0,1,0,0,1,0,0,0,0
51,2,2,5623,14.8,1,3,2,3,4,3,47,0,0,7,16,3,12,2,5,0,1,1,0.666666667,0,0,2.0,5623.0,0.087477798,1,4.933333333,3.0,0.816496581,0,0.25,1.0,1,1,2.0,0,1,0,1,1.666666667,0,1,0,2,1,0,0,0,0,0,0,0,1,0,0,0,1,0,0,0
28,1,1,10549,12.5,3,2,3,4,3,3,48,1,1,22,81,5,9,3,7,0,1,0,0.5,0,0,0.333333333,3516.333333,0.630829651,0,6.25,3.25,0.5,0,0.555555556,2.5,1,4,3.52173913,1,-1,0,0,3.5,0,1,0,2,1,0,0,0,1,0,0,0,1,0,1,0,0,0,1,0
36,7,5,12203,17.5,4,4,5,2,5,3,12,0,0,7,18,6,19,4,7,1,1,0,0.625,1,0,1.75,3050.75,0.787432499,0,2.1875,3.75,1.5,0,0.315789474,0.75,2,2,2.25,0,0,1,0,0.875,0,0,0,1,0,1,0,0,1,0,0,0,1,0,0,1,0,0,0,0
42,17,7,20764,17.7,5,5,1,3,3,3,41,1,0,11,34,2,10,3,9,0,1,0,0.388888889,1,1,3.4,4152.8,0.997299951,0,0.983333333,2.5,1.0,0,0.2,0.111111111,1,3,2.833333333,0,2,1,1,0.5,1,2,0,3,1,0,1,0,1,0,0,0,1,0,0,1,0,0,0,0
49,1,1,10885,17.1,3,4,4,3,3,3,57,0,0,8,18,3,8,5,8,0,1,0,0.5,0,0,0.333333333,3628.333333,0.871681416,0,8.55,3.25,0.5,0,0.375,1.5,1,1,2.0,0,-1,1,0,4.0,1,1,0,3,1,1,0,0,0,1,0,0,1,0,0,0,1,0,0,0
19,1,0,6774,15.6,1,3,1,5,1,4,46,0,0,9,27,6,11,4,10,0,0,0,0.0,1,0,1.0,6774.0,0.144698085,1,7.8,2.75,2.061552813,0,0.545454545,3.0,2,3,2.7,0,-1,0,0,5.0,1,2,0,2,1,1,0,0,1,0,0,0,1,0,0,0,0,0,1,1
26,8,6,12470,17.1,2,3,5,4,3,4,19,0,1,8,16,3,2,2,5,0,0,0,0.666666667,1,1,4.0,6235.0,0.807069219,0,1.9,4.0,0.816496581,0,1.5,0.333333333,0,1,1.777777778,0,1,0,1,0.555555556,0,1,0,3,0,0,1,0,1,0,0,0,1,0,1,0,0,0,0,0
24,2,1,9423,14.5,3,3,4,4,5,2,42,1,1,16,62,5,14,4,7,0,1,0,0.333333333,1,0,0.666666667,3141.0,0.747787611,0,4.833333333,3.75,1.258305739,0,0.357142857,1.666666667,1,3,3.647058824,1,-1,0,0,2.333333333,0,1,0,2,0,1,0,0,0,1,0,0,1,0,0,0,0,0,0,0
32,1,0,6451,15.0,1,5,1,5,1,2,22,1,0,2,7,2,7,1,6,0,0,0,0.0,1,0,1.0,6451.0,0.110947472,1,7.5,2.25,1.892969449,1,0.285714286,1.0,1,3,2.333333333,0,4,1,1,3.0,0,2,1,2,1,0,1,0,1,0,0,0,1,0,1,0,0,0,1,1
52,10,10,11904,16.8,4,4,3,5,1,3,49,0,0,22,51,2,9,5,13,0,1,1,0.909090909,0,1,2.5,2976.0,0.922013274,0,1.527272727,3.0,1.632993162,0,0.222222222,0.181818182,2,2,2.217391304,0,-1,1,0,1.181818182,1,2,0,2,0,0,1,0,0,1,0,0,1,0,0,0,1,0,0,0
60,2,1,7813,18.0,1,3,3,5,4,4,53,1,0,10,33,6,14,3,6,0,0,1,0.333333333,1,0,2.0,7813.0,0.270618557,1,6.0,4.0,0.816496581,0,0.428571429,2.0,1,3,3.0,0,0,0,0,2.0,0,1,0,2,1,1,0,0,1,0,0,0,0,1,0,0,0,1,0,0
45,15,4,12455,13.4,4,4,3,3,3,3,44,0,0,3,10,3,12,3,8,0,1,0,0.25,1,1,3.75,3113.75,0.805596465,0,0.8375,3.0,0.0,0,0.25,0.1875,1,1,2.5,0,1,1,1,0.5,1,2,0,1,0,0,1,0,1,0,0,0,1,0,0,0,1,0,0,0
27,3,1,7929,24.6,2,4,3,3,2,3,52,1,0,9,35,3,5,3,11,0,0,0,0.25,1,0,1.5,3964.5,0.561946903,0,6.15,2.75,0.5,0,0.6,0.75,0,3,3.5,0,1,1,1,2.75,1,1,0,2,1,1,0,0,0,1,0,0,0,0,1,0,0,0,0,0
41,6,5,8022,16.4,1,4,3,4,4,3,46,0,0,5,10,3,6,3,5,0,0,0,0.714285714,1,1,6.0,8022.0,0.299705449,1,2.342857143,3.5,0.577350269,0,0.5,0.428571429,1,1,1.666666667,0,1,1,1,0.714285714,0,2,0,2,1,1,0,0,1,0,0,0,1,0,0,1,0,0,0,0
39,7,4,10791,19.9,4,5,3,3,2,2,28,0,0,10,32,5,9,5,8,0,1,0,0.5,1,1,1.75,2697.75,0.866150442,0,2.4875,2.5,0.577350269,0,0.555555556,0.625,0,1,2.909090909,0,0,1,0,1.0,1,2,0,2,0,1,0,0,0,1,0,0,1,0,0,1,0,0,0,0
36,6,1,9768,13.0,2,3,4,4,3,4,39,0,0,11,37,3,8,4,7,0,0,0,0.142857143,1,0,3.0,4884.0,0.789269912,0,1.857142857,3.75,0.5,0,0.375,0.428571429,1,1,3.083333333,0,-1,0,0,1.0,0,0,0,4,0,0,1,0,0,1,0,0,1,0,0,1,0,0,0,0
38,2,1,6080,9.7,1,1,4,1,5,3,21,0,0,9,35,5,5,2,5,0,1,0,0.333333333,1,0,2.0,6080.0,0.380756579,1,3.233333333,3.25,1.707825128,0,1.0,1.666666667,2,3,3.5,0,-1,0,0,1.666666667,0,1,0,3,0,1,0,1,0,0,0,0,1,0,0,1,0,0,0,0
51,6,2,13817,15.5,4,3,1,2,2,4,40,1,1,2,7,5,15,3,6,0,1,1,0.285714286,1,0,1.5,3454.25,0.951016636,0,2.214285714,2.25,1.258305739,1,0.333333333,0.714285714,1,3,2.333333333,0,0,0,0,0.857142857,0,1,1,4,0,1,0,0,0,0,0,1,1,0,0,0,1,0,0,1
52,11,2,10202,12.2,3,4,1,3,3,4,28,0,0,15,41,4,5,3,6,1,1,1,0.166666667,1,0,3.666666667,3400.666667,0.890625,0,1.016666667,2.75,1.258305739,0,0.8,0.333333333,2,3,2.5625,0,1,1,1,0.5,0,0,0,3,1,0,1,1,0,0,0,0,1,0,0,0,1,0,0,0
46,2,0,11051,16.5,3,4,2,3,5,3,5,0,0,20,53,3,9,3,7,0,1,0,0.0,1,0,0.666666667,3683.666667,0.684830633,0,5.5,3.25,1.258305739,0,0.333333333,1.0,1,1,2.523809524,0,1,1,1,2.333333333,0,0,0,3,0,0,1,0,1,0,0,0,0,1,0,0,1,0,0,0
39,10,2,17144,11.4,4,3,3,3,3,5,36,1,0,6,30,3,5,2,8,0,1,0,0.181818182,1,0,2.5,4286.0,0.967353952,0,1.036363636,3.5,1.0,0,0.6,0.272727273,1,4,4.285714286,0,1,0,1,0.727272727,1,1,0,3,0,1,0,0,1,0,0,0,1,0,0,1,0,0,0,0
28,1,0,7278,16.3,2,3,4,2,3,3,15,1,1,5,13,4,2,4,6,0,1,0,0.0,1,0,0.5,3639.0,0.521630616,0,8.15,3.0,0.816496581,0,2.0,2.0,0,3,2.166666667,0,-1,0,0,3.0,0,0,0,2,1,0,1,0,0,0,1,0,1,0,1,0,0,0,1,0
46,3,3,9091,17.0,2,5,1,3,4,3,70,0,1,27,74,2,3,4,1,0,0,0,0.75,0,0,1.5,4545.5,0.451276387,1,4.25,2.75,1.258305739,0,0.666666667,0.5,1,2,2.642857143,1,1,1,1,0.25,0,2,0,2,1,1,0,0,1,0,0,0,1,0,0,0,1,0,1,0
44,5,4,11999,15.2,3,4,2,2,3,5,56,0,1,13,20,4,2,3,5,1,1,0,0.666666667,1,0,1.666666667,3999.666667,0.773195876,0,2.533333333,3.0,1.414213562,0,2.0,0.666666667,2,3,1.428571429,0,1,1,1,0.833333333,0,0,0,2,1,0,1,0,1,0,0,0,1,0,0,1,0,0,0,0
29,0,0,5460,15.5,2,3,4,4,3,4,57,0,1,5,19,4,2,3,7,0,0,0,0.0,0,0,0.0,2730.0,0.215682196,1,15.5,3.75,0.5,0,2.0,4.0,0,1,3.166666667,0,0,0,0,7.0,0,1,0,1,1,1,0,0,0,0,1,0,1,0,1,0,0,0,0,0
60,7,0,12430,12.1,4,2,2,4,5,3,23,0,1,8,26,3,8,3,4,0,1,1,0.0,1,0,1.75,3107.5,0.857460036,0,1.5125,3.5,1.290994449,0,0.375,0.375,2,2,2.888888889,0,-1,0,0,0.5,0,0,0,3,0,1,0,0,0,0,0,0,1,0,0,0,0,1,0,0
59,1,0,8238,10.8,3,3,3,3,3,4,53,1,0,18,65,3,4,2,5,0,1,1,0.0,1,0,0.333333333,2746.0,0.537892791,0,5.4,3.25,0.5,0,0.75,1.5,1,4,3.421052632,1,1,0,1,2.5,0,1,0,2,0,1,0,0,0,0,0,1,0,0,0,0,0,1,0,0
38,6,6,5850,16.3,2,3,3,3,3,3,2,0,1,16,51,3,6,4,6,0,0,0,0.857142857,0,1,3.0,2925.0,0.337993421,1,2.328571429,3.0,0.0,0,0.5,0.428571429,1,1,3.0,0,-1,0,0,0.857142857,0,2,0,1,1,0,1,1,0,0,0,0,0,0,0,1,0,0,0,0
31,6,6,4474,13.2,1,3,3,5,2,3,27,0,1,8,20,3,10,2,3,0,0,0,0.857142857,0,1,6.0,4474.0,0.086314476,1,1.885714286,3.25,1.258305739,0,0.3,0.428571429,1,1,2.222222222,0,1,0,1,0.428571429,0,2,0,2,1,1,0,0,0,0,1,0,1,0,1,0,0,0,0,0
35,3,3,7352,14.4,2,3,4,4,4,4,8,1,0,17,67,5,8,3,8,0,1,0,0.75,0,0,1.5,3676.0,0.53327787,0,3.6,4.0,0.0,0,0.625,1.25,0,3,3.722222222,1,0,0,0,2.0,1,2,0,2,1,1,0,0,0,0,1,0,1,0,0,1,0,0,0,0
41,0,0,10902,16.2,3,3,3,2,2,2,4,1,0,6,22,2,9,3,6,0,1,0,0.0,0,0,0.0,3634.0,0.756216696,0,16.2,2.25,0.5,1,0.222222222,2.0,0,2,3.142857143,0,0,0,0,6.0,0,1,1,3,1,0,1,0,0,0,0,0,1,0,0,1,0,0,1,1
57,9,2,6611,9.5,2,2,1,4,3,3,22,1,1,11,48,1,8,4,5,0,0,1,0.2,1,0,4.5,3305.5,0.282193469,1,0.95,2.75,1.258305739,0,0.125,0.1,1,3,4.0,0,-2,0,0,0.5,0,1,0,1,0,1,0,0,0,0,0,1,1,0,0,0,0,1,0,1
28,7,4,5789,19.2,3,4,3,3,4,2,37,0,1,7,27,3,11,1,9,0,1,0,0.5,1,1,2.333333333,1929.666667,0.273294509,1,2.4,3.0,0.816496581,0,0.272727273,0.375,1,1,3.375,0,3,1,1,1.125,1,3,0,1,1,1,0,0,0,0,1,0,0,0,1,0,0,0,0,0
41,1,1,4335,11.5,3,3,4,2,3,4,45,1,1,11,28,4,8,2,6,0,1,0,0.5,0,0,0.333333333,1445.0,0.069051581,1,5.75,3.25,0.957427108,0,0.5,2.0,1,3,2.333333333,0,1,0,1,3.0,0,1,0,1,1,0,1,0,0,0,1,0,1,0,0,1,0,0,1,0
46,0,0,10411,19.3,2,3,3,3,4,3,29,0,0,12,52,6,10,3,8,0,0,0,0.0,0,0,0.0,5205.5,0.793284042,0,19.3,3.25,0.5,0,0.6,6.0,1,2,4.0,0,0,0,0,8.0,1,1,0,4,1,0,1,0,0,0,0,1,1,0,0,0,1,0,0,0
27,1,0,8880,13.0,3,5,3,4,4,3,16,0,0,31,65,6,10,4,6,0,1,0,0.0,1,0,0.333333333,2960.0,0.624768946,0,6.5,3.5,0.577350269,0,0.6,3.0,0,1,2.03125,1,1,1,1,3.0,0,1,0,2,1,0,1,0,0,0,0,1,1,0,1,0,0,0,1,0
38,4,1,2610,13.7,1,4,4,1,1,4,81,0,0,11,25,6,17,2,4,0,0,0,0.2,1,0,4.0,2610.0,0.0021565,1,2.74,2.5,1.732050808,0,0.352941176,1.2,1,1,2.083333333,0,2,1,1,0.8,0,1,0,2,1,1,0,0,0,0,0,1,1,0,0,1,0,0,1,0
31,4,3,10010,11.5,2,4,2,2,3,4,23,0,0,9,34,4,9,4,5,0,0,0,0.6,1,0,2.0,5005.0,0.564064801,0,2.3,2.75,0.957427108,0,0.444444444,0.8,1,1,3.4,0,0,1,0,1.0,0,0,0,2,1,1,0,0,1,0,0,0,1,0,1,0,0,0,0,0
33,10,0,12955,15.6,5,3,4,3,3,3,38,1,1,10,43,4,11,3,6,0,1,0,0.0,1,0,2.0,2591.0,0.929451633,0,1.418181818,3.25,0.5,0,0.363636364,0.363636364,1,3,3.909090909,0,0,0,0,0.545454545,0,0,0,2,0,1,0,0,0,0,0,1,1,0,1,0,0,0,0,0
24,3,1,10581,9.0,3,3,3,2,3,3,63,0,0,13,51,4,7,4,6,0,1,0,0.25,1,0,1.0,3527.0,0.847345133,0,2.25,2.75,0.5,0,0.571428571,1.0,1,2,3.642857143,0,-1,0,0,1.5,0,0,0,4,0,0,1,0,0,1,0,0,1,0,0,0,0,0,0,0
41,10,10,9825,15.5,3,4,2,4,4,4,42,1,1,11,32,6,8,4,9,0,1,0,0.909090909,0,1,3.333333333,3275.0,0.734288355,0,1.409090909,3.5,1.0,0,0.75,0.545454545,0,3,2.666666667,0,0,1,0,0.818181818,1,2,0,3,1,1,0,0,0,0,0,1,1,0,0,1,0,0,1,0
44,11,6,8502,18.5,2,3,3,2,4,3,3,0,1,15,40,4,10,3,3,0,0,0,0.5,1,1,5.5,4251.0,0.369170349,1,1.541666667,3.0,0.816496581,0,0.4,0.333333333,1,1,2.5,0,0,0,0,0.25,0,2,0,1,1,1,0,0,1,0,0,0,1,0,0,1,0,0,0,0
21,1,1,6281,11.8,1,3,3,4,1,3,49,0,1,33,79,6,4,1,7,0,1,0,0.5,0,0,1.0,6281.0,0.233672212,1,5.9,2.75,1.258305739,0,1.5,3.0,0,1,2.323529412,1,2,0,1,3.5,0,2,0,2,1,1,0,0,0,0,0,1,1,0,0,0,0,0,1,1
27,1,0,7654,11.8,2,3,4,2,4,1,0,1,0,21,73,7,2,3,12,0,0,0,0.0,1,0,0.5,3827.0,0.338365897,1,5.9,2.75,1.5,0,3.5,3.5,2,5,3.318181818,1,0,0,0,6.0,1,3,0,2,1,1,0,0,0,0,0,0,0,1,1,0,0,0,1,1
31,1,1,5289,8.0,1,1,3,2,4,4,66,0,1,26,79,3,9,4,7,0,0,0,0.5,0,0,1.0,5289.0,0.144911504,1,4.0,3.25,0.957427108,0,0.333333333,1.5,1,1,2.925925926,1,-3,0,0,3.5,0,2,0,3,0,0,0,0,0,1,0,0,1,0,1,0,0,0,0,0
41,6,3,6542,19.2,2,4,3,3,4,4,28,0,0,11,28,3,9,4,4,0,0,0,0.428571429,1,0,3.0,3271.0,0.391846922,1,2.742857143,3.5,0.577350269,0,0.333333333,0.428571429,1,1,2.333333333,0,0,1,0,0.571428571,0,1,0,2,1,0,0,0,0,0,1,0,1,0,0,1,0,0,0,0
36,4,2,5810,14.4,2,3,3,3,4,1,43,0,0,9,30,6,9,4,11,0,0,0,0.4,1,0,2.0,2905.0,0.104351687,1,2.88,2.75,1.258305739,0,0.666666667,1.2,1,2,3.0,0,-1,0,0,2.2,1,2,0,1,0,1,0,0,0,0,0,0,1,0,0,1,0,0,0,0
34,5,0,8804,19.5,3,3,4,2,4,5,36,0,1,20,84,1,6,2,6,0,1,0,0.0,1,0,1.666666667,2934.666667,0.742512479,0,3.25,3.75,1.258305739,0,0.166666667,0.166666667,1,1,4.0,1,1,0,1,1.0,0,1,0,2,0,1,0,0,0,0,1,0,1,0,1,0,0,0,0,0
33,2,2,2892,14.4,1,3,4,3,3,3,45,0,0,24,94,4,5,4,4,0,0,0,0.666666667,0,0,2.0,2892.0,0.003318584,1,4.8,3.25,0.5,0,0.8,1.333333333,1,2,3.76,1,-1,0,0,1.333333333,0,2,0,1,0,0,1,0,0,1,0,0,1,0,1,0,0,0,0,0
34,3,3,7033,19.1,2,5,4,3,4,3,8,1,1,18,63,4,9,4,8,0,0,0,0.75,0,0,1.5,3516.5,0.255772647,1,4.775,3.5,0.577350269,0,0.444444444,1.0,1,3,3.315789474,1,1,1,1,2.0,1,3,0,2,1,1,0,0,0,0,0,0,1,0,1,0,0,0,0,0
55,5,1,8926,17.0,2,5,2,3,1,3,20,0,1,9,18,5,12,2,3,1,0,1,0.166666667,1,0,2.5,4463.0,0.630006161,0,2.833333333,2.25,0.957427108,1,0.416666667,0.833333333,0,0,1.8,0,3,1,1,0.5,0,1,0,2,1,1,0,0,0,0,0,1,0,1,0,0,0,1,0,0
35,8,0,8124,16.5,2,4,3,3,3,3,16,0,1,23,63,1,5,2,5,0,0,0,0.0,1,0,4.0,4062.0,0.712993421,0,1.833333333,3.0,0.0,0,0.2,0.111111111,1,1,2.625,1,2,1,1,0.555555556,0,1,0,3,1,0,1,1,0,0,0,0,1,0,0,1,0,0,0,0
46,16,4,8474,10.6,4,2,3,4,4,3,38,0,0,28,102,7,9,4,1,0,1,0,0.235294118,1,1,4.0,2118.5,0.459147425,1,0.623529412,3.5,0.577350269,0,0.777777778,0.411764706,1,2,3.517241379,1,-2,0,0,0.058823529,0,3,0,1,1,1,0,0,0,0,0,0,1,0,0,0,1,0,0,0
34,0,0,5062,15.4,1,3,3,4,3,1,33,0,0,9,37,2,8,4,9,0,0,0,0.0,0,0,0.0,5062.0,0.024054983,1,15.4,2.75,1.258305739,0,0.25,2.0,1,1,3.7,0,-1,0,0,9.0,1,2,0,1,0,1,0,0,1,0,0,0,1,0,1,0,0,0,0,0
28,1,0,6108,17.7,2,5,5,2,3,4,49,0,0,27,101,3,11,3,2,0,0,0,0.0,1,0,0.5,3054.0,0.138099467,1,8.85,3.5,1.290994449,0,0.272727273,1.5,1,1,3.607142857,1,2,1,1,1.0,0,2,0,1,0,1,0,0,0,0,0,0,1,0,1,0,0,0,1,0
26,2,0,8951,15.2,2,4,4,3,3,3,8,0,0,3,6,7,5,3,3,0,0,0,0.0,1,0,1.0,4475.5,0.430289642,1,5.066666667,3.25,0.5,0,1.4,2.333333333,2,3,1.5,0,1,1,1,1.0,0,1,0,2,0,0,1,0,1,0,0,0,1,0,1,0,0,0,0,0
37,1,0,8770,15.6,3,3,3,5,4,4,17,0,0,2,6,2,12,2,5,0,1,0,0.0,1,0,0.333333333,2923.333333,0.406111929,1,7.8,4.0,0.816496581,0,0.166666667,1.0,0,0,2.0,0,1,0,1,2.5,0,1,0,1,0,0,1,0,1,0,0,0,1,0,0,1,0,0,0,0
46,0,0,5248,16.9,2,4,4,3,1,3,56,1,0,10,42,4,5,4,8,0,0,0,0.0,0,0,0.0,2624.0,0.14159292,1,16.9,2.75,1.258305739,0,0.8,4.0,2,5,3.818181818,0,0,1,0,8.0,1,2,0,2,1,1,0,0,0,1,0,0,1,0,0,0,1,0,1,1
29,11,6,15988,14.3,4,2,2,5,3,3,24,0,1,13,46,2,4,3,2,0,1,0,0.5,1,1,2.75,3997.0,0.950662739,0,1.191666667,3.25,1.258305739,0,0.5,0.166666667,1,1,3.285714286,0,-1,0,0,0.166666667,0,1,0,3,1,0,0,0,1,0,0,0,1,0,1,0,0,0,0,0
21,3,0,10515,15.0,3,5,4,4,4,3,15,1,1,12,27,4,5,2,4,0,1,0,0.0,1,0,1.0,3505.0,0.842920354,0,3.75,3.75,0.5,0,0.8,1.0,2,5,2.076923077,0,3,1,1,1.0,0,0,0,3,0,0,1,0,0,1,0,0,0,1,0,0,0,0,0,0
19,1,0,6139,18.7,1,5,1,2,3,5,35,0,0,20,67,9,4,5,2,0,0,0,0.0,1,0,1.0,6139.0,0.215341959,1,9.35,2.75,1.707825128,0,2.25,4.5,1,2,3.19047619,1,0,1,0,1.0,0,2,0,3,1,1,0,0,0,0,0,1,1,0,0,0,0,0,0,0
27,5,0,6850,18.1,2,5,4,4,4,3,64,0,1,10,25,3,3,4,2,0,1,0,0.0,1,0,2.5,3425.0,0.154148257,1,3.016666667,3.75,0.5,0,1.0,0.5,1,2,2.272727273,0,1,1,1,0.333333333,0,1,0,1,1,0,1,0,1,0,0,0,1,0,1,0,0,0,0,0
36,1,0,6616,15.9,1,4,3,3,5,3,38,0,1,14,37,1,8,3,5,0,0,0,0.0,1,0,1.0,6616.0,0.128129602,1,7.95,3.5,1.0,0,0.125,0.5,1,1,2.466666667,0,1,1,1,2.5,0,1,0,2,1,0,1,0,1,0,0,0,1,0,0,1,0,0,0,0
34,8,0,7790,19.5,3,4,1,2,4,4,14,0,1,15,36,8,17,3,3,1,1,0,0.0,1,0,2.666666667,2596.666667,0.543141593,0,2.166666667,2.75,1.5,0,0.470588235,0.888888889,1,1,2.25,0,1,1,1,0.333333333,0,0,0,2,1,0,1,0,0,1,0,0,1,0,1,0,0,0,0,0
41,3,2,4269,10.3,1,2,3,3,1,2,76,1,1,22,90,3,14,5,10,0,0,0,0.5,1,0,3.0,4269.0,0.007609229,1,2.575,2.25,0.957427108,1,0.214285714,0.75,1,3,3.913043478,1,-3,0,0,2.5,1,4,1,1,1,1,0,0,1,0,0,0,1,0,0,1,0,0,0,1
44,2,2,11627,14.6,3,3,5,1,2,3,24,0,0,17,75,4,2,3,5,0,1,0,0.666666667,0,0,0.666666667,3875.666667,0.875693161,0,4.866666667,2.75,1.707825128,0,2.0,1.333333333,1,2,4.166666667,1,0,0,0,1.666666667,0,1,0,4,1,0,1,0,0,0,0,1,1,0,0,1,0,0,0,0
43,4,1,7790,13.8,3,4,5,4,4,4,57,1,1,6,20,4,7,3,6,0,1,0,0.2,1,0,1.333333333,2596.666667,0.657483553,0,2.76,4.25,0.5,0,0.571428571,0.8,2,5,2.857142857,0,1,1,1,1.2,0,0,0,2,1,0,0,1,0,0,0,0,1,0,0,1,0,0,0,0
25,7,2,9256,12.3,3,1,5,3,5,1,36,0,0,27,115,2,7,4,2,0,1,0,0.25,1,0,2.333333333,3085.333333,0.785357737,0,1.5375,3.5,1.914854216,0,0.285714286,0.25,1,1,4.107142857,1,-3,0,0,0.25,0,1,0,3,1,0,1,0,0,0,1,0,1,0,1,0,0,0,0,0
46,21,7,16874,14.6,5,5,3,3,2,3,45,1,0,19,50,5,6,5,7,0,1,0,0.318181818,1,1,4.2,3374.8,0.998893805,0,0.663636364,2.75,0.5,0,0.833333333,0.227272727,1,4,2.5,0,0,1,0,0.318181818,0,1,0,3,1,1,0,0,0,1,0,0,1,0,0,0,1,0,0,0
33,4,0,10446,15.5,3,3,1,2,3,1,52,0,0,19,61,5,7,3,6,0,1,0,0.0,1,0,1.333333333,3482.0,0.616593029,0,3.1,1.75,0.957427108,1,0.714285714,1.0,0,1,3.05,1,0,0,0,1.2,0,2,0,2,1,1,0,0,1,0,0,0,1,0,1,0,0,0,1,0
37,3,2,9309,16.2,3,4,4,3,4,3,70,0,1,16,40,2,8,3,5,0,1,0,0.5,1,0,1.0,3103.0,0.678527418,0,4.05,3.5,0.577350269,0,0.25,0.5,1,1,2.352941176,0,1,1,1,1.25,0,0,0,2,0,0,1,0,0,0,0,1,1,0,0,1,0,0,0,0
18,0,0,5490,15.3,1,4,3,4,2,3,24,0,0,9,16,1,10,3,9,0,0,0,0.0,0,0,0.0,5490.0,0.136629698,1,15.3,3.0,0.816496581,0,0.1,1.0,1,1,1.6,0,1,1,1,9.0,1,2,0,1,0,1,0,0,0,0,0,1,1,0,0,0,0,0,1,0
37,2,1,6612,10.2,2,2,2,3,2,5,46,1,1,14,37,1,8,4,10,0,0,0,0.333333333,1,0,1.0,3306.0,0.282655576,1,3.4,3.0,1.414213562,0,0.125,0.333333333,0,2,2.466666667,0,-2,0,0,3.333333333,1,2,0,2,0,1,0,0,0,0,0,1,1,0,0,1,0,0,0,1
32,10,6,13871,13.3,3,3,1,4,3,3,39,1,1,60,150,4,13,3,4,0,1,0,0.545454545,1,1,3.333333333,4623.666667,0.919626998,0,1.209090909,2.75,1.258305739,0,0.307692308,0.363636364,2,4,2.459016393,1,0,0,0,0.363636364,0,2,0,3,1,0,0,0,0,0,0,0,0,0,1,0,0,0,1,1
34,1,1,6648,14.0,1,2,3,2,3,3,24,1,1,13,52,3,3,2,10,0,0,0,0.5,0,0,1.0,6648.0,0.130338733,1,7.0,2.75,0.5,0,1.0,1.5,2,5,3.714285714,0,0,0,0,5.0,1,2,0,2,1,0,1,0,1,0,0,0,0,0,1,0,0,0,1,1
25,7,4,9874,13.3,2,3,2,4,2,4,12,1,0,32,67,5,10,3,8,0,1,0,0.5,1,1,3.5,4937.0,0.549091802,0,1.6625,3.0,1.154700538,0,0.5,0.625,1,3,2.03030303,1,0,0,0,1.0,1,3,0,2,0,0,1,0,1,0,0,0,0,0,1,0,0,0,1,1
37,14,8,11141,18.9,3,3,2,1,4,4,20,1,0,21,81,2,10,1,5,0,1,0,0.533333333,1,1,4.666666667,3713.666667,0.776198934,0,1.26,2.75,1.5,0,0.2,0.133333333,0,2,3.681818182,1,2,0,1,0.333333333,0,2,0,2,0,1,0,0,0,0,0,0,1,0,0,1,0,0,0,1
29,2,2,10107,17.0,4,3,3,2,3,1,17,0,1,12,41,4,7,3,4,0,1,0,0.666666667,0,0,0.5,2526.75,0.82079646,0,5.666666667,2.25,0.957427108,1,0.571428571,1.333333333,0,1,3.153846154,0,0,0,0,1.333333333,0,1,0,2,1,0,1,0,0,1,0,0,1,0,1,0,0,0,0,0
30,4,4,8582,19.6,3,4,3,3,1,3,47,1,1,9,27,2,10,2,8,0,1,0,0.8,0,1,1.333333333,2860.666667,0.712978369,0,3.92,2.5,1.0,0,0.2,0.4,1,3,2.7,0,2,1,1,1.6,1,2,0,2,1,1,0,0,0,0,1,0,1,0,1,0,0,0,0,0
51,5,3,7794,15.8,3,3,3,3,4,4,13,0,1,7,22,8,4,2,5,0,1,1,0.5,1,0,1.666666667,2598.0,0.603161398,0,2.633333333,3.5,0.577350269,0,2.0,1.333333333,1,2,2.75,0,1,0,1,0.833333333,0,0,0,2,1,1,0,0,0,0,1,0,1,0,0,0,1,0,0,0
28,1,0,4622,19.3,2,4,4,2,2,3,29,0,1,14,40,2,12,3,6,0,0,0,0.0,1,0,0.5,2311.0,0.055144794,1,9.65,2.75,0.957427108,0,0.166666667,1.0,2,2,2.666666667,0,1,1,1,3.0,0,1,0,1,0,1,0,0,0,0,0,1,1,0,1,0,0,0,1,0
30,1,1,8658,14.1,3,4,3,4,3,4,36,1,0,12,48,5,7,2,15,0,1,0,0.5,0,0,0.333333333,2886.0,0.596734442,0,7.05,3.5,0.577350269,0,0.714285714,2.5,1,4,3.692307692,0,2,1,1,7.5,1,1,0,3,1,0,1,0,0,0,0,1,0,1,1,0,0,0,0,0
28,7,4,6884,18.6,1,4,2,3,3,4,41,0,0,14,53,5,2,2,3,1,0,0,0.5,1,0,7.0,6884.0,0.158811978,1,2.325,3.0,0.816496581,0,2.5,0.625,1,2,3.533333333,0,2,1,1,0.375,0,1,0,2,1,0,1,0,1,0,0,0,1,0,1,0,0,0,1,0
43,9,3,12693,16.2,3,3,1,2,3,4,38,0,1,11,45,4,7,4,3,0,1,0,0.3,1,0,3.0,4231.0,0.922982132,0,1.62,2.5,1.290994449,0,0.571428571,0.4,1,2,3.75,0,-1,0,0,0.3,0,0,0,4,0,0,0,0,0,0,0,1,0,1,0,1,0,0,0,0
22,4,1,10176,13.0,4,3,5,3,4,3,42,0,0,29,88,2,7,5,5,0,1,0,0.2,1,0,1.0,2544.0,0.585051546,0,2.6,3.75,0.957427108,0,0.285714286,0.4,1,1,2.933333333,1,-2,0,0,1.0,0,1,0,1,1,1,0,0,1,0,0,0,0,0,0,0,0,0,0,0
21,2,2,4748,13.8,1,3,2,4,3,4,27,1,0,4,10,2,2,2,5,0,0,0,0.666666667,0,0,2.0,4748.0,0.158305921,1,4.6,3.25,0.957427108,0,1.0,0.666666667,1,4,2.0,0,1,0,1,1.666666667,0,1,0,3,1,0,1,1,0,0,0,0,1,0,0,0,0,0,1,1
22,0,0,3948,13.0,1,3,3,3,3,2,69,0,0,8,25,2,7,3,4,0,0,0,0.0,0,0,0.0,3948.0,0.021256932,1,13.0,2.75,0.5,0,0.285714286,2.0,0,0,2.777777778,0,0,0,0,4.0,0,1,0,1,1,0,0,0,0,0,0,1,0,1,0,0,0,0,0,0
35,2,1,6997,18.2,2,3,4,4,4,3,9,0,1,31,67,3,10,4,4,0,0,0,0.333333333,1,0,1.0,3498.5,0.400165929,1,6.066666667,3.75,0.5,0,0.3,1.0,0,0,2.09375,1,-1,0,0,1.333333333,0,2,0,2,0,0,1,0,0,1,0,0,1,0,0,1,0,0,0,0
28,10,9,12016,16.9,3,5,3,2,4,3,46,1,0,21,60,1,9,4,3,1,1,0,0.818181818,1,0,3.333333333,4005.333333,0.929756637,0,1.536363636,3.0,0.816496581,0,0.111111111,0.090909091,1,3,2.727272727,0,1,1,1,0.272727273,0,0,0,3,0,0,1,0,0,1,0,0,1,0,1,0,0,0,0,0
33,2,0,8447,15.9,1,3,4,3,5,3,39,1,0,13,42,6,8,3,7,0,0,0,0.0,1,0,2.0,8447.0,0.361806578,1,5.3,3.75,0.957427108,0,0.75,2.0,2,5,3.0,0,0,0,0,2.333333333,0,1,0,3,1,1,0,0,1,0,0,0,1,0,1,0,0,0,0,0
27,9,9,13207,11.1,4,3,4,2,3,4,27,1,0,19,60,4,15,1,8,0,1,0,0.9,0,1,2.25,3301.75,0.849533628,0,1.11,3.25,0.957427108,0,0.266666667,0.4,1,3,3.0,0,2,0,1,0.8,1,2,0,2,0,1,0,0,1,0,0,0,0,0,1,0,0,0,1,0
29,4,0,6522,11.8,2,3,4,3,3,4,26,1,0,15,54,6,15,4,6,0,1,0,0.0,1,0,2.0,3261.0,0.117697595,1,2.36,3.5,0.577350269,0,0.4,1.2,1,3,3.375,0,-1,0,0,1.2,0,1,0,2,1,0,0,0,1,0,0,0,1,0,1,0,0,0,0,0
60,0,0,3157,12.8,1,1,5,3,4,4,49,0,1,5,16,3,10,4,3,0,0,1,0.0,0,0,0.0,3157.0,0.004621072,1,12.8,4.0,0.816496581,0,0.3,3.0,1,1,2.666666667,0,-3,0,0,3.0,0,1,0,1,1,1,0,0,0,0,0,1,1,0,0,0,0,1,0,0
32,14,6,15231,14.4,4,3,5,1,4,3,35,1,0,7,24,4,7,3,5,0,1,0,0.4,1,1,3.5,3807.75,0.931516937,0,0.96,3.25,1.707825128,0,0.571428571,0.266666667,1,4,3.0,0,0,0,0,0.333333333,0,1,0,2,1,1,0,0,1,0,0,0,1,0,1,0,0,0,0,0
18,0,0,7264,22.4,2,3,3,3,4,1,0,1,1,15,66,6,8,3,7,0,1,0,0.0,0,0,0.0,3632.0,0.383548983,1,22.4,2.75,1.258305739,0,0.75,6.0,0,3,4.125,1,0,0,0,7.0,0,2,0,2,1,0,0,0,0,0,0,1,1,0,0,0,0,0,1,0
34,9,1,12647,12.1,4,5,2,1,3,5,51,1,0,16,43,4,9,3,7,0,1,0,0.1,1,0,2.25,3161.75,0.919901417,0,1.21,2.75,1.707825128,0,0.444444444,0.4,2,4,2.529411765,0,2,1,1,0.7,0,0,0,2,0,0,1,0,0,0,0,1,1,0,1,0,0,0,1,1
41,10,7,12383,11.3,4,3,3,4,4,3,56,1,1,9,22,3,13,2,5,0,1,0,0.636363636,1,1,2.5,3095.75,0.909272951,0,1.027272727,3.5,0.577350269,0,0.230769231,0.272727273,1,3,2.2,0,1,0,1,0.454545455,0,1,0,3,1,1,0,0,0,0,0,1,1,0,0,1,0,0,0,0
37,3,1,10892,18.3,3,5,5,4,2,5,39,1,0,10,36,6,10,3,10,0,1,0,0.25,1,0,1.0,3630.666667,0.898918469,0,4.575,4.0,1.414213562,0,0.6,1.5,1,4,3.272727273,0,2,1,1,2.5,1,1,0,2,1,0,0,0,0,0,1,0,1,0,0,1,0,0,0,0
33,0,0,7277,15.5,2,4,1,2,2,2,60,0,1,5,9,4,5,1,5,0,0,0,0.0,0,0,0.0,3638.5,0.387861984,1,15.5,1.75,0.5,1,0.8,4.0,1,2,1.5,0,3,1,1,5.0,0,2,0,1,0,1,0,0,0,0,0,1,0,0,1,0,0,0,1,1
20,2,0,7058,16.3,3,3,3,4,2,5,35,0,0,28,128,5,2,4,4,0,1,0,0.0,1,0,0.666666667,2352.666667,0.560032895,0,5.433333333,3.5,1.290994449,0,2.5,1.666666667,1,2,4.413793103,1,-1,0,0,1.333333333,0,1,0,2,1,0,1,1,0,0,0,0,1,0,0,0,0,0,0,0
33,4,3,6716,10.4,1,3,4,5,5,5,29,0,0,11,37,1,8,3,5,0,0,0,0.6,1,0,4.0,6716.0,0.347621681,1,2.08,4.75,0.5,0,0.125,0.2,0,0,3.083333333,0,0,0,0,1.0,0,1,0,3,0,0,1,0,0,1,0,0,1,0,1,0,0,0,0,0
49,0,0,4645,16.1,2,3,3,3,4,2,46,0,1,13,34,1,12,2,5,0,0,0,0.0,0,0,0.0,2322.5,0.100249584,1,16.1,3.0,0.816496581,0,0.083333333,1.0,1,1,2.428571429,0,1,0,1,5.0,0,1,0,2,1,0,1,0,0,0,1,0,1,0,0,0,1,0,1,0
38,8,8,5296,15.8,2,3,3,4,3,3,39,0,0,7,29,5,2,3,8,0,1,0,0.888888889,0,1,4.0,2648.0,0.236842105,1,1.755555556,3.25,0.5,0,2.5,0.555555556,2,3,3.625,0,0,0,0,0.888888889,1,3,0,2,1,1,0,1,0,0,0,0,0,0,0,1,0,0,0,0
46,4,1,9721,20.2,3,3,4,1,3,3,33,0,0,8,24,4,3,3,8,0,1,0,0.2,1,0,1.333333333,3240.333333,0.531664212,0,4.04,2.75,1.258305739,0,1.333333333,0.8,1,2,2.666666667,0,0,0,0,1.6,1,1,0,2,0,1,0,0,1,0,0,0,1,0,0,0,1,0,0,0
46,0,0,4227,14.5,1,4,2,4,3,3,55,0,1,27,107,8,5,2,4,0,1,0,0.0,0,0,0.0,4227.0,0.008436945,1,14.5,3.0,0.816496581,0,1.6,8.0,1,2,3.821428571,1,2,1,1,4.0,0,2,0,2,1,0,1,0,0,0,0,0,1,0,0,0,1,0,0,1
38,1,1,6289,15.9,3,3,3,3,5,3,0,0,0,11,20,5,10,2,8,0,1,0,0.5,0,0,0.333333333,2096.333333,0.279867257,1,7.95,3.5,1.0,0,0.5,2.5,1,1,1.666666667,0,1,0,1,4.0,1,2,0,1,0,0,1,0,0,1,0,0,1,0,0,1,0,0,0,0
26,2,2,5638,12.3,1,3,3,3,4,4,38,0,0,13,51,2,4,3,5,0,1,0,0.666666667,0,0,2.0,5638.0,0.051546392,1,4.1,3.5,0.577350269,0,0.5,0.666666667,1,1,3.642857143,0,0,0,0,1.666666667,0,1,0,1,1,0,1,0,1,0,0,0,1,0,1,0,0,0,0,0
29,4,0,5885,16.9,2,3,4,3,5,3,25,1,0,29,106,3,7,3,9,0,0,0,0.0,1,0,2.0,2942.5,0.345394737,1,3.38,3.75,0.957427108,0,0.428571429,0.6,2,4,3.533333333,1,0,0,0,1.8,1,3,0,2,1,1,0,1,0,0,0,0,0,1,1,0,0,0,1,0
20,2,2,8535,15.4,3,4,4,3,3,5,37,0,0,14,65,3,2,1,4,0,1,0,0.666666667,0,0,0.666666667,2845.0,0.708818636,0,5.133333333,3.75,0.957427108,0,1.5,1.0,0,1,4.333333333,1,3,1,1,1.333333333,0,1,0,2,0,0,1,0,0,0,1,0,1,0,0,0,0,0,0,0
41,5,2,8856,14.6,2,3,3,3,2,4,18,1,0,12,28,4,3,3,10,0,0,0,0.333333333,1,0,2.5,4428.0,0.622304375,0,2.433333333,3.0,0.816496581,0,1.333333333,0.666666667,0,3,2.153846154,0,0,0,0,1.666666667,1,1,0,3,1,1,0,0,0,0,0,1,1,0,0,1,0,0,1,0
23,5,0,8710,17.8,2,3,3,2,2,3,28,1,1,12,30,4,3,2,8,0,0,0,0.0,1,0,2.5,4355.0,0.397520864,1,2.966666667,2.5,0.577350269,0,1.333333333,0.666666667,0,3,2.307692308,0,1,0,1,1.333333333,1,2,0,2,0,1,0,0,1,0,0,0,1,0,0,0,0,0,0,1
50,0,0,8102,16.5,2,5,1,3,4,3,35,0,0,11,44,3,3,2,9,0,0,1,0.0,0,0,0.0,4051.0,0.312714777,1,16.5,2.75,1.258305739,0,1.0,3.0,0,1,3.666666667,0,3,1,1,9.0,1,2,0,1,1,1,0,0,1,0,0,0,0,0,0,0,1,0,1,1
41,23,19,21609,14.3,5,3,3,4,2,2,22,0,1,8,35,5,11,3,3,0,1,0,0.791666667,1,1,4.6,4321.8,0.998772705,0,0.595833333,2.75,0.957427108,0,0.454545455,0.208333333,1,1,3.888888889,0,0,0,0,0.125,0,1,0,3,0,1,0,0,1,0,0,0,0,0,0,1,0,0,0,0
51,12,2,9844,13.6,2,3,4,3,1,4,53,1,1,9,33,4,3,3,10,0,1,1,0.153846154,1,0,6.0,4922.0,0.736290819,0,1.046153846,3.0,1.414213562,0,1.333333333,0.307692308,0,3,3.3,0,0,0,0,0.769230769,1,1,0,3,1,0,0,0,0,0,0,1,1,0,0,0,1,0,0,0
25,4,0,5290,15.6,1,5,2,2,2,3,11,0,0,42,122,4,8,3,5,0,0,0,0.0,1,0,4.0,5290.0,0.187396007,1,3.12,2.25,0.5,1,0.5,0.8,1,1,2.837209302,1,2,1,1,1.0,0,3,0,1,0,0,1,0,0,0,1,0,1,0,1,0,0,0,1,1
37,11,1,16362,19.1,4,4,3,4,4,4,45,0,0,26,84,2,9,3,5,1,1,0,0.083333333,1,0,2.75,4090.5,0.956553756,0,1.591666667,3.75,0.5,0,0.222222222,0.166666667,0,0,3.111111111,1,1,1,1,0.416666667,0,1,0,3,1,0,1,0,1,0,0,0,1,0,0,1,0,0,0,0
31,11,5,9884,15.8,4,3,5,1,4,3,56,0,0,1,5,6,7,4,2,0,1,0,0.416666667,1,1,2.75,2471.0,0.834442596,0,1.316666667,3.25,1.707825128,0,0.857142857,0.5,1,2,2.5,0,-1,0,0,0.166666667,0,1,0,2,0,0,1,0,0,0,1,0,1,0,1,0,0,0,0,0
43,0,0,6307,11.9,1,3,3,3,1,2,24,1,1,15,50,3,11,3,6,0,0,0,0.0,0,0,0.0,6307.0,0.283738938,1,11.9,2.25,0.957427108,1,0.272727273,3.0,0,2,3.125,0,0,0,0,6.0,0,2,1,3,0,1,0,0,0,1,0,0,1,0,0,1,0,0,1,1
31,4,3,7699,16.5,2,2,3,3,5,4,30,0,1,4,13,4,7,4,5,0,0,0,0.6,1,0,2.0,3849.5,0.344138544,1,3.3,3.75,0.957427108,0,0.571428571,0.8,0,1,2.6,0,-2,0,0,1.0,0,1,0,3,1,0,0,0,0,0,0,0,1,0,1,0,0,0,0,0
31,4,1,6915,14.2,1,4,5,3,2,3,46,0,0,34,103,1,15,1,9,0,1,0,0.2,1,0,4.0,6915.0,0.533717105,0,2.84,3.25,1.258305739,0,0.066666667,0.2,1,1,2.942857143,1,3,1,1,1.8,1,2,0,2,1,1,0,1,0,0,0,0,1,0,1,0,0,0,1,0
30,12,1,16426,13.6,4,3,2,3,1,3,33,1,0,6,21,2,4,3,6,0,1,0,0.076923077,1,0,3.0,4106.5,0.98736907,0,1.046153846,2.25,0.957427108,1,0.5,0.153846154,1,3,3.0,0,0,0,0,0.461538462,0,1,1,3,0,1,0,0,0,0,0,1,0,1,1,0,0,0,0,1
41,11,6,10827,13.4,3,4,4,2,3,2,21,1,1,10,25,2,6,3,4,0,1,0,0.5,1,1,3.666666667,3609.0,0.748667851,0,1.116666667,2.75,0.957427108,0,0.333333333,0.166666667,0,2,2.272727273,0,1,1,1,0.333333333,0,1,0,2,1,1,0,0,0,0,0,0,0,1,0,1,0,0,0,0
37,3,0,4897,13.5,1,3,5,2,3,3,43,1,0,29,66,4,5,2,8,0,0,0,0.0,1,0,3.0,4897.0,0.036190053,1,3.375,3.25,1.258305739,0,0.8,1.0,2,5,2.2,1,1,0,1,2.0,1,3,0,1,1,0,1,0,0,0,0,0,0,0,0,1,0,0,1,1
44,7,0,4944,13.3,3,2,3,5,3,3,39,0,0,18,94,5,8,4,7,0,1,0,0.0,1,0,2.333333333,1648.0,0.184210526,1,1.6625,3.5,1.0,0,0.625,0.625,0,1,4.947368421,1,-2,0,0,0.875,0,2,0,1,1,0,1,1,0,0,0,0,1,0,0,1,0,0,0,0
39,2,1,9735,17.7,2,4,5,2,4,2,59,1,0,13,26,5,10,4,12,0,1,0,0.333333333,1,0,1.0,4867.5,0.533382425,0,5.9,3.25,1.5,0,0.5,1.666666667,2,4,1.857142857,0,0,1,0,4.0,1,1,0,2,0,0,1,0,1,0,0,0,1,0,0,1,0,0,1,0
41,2,2,8815,20.0,2,3,3,3,3,4,55,0,1,13,37,2,16,3,3,0,0,0,0.666666667,0,0,1.0,4407.5,0.412125675,1,6.666666667,3.25,0.5,0,0.125,0.666666667,0,0,2.642857143,0,0,0,0,1.0,0,1,0,2,0,0,1,0,1,0,0,0,1,0,0,1,0,0,0,0
18,0,0,5718,17.7,1,1,2,4,3,1,62,1,1,3,10,3,12,3,3,0,0,0,0.0,0,0,0.0,5718.0,0.056210113,1,17.7,2.5,1.290994449,0,0.25,3.0,1,3,2.5,0,-2,0,0,3.0,0,1,0,2,1,0,1,0,1,0,0,0,1,0,0,0,0,0,1,1
38,1,0,7910,17.5,2,5,1,4,3,5,44,0,0,10,25,7,2,2,8,0,0,0,0.0,1,0,0.5,3955.0,0.286696122,1,8.75,3.25,1.707825128,0,3.5,3.5,0,1,2.272727273,0,3,1,1,4.0,1,2,0,1,1,1,0,0,1,0,0,0,1,0,0,1,0,0,1,0
30,2,0,11891,13.1,2,3,2,1,4,4,31,1,0,13,42,2,14,4,8,0,1,0,0.0,1,0,1.0,5945.5,0.766077565,0,4.366666667,2.75,1.5,0,0.142857143,0.666666667,0,2,3.0,0,-1,0,0,2.666666667,1,1,0,3,1,1,0,0,1,0,0,0,1,0,1,0,0,0,1,1
35,10,4,9733,15.2,3,3,3,3,1,3,29,0,0,34,75,3,7,4,4,0,1,0,0.363636364,1,1,3.333333333,3244.333333,0.825291181,0,1.381818182,2.5,1.0,0,0.428571429,0.272727273,1,1,2.142857143,1,-1,0,0,0.363636364,0,2,0,3,0,1,0,0,0,0,1,0,1,0,0,1,0,0,0,0
36,1,1,6538,17.2,2,3,1,3,5,2,18,0,0,7,25,1,8,2,6,0,0,0,0.5,0,0,0.5,3269.0,0.190497336,1,8.6,2.75,1.707825128,0,0.125,0.5,1,1,3.125,0,1,0,1,3.0,0,1,0,3,1,1,0,0,0,0,0,0,0,1,0,1,0,0,1,1
34,7,4,7186,12.6,2,4,5,4,4,3,44,1,1,6,19,5,6,3,8,0,1,0,0.5,1,1,3.5,3593.0,0.273312611,1,1.575,4.0,0.816496581,0,0.833333333,0.625,1,4,2.714285714,0,1,1,1,1.0,1,3,0,1,1,0,1,0,0,0,0,0,1,0,1,0,0,0,0,0
38,2,1,9795,18.4,2,3,1,3,5,3,22,0,1,13,42,1,9,3,5,0,0,0,0.333333333,1,0,1.0,4897.5,0.540500736,0,6.133333333,3.0,1.632993162,0,0.111111111,0.333333333,1,1,3.0,0,0,0,0,1.666666667,0,0,0,3,1,0,1,0,1,0,0,0,1,0,0,1,0,0,0,0
26,1,0,5280,8.1,2,3,5,4,4,3,32,0,0,14,32,2,4,4,4,0,0,0,0.0,1,0,0.5,2640.0,0.144358407,1,4.05,4.0,0.816496581,0,0.5,1.0,1,1,2.133333333,0,-1,0,0,2.0,0,1,0,1,1,1,0,0,0,1,0,0,1,0,1,0,0,0,0,0
33,2,1,5028,17.5,2,3,3,4,2,3,24,0,0,10,19,3,9,4,5,0,0,0,0.333333333,1,0,1.0,2514.0,0.118362832,1,5.833333333,3.0,0.816496581,0,0.333333333,1.0,1,1,1.727272727,0,-1,0,0,1.666666667,0,1,0,1,0,1,0,0,0,1,0,0,1,0,1,0,0,0,0,0
31,7,0,9767,13.1,4,1,2,2,4,3,18,1,0,14,36,5,5,4,10,0,1,0,0.0,1,0,1.75,2441.75,0.788716814,0,1.6375,2.75,0.957427108,0,1.0,0.625,0,3,2.4,0,-3,0,0,1.25,1,1,0,2,0,0,1,0,0,1,0,0,1,0,1,0,0,0,0,1
45,14,8,16849,16.7,5,4,2,3,4,4,40,0,0,25,86,7,3,3,9,1,1,0,0.533333333,1,0,2.8,3369.8,0.96293569,0,1.113333333,3.25,0.957427108,0,2.333333333,0.466666667,2,3,3.307692308,1,1,1,1,0.6,1,2,0,2,1,0,1,0,1,0,0,0,0,0,0,0,1,0,0,0
40,11,11,11125,12.2,5,4,5,4,4,4,9,1,1,25,91,2,2,4,4,1,1,0,0.916666667,0,0,2.2,2225.0,0.935032895,0,1.016666667,4.25,0.5,0,1.0,0.166666667,1,4,3.5,1,0,1,0,0.333333333,0,1,0,1,0,1,0,1,0,0,0,0,1,0,0,1,0,0,0,0
40,8,7,12828,12.2,4,2,2,2,4,3,41,1,0,7,16,3,6,5,4,0,1,0,0.777777778,1,1,2.0,3207.0,0.828424153,0,1.355555556,2.75,0.957427108,0,0.5,0.333333333,1,3,2.0,0,-3,0,0,0.444444444,0,1,0,1,0,1,0,0,1,0,0,0,1,0,0,1,0,0,1,0
36,8,5,8523,18.6,3,5,1,5,3,2,67,0,0,11,14,4,8,4,3,0,1,0,0.555555556,1,1,2.666666667,2841.0,0.46625222,1,2.066666667,2.75,1.707825128,0,0.5,0.444444444,1,1,1.166666667,0,1,1,1,0.333333333,0,2,0,1,1,0,0,0,0,0,0,0,1,0,0,1,0,0,0,0
33,0,0,5721,15.9,2,4,2,2,4,4,76,0,0,7,22,1,12,3,3,0,0,0,0.0,0,0,0.0,2860.5,0.202710177,1,15.9,3.0,1.154700538,0,0.083333333,1.0,1,1,2.75,0,1,1,1,3.0,0,1,0,2,0,0,1,0,0,1,0,0,1,0,1,0,0,0,0,0
20,1,0,7321,11.4,2,4,2,3,5,2,23,1,1,6,13,6,15,1,8,0,0,0,0.0,1,0,0.5,3660.5,0.394485521,1,5.7,3.0,1.414213562,0,0.4,3.0,0,2,1.857142857,0,3,1,1,4.0,1,2,0,3,0,0,1,0,0,0,0,1,1,0,0,0,0,0,1,1
32,3,3,8238,13.4,2,4,2,2,3,4,26,0,0,10,27,1,5,2,5,0,0,0,0.75,0,0,1.5,4119.0,0.333087874,1,3.35,2.75,0.957427108,0,0.2,0.25,1,1,2.454545455,0,2,1,1,1.25,0,1,0,1,0,0,1,0,1,0,0,0,1,0,1,0,0,0,0,0
29,3,0,7513,14.7,2,3,4,2,4,3,38,1,1,10,29,5,5,4,7,0,0,0,0.0,1,0,1.5,3756.5,0.426370918,1,3.675,3.25,0.957427108,0,1.0,1.25,1,4,2.636363636,0,-1,0,0,1.75,0,1,0,3,1,1,0,0,0,0,0,1,1,0,1,0,0,0,0,0
45,2,2,4470,15.8,2,5,1,3,1,2,48,0,1,17,43,1,9,1,4,0,0,0,0.666666667,0,0,1.0,2235.0,0.085274542,1,5.266666667,1.75,0.957427108,1,0.111111111,0.333333333,1,1,2.388888889,0,4,1,1,1.333333333,0,2,0,1,0,0,1,0,0,0,1,0,1,0,0,0,1,0,1,1
43,1,0,7469,11.9,2,3,3,2,3,2,28,1,0,15,33,2,6,3,9,0,0,0,0.0,1,0,0.5,3734.5,0.312611012,1,5.95,2.5,0.577350269,0,0.333333333,1.0,1,3,2.0625,0,0,0,0,4.5,1,2,0,2,1,0,1,0,0,0,0,0,1,0,0,1,0,0,1,1
50,7,4,8540,15.6,1,3,3,3,4,3,46,1,0,6,12,3,13,4,6,0,1,1,0.5,1,1,7.0,8540.0,0.375552283,1,1.95,3.25,0.5,0,0.230769231,0.375,1,3,1.714285714,0,-1,0,0,0.75,0,2,0,3,0,0,1,0,1,0,0,0,1,0,0,0,1,0,0,0
26,8,1,10286,11.6,3,3,4,2,3,4,37,0,0,19,61,6,14,2,4,0,1,0,0.111111111,1,0,2.666666667,3428.666667,0.783733826,0,1.288888889,3.25,0.957427108,0,0.428571429,0.666666667,0,0,3.05,1,1,0,1,0.444444444,0,1,0,2,1,0,1,0,0,0,0,1,0,1,1,0,0,0,0,0
31,3,2,10581,12.0,3,4,3,4,4,4,52,0,1,8,25,1,4,2,8,0,1,0,0.5,1,0,1.0,3527.0,0.635616102,0,3.0,3.75,0.5,0,0.25,0.25,2,2,2.777777778,0,2,1,1,2.0,1,1,0,2,1,1,0,0,1,0,0,0,1,0,1,0,0,0,0,0
40,1,1,6606,12.8,1,3,3,4,3,3,38,0,0,14,71,5,7,3,4,0,1,0,0.5,0,0,1.0,6606.0,0.127761414,1,6.4,3.25,0.5,0,0.714285714,2.5,1,2,4.733333333,1,0,0,0,2.0,0,2,0,2,0,1,0,0,1,0,0,0,1,0,0,1,0,0,0,0
44,24,12,16240,18.3,5,4,2,2,3,4,32,0,0,32,112,5,7,4,1,0,1,0,0.48,1,1,4.8,3248.0,0.974689165,0,0.732,2.75,0.957427108,0,0.714285714,0.2,1,2,3.393939394,1,0,1,0,0.04,0,2,0,2,0,1,0,0,0,0,0,0,1,0,0,1,0,0,1,0
24,1,0,6770,18.4,2,3,2,3,4,3,29,0,1,21,56,5,5,4,7,0,0,0,0.0,1,0,0.5,3385.0,0.505756579,0,9.2,3.0,0.816496581,0,1.0,2.5,2,3,2.545454545,0,-1,0,0,3.5,0,0,0,3,1,1,0,1,0,0,0,0,1,0,0,0,0,0,1,1
44,6,3,10379,13.1,3,3,4,4,3,4,62,1,1,7,23,3,4,4,8,0,1,0,0.428571429,1,0,2.0,3459.666667,0.609106529,0,1.871428571,3.75,0.5,0,0.75,0.428571429,1,4,2.875,0,-1,0,0,1.142857143,1,1,0,2,1,1,0,0,1,0,0,0,1,0,0,1,0,0,0,0
41,1,0,4441,20.2,1,3,3,2,2,3,19,1,1,6,18,7,15,3,6,0,0,0,0.0,1,0,1.0,4441.0,0.044208256,1,10.1,2.5,0.577350269,0,0.466666667,3.5,0,2,2.571428571,0,0,0,0,3.0,0,1,0,3,0,1,0,0,0,0,0,1,1,0,0,1,0,0,1,1
44,4,4,6162,18.1,1,3,3,3,5,4,24,0,1,16,60,3,5,2,3,0,1,0,0.8,0,1,4.0,6162.0,0.219038817,1,3.62,3.75,0.957427108,0,0.6,0.6,1,2,3.529411765,0,1,0,1,0.6,0,2,0,1,1,1,0,0,0,0,0,1,1,0,0,1,0,0,0,0
52,4,4,6292,12.3,2,3,3,1,2,4,64,0,0,15,51,5,16,2,3,0,0,1,0.8,0,1,2.0,3146.0,0.098183603,1,2.46,2.5,1.290994449,0,0.3125,1.0,1,1,3.1875,0,1,0,1,0.6,0,2,0,1,0,1,0,0,1,0,0,0,1,0,0,0,1,0,0,0
26,3,2,6665,12.7,3,3,3,3,1,3,12,1,1,15,48,4,15,1,5,0,1,0,0.5,1,0,1.0,2221.666667,0.412853577,1,3.175,2.5,1.0,0,0.266666667,1.0,0,2,3.0,0,2,0,1,1.25,0,1,0,2,1,0,1,0,0,0,1,0,1,0,1,0,0,0,0,0
46,2,0,5916,16.9,3,2,4,3,3,3,43,0,0,43,150,5,6,3,5,0,1,0,0.0,1,0,0.666666667,1972.0,0.351151316,1,5.633333333,3.25,0.5,0,0.833333333,1.666666667,1,2,3.409090909,1,-1,0,0,1.666666667,0,2,0,2,0,0,1,1,0,0,0,0,1,0,0,0,1,0,0,0
38,1,0,7082,20.9,2,4,4,3,2,3,81,1,1,13,54,3,7,3,8,0,0,0,0.0,1,0,0.5,3541.0,0.262211368,1,10.45,3.0,0.816496581,0,0.428571429,1.5,1,3,3.857142857,0,1,1,1,4.0,1,2,0,2,0,0,0,0,0,0,0,0,1,0,0,1,0,0,1,0
30,0,0,4549,10.3,2,3,2,3,4,4,36,1,1,26,56,5,11,3,9,0,0,0,0.0,0,0,0.0,2274.5,0.074391593,1,10.3,3.25,0.957427108,0,0.454545455,5.0,2,4,2.074074074,0,0,0,0,9.0,1,2,0,1,0,1,0,0,0,1,0,0,1,0,1,0,0,0,1,1
32,1,1,6525,12.9,2,3,3,3,2,3,15,0,1,2,7,2,9,3,7,0,0,0,0.5,0,0,0.5,3262.5,0.118065783,1,6.45,2.75,0.5,0,0.222222222,1.0,1,1,2.333333333,0,0,0,0,3.5,0,1,0,1,1,0,1,0,1,0,0,0,1,0,1,0,0,0,0,0
29,1,1,6355,18.7,2,1,2,2,2,3,76,1,0,24,80,2,2,2,9,0,0,0,0.5,0,0,0.5,3177.5,0.29369469,1,9.35,2.25,0.5,1,1.0,1.0,2,5,3.2,1,-1,0,0,4.5,1,4,1,2,1,0,1,0,0,1,0,0,1,0,1,0,0,0,1,1
40,10,6,9892,14.8,4,3,3,3,3,2,52,0,1,21,97,8,13,2,4,0,1,0,0.545454545,1,1,2.5,2473.0,0.741065927,0,1.345454545,2.75,0.5,0,0.615384615,0.727272727,1,2,4.409090909,1,1,0,1,0.363636364,0,2,0,2,0,0,0,0,0,0,0,1,1,0,0,1,0,0,0,0
42,2,0,5607,11.8,2,3,3,4,3,4,1,0,0,25,72,2,17,3,3,0,0,0,0.0,1,0,1.0,2803.5,0.149876771,1,3.933333333,3.5,0.577350269,0,0.117647059,0.666666667,1,1,2.769230769,1,0,0,0,1.0,0,2,0,2,0,0,1,0,0,0,0,1,1,0,0,1,0,0,0,0
31,2,1,9182,19.4,2,3,4,2,4,2,0,0,0,13,38,3,9,4,2,0,1,0,0.333333333,1,0,1.0,4591.0,0.559946714,0,6.466666667,3.0,1.154700538,0,0.333333333,1.0,1,1,2.714285714,0,-1,0,0,0.666666667,0,0,0,3,1,1,0,0,0,0,0,0,0,0,1,0,0,0,0,0
31,2,1,5529,12.6,1,2,5,5,4,5,59,1,0,7,18,8,11,5,11,0,0,0,0.333333333,1,0,2.0,5529.0,0.14017252,1,4.2,4.75,0.5,0,0.727272727,2.666666667,1,4,2.25,0,-3,0,0,3.666666667,1,2,0,3,0,0,1,0,0,0,0,1,1,0,1,0,0,0,0,0
38,3,2,4989,19.6,2,3,4,3,1,3,0,1,1,8,30,4,8,3,8,0,0,0,0.5,1,0,1.5,2494.5,0.142678869,1,4.9,2.75,1.258305739,0,0.5,1.0,0,2,3.333333333,0,0,0,0,2.0,1,2,0,1,1,1,0,0,0,0,1,0,1,0,0,1,0,0,1,0
31,3,3,8909,20.7,3,4,1,3,4,5,9,0,0,31,82,1,7,2,6,0,1,0,0.75,0,0,1.0,2969.666667,0.628157733,0,5.175,3.25,1.707825128,0,0.142857143,0.25,2,2,2.5625,1,2,1,1,1.5,0,1,0,2,0,0,0,0,0,0,0,1,1,0,1,0,0,0,1,0
38,4,0,10415,12.1,3,3,4,3,4,3,22,1,1,3,12,1,8,2,10,0,1,0,0.0,1,0,1.333333333,3471.666667,0.794054221,0,2.42,3.5,0.577350269,0,0.125,0.2,0,2,3.0,0,1,0,1,2.0,1,1,0,3,0,0,1,0,0,0,0,1,1,0,0,1,0,0,0,0
48,1,0,10322,16.3,2,4,4,4,4,5,48,1,0,19,63,7,10,4,7,0,1,0,0.0,1,0,0.5,5161.0,0.601988218,0,8.15,4.25,0.5,0,0.7,3.5,1,4,3.15,1,0,1,0,3.5,0,1,0,3,0,1,0,0,1,0,0,0,1,0,0,0,1,0,0,0
37,13,3,10844,13.1,3,4,3,4,3,3,28,1,1,20,58,1,7,3,9,1,1,0,0.214285714,1,0,4.333333333,3614.666667,0.75044405,0,0.935714286,3.25,0.5,0,0.142857143,0.071428571,2,4,2.761904762,0,1,1,1,0.642857143,1,1,0,1,0,1,0,0,0,0,0,0,1,0,0,1,0,0,0,0
30,1,1,8437,16.5,2,5,3,3,5,3,45,0,1,14,44,4,4,4,2,0,0,0,0.5,0,0,0.5,4218.5,0.360824742,1,8.25,3.5,1.0,0,1.0,2.0,1,2,2.933333333,0,1,1,1,1.0,0,1,0,2,0,1,0,0,1,0,0,0,1,0,1,0,0,0,0,0
45,4,0,9705,9.1,3,4,3,2,3,3,3,0,0,9,33,4,2,5,5,0,1,0,0.0,1,0,1.333333333,3235.0,0.528227786,0,1.82,2.75,0.5,0,2.0,0.8,1,2,3.3,0,-1,1,0,1.0,0,0,0,2,0,1,0,0,1,0,0,0,1,0,0,0,1,0,0,0
22,4,1,7106,11.2,2,4,3,4,5,2,22,1,1,19,69,3,6,4,6,0,0,0,0.2,1,0,2.0,3553.0,0.493344426,1,2.24,3.5,1.290994449,0,0.5,0.6,0,2,3.45,1,0,1,0,1.2,0,2,0,2,0,1,0,0,0,0,1,0,0,1,0,0,0,0,0,0
35,2,2,7814,9.5,2,3,3,3,3,4,58,0,1,7,18,2,5,3,6,0,1,0,0.666666667,0,0,1.0,3907.0,0.662828947,0,3.166666667,3.25,0.5,0,0.4,0.666666667,0,0,2.25,0,0,0,0,2.0,0,0,0,2,0,0,1,1,0,0,0,0,1,0,0,1,0,0,0,0
51,8,1,15112,14.0,4,3,3,3,4,3,17,0,0,9,15,3,2,4,4,0,1,1,0.111111111,1,0,2.0,3778.0,0.927835052,0,1.555555556,3.25,0.5,0,1.5,0.333333333,2,3,1.5,0,-1,0,0,0.444444444,0,0,0,3,1,1,0,0,1,0,0,0,1,0,0,0,1,0,0,0
38,2,1,5473,14.0,1,4,3,4,3,2,35,0,0,8,26,3,8,4,3,0,0,0,0.333333333,1,0,2.0,5473.0,0.079928952,1,4.666666667,3.0,0.816496581,0,0.375,1.0,0,0,2.888888889,0,0,1,0,1.0,0,1,0,3,0,0,1,0,0,0,0,0,1,0,0,1,0,0,0,0
42,2,0,8391,16.4,2,4,3,3,4,4,0,0,1,9,35,4,9,4,8,0,0,0,0.0,1,0,1.0,4195.5,0.563154652,0,5.466666667,3.5,0.577350269,0,0.444444444,1.333333333,0,0,3.5,0,0,1,0,2.666666667,1,1,0,3,0,0,1,0,0,0,0,1,1,0,0,1,0,0,0,0
44,13,10,12369,14.3,5,3,3,4,3,5,37,0,0,11,52,2,6,4,4,0,1,0,0.714285714,1,1,2.6,2473.8,0.955074875,0,1.021428571,3.75,0.957427108,0,0.333333333,0.142857143,0,0,4.333333333,0,-1,0,0,0.285714286,0,1,0,2,0,0,1,0,0,0,1,0,1,0,0,1,0,0,0,0
43,6,6,10625,12.2,2,3,2,2,3,4,52,1,0,9,28,1,11,3,10,0,0,0,0.857142857,0,1,3.0,5312.5,0.640279823,0,1.742857143,2.75,0.957427108,0,0.090909091,0.142857143,1,3,2.8,0,0,0,0,1.428571429,1,2,0,2,1,0,1,0,1,0,0,0,1,0,0,1,0,0,1,1
35,2,0,9797,19.4,2,4,3,3,3,3,40,1,0,20,54,6,4,2,4,0,0,0,0.0,1,0,1.0,4898.5,0.541114384,0,6.466666667,3.0,0.0,0,1.5,2.0,1,4,2.571428571,0,2,1,1,1.333333333,0,0,0,2,0,1,0,0,1,0,0,0,1,0,0,1,0,0,0,0
44,13,1,11165,14.7,4,1,3,1,3,5,7,0,1,22,67,4,6,2,3,0,1,0,0.071428571,1,0,3.25,2791.25,0.889933628,0,1.05,3.0,1.632993162,0,0.666666667,0.285714286,1,2,2.913043478,1,-1,0,0,0.214285714,0,1,0,2,0,1,0,0,0,1,0,0,1,0,0,1,0,0,0,0
40,1,1,7218,16.4,1,3,4,2,3,3,36,0,0,4,13,7,11,3,6,0,0,0,0.5,0,0,1.0,7218.0,0.19796269,1,8.2,3.0,0.816496581,0,0.636363636,3.5,0,1,2.6,0,0,0,0,3.0,0,1,0,3,1,0,0,0,1,0,0,0,1,0,0,1,0,0,0,0
26,1,0,9600,17.5,2,4,3,3,5,2,65,0,0,20,53,5,2,3,1,0,0,0,0.0,1,0,0.5,4800.0,0.613898757,0,8.75,3.25,1.258305739,0,2.5,2.5,1,2,2.523809524,0,1,1,1,0.5,0,0,0,2,1,1,0,0,0,0,0,0,1,0,1,0,0,0,0,0
39,1,0,6475,15.1,3,4,4,3,3,1,40,1,0,12,36,4,13,3,5,0,1,0,0.0,1,0,0.333333333,2158.333333,0.380615641,1,7.55,2.75,1.258305739,0,0.307692308,2.0,2,4,2.769230769,0,1,1,1,2.5,0,1,0,1,0,0,1,0,0,0,1,0,0,0,0,1,0,0,0,0
32,0,0,5319,19.4,1,3,4,4,2,2,61,0,1,26,97,2,8,1,7,0,0,0,0.0,0,0,0.0,5319.0,0.117375231,1,19.4,3.0,1.154700538,0,0.25,2.0,1,1,3.592592593,1,2,0,1,7.0,0,2,0,2,0,1,0,0,0,0,0,1,1,0,1,0,0,0,1,1
25,3,2,5068,16.0,3,5,4,4,4,2,42,0,0,46,150,8,14,4,4,0,1,0,0.5,1,0,1.0,1689.333333,0.151830283,1,4.0,3.5,1.0,0,0.571428571,2.0,2,3,3.191489362,1,1,1,1,1.0,0,2,0,1,0,1,0,0,0,0,1,0,1,0,1,0,0,0,0,0
18,0,0,3377,11.5,1,2,4,2,4,4,52,0,0,5,13,4,8,3,5,0,1,0,0.0,0,0,0.0,3377.0,0.007701787,1,11.5,3.5,1.0,0,0.5,4.0,1,1,2.166666667,0,-1,0,0,5.0,0,1,0,2,1,1,0,0,0,0,0,1,1,0,0,0,0,0,0,0
44,2,1,5078,19.7,1,3,2,3,3,4,36,0,1,19,76,6,16,3,3,0,0,0,0.333333333,1,0,2.0,5078.0,0.091497227,1,6.566666667,3.0,0.816496581,0,0.375,2.0,1,1,3.8,1,0,0,0,1.0,0,2,0,2,0,0,1,0,0,0,0,1,1,0,0,1,0,0,1,0
50,4,2,10791,14.2,3,2,1,4,1,4,44,0,1,16,51,1,6,2,6,0,1,1,0.4,1,0,1.333333333,3597.0,0.656480118,0,2.84,2.5,1.732050808,0,0.166666667,0.2,1,1,3.0,0,0,0,0,1.2,0,0,0,2,0,0,1,0,1,0,0,0,1,0,0,0,1,0,1,0
20,2,1,6253,10.8,3,3,3,3,4,4,3,0,1,26,69,4,10,3,1,0,1,0,0.333333333,1,0,0.666666667,2084.333333,0.417763158,1,3.6,3.5,0.577350269,0,0.4,1.333333333,1,1,2.555555556,1,0,0,0,0.333333333,0,2,0,1,0,1,0,1,0,0,0,0,0,1,0,0,0,0,0,0
29,1,0,6663,15.8,2,3,3,4,3,1,43,0,1,6,16,6,4,3,4,0,1,0,0.0,1,0,0.5,3331.5,0.412229617,1,7.9,2.75,1.258305739,0,1.5,3.0,0,1,2.285714286,0,0,0,0,2.0,0,1,0,2,1,1,0,0,0,0,1,0,1,0,1,0,0,0,0,0
39,1,1,6754,16.3,2,3,3,3,4,4,11,0,1,4,10,5,11,2,8,0,0,0,0.5,0,0,0.5,3377.0,0.141629848,1,8.15,3.5,0.577350269,0,0.454545455,2.5,2,2,2.0,0,1,0,1,4.0,1,2,0,1,0,1,0,0,1,0,0,0,1,0,0,1,0,0,1,0
27,9,0,9016,14.7,3,3,3,2,5,4,52,1,0,9,30,3,7,3,5,0,1,0,0.0,1,0,3.0,3005.333333,0.762479201,0,1.47,3.5,1.290994449,0,0.428571429,0.3,1,3,3.0,0,0,0,0,0.5,0,0,0,2,1,0,1,0,0,0,1,0,1,0,1,0,0,0,0,0
25,7,6,9795,16.3,3,3,1,4,3,2,51,0,0,11,31,3,8,4,3,0,1,0,0.75,1,1,2.333333333,3265.0,0.79369469,0,2.0375,2.5,1.290994449,0,0.375,0.375,0,0,2.583333333,0,-1,0,0,0.375,0,1,0,3,0,0,0,0,0,1,0,0,1,0,1,0,0,0,0,0
50,3,0,6898,16.5,1,4,2,2,3,4,40,1,0,25,69,4,6,3,11,0,1,1,0.0,1,0,3.0,6898.0,0.384126106,1,4.125,2.75,0.957427108,0,0.666666667,1.0,0,3,2.653846154,1,1,1,1,2.75,1,3,0,3,0,0,0,0,0,1,0,0,1,0,0,0,1,0,0,1
44,7,1,10571,14.5,4,4,3,4,3,3,46,1,0,14,41,3,10,4,4,0,1,0,0.125,1,0,1.75,2642.75,0.808687616,0,1.8125,3.25,0.5,0,0.3,0.375,1,3,2.733333333,0,0,1,0,0.5,0,0,0,2,1,1,0,0,0,0,0,1,1,0,0,1,0,0,1,0
18,0,0,5098,16.8,1,2,5,1,2,3,46,0,0,8,29,6,7,3,6,0,1,0,0.0,0,0,0.0,5098.0,0.026018655,1,16.8,2.75,1.707825128,0,0.857142857,6.0,1,2,3.222222222,0,-1,0,0,6.0,0,1,0,1,1,0,1,0,1,0,0,0,1,0,0,0,0,0,0,0
38,4,0,6612,17.9,2,2,1,1,4,4,0,0,0,25,80,2,11,3,5,0,0,0,0.0,1,0,2.0,3306.0,0.282655576,1,3.58,2.5,1.732050808,0,0.181818182,0.4,1,1,3.076923077,1,-1,0,0,1.0,0,2,0,3,0,1,0,0,0,0,0,1,1,0,0,1,0,0,0,1
44,7,0,11124,11.8,3,3,3,2,4,4,58,0,1,17,58,3,2,5,5,0,1,0,0.0,1,0,2.333333333,3708.0,0.694894453,0,1.475,3.25,0.957427108,0,1.5,0.375,0,1,3.222222222,0,-2,0,0,0.625,0,0,0,2,1,0,1,0,1,0,0,0,1,0,0,1,0,0,0,0
32,3,1,5771,13.5,1,3,4,1,3,3,17,0,0,10,19,1,8,3,4,0,0,0,0.25,1,0,3.0,5771.0,0.326480263,1,3.375,2.75,1.258305739,0,0.125,0.25,1,1,1.727272727,0,0,0,0,1.0,0,1,0,2,0,0,1,1,0,0,0,0,1,0,1,0,0,0,0,0
38,0,0,5348,17.0,1,3,4,3,3,3,56,1,1,3,7,6,8,5,6,0,0,0,0.0,0,0,0.0,5348.0,0.036573392,1,17.0,3.25,0.5,0,0.75,6.0,0,3,1.75,0,-2,0,0,6.0,0,1,0,3,1,1,0,0,1,0,0,0,1,0,0,1,0,0,0,0
31,5,0,5876,16.3,2,2,1,5,3,1,37,1,0,11,47,3,4,3,7,0,0,0,0.0,1,0,2.5,2938.0,0.181916205,1,2.716666667,2.5,1.914854216,0,0.75,0.5,1,4,3.916666667,0,-1,0,0,1.166666667,0,1,0,1,1,1,0,0,0,0,0,1,0,0,1,0,0,0,0,1
46,21,16,16051,15.3,5,1,4,4,3,4,21,1,0,10,25,6,4,3,6,0,1,0,0.727272727,1,1,4.2,3210.2,0.985212569,0,0.695454545,3.75,0.5,0,1.5,0.272727273,1,4,2.272727273,0,-2,0,0,0.272727273,0,1,0,3,0,1,0,0,0,0,0,1,1,0,0,0,1,0,0,0
47,6,1,7989,18.9,3,2,2,3,3,2,66,0,0,4,11,2,4,3,3,0,1,0,0.142857143,1,0,2.0,2663.0,0.501694393,0,2.7,2.5,0.577350269,0,0.5,0.285714286,1,1,2.2,0,-1,0,0,0.428571429,0,0,0,1,0,0,0,0,0,0,0,1,1,0,0,0,1,0,0,0
25,3,0,7072,10.7,2,3,4,4,4,2,61,0,0,6,16,5,14,4,6,0,0,0,0.0,1,0,1.5,3536.0,0.348890943,1,2.675,3.5,1.0,0,0.357142857,1.25,1,1,2.285714286,0,-1,0,0,1.5,0,1,0,2,1,1,0,0,0,0,0,1,0,0,1,0,0,0,1,0
37,7,4,10883,16.3,3,4,3,5,2,3,62,1,0,16,52,2,12,3,7,1,1,0,0.5,1,0,2.333333333,3627.666667,0.754884547,0,2.0375,3.25,1.258305739,0,0.166666667,0.25,1,3,3.058823529,0,1,1,1,0.875,0,0,0,1,1,1,0,0,0,0,0,0,0,0,0,1,0,0,0,0
49,8,0,7861,16.7,3,3,1,4,4,2,52,1,1,11,26,1,7,3,2,0,1,0,0.0,1,0,2.666666667,2620.333333,0.669819079,0,1.855555556,2.75,1.5,0,0.142857143,0.111111111,1,3,2.166666667,0,0,0,0,0.222222222,0,0,0,2,0,1,0,1,0,0,0,0,0,0,0,0,1,0,1,0
37,3,2,8307,16.5,2,2,4,5,4,5,0,1,0,27,84,4,11,4,3,0,0,0,0.5,1,0,1.5,4153.5,0.340083456,1,4.125,4.5,0.577350269,0,0.363636364,1.0,1,3,3.0,1,-2,0,0,0.75,0,2,0,2,1,1,0,0,1,0,0,0,0,1,0,1,0,0,0,0
53,4,3,5198,14.4,2,3,4,4,3,3,33,1,1,18,58,6,7,4,6,0,0,1,0.6,1,0,2.0,2599.0,0.174500832,1,2.88,3.5,0.577350269,0,0.857142857,1.2,1,4,3.052631579,0,-1,0,0,1.2,0,1,0,2,0,0,1,0,0,0,1,0,1,0,0,0,1,0,0,0
43,0,0,5459,15.9,1,4,2,3,2,3,36,0,1,7,16,4,13,2,4,0,1,0,0.0,0,0,0.0,5459.0,0.040991654,1,15.9,2.5,0.577350269,0,0.307692308,4.0,1,1,2.0,0,2,1,1,4.0,0,1,0,2,1,1,0,0,1,0,0,0,1,0,0,1,0,0,1,1
18,0,0,8333,17.9,3,2,5,3,2,5,46,0,0,21,82,3,2,2,3,0,1,0,0.0,0,0,0.0,2777.666667,0.684484193,0,17.9,3.75,1.5,0,1.5,3.0,2,3,3.727272727,1,0,0,0,3.0,0,1,0,2,0,1,0,0,0,0,1,0,1,0,0,0,0,0,1,0
33,6,0,10198,10.5,3,4,5,4,1,3,25,1,1,18,67,6,9,4,8,1,1,0,0.0,1,0,2.0,3399.333333,0.773721503,0,1.5,3.25,1.707825128,0,0.666666667,0.857142857,0,3,3.526315789,1,0,1,0,1.142857143,1,2,0,2,1,1,0,0,0,0,0,1,1,0,1,0,0,0,0,0
21,0,0,7767,15.5,2,4,2,4,3,2,38,0,1,4,13,4,4,4,7,0,0,0,0.0,0,0,0.0,3883.5,0.357460036,1,15.5,2.75,0.957427108,0,1.0,4.0,1,2,2.6,0,0,1,0,7.0,0,1,0,3,0,0,1,0,0,0,0,0,1,0,0,0,0,0,0,0
29,1,0,7875,11.8,1,4,1,2,2,3,33,0,0,18,62,1,6,2,9,0,0,0,0.0,1,0,1.0,7875.0,0.371669627,1,5.9,2.0,0.816496581,1,0.166666667,0.5,1,1,3.263157895,1,2,1,1,4.5,1,4,0,3,0,0,1,0,0,0,0,0,1,0,1,0,0,0,1,1
38,5,5,6802,10.7,2,4,3,3,3,2,71,1,0,26,57,3,4,3,5,1,0,0,0.833333333,0,0,2.5,3401.0,0.306839187,1,1.783333333,2.75,0.5,0,0.75,0.5,1,4,2.111111111,0,1,1,1,0.833333333,0,1,0,2,1,0,0,0,0,0,0,1,0,1,0,1,0,0,0,0
41,15,14,14943,17.1,5,4,4,2,4,3,37,1,0,14,45,4,6,1,11,0,1,0,0.875,1,1,3.0,2988.6,0.971657425,0,1.06875,3.25,0.957427108,0,0.666666667,0.25,0,3,3.0,0,3,1,1,0.6875,1,2,0,3,1,1,0,0,0,0,0,1,1,0,0,1,0,0,1,0
50,4,4,6054,11.8,2,3,2,3,2,3,16,0,0,28,116,5,5,3,6,0,0,1,0.8,0,1,2.0,3027.0,0.31593178,1,2.36,2.5,0.577350269,0,1.0,1.0,1,2,4.0,1,0,0,0,1.2,0,3,0,2,0,0,1,0,0,0,1,0,1,0,0,0,1,0,1,1
39,4,4,9550,15.9,3,4,3,3,5,4,48,1,0,8,27,1,6,4,7,0,1,0,0.8,0,1,1.333333333,3183.333333,0.766039823,0,3.18,3.75,0.957427108,0,0.166666667,0.2,0,2,3.0,0,0,1,0,1.4,0,1,0,2,1,1,0,0,0,1,0,0,1,0,0,1,0,0,0,0
38,7,4,16551,15.0,4,3,3,4,3,2,44,1,1,34,68,3,12,3,6,0,1,0,0.5,1,1,1.75,4137.75,0.959253805,0,1.875,3.0,0.816496581,0,0.25,0.375,1,3,1.942857143,1,0,0,0,0.75,0,2,0,3,1,1,0,0,1,0,0,0,1,0,0,1,0,0,0,0
38,6,3,9464,12.9,2,3,3,3,2,3,35,0,1,2,7,2,2,4,6,0,0,0,0.428571429,1,0,3.0,4732.0,0.597246892,0,1.842857143,2.75,0.5,0,1.0,0.285714286,1,2,2.333333333,0,-1,0,0,0.857142857,0,0,0,2,1,1,0,0,0,0,0,0,1,0,0,1,0,0,0,0
25,1,1,6773,16.7,2,2,1,5,3,3,23,0,1,18,40,3,10,3,1,0,0,0,0.5,0,0,0.5,3386.5,0.506578947,0,8.35,3.0,1.632993162,0,0.3,1.5,1,1,2.105263158,0,-1,0,0,0.5,0,0,0,2,0,0,1,1,0,0,0,0,1,0,1,0,0,0,0,0
29,7,6,10706,14.8,3,5,3,4,4,5,57,1,1,2,6,3,10,4,5,0,1,0,0.75,1,1,2.333333333,3568.666667,0.647398135,0,1.85,4.0,0.816496581,0,0.3,0.375,1,3,2.0,0,1,1,1,0.625,0,1,0,1,0,1,0,0,1,0,0,0,1,0,1,0,0,0,0,0
32,8,2,12098,16.4,3,4,3,4,3,3,19,0,1,14,52,1,11,2,6,1,1,0,0.222222222,1,0,2.666666667,4032.666667,0.837477798,0,1.822222222,3.25,0.5,0,0.090909091,0.111111111,2,2,3.466666667,0,2,1,1,0.666666667,0,0,0,3,0,0,1,0,0,0,0,0,0,1,1,0,0,0,0,0
18,0,0,8370,16.0,2,2,2,5,3,3,24,0,0,10,27,5,11,4,2,0,0,0,0.0,0,0,0.0,4185.0,0.444715808,1,16.0,3.25,1.258305739,0,0.454545455,5.0,0,0,2.454545455,0,-2,0,0,2.0,0,1,0,3,0,1,0,0,0,0,0,0,0,0,0,0,0,0,0,0
42,9,1,11060,13.7,3,3,2,2,3,4,11,0,1,7,30,1,4,4,6,0,1,0,0.1,1,0,3.0,3686.666667,0.686057928,0,1.37,2.75,0.957427108,0,0.25,0.1,1,1,3.75,0,-1,0,0,0.6,0,0,0,2,1,1,0,0,1,0,0,0,1,0,0,1,0,0,1,0
18,0,0,8696,17.5,2,4,3,5,2,5,36,0,1,8,33,3,11,3,1,0,1,0,0.0,0,0,0.0,4348.0,0.394943544,1,17.5,3.75,1.5,0,0.272727273,3.0,1,1,3.666666667,0,1,1,1,1.0,0,1,0,2,1,1,0,0,1,0,0,0,1,0,0,0,0,0,0,0
40,4,3,7284,10.5,3,3,4,2,2,2,15,0,1,13,35,6,8,4,3,0,1,0,0.6,1,0,1.333333333,2428.0,0.456028761,1,2.1,2.5,1.0,0,0.75,1.2,1,2,2.5,0,-1,0,0,0.6,0,1,0,1,0,1,0,0,0,1,0,0,1,0,0,1,0,0,0,0
23,1,0,5521,16.8,1,5,4,2,3,4,22,1,1,15,54,4,8,4,9,0,0,0,0.0,1,0,1.0,5521.0,0.226289517,1,8.4,3.25,0.957427108,0,0.5,2.0,0,2,3.375,0,1,1,1,4.5,1,2,0,2,1,1,0,0,0,0,1,0,1,0,0,0,0,0,0,0
24,6,1,6899,16.0,2,5,2,3,5,3,30,0,1,32,111,6,12,2,6,1,0,0,0.142857143,1,0,3.0,3449.5,0.456738769,1,2.285714286,3.25,1.258305739,0,0.5,0.857142857,0,0,3.363636364,1,3,1,1,0.857142857,0,2,0,1,1,0,1,0,0,0,1,0,0,0,0,0,0,0,0,0
42,2,2,6601,18.1,1,3,2,2,2,4,62,0,1,7,27,8,4,3,6,0,1,0,0.666666667,0,0,2.0,6601.0,0.281269254,1,6.033333333,2.5,1.0,0,2.0,2.666666667,1,2,3.375,0,0,0,0,2.0,0,1,0,3,1,1,0,0,0,0,0,1,1,0,0,1,0,0,0,0
32,2,0,5202,11.9,1,2,4,4,4,4,49,0,1,12,36,2,12,2,7,0,0,0,0.0,1,0,2.0,5202.0,0.057726465,1,3.966666667,4.0,0.0,0,0.166666667,0.666666667,1,1,2.769230769,0,0,0,0,2.333333333,0,1,0,1,0,1,0,0,0,0,0,0,0,0,1,0,0,0,0,0
45,2,2,7314,11.8,2,3,5,3,3,3,42,0,1,7,27,6,2,5,6,0,0,0,0.666666667,0,0,1.0,3657.0,0.459623894,1,3.933333333,3.5,1.0,0,3.0,2.0,1,2,3.375,0,-2,0,0,2.0,0,1,0,2,0,0,1,0,0,1,0,0,0,1,0,0,1,0,0,0
27,2,1,7583,20.1,2,3,4,4,3,4,24,0,1,6,23,8,8,3,6,0,0,0,0.333333333,1,0,1.0,3791.5,0.329040853,1,6.7,3.75,0.5,0,1.0,2.666666667,1,2,3.285714286,0,0,0,0,2.0,0,1,0,2,1,1,0,0,0,0,0,0,0,0,1,0,0,0,0,0
44,2,0,5731,8.7,1,3,5,3,3,3,42,0,0,7,13,7,16,5,5,0,0,0,0.0,1,0,2.0,5731.0,0.057682867,1,2.9,3.5,1.0,0,0.4375,2.333333333,1,1,1.625,0,-2,0,0,1.666666667,0,1,0,2,0,0,0,0,1,0,0,0,1,0,0,1,0,0,0,0
35,3,0,6432,19.0,1,4,3,4,3,4,54,0,1,4,14,7,10,3,5,0,0,0,0.0,1,0,3.0,6432.0,0.108615611,1,4.75,3.5,0.577350269,0,0.7,1.75,2,3,2.8,0,1,1,1,1.25,0,1,0,2,0,0,1,0,1,0,0,0,1,0,0,1,0,0,0,0
43,1,1,6962,16.8,2,4,2,4,4,3,47,0,0,8,26,3,3,4,10,0,0,0,0.5,0,0,0.5,3481.0,0.46797005,1,8.4,3.25,0.957427108,0,1.0,1.5,1,2,2.888888889,0,0,1,0,5.0,1,2,0,2,1,1,0,0,0,0,1,0,1,0,0,1,0,0,1,0
23,2,1,12061,14.4,2,2,5,2,1,5,37,1,1,16,60,5,9,5,9,0,0,0,0.333333333,1,0,1.0,6030.5,0.777368679,0,4.8,3.25,2.061552813,0,0.555555556,1.666666667,1,4,3.529411765,0,-3,0,0,3.0,1,1,0,4,1,1,0,0,1,0,0,0,1,0,0,0,0,0,0,1
41,1,0,6070,12.2,1,4,3,3,3,1,46,0,1,14,42,1,8,4,3,0,0,0,0.0,1,0,1.0,6070.0,0.206561922,1,6.1,2.5,1.0,0,0.125,0.5,1,1,2.8,0,0,1,0,1.5,0,1,0,2,0,0,1,0,0,0,0,1,0,0,0,1,0,0,0,0
38,1,1,4003,11.4,1,3,1,3,3,1,0,1,0,6,24,3,9,3,13,0,0,0,0.5,0,0,1.0,4003.0,0.022797289,1,5.7,2.0,1.154700538,1,0.333333333,1.5,1,3,3.428571429,0,0,0,0,6.5,1,3,1,2,0,1,0,0,0,0,0,1,1,0,0,1,0,0,0,1
29,8,6,10988,17.5,3,3,4,2,3,3,26,0,1,6,22,2,4,1,6,0,1,0,0.666666667,1,1,2.666666667,3662.666667,0.905574043,0,1.944444444,3.0,0.816496581,0,0.5,0.222222222,0,0,3.142857143,0,2,0,1,0.666666667,0,1,0,4,1,1,0,0,0,0,1,0,1,0,1,0,0,0,1,0
37,1,0,8050,18.0,1,4,2,2,4,3,52,1,0,7,23,2,6,2,4,0,0,0,0.0,1,0,1.0,8050.0,0.39964476,1,9.0,2.75,0.957427108,0,0.333333333,1.0,1,3,2.875,0,2,1,1,2.0,0,1,0,3,1,0,1,0,0,0,0,0,0,0,0,1,0,0,1,1
29,1,0,7557,19.4,2,4,4,4,3,4,39,1,0,21,49,4,13,2,6,0,1,0,0.0,1,0,0.5,3778.5,0.325488455,1,9.7,3.75,0.5,0,0.307692308,2.0,0,2,2.227272727,0,2,1,1,3.0,0,1,0,2,1,0,0,0,0,0,0,0,0,0,1,0,0,0,0,0
29,1,0,6925,14.8,2,3,2,3,2,3,41,0,1,14,44,3,7,5,4,0,0,0,0.0,1,0,0.5,3462.5,0.1634757,1,7.4,2.5,0.577350269,0,0.428571429,1.5,1,1,2.933333333,0,-2,0,0,2.0,0,1,0,1,0,0,1,0,1,0,0,0,0,0,1,0,0,0,1,0
28,0,0,4439,14.8,1,5,2,4,3,2,17,0,0,8,32,5,2,4,4,0,0,0,0.0,0,0,0.0,4439.0,0.081322795,1,14.8,2.75,0.957427108,0,2.5,5.0,0,1,3.555555556,0,1,1,1,4.0,0,1,0,2,1,0,0,0,0,0,1,0,0,1,1,0,0,0,0,0
31,2,1,6546,18.5,2,5,1,3,3,3,41,1,0,4,7,1,13,2,5,0,0,0,0.333333333,1,0,1.0,3273.0,0.191385435,1,6.166666667,2.5,1.0,0,0.076923077,0.333333333,2,4,1.4,0,3,1,1,1.666666667,0,1,0,1,0,1,0,0,0,0,0,0,1,0,1,0,0,0,0,1
28,6,5,10014,13.4,3,3,3,3,4,4,72,0,0,26,92,4,10,1,8,0,1,0,0.714285714,1,1,2.0,3338.0,0.669182948,0,1.914285714,3.5,0.577350269,0,0.4,0.571428571,0,0,3.407407407,1,2,0,1,1.142857143,1,3,0,2,1,1,0,0,0,0,0,0,1,0,1,0,0,0,0,0
30,2,1,5181,20.9,1,4,5,3,3,3,49,1,0,31,95,4,5,3,8,0,0,0,0.333333333,1,0,2.0,5181.0,0.132743363,1,6.966666667,3.5,1.0,0,0.8,1.333333333,1,4,2.96875,1,1,1,1,2.666666667,1,3,0,1,0,0,1,0,0,1,0,0,1,0,1,0,0,0,0,0
25,3,2,7510,7.9,2,3,4,5,2,3,28,1,1,24,97,3,6,3,7,0,0,0,0.5,1,0,1.5,3755.0,0.235763378,1,1.975,3.5,1.290994449,0,0.5,0.75,1,3,3.88,1,0,0,0,1.75,0,2,0,1,1,0,1,0,1,0,0,0,1,0,1,0,0,0,0,1
43,0,0,5256,13.4,1,3,2,1,3,2,50,0,1,4,13,3,9,1,6,0,0,0,0.0,0,0,0.0,5256.0,0.061722913,1,13.4,2.0,0.816496581,1,0.333333333,3.0,1,1,2.6,0,2,0,1,6.0,0,2,0,2,1,1,0,0,0,0,0,0,0,1,0,1,0,0,1,1
28,2,2,8849,15.6,2,4,5,3,2,4,12,1,1,14,38,4,14,2,7,0,0,0,0.666666667,0,0,1.0,4424.5,0.621226124,0,5.2,3.5,1.290994449,0,0.285714286,1.333333333,1,3,2.533333333,0,2,1,1,2.333333333,0,0,0,3,1,0,1,0,0,0,0,1,0,0,1,0,0,0,0,0
29,3,3,5148,18.5,1,4,5,4,3,3,22,0,0,18,57,3,9,3,7,0,0,0,0.75,0,0,3.0,5148.0,0.100893407,1,4.625,3.75,0.957427108,0,0.333333333,0.75,1,1,3.0,0,1,1,1,1.75,0,1,0,2,0,0,1,0,0,0,0,1,1,0,1,0,0,0,0,0
51,3,0,7246,14.4,3,4,1,4,4,5,76,0,0,5,18,2,3,3,7,0,1,1,0.0,1,0,1.0,2415.333333,0.450497788,1,3.6,3.5,1.732050808,0,0.666666667,0.5,1,2,3.0,0,1,1,1,1.75,0,1,0,2,0,0,1,0,0,1,0,0,1,0,0,0,1,0,0,0
30,2,2,7375,13.1,2,2,3,4,3,4,67,1,1,34,123,3,14,5,5,0,1,0,0.666666667,0,0,1.0,3687.5,0.217476681,1,4.366666667,3.5,0.577350269,0,0.214285714,1.0,1,3,3.514285714,1,-3,0,0,1.666666667,0,2,0,2,1,1,0,0,1,0,0,0,1,0,1,0,0,0,1,0
30,12,2,12616,4.0,5,2,3,1,3,5,2,0,0,9,27,6,11,4,3,0,1,0,0.153846154,1,0,2.4,2523.2,0.815537555,0,0.307692308,3.0,1.632993162,0,0.545454545,0.461538462,1,2,2.7,0,-2,0,0,0.230769231,0,0,0,1,1,0,1,0,1,0,0,0,1,0,1,0,0,0,0,0
31,13,0,13727,13.1,5,3,5,3,3,3,0,1,1,27,79,2,7,4,8,0,1,0,0.0,1,0,2.6,2745.4,0.973451327,0,0.935714286,3.5,1.0,0,0.285714286,0.142857143,1,3,2.821428571,1,-1,0,0,0.571428571,1,2,0,2,1,1,0,0,0,1,0,0,0,1,1,0,0,0,0,0
40,2,1,8812,15.8,2,3,2,4,2,3,14,1,0,30,112,2,9,4,6,0,1,0,0.333333333,1,0,1.0,4406.0,0.616296981,0,5.266666667,2.75,0.957427108,0,0.222222222,0.666666667,2,4,3.612903226,1,-1,0,0,2.0,0,1,0,3,1,0,0,0,0,0,0,1,1,0,0,1,0,0,1,1
33,4,2,5863,17.7,1,4,3,4,4,2,11,0,0,14,51,2,9,4,5,0,1,0,0.4,1,0,4.0,5863.0,0.339638158,1,3.54,3.25,0.957427108,0,0.222222222,0.4,1,1,3.4,0,0,1,0,1.0,0,1,0,4,1,0,0,1,0,0,0,0,1,0,1,0,0,0,0,0
39,2,0,8740,15.3,2,3,4,4,4,3,32,0,0,9,33,1,10,4,4,0,0,0,0.0,1,0,1.0,4370.0,0.731281198,0,5.1,3.75,0.5,0,0.1,0.333333333,1,1,3.3,0,-1,0,0,1.333333333,0,0,0,4,0,1,0,0,0,0,1,0,1,0,0,1,0,0,0,0
30,2,0,7352,8.2,1,3,2,4,3,3,25,1,1,9,32,5,5,3,2,0,0,0,0.0,1,0,2.0,7352.0,0.214285714,1,2.733333333,3.0,0.816496581,0,1.0,1.666666667,0,3,3.2,0,0,0,0,0.666666667,0,1,0,1,1,0,1,0,1,0,0,0,1,0,1,0,0,0,1,1
29,3,3,5648,8.0,2,3,3,4,2,4,37,0,1,17,48,1,8,3,7,0,0,0,0.75,0,0,1.5,2824.0,0.155268022,1,2.0,3.25,0.957427108,0,0.125,0.25,1,1,2.666666667,0,0,0,0,1.75,0,1,0,1,1,1,0,0,0,0,0,1,1,0,1,0,0,0,0,0
46,4,1,9276,12.6,3,5,3,3,3,4,19,0,0,8,22,3,9,4,4,0,1,0,0.2,1,0,1.333333333,3092.0,0.674060382,0,2.52,3.25,0.5,0,0.333333333,0.6,0,0,2.444444444,0,1,1,1,0.8,0,0,0,1,1,0,1,0,0,0,0,1,1,0,0,0,1,0,0,0
42,7,1,6871,12.6,2,4,3,3,2,3,53,0,0,26,86,3,9,3,6,0,0,0,0.125,1,0,3.5,3435.5,0.525493421,0,1.575,2.75,0.5,0,0.333333333,0.375,0,0,3.185185185,1,1,1,1,0.75,0,1,0,1,1,0,1,1,0,0,0,0,0,0,0,1,0,0,1,0
38,6,0,10318,16.1,3,4,3,3,4,4,39,0,1,4,15,2,10,3,5,1,1,0,0.0,1,0,2.0,3439.333333,0.601620029,0,2.3,3.5,0.577350269,0,0.2,0.285714286,1,1,3.0,0,1,1,1,0.714285714,0,0,0,1,1,1,0,0,1,0,0,0,1,0,0,1,0,0,0,0
18,0,0,9033,15.2,2,4,4,2,1,2,73,0,0,3,6,3,5,4,9,0,0,0,0.0,0,0,0.0,4516.5,0.444035346,1,15.2,2.25,1.258305739,1,0.6,3.0,1,2,1.5,0,0,1,0,9.0,1,3,0,3,1,1,0,0,1,0,0,0,1,0,0,0,0,0,1,0
46,4,3,3824,15.8,2,3,5,2,4,3,44,0,0,36,103,2,7,4,7,0,0,0,0.6,1,0,2.0,1912.0,0.064967105,1,3.16,3.5,1.290994449,0,0.285714286,0.4,0,0,2.783783784,1,-1,0,0,1.4,0,2,0,1,0,1,0,1,0,0,0,0,0,0,0,0,1,0,0,0
31,6,3,8898,15.2,1,3,3,1,2,2,6,0,0,10,37,2,9,4,7,0,0,0,0.428571429,1,0,6.0,8898.0,0.421330388,1,2.171428571,2.0,0.816496581,1,0.222222222,0.285714286,1,1,3.363636364,0,-1,0,0,1.0,0,2,0,3,1,1,0,0,1,0,0,0,1,0,1,0,0,0,1,0
40,1,0,9107,19.0,3,3,3,4,2,3,46,0,1,11,32,3,2,5,4,0,1,0,0.0,1,0,0.333333333,3035.666667,0.453485518,1,9.5,3.0,0.816496581,0,1.5,1.5,1,2,2.666666667,0,-2,0,0,2.0,0,1,0,2,0,1,0,0,1,0,0,0,0,1,0,1,0,0,1,0
42,1,0,12073,15.7,2,4,3,2,5,3,22,0,1,10,33,3,2,3,4,0,0,0,0.0,1,0,0.5,6036.5,0.778350515,0,7.85,3.25,1.258305739,0,1.5,1.5,0,1,3.0,0,1,1,1,2.0,0,0,0,3,0,1,0,0,1,0,0,0,1,0,0,1,0,0,0,0
41,1,0,6535,16.3,2,3,4,2,3,3,47,0,0,8,23,3,11,4,4,0,0,0,0.0,1,0,0.5,3267.5,0.463815789,1,8.15,3.0,0.816496581,0,0.272727273,1.5,1,1,2.555555556,0,-1,0,0,2.0,0,1,0,3,1,0,0,1,0,0,0,0,1,0,0,1,0,0,1,0
42,8,2,13103,15.0,3,4,3,2,5,4,30,0,0,12,30,5,5,2,4,0,1,0,0.222222222,1,0,2.666666667,4367.666667,0.933302526,0,1.666666667,3.5,1.290994449,0,1.0,0.555555556,1,2,2.307692308,0,2,1,1,0.444444444,0,0,0,3,0,0,1,0,0,0,0,1,1,0,0,1,0,0,0,0
39,6,0,10694,14.0,4,3,2,3,5,3,64,0,1,5,15,4,4,3,3,0,1,0,0.0,1,0,1.5,2673.5,0.819778189,0,2.0,3.25,1.258305739,0,1.0,0.571428571,1,2,2.5,0,0,0,0,0.428571429,0,0,0,2,1,0,0,0,0,0,0,1,1,0,0,1,0,0,0,0
46,9,7,10356,10.2,3,3,3,2,3,2,31,0,1,7,21,6,2,2,8,0,1,0,0.7,1,1,3.0,3452.0,0.78866297,0,1.02,2.5,0.577350269,0,3.0,0.6,0,1,2.625,0,1,0,1,0.8,1,2,0,2,1,1,0,0,0,0,0,1,0,0,0,0,1,0,0,0
41,16,5,16313,13.8,4,3,2,1,3,3,46,0,1,12,43,5,6,4,1,0,1,0,0.294117647,1,1,4.0,4078.25,0.955817378,0,0.811764706,2.25,0.957427108,1,0.833333333,0.294117647,2,3,3.307692308,0,-1,0,0,0.058823529,0,2,0,3,1,0,1,0,1,0,0,0,1,0,0,1,0,0,1,0
35,3,1,8455,12.1,2,3,4,4,5,2,44,1,1,18,46,1,8,3,3,0,0,0,0.25,1,0,1.5,4227.5,0.63965708,0,3.025,3.75,1.258305739,0,0.125,0.25,1,3,2.421052632,0,0,0,0,0.75,0,0,0,3,1,1,0,0,0,1,0,0,1,0,0,1,0,0,0,0
51,6,5,5291,13.6,3,3,1,3,2,3,39,0,0,7,17,5,7,4,4,0,1,1,0.714285714,1,1,2.0,1763.666667,0.235197368,1,1.942857143,2.25,0.957427108,1,0.714285714,0.714285714,0,1,2.125,0,-1,0,0,0.571428571,0,3,0,1,0,0,1,1,0,0,0,0,1,0,0,0,1,0,0,0
40,3,2,6734,18.9,2,5,5,4,4,3,56,1,0,21,72,4,2,2,5,0,1,0,0.5,1,0,1.5,3367.0,0.210923623,1,4.725,4.0,0.816496581,0,2.0,1.0,2,5,3.272727273,1,3,1,1,1.25,0,2,0,1,1,0,0,0,0,0,0,0,0,1,0,1,0,0,0,0
34,14,10,10625,12.2,3,3,3,5,3,5,31,0,0,14,54,5,12,2,5,0,1,0,0.666666667,1,1,4.666666667,3541.666667,0.884775374,0,0.813333333,4.0,1.154700538,0,0.416666667,0.333333333,1,1,3.6,0,1,0,1,0.333333333,0,1,0,2,1,1,0,0,0,0,1,0,1,0,1,0,0,0,1,0
31,6,6,10321,14.0,4,4,4,3,4,3,46,0,1,15,56,3,5,3,7,1,1,0,0.857142857,0,0,1.5,2580.25,0.78650647,0,2.0,3.5,0.577350269,0,0.6,0.428571429,2,3,3.5,0,1,1,1,1.0,0,0,0,1,0,1,0,0,0,0,0,1,1,0,1,0,0,0,0,0
28,10,4,6577,17.1,3,4,4,4,3,2,44,0,0,4,16,1,2,5,9,1,1,0,0.363636364,1,0,3.333333333,2192.333333,0.321902655,1,1.554545455,3.25,0.957427108,0,0.5,0.090909091,1,1,3.2,0,-1,1,0,0.818181818,1,2,0,1,1,0,0,0,0,1,0,0,1,0,1,0,0,0,0,0
31,4,0,8702,17.8,2,3,3,3,4,4,39,0,1,8,29,4,5,3,7,0,0,0,0.0,1,0,2.0,4351.0,0.396293569,1,3.56,3.5,0.577350269,0,0.8,0.8,1,2,3.222222222,0,0,0,0,1.4,0,1,0,2,0,1,0,0,1,0,0,0,1,0,1,0,0,0,0,0
45,7,3,9598,15.1,3,4,4,3,4,3,1,0,1,2,7,4,16,4,4,1,1,0,0.375,1,0,2.333333333,3199.333333,0.811980033,0,1.8875,3.5,0.577350269,0,0.25,0.5,1,1,2.333333333,0,0,1,0,0.5,0,0,0,3,0,0,1,0,0,0,1,0,1,0,0,0,1,0,0,0
26,1,1,6895,15.7,2,4,5,3,2,3,34,0,0,50,150,5,19,1,4,0,0,0,0.5,0,0,0.5,3447.5,0.455698835,1,7.85,3.25,1.258305739,0,0.263157895,2.5,1,1,2.941176471,1,3,1,1,2.0,0,2,0,3,1,1,0,0,0,0,1,0,1,0,1,0,0,0,1,1
18,0,0,8804,12.1,2,3,3,5,3,3,27,0,0,9,26,1,4,3,4,0,1,0,0.0,0,0,0.0,4402.0,0.411143839,1,12.1,3.5,1.0,0,0.25,1.0,1,1,2.6,0,0,0,0,4.0,0,1,0,2,1,0,1,0,1,0,0,0,0,0,0,0,0,0,0,0
33,0,0,9357,13.5,2,4,4,2,1,4,23,0,1,6,18,8,13,4,6,0,0,0,0.0,0,0,0.0,4678.5,0.5830373,0,13.5,2.75,1.5,0,0.615384615,8.0,1,2,2.571428571,0,0,1,0,6.0,0,0,0,2,1,1,0,0,0,0,0,0,1,0,1,0,0,0,1,0
47,7,0,14485,13.5,4,3,1,1,3,4,30,1,1,27,66,6,12,3,11,0,1,0,0.0,1,0,1.75,3621.25,0.907707413,0,1.6875,2.25,1.5,1,0.5,0.75,1,3,2.357142857,1,0,0,0,1.375,1,3,1,3,0,1,0,0,1,0,0,0,1,0,0,0,1,0,1,1
33,8,2,10565,18.2,3,4,4,2,3,3,61,1,0,44,126,6,2,4,9,0,1,0,0.222222222,1,0,2.666666667,3521.666667,0.632793324,0,2.022222222,3.0,0.816496581,0,3.0,0.666666667,0,3,2.8,1,0,1,0,1.0,1,2,0,1,1,1,0,0,1,0,0,0,1,0,1,0,0,0,1,0
47,23,10,11752,15.1,5,2,3,3,3,3,23,0,0,1,5,9,5,3,4,0,1,0,0.416666667,1,1,4.6,2350.4,0.938019967,0,0.629166667,3.0,0.0,0,1.8,0.375,0,1,2.5,0,-1,0,0,0.166666667,0,1,0,1,0,0,1,0,0,0,1,0,1,0,0,0,1,0,0,0
34,7,3,9526,15.4,3,4,3,3,5,3,50,0,0,9,23,1,8,2,2,1,1,0,0.375,1,0,2.333333333,3175.333333,0.606127886,0,1.925,3.5,1.0,0,0.125,0.125,1,1,2.3,0,2,1,1,0.25,0,0,0,1,1,1,0,0,0,0,0,0,1,0,1,0,0,0,0,0
35,0,0,8087,12.5,3,3,1,2,2,3,52,0,1,8,15,2,15,3,5,0,1,0,0.0,0,0,0.0,2695.666667,0.511090573,0,12.5,2.0,0.816496581,1,0.133333333,2.0,1,1,1.666666667,0,0,0,0,5.0,0,1,0,2,0,1,0,0,0,0,0,1,1,0,0,1,0,0,1,1
30,7,7,9517,18.8,2,4,5,4,2,4,70,1,0,24,70,3,7,5,8,1,0,0,0.875,0,0,3.5,4758.5,0.604795737,0,2.35,3.75,1.258305739,0,0.428571429,0.375,0,2,2.8,1,-1,1,0,1.0,1,2,0,3,1,1,0,0,0,0,0,0,1,0,1,0,0,0,0,0
28,0,0,6255,15.2,2,3,3,2,3,4,0,1,0,24,72,1,4,3,11,0,0,0,0.0,0,0,0.0,3127.5,0.274889381,1,15.2,3.0,0.816496581,0,0.25,1.0,1,3,2.88,1,0,0,0,11.0,1,3,0,1,0,1,0,0,0,1,0,0,1,0,1,0,0,0,0,1
36,6,2,7491,12.8,2,3,5,3,4,5,34,0,1,7,27,7,10,3,5,0,0,0,0.285714286,1,0,3.0,3745.5,0.232817869,1,1.828571429,4.25,0.957427108,0,0.7,1.0,0,1,3.375,0,0,0,0,0.714285714,0,1,0,2,1,1,0,0,1,0,0,0,0,0,0,1,0,0,0,0
36,1,1,5499,18.5,1,2,3,3,3,5,54,1,0,11,30,5,9,4,4,0,0,0,0.5,0,0,1.0,5499.0,0.044428081,1,9.25,3.5,1.0,0,0.555555556,2.5,0,3,2.5,0,-2,0,0,2.0,0,1,0,1,0,0,1,0,1,0,0,0,0,0,0,1,0,0,0,0
27,9,9,11509,15.5,3,3,4,3,4,1,18,0,1,15,46,3,11,5,6,0,1,0,0.9,0,1,3.0,3836.333333,0.803730018,0,1.55,3.0,1.414213562,0,0.272727273,0.3,1,1,2.875,0,-2,0,0,0.6,0,1,0,2,0,0,1,0,0,0,0,0,1,0,1,0,0,0,0,0
33,2,0,5363,11.1,1,3,3,4,2,3,22,0,1,10,21,2,10,3,4,0,0,0,0.0,1,0,2.0,5363.0,0.069715808,1,3.7,3.0,0.816496581,0,0.2,0.666666667,1,1,1.909090909,0,0,0,0,1.333333333,0,1,0,2,0,1,0,0,0,0,0,0,1,0,1,0,0,0,0,0
40,2,1,7115,8.8,2,2,3,2,3,4,37,1,1,10,41,5,8,4,11,0,0,0,0.333333333,1,0,1.0,3557.5,0.35767098,1,2.933333333,3.0,0.816496581,0,0.625,1.666666667,0,3,3.727272727,0,-2,0,0,3.666666667,1,2,0,2,1,1,0,0,0,0,0,1,1,0,0,1,0,0,1,1
30,1,1,5320,16.9,1,3,3,2,3,3,36,0,0,13,45,3,9,3,3,0,1,0,0.5,0,0,1.0,5320.0,0.06660746,1,8.45,2.75,0.5,0,0.333333333,1.5,1,1,3.214285714,0,0,0,0,1.5,0,1,0,2,0,0,1,0,0,0,0,0,0,0,1,0,0,0,1,0
34,3,2,11159,13.0,4,4,5,2,4,3,35,0,0,31,81,6,7,4,4,0,1,0,0.5,1,0,0.75,2789.75,0.778419183,0,3.25,3.5,1.290994449,0,0.857142857,1.5,0,1,2.53125,1,0,1,0,1.0,0,1,0,2,1,1,0,0,0,0,0,0,1,0,1,0,0,0,0,0
30,3,1,9551,17.8,2,3,4,1,4,3,32,0,1,13,40,1,14,5,3,0,0,0,0.25,1,0,1.5,4775.5,0.507118311,0,4.45,3.0,1.414213562,0,0.071428571,0.25,0,0,2.857142857,0,-2,0,0,0.75,0,0,0,2,0,1,0,0,1,0,0,0,1,0,1,0,0,0,0,0
28,3,0,7166,6.3,2,2,5,5,2,4,0,1,1,9,38,2,2,3,6,0,0,0,0.0,1,0,1.5,3583.0,0.435011062,1,1.575,4.0,1.414213562,0,1.0,0.5,2,5,3.8,0,-1,0,0,1.5,0,1,0,3,1,1,0,0,0,1,0,0,1,0,1,0,0,0,1,0
40,0,0,6827,16.0,1,4,2,3,3,2,17,1,0,4,12,3,9,3,8,0,1,0,0.0,0,0,0.0,6827.0,0.150711831,1,16.0,2.5,0.577350269,0,0.333333333,3.0,1,3,2.4,0,1,1,1,8.0,1,2,0,2,0,1,0,0,1,0,0,0,1,0,0,1,0,0,1,1
30,8,8,12037,15.2,3,3,3,1,2,5,28,0,0,15,42,8,5,2,5,0,1,0,0.888888889,0,1,2.666666667,4012.333333,0.776141384,0,1.688888889,2.75,1.707825128,0,1.6,0.888888889,1,2,2.625,0,1,0,1,0.555555556,0,1,0,3,1,1,0,0,1,0,0,0,1,0,1,0,0,0,0,0
51,5,4,9939,11.2,2,3,3,4,3,2,19,1,1,8,21,2,14,4,7,0,0,1,0.666666667,1,1,2.5,4969.5,0.837562396,0,1.866666667,3.0,0.816496581,0,0.142857143,0.333333333,1,3,2.333333333,0,-1,0,0,1.166666667,0,1,0,4,0,1,0,0,0,0,1,0,1,0,0,0,1,0,0,0
30,0,0,4945,11.0,2,2,3,5,4,3,29,0,0,16,50,4,5,3,6,0,0,0,0.0,0,0,0.0,2472.5,0.077634011,1,11.0,3.75,0.957427108,0,0.8,4.0,0,1,2.941176471,0,-1,0,0,6.0,0,1,0,1,0,1,0,0,0,0,0,1,1,0,1,0,0,0,0,0
39,1,0,6740,14.3,1,5,4,3,4,4,21,0,0,7,23,2,14,4,6,0,0,0,0.0,1,0,1.0,6740.0,0.140893471,1,7.15,3.75,0.5,0,0.142857143,1.0,1,1,2.875,0,1,1,1,3.0,0,1,0,2,0,0,0,0,1,0,0,0,0,1,0,1,0,0,0,0
51,0,0,6807,10.5,1,3,3,3,4,4,45,0,0,5,16,2,8,3,8,0,0,1,0.0,0,0,0.0,6807.0,0.148993618,1,10.5,3.5,0.577350269,0,0.25,2.0,1,1,2.666666667,0,0,0,0,8.0,1,2,0,2,1,0,1,0,1,0,0,0,1,0,0,0,1,0,0,0
28,2,1,6755,17.6,2,3,1,3,2,3,56,1,1,21,63,2,9,3,5,0,0,0,0.333333333,1,0,1.0,3377.5,0.299445471,1,5.866666667,2.25,0.957427108,1,0.222222222,0.666666667,2,4,2.863636364,1,0,0,0,1.666666667,0,3,1,2,1,1,0,0,0,0,0,1,1,0,1,0,0,0,1,1
30,12,9,10647,19.5,4,2,4,3,2,5,36,1,0,11,24,3,2,3,13,0,1,0,0.692307692,1,1,3.0,2661.75,0.887063228,0,1.5,3.5,1.290994449,0,1.5,0.230769231,2,5,2.0,0,-1,0,0,1.0,1,2,0,3,0,0,0,0,0,0,1,0,0,0,1,0,0,0,1,0
47,2,1,6282,12.2,2,4,2,5,1,3,38,1,0,23,73,5,13,4,4,0,1,0,0.333333333,1,0,1.0,3141.0,0.234134319,1,4.066666667,2.75,1.707825128,0,0.384615385,1.666666667,0,2,3.041666667,1,0,1,0,1.333333333,0,2,0,1,1,1,0,0,0,0,0,1,1,0,0,0,1,0,1,1
27,3,1,10741,20.7,2,5,5,4,3,4,32,0,0,21,38,2,13,2,5,0,1,0,0.25,1,0,1.5,5370.5,0.823166975,0,5.175,4.0,0.816496581,0,0.153846154,0.5,1,1,1.727272727,0,3,1,1,1.25,0,0,0,3,1,1,0,0,0,0,0,1,1,0,1,0,0,0,0,0
36,5,3,9356,18.2,2,4,1,3,4,4,36,0,1,5,14,1,2,5,7,0,0,0,0.5,1,0,2.5,4678.0,0.58259325,0,3.033333333,3.0,1.414213562,0,0.5,0.166666667,1,1,2.333333333,0,-1,1,0,1.166666667,0,0,0,2,1,0,1,0,0,0,0,0,1,0,0,1,0,0,0,0
33,7,7,12786,18.7,2,3,4,1,4,4,26,0,0,22,47,2,7,3,6,0,1,0,0.875,0,1,3.5,6393.0,0.824496809,0,2.3375,3.25,1.5,0,0.285714286,0.25,2,2,2.043478261,0,0,0,0,0.75,0,1,0,3,1,1,0,0,1,0,0,0,0,1,1,0,0,0,0,0
41,5,1,5613,12.7,2,4,2,4,2,3,54,0,1,9,24,4,12,4,3,0,0,0,0.166666667,1,0,2.5,2806.5,0.241056572,1,2.116666667,2.75,0.957427108,0,0.333333333,0.666666667,1,1,2.4,0,0,1,0,0.5,0,1,0,1,1,1,0,0,0,0,1,0,0,1,0,1,0,0,1,0
34,5,3,4471,19.1,1,4,3,4,2,4,54,0,0,23,63,5,5,5,1,0,1,0,0.5,1,0,5.0,4471.0,0.066924779,1,3.183333333,3.25,0.957427108,0,1.0,0.833333333,1,2,2.625,1,-1,1,0,0.166666667,0,2,0,1,1,1,0,0,0,1,0,0,1,0,1,0,0,0,0,0
31,6,5,7459,17.6,2,3,1,2,4,3,55,0,1,27,88,3,6,1,6,0,1,0,0.714285714,1,1,3.0,3729.5,0.553660566,0,2.514285714,2.5,1.290994449,0,0.5,0.428571429,1,1,3.142857143,1,2,0,1,0.857142857,0,2,0,2,0,1,0,0,0,0,1,0,1,0,1,0,0,0,0,1
39,0,0,5433,18.2,2,4,4,4,3,3,75,0,1,5,17,3,10,2,6,0,0,0,0.0,0,0,0.0,2716.5,0.210066556,1,18.2,3.5,0.577350269,0,0.3,3.0,0,0,2.833333333,0,2,1,1,6.0,0,1,0,1,0,1,0,0,0,0,1,0,1,0,0,1,0,0,0,0
42,0,0,5036,12.2,1,3,4,2,4,5,17,0,0,12,40,3,7,3,4,0,0,0,0.0,0,0,0.0,5036.0,0.022827688,1,12.2,3.75,1.258305739,0,0.428571429,3.0,0,0,3.076923077,0,0,0,0,4.0,0,1,0,2,0,0,1,0,1,0,0,0,0,0,0,1,0,0,0,0
56,5,3,5140,10.8,1,2,2,3,4,4,42,0,1,9,29,5,2,3,5,0,0,1,0.5,1,0,5.0,5140.0,0.166597338,1,1.8,3.25,0.957427108,0,2.5,0.833333333,0,1,2.9,0,-1,0,0,0.833333333,0,1,0,2,0,1,0,0,0,0,1,0,1,0,0,0,0,1,1,0
41,3,2,7433,17.3,2,4,3,3,2,1,20,1,1,20,80,1,8,3,11,0,0,0,0.5,1,0,1.5,3716.5,0.224963181,1,4.325,2.25,0.957427108,1,0.125,0.25,1,3,3.80952381,1,1,1,1,2.75,1,4,1,1,1,1,0,0,1,0,0,0,1,0,0,1,0,0,1,1
46,0,0,6483,16.7,2,3,4,2,4,4,18,0,0,9,31,2,16,4,4,0,0,0,0.0,0,0,0.0,3241.5,0.382279534,1,16.7,3.5,1.0,0,0.125,2.0,0,0,3.1,0,-1,0,0,4.0,0,1,0,3,0,1,0,0,0,0,1,0,1,0,0,0,1,0,0,0
51,6,6,8568,16.1,2,3,3,5,3,4,27,0,1,25,97,3,10,3,7,0,0,1,0.857142857,0,1,3.0,4284.0,0.473801066,1,2.3,3.75,0.957427108,0,0.3,0.428571429,0,0,3.730769231,1,0,0,0,1.0,0,3,0,2,0,0,1,0,0,0,0,0,0,0,0,0,1,0,0,0
37,2,1,4958,14.1,1,3,3,3,5,3,41,0,1,29,86,1,9,4,6,0,0,0,0.333333333,1,0,2.0,4958.0,0.113384956,1,4.7,3.5,1.0,0,0.111111111,0.333333333,0,0,2.866666667,1,-1,0,0,2.0,0,2,0,2,0,1,0,0,0,1,0,0,1,0,0,1,0,0,0,0
37,14,14,19566,12.0,5,4,1,2,3,5,47,0,1,5,17,1,7,5,6,1,1,0,0.933333333,0,0,2.8,3913.2,0.993618066,0,0.8,2.75,1.707825128,0,0.142857143,0.066666667,1,1,2.833333333,0,-1,1,0,0.4,0,0,0,3,0,0,1,0,1,0,0,0,1,0,0,1,0,0,0,0
36,0,0,6057,14.9,1,3,1,3,4,4,51,0,1,27,116,2,6,4,3,0,0,0,0.0,0,0,0.0,6057.0,0.317387687,1,14.9,3.0,1.414213562,0,0.333333333,2.0,0,0,4.142857143,1,-1,0,0,3.0,0,2,0,3,1,0,0,0,0,0,1,0,1,0,0,1,0,0,1,1
34,7,5,8961,9.8,3,3,4,4,3,3,32,0,1,22,61,4,7,3,11,0,1,0,0.625,1,1,2.333333333,2987.0,0.431885125,1,1.225,3.5,0.577350269,0,0.571428571,0.5,1,2,2.652173913,1,0,0,0,1.375,1,4,0,1,0,1,0,0,1,0,0,0,1,0,1,0,0,0,0,0
57,1,1,7188,13.4,2,3,4,4,3,3,21,0,0,11,33,9,7,4,6,0,0,1,0.5,0,0,0.5,3594.0,0.273978686,1,6.7,3.5,0.577350269,0,1.285714286,4.5,1,2,2.75,0,-1,0,0,3.0,0,1,0,2,1,1,0,0,0,0,0,0,1,0,0,0,0,1,0,0
33,15,13,14260,15.2,5,3,3,2,3,3,29,0,0,13,40,2,2,3,4,0,1,0,0.8125,1,1,3.0,2852.0,0.935612789,0,0.95,2.75,0.5,0,1.0,0.125,1,2,2.857142857,0,0,0,0,0.25,0,1,0,2,1,1,0,0,0,0,0,0,0,1,1,0,0,0,0,0
38,2,2,7882,15.4,2,3,2,4,3,3,34,0,1,11,33,8,6,2,6,0,0,0,0.666666667,0,0,1.0,3941.0,0.484904498,1,5.133333333,3.0,0.816496581,0,1.333333333,2.666666667,0,1,2.75,0,1,0,1,2.0,0,1,0,2,1,0,1,0,0,0,0,1,1,0,0,1,0,0,0,0
21,3,3,8671,19.9,3,3,3,4,1,4,21,1,0,36,140,6,8,1,17,0,1,0,0.75,0,0,1.0,2890.333333,0.724417637,0,4.975,3.0,1.414213562,0,0.75,1.5,1,4,3.783783784,1,2,0,1,4.25,1,2,0,2,1,0,1,0,0,0,1,0,1,0,0,0,0,0,1,1
60,1,1,4864,18.5,1,3,3,2,4,3,12,1,0,12,46,1,3,5,4,0,0,1,0.5,0,0,1.0,4864.0,0.031749556,1,9.25,3.0,0.816496581,0,0.333333333,0.5,0,2,3.538461538,0,-2,0,0,2.0,0,1,0,2,0,1,0,0,0,0,0,0,0,1,0,0,0,1,0,1
30,2,1,5908,7.5,1,4,3,2,2,5,37,0,1,20,88,4,11,5,7,0,0,0,0.333333333,1,0,2.0,5908.0,0.070937653,1,2.5,3.0,1.414213562,0,0.363636364,1.333333333,1,1,4.19047619,1,-1,1,0,2.333333333,0,2,0,2,1,1,0,0,1,0,0,0,1,0,1,0,0,0,0,0
48,7,6,8066,15.3,2,5,1,2,2,4,59,0,1,3,9,3,5,4,3,1,0,0,0.75,1,0,3.5,4033.0,0.509242144,0,1.9125,2.25,1.258305739,1,0.6,0.375,0,1,2.25,0,1,1,1,0.375,0,1,0,1,1,0,1,0,0,0,0,1,0,0,0,0,1,0,0,0
43,4,0,9340,11.6,2,3,2,4,3,4,37,0,0,27,101,5,7,3,7,0,0,0,0.0,1,0,2.0,4670.0,0.580817052,0,2.32,3.25,0.957427108,0,0.714285714,1.0,1,2,3.607142857,1,0,0,0,1.4,0,1,0,2,1,0,1,0,0,0,0,0,1,0,0,1,0,0,0,0
43,9,5,11653,14.3,5,4,1,1,2,5,54,0,0,23,41,4,4,2,4,1,1,0,0.5,1,0,1.8,2330.6,0.93469218,0,1.43,2.25,1.892969449,1,1.0,0.4,2,3,1.708333333,0,2,1,1,0.4,0,1,0,2,0,1,0,0,0,0,1,0,1,0,0,1,0,0,0,0
35,3,1,9200,11.6,2,4,2,3,3,2,24,0,0,7,15,3,3,3,9,0,1,0,0.25,1,0,1.5,4600.0,0.463672067,1,2.9,2.5,0.577350269,0,1.0,0.75,1,2,1.875,0,1,1,1,2.25,1,2,0,3,0,0,0,0,1,0,0,0,0,0,0,1,0,0,0,0
47,0,0,4894,17.7,2,4,3,4,3,2,29,1,0,9,35,5,7,3,6,0,0,0,0.0,0,0,0.0,2447.0,0.128535774,1,17.7,3.0,0.816496581,0,0.714285714,5.0,1,4,3.5,0,1,1,1,6.0,0,1,0,1,0,0,1,0,0,0,1,0,1,0,0,0,1,0,0,0
25,2,2,8252,16.3,3,3,4,3,3,3,7,1,0,18,86,4,4,3,6,0,1,0,0.666666667,0,0,0.666666667,2750.666667,0.540973506,0,5.433333333,3.25,0.5,0,1.0,1.333333333,0,3,4.526315789,1,0,0,0,2.0,0,1,0,3,1,1,0,0,0,0,0,1,1,0,1,0,0,0,0,0
31,0,0,4296,6.9,2,2,4,2,2,4,17,1,1,11,40,3,9,3,4,0,0,0,0.0,0,0,0.0,2148.0,0.06655574,1,6.9,3.0,1.154700538,0,0.333333333,3.0,1,3,3.333333333,0,-1,0,0,4.0,0,1,0,2,1,1,0,0,0,0,1,0,1,0,1,0,0,0,1,1
38,15,15,11281,13.6,5,3,3,3,2,4,37,0,1,10,39,6,2,2,3,0,1,0,0.9375,0,1,3.0,2256.2,0.896017699,0,0.85,3.0,0.816496581,0,3.0,0.375,0,1,3.545454545,0,1,0,1,0.1875,0,1,0,1,0,1,0,0,0,1,0,0,1,0,0,1,0,0,0,0
33,0,0,11128,13.0,3,3,4,3,3,3,35,0,0,4,13,6,9,3,4,0,1,0,0.0,0,0,0.0,3709.333333,0.936677632,0,13.0,3.25,0.5,0,0.666666667,6.0,0,1,2.6,0,0,0,0,4.0,0,0,0,4,1,0,1,1,0,0,0,0,1,0,1,0,0,0,0,0
36,3,3,5130,14.3,2,3,3,3,5,3,30,0,1,20,67,2,3,3,4,0,0,0,0.75,0,0,1.5,2565.0,0.097966728,1,3.575,3.5,1.0,0,0.666666667,0.5,0,1,3.19047619,1,0,0,0,1.0,0,2,0,1,1,0,1,0,0,0,0,1,1,0,0,1,0,0,0,0
26,4,0,8874,18.2,2,4,2,4,2,2,11,0,0,32,135,6,11,3,10,0,0,0,0.0,1,0,2.0,4437.0,0.688606195,0,3.64,2.5,1.0,0,0.545454545,1.2,0,1,4.090909091,1,1,1,1,2.0,1,2,0,3,0,1,0,0,0,1,0,0,1,0,1,0,0,0,0,1
46,13,12,13498,10.3,5,3,4,3,5,1,11,1,1,10,38,4,9,3,5,0,1,0,0.857142857,1,1,2.6,2699.6,0.944239063,0,0.735714286,3.25,1.707825128,0,0.444444444,0.285714286,2,4,3.454545455,0,0,0,0,0.357142857,0,1,0,2,1,0,1,0,0,0,0,1,1,0,0,0,1,0,1,0
37,1,1,6923,12.9,3,3,4,2,3,4,46,0,0,21,56,8,12,2,6,0,1,0,0.5,0,0,0.333333333,2307.666667,0.462562396,1,6.45,3.25,0.957427108,0,0.666666667,4.0,0,1,2.545454545,0,1,0,1,3.0,0,1,0,1,0,0,0,0,0,0,1,0,1,0,0,1,0,0,1,0
37,1,0,4545,12.2,1,3,3,2,3,3,15,0,0,10,26,3,6,3,7,0,0,0,0.0,1,0,1.0,4545.0,0.050831793,1,6.1,2.75,0.5,0,0.5,1.5,1,1,2.363636364,0,0,0,0,3.5,0,1,0,2,1,1,0,0,0,0,0,1,1,0,0,1,0,0,0,0
43,4,0,2737,11.1,1,3,3,3,5,4,31,1,1,27,86,1,12,4,5,0,0,0,0.0,1,0,4.0,2737.0,0.005823627,1,2.22,3.75,0.957427108,0,0.083333333,0.2,1,3,3.071428571,1,-1,0,0,1.0,0,2,0,1,0,0,1,0,0,0,1,0,1,0,0,1,0,0,1,0
25,2,0,8461,15.8,2,5,1,2,3,3,34,0,0,39,150,6,7,2,3,0,0,0,0.0,1,0,1.0,4230.5,0.457149201,1,5.266666667,2.25,0.957427108,1,0.857142857,2.0,1,2,3.75,1,3,1,1,1.0,0,3,0,2,1,1,0,0,0,0,0,0,1,0,1,0,0,0,1,1
40,6,4,10770,13.1,4,4,3,3,3,5,72,0,1,33,91,4,11,2,5,0,1,0,0.571428571,1,1,1.5,2692.5,0.891430948,0,1.871428571,3.5,1.0,0,0.363636364,0.571428571,1,1,2.676470588,1,2,1,1,0.714285714,0,2,0,2,1,0,0,0,0,0,1,0,1,0,0,1,0,0,0,0
28,5,5,6511,17.5,3,2,3,4,4,4,67,1,0,6,17,3,10,3,9,0,1,0,0.833333333,0,1,1.666666667,2170.333333,0.269562539,1,2.916666667,3.75,0.5,0,0.3,0.5,0,2,2.428571429,0,-1,0,0,1.5,1,3,0,1,0,1,0,0,0,0,0,1,1,0,1,0,0,0,1,0
23,5,0,6763,17.6,3,3,5,3,3,1,26,0,0,5,14,8,7,4,5,0,1,0,0.0,1,0,1.666666667,2254.333333,0.427620632,1,2.933333333,3.0,1.632993162,0,1.142857143,1.333333333,0,1,2.333333333,0,-1,0,0,0.833333333,0,1,0,2,0,1,0,0,0,0,1,0,1,0,0,0,0,0,0,0
40,7,1,6776,15.7,1,3,4,5,3,4,32,0,1,10,34,5,2,3,5,0,0,0,0.125,1,0,7.0,6776.0,0.507401316,0,1.9625,4.0,0.816496581,0,2.5,0.625,2,3,3.090909091,0,0,0,0,0.625,0,0,0,3,1,1,0,1,0,0,0,0,1,0,0,1,0,0,0,0
32,0,0,4914,14.9,1,3,4,4,4,2,50,0,0,5,18,4,5,4,8,0,0,0,0.0,0,0,0.0,4914.0,0.019145803,1,14.9,3.5,1.0,0,0.8,4.0,1,2,3.0,0,-1,0,0,8.0,1,2,0,2,1,0,0,0,1,0,0,0,1,0,1,0,0,0,0,0
52,3,2,4863,17.5,1,3,1,3,3,3,54,1,1,8,21,1,4,5,6,0,0,1,0.5,1,0,3.0,4863.0,0.12437604,1,4.375,2.5,1.0,0,0.25,0.25,1,3,2.333333333,0,-2,0,0,1.5,0,1,0,2,0,0,1,0,0,0,1,0,0,0,0,0,1,0,1,1
32,4,4,6888,11.4,3,3,5,1,3,4,44,0,0,11,51,5,13,3,8,0,1,0,0.8,0,1,1.333333333,2296.0,0.315311152,1,2.28,3.25,1.707825128,0,0.384615385,1.0,0,0,4.25,0,0,0,0,1.6,1,3,0,1,0,0,0,0,0,0,0,1,1,0,1,0,0,0,0,0
30,5,0,6231,16.4,2,4,4,1,3,4,43,0,0,24,82,5,2,2,4,1,0,0,0.0,1,0,2.5,3115.5,0.226432532,1,2.733333333,3.0,1.414213562,0,2.5,0.833333333,2,3,3.28,1,2,1,1,0.666666667,0,2,0,2,1,0,1,0,0,0,0,1,1,0,1,0,0,0,0,0
46,5,4,5006,19.8,1,3,3,5,3,1,0,0,0,2,5,5,8,5,3,0,0,0,0.666666667,1,1,5.0,5006.0,0.043960924,1,3.3,3.0,1.632993162,0,0.625,0.833333333,0,1,1.666666667,0,-2,0,0,0.5,0,2,0,2,1,0,0,0,0,0,0,0,1,0,0,0,1,0,0,0
47,4,0,7061,15.0,3,3,2,4,4,3,39,0,1,8,26,1,3,4,3,0,1,0,0.0,1,0,1.333333333,2353.666667,0.485232945,1,3.0,3.25,0.957427108,0,0.333333333,0.2,0,0,2.888888889,0,-1,0,0,0.6,0,1,0,2,1,0,1,0,0,0,1,0,1,0,0,0,1,0,0,0
43,25,22,13671,12.5,5,3,4,4,3,2,33,1,1,20,74,4,8,3,6,0,1,0,0.846153846,1,1,5.0,2734.2,0.984375,0,0.480769231,3.25,0.957427108,0,0.5,0.153846154,1,3,3.523809524,1,0,0,0,0.230769231,0,2,0,3,1,0,0,1,0,0,0,0,1,0,0,1,0,0,0,0
29,11,1,11943,14.1,3,3,4,2,3,4,47,0,1,32,107,4,10,4,5,0,1,0,0.083333333,1,0,3.666666667,3981.0,0.76975945,0,1.175,3.25,0.957427108,0,0.4,0.333333333,1,1,3.242424242,1,-1,0,0,0.416666667,0,1,0,2,1,0,1,0,1,0,0,0,1,0,1,0,0,0,1,0
37,14,1,12757,11.5,5,2,3,4,3,2,71,0,1,9,35,2,9,3,7,0,1,0,0.066666667,1,0,2.8,2551.4,0.952986726,0,0.766666667,3.0,0.816496581,0,0.222222222,0.133333333,1,1,3.5,0,-1,0,0,0.466666667,0,0,0,2,0,0,1,0,0,1,0,0,1,0,0,1,0,0,0,0
42,2,1,6679,21.2,2,4,4,3,4,4,39,0,1,16,63,3,6,3,8,0,0,0,0.333333333,1,0,1.0,3339.5,0.290511399,1,7.066666667,3.75,0.5,0,0.5,1.0,1,1,3.705882353,1,1,1,1,2.666666667,1,3,0,3,1,0,1,0,0,0,0,1,1,0,0,1,0,0,0,0
38,0,0,4459,11.0,1,3,3,3,4,2,47,0,1,27,86,5,4,3,5,0,1,0,0.0,0,0,0.0,4459.0,0.010309278,1,11.0,3.0,0.816496581,0,1.25,5.0,0,1,3.071428571,1,0,0,0,5.0,0,2,0,1,1,1,0,0,1,0,0,0,1,0,0,1,0,0,0,0
44,14,1,19046,15.6,5,3,3,4,5,5,50,1,0,13,33,4,2,2,5,0,1,0,0.066666667,1,0,2.8,3809.2,0.988954345,0,1.04,4.25,0.957427108,0,2.0,0.266666667,1,4,2.357142857,0,1,0,1,0.333333333,0,0,0,3,0,0,1,0,1,0,0,0,0,0,0,1,0,0,0,0
30,6,6,7748,15.6,3,4,4,2,2,4,47,0,1,14,46,10,8,4,5,1,1,0,0.857142857,0,0,2.0,2582.666667,0.463955638,1,2.228571429,3.0,1.154700538,0,1.25,1.428571429,1,2,3.066666667,0,0,1,0,0.714285714,0,1,0,1,0,0,1,0,0,0,0,1,1,0,1,0,0,0,0,0
34,1,0,7052,13.4,2,3,2,2,3,4,43,0,1,13,52,4,4,2,3,0,0,0,0.0,1,0,0.5,3526.0,0.484193012,1,6.7,2.75,0.957427108,0,1.0,2.0,0,1,3.714285714,0,1,0,1,1.5,0,1,0,3,1,1,0,0,0,0,1,0,1,0,1,0,0,0,1,1
41,1,0,4308,22.1,1,4,3,3,3,3,19,0,0,11,35,1,13,3,3,0,0,0,0.0,1,0,1.0,4308.0,0.054756637,1,11.05,3.0,0.0,0,0.076923077,0.5,0,0,2.916666667,0,1,1,1,1.5,0,1,0,2,1,1,0,0,0,1,0,0,1,0,0,1,0,0,0,0
46,23,14,12544,18.1,5,4,3,2,5,3,54,0,1,6,16,3,2,3,3,1,1,0,0.583333333,1,0,4.6,2508.8,0.967927632,0,0.754166667,3.25,1.258305739,0,1.5,0.125,1,2,2.285714286,0,1,1,1,0.125,0,0,0,2,1,1,0,1,0,0,0,0,1,0,0,0,1,0,0,0
36,3,0,14474,24.6,4,5,3,1,2,5,26,0,1,9,40,5,7,4,6,0,1,0,0.0,1,0,0.75,3618.5,0.907093765,0,6.15,2.75,1.707825128,0,0.714285714,1.25,2,3,4.0,0,1,1,1,1.5,0,0,0,3,1,1,0,0,1,0,0,0,0,1,0,1,0,0,0,0
42,0,0,4173,16.2,1,3,1,5,4,1,28,1,1,59,65,1,10,3,9,0,0,0,0.0,0,0,0.0,4173.0,0.058236273,1,16.2,2.75,2.061552813,0,0.1,1.0,1,3,1.083333333,1,0,0,0,9.0,1,3,0,3,1,1,0,0,0,0,1,0,1,0,0,1,0,0,1,1
60,9,2,8967,24.0,4,4,4,3,5,4,34,1,1,1,5,3,2,4,2,1,1,1,0.2,1,0,2.25,2241.75,0.802631579,0,2.4,4.0,0.816496581,0,1.5,0.3,2,5,2.5,0,0,1,0,0.2,0,0,0,2,1,1,0,1,0,0,0,0,0,1,0,0,0,1,0,0
36,1,1,7861,19.1,2,3,3,4,4,4,41,0,1,30,82,6,12,4,4,0,0,0,0.5,0,0,0.5,3930.5,0.481361676,1,9.55,3.75,0.5,0,0.5,3.0,2,2,2.64516129,1,-1,0,0,2.0,0,2,0,2,0,1,0,0,0,0,0,1,1,0,0,1,0,0,1,0
42,0,0,6944,11.5,1,4,3,4,4,4,57,0,0,31,101,4,11,3,8,0,1,0,0.0,0,0,0.0,6944.0,0.164948454,1,11.5,3.75,0.5,0,0.363636364,4.0,1,1,3.15625,1,1,1,1,8.0,1,3,0,3,1,1,0,0,1,0,0,0,1,0,0,1,0,0,0,0
34,2,2,10214,6.3,2,3,5,3,4,4,53,0,1,4,11,8,12,2,6,0,0,0,0.666666667,0,0,1.0,5107.0,0.590328915,0,2.1,4.0,0.816496581,0,0.666666667,2.666666667,2,3,2.2,0,1,0,1,2.0,0,0,0,3,1,0,1,0,1,0,0,0,0,1,1,0,0,0,0,0
30,6,4,9669,13.3,2,4,3,4,3,2,54,1,1,15,58,1,9,3,8,1,1,0,0.571428571,1,0,3.0,4834.5,0.621669627,0,1.9,3.0,0.816496581,0,0.111111111,0.142857143,2,4,3.625,0,1,1,1,1.142857143,1,1,0,3,0,1,0,0,0,0,0,0,1,0,1,0,0,0,0,0
43,13,0,14371,13.9,4,3,2,3,4,5,51,1,0,13,41,6,8,4,7,0,1,0,0.0,1,0,3.25,3592.75,0.938277087,0,0.992857143,3.5,1.290994449,0,0.75,0.428571429,1,4,2.928571429,0,-1,0,0,0.5,0,0,0,3,0,1,0,0,0,0,0,0,1,0,0,1,0,0,0,0
31,8,6,7269,16.9,3,4,1,3,5,3,30,0,0,10,33,3,9,5,3,0,1,0,0.666666667,1,1,2.666666667,2423.0,0.597861842,0,1.877777778,3.0,1.632993162,0,0.333333333,0.333333333,0,0,3.0,0,-1,1,0,0.333333333,0,1,0,2,0,0,0,1,0,0,0,0,1,0,1,0,0,0,0,0
37,4,1,10211,18.3,2,4,3,4,4,3,53,0,0,8,27,3,7,4,4,0,0,0,0.2,1,0,2.0,5105.5,0.589347079,0,3.66,3.5,0.577350269,0,0.428571429,0.6,1,1,3.0,0,0,1,0,0.8,0,0,0,3,1,0,1,0,1,0,0,0,0,0,0,1,0,0,0,0
40,7,4,12457,16.1,2,3,3,5,2,3,48,0,0,7,27,8,13,4,7,0,1,0,0.5,1,1,3.5,6228.5,0.805841924,0,2.0125,3.25,1.258305739,0,0.615384615,1.0,1,2,3.375,0,-1,0,0,0.875,0,1,0,3,0,1,0,0,1,0,0,0,1,0,0,1,0,0,0,0
49,4,1,12089,15.5,3,4,3,3,4,3,30,0,1,29,93,6,16,2,7,0,1,0,0.2,1,0,1.333333333,4029.666667,0.779209622,0,3.1,3.25,0.5,0,0.375,1.2,2,2,3.1,1,2,1,1,1.4,0,1,0,3,1,1,0,0,1,0,0,0,1,0,0,0,1,0,0,0
41,1,0,6098,21.1,1,4,3,2,1,2,40,0,0,4,15,3,10,3,7,0,1,0,0.0,1,0,1.0,6098.0,0.085419735,1,10.55,2.0,0.816496581,1,0.3,1.5,1,1,3.0,0,1,1,1,3.5,0,2,0,2,0,0,1,0,1,0,0,0,1,0,0,1,0,0,0,0
33,8,0,8827,13.9,2,4,1,3,2,3,27,1,1,7,22,4,14,3,8,0,1,0,0.0,1,0,4.0,4413.5,0.745008319,0,1.544444444,2.25,0.957427108,1,0.285714286,0.444444444,1,3,2.75,0,1,1,1,0.888888889,1,2,1,3,0,0,0,0,0,0,1,0,0,1,1,0,0,0,0,1
30,4,1,5901,14.0,1,3,1,5,3,3,31,0,0,1,5,5,3,3,4,0,1,0,0.2,1,0,4.0,5901.0,0.11634103,1,2.8,3.0,1.632993162,0,1.666666667,1.0,2,3,2.5,0,0,0,0,0.8,0,1,0,2,0,1,0,0,0,0,0,0,1,0,1,0,0,0,0,0
46,18,18,10605,11.5,5,2,3,3,3,3,7,1,0,27,76,3,9,5,8,0,1,0,0.947368421,0,1,3.6,2121.0,0.813000616,0,0.605263158,3.0,0.0,0,0.333333333,0.157894737,1,3,2.714285714,1,-3,0,0,0.421052632,1,3,0,1,1,0,1,0,0,0,0,1,1,0,0,0,1,0,0,0
38,5,4,6445,17.9,1,3,1,4,5,3,29,0,1,9,29,7,7,4,5,0,0,0,0.666666667,1,1,5.0,6445.0,0.180728242,1,2.983333333,3.25,1.707825128,0,1.0,1.166666667,1,2,2.9,0,-1,0,0,0.833333333,0,2,0,2,0,0,0,0,0,0,0,0,1,0,0,1,0,0,0,0
35,10,4,12220,15.5,4,3,4,3,5,2,4,0,0,24,105,3,13,2,4,0,1,0,0.363636364,1,1,2.5,3055.0,0.788659794,0,1.409090909,3.5,1.290994449,0,0.230769231,0.272727273,0,0,4.2,1,1,0,1,0.363636364,0,2,0,1,1,0,1,0,1,0,0,0,0,0,0,1,0,0,0,0
44,7,3,7161,11.8,3,3,4,3,3,3,8,1,1,2,7,2,7,5,9,0,1,0,0.375,1,0,2.333333333,2387.0,0.583881579,0,1.475,3.25,0.5,0,0.285714286,0.25,1,3,2.333333333,0,-2,0,0,1.125,1,1,0,2,1,1,0,1,0,0,0,0,1,0,0,1,0,0,0,0
18,0,0,7000,18.5,2,4,3,1,3,2,20,0,1,13,63,4,7,3,11,0,0,0,0.0,0,0,0.0,3500.0,0.335027726,1,18.5,2.25,0.957427108,1,0.571428571,4.0,1,2,4.5,1,1,1,1,11.0,1,4,0,1,1,1,0,0,0,0,0,1,0,1,0,0,0,0,0,1
21,3,0,9600,16.1,1,4,4,4,5,4,46,0,0,10,28,3,5,1,4,0,0,0,0.0,1,0,3.0,9600.0,0.512763868,0,4.025,4.25,0.5,0,0.6,0.75,0,1,2.545454545,0,3,1,1,1.0,0,0,0,4,1,0,1,0,1,0,0,0,0,0,0,0,0,0,0,0
47,4,3,6235,17.4,2,3,1,4,3,3,52,1,0,13,50,1,10,4,6,0,0,0,0.6,1,0,2.0,3117.5,0.227202711,1,3.48,2.75,1.258305739,0,0.1,0.2,0,2,3.571428571,0,-1,0,0,1.2,0,1,0,1,1,1,0,0,0,0,0,1,1,0,0,0,1,0,0,0
38,6,6,4609,10.9,1,3,4,1,3,4,34,0,1,38,150,4,14,3,10,0,0,0,0.857142857,0,1,6.0,4609.0,0.054220579,1,1.557142857,3.0,1.414213562,0,0.285714286,0.571428571,1,1,3.846153846,1,0,0,0,1.428571429,1,4,0,2,1,0,1,0,0,0,0,1,0,0,0,1,0,0,1,0
44,5,1,9028,18.2,3,5,3,2,1,5,54,0,1,11,35,4,8,3,13,1,1,0,0.166666667,1,0,1.666666667,3009.333333,0.643715342,0,3.033333333,2.75,1.707825128,0,0.5,0.666666667,0,0,2.916666667,0,2,1,1,2.166666667,1,1,0,2,1,0,1,0,0,0,0,1,0,0,0,1,0,0,0,0
37,4,0,9978,14.5,2,3,2,2,3,2,32,0,0,24,90,3,13,4,6,0,0,0,0.0,1,0,2.0,4989.0,0.661634103,0,2.9,2.25,0.5,1,0.230769231,0.6,0,0,3.6,1,-1,0,0,1.2,0,2,0,3,1,1,0,0,0,0,0,0,1,0,0,1,0,0,0,1
20,2,0,8702,13.8,2,3,4,2,3,2,7,0,1,14,35,5,12,3,6,0,0,0,0.0,1,0,1.0,4351.0,0.396293569,1,4.6,2.75,0.957427108,0,0.416666667,1.666666667,0,0,2.333333333,0,0,0,0,2.0,0,1,0,2,0,1,0,0,1,0,0,0,0,0,0,0,0,0,1,0
37,2,0,12729,13.1,3,2,3,2,1,3,53,0,1,13,30,8,4,3,5,0,1,0,0.0,1,0,0.666666667,4243.0,0.821060383,0,4.366666667,2.25,0.957427108,1,2.0,2.666666667,2,3,2.142857143,0,-1,0,0,1.666666667,0,1,0,4,1,0,1,0,1,0,0,0,1,0,0,1,0,0,1,1
42,2,1,10260,17.0,2,3,4,4,3,4,40,1,0,27,123,5,5,4,11,0,1,0,0.333333333,1,0,1.0,5130.0,0.694493783,0,5.666666667,3.75,0.5,0,1.0,1.666666667,2,5,4.392857143,1,-1,0,0,3.666666667,1,2,0,3,1,1,0,0,0,0,0,0,0,1,0,1,0,0,0,0
42,15,13,17656,13.3,5,4,4,3,5,2,0,0,1,16,54,2,6,3,6,0,1,0,0.8125,1,1,3.0,3531.2,0.987566607,0,0.83125,3.5,1.290994449,0,0.333333333,0.125,0,0,3.176470588,0,1,1,1,0.375,0,1,0,3,0,1,0,0,0,0,0,0,1,0,0,1,0,0,0,0
23,5,2,9704,17.6,3,4,3,2,3,4,19,0,0,3,13,7,4,3,2,0,1,0,0.333333333,1,0,1.666666667,3234.666667,0.52712322,0,2.933333333,3.0,0.816496581,0,1.75,1.166666667,1,2,3.25,0,1,1,1,0.333333333,0,0,0,1,0,0,0,0,1,0,0,0,1,0,0,0,0,0,0,0
44,2,2,8443,13.7,3,2,4,3,2,4,62,0,1,7,24,3,11,3,3,0,1,0,0.666666667,0,0,0.666666667,2814.333333,0.637168142,0,4.566666667,3.25,0.957427108,0,0.272727273,1.0,1,1,3.0,0,-1,0,0,1.0,0,0,0,2,0,0,1,0,0,1,0,0,0,1,0,1,0,0,0,0
35,2,1,8666,19.2,3,3,2,3,2,3,43,0,1,4,6,2,11,2,3,0,1,0,0.333333333,1,0,0.666666667,2888.666667,0.723377704,0,6.4,2.5,0.577350269,0,0.181818182,0.666666667,1,1,1.2,0,1,0,1,1.0,0,0,0,2,1,1,0,0,0,0,1,0,0,1,0,1,0,0,1,0
42,2,1,4147,11.2,1,3,3,2,2,3,34,1,0,36,121,5,17,3,10,0,0,0,0.333333333,1,0,2.0,4147.0,0.094161184,1,3.733333333,2.5,0.577350269,0,0.294117647,1.666666667,1,3,3.27027027,1,0,0,0,3.333333333,1,3,0,2,1,1,0,1,0,0,0,0,1,0,0,1,0,0,1,1
60,3,3,8837,17.5,2,4,4,1,3,4,20,0,0,1,5,5,10,3,4,0,0,1,0.75,0,0,1.5,4418.5,0.619685767,0,4.375,3.0,1.414213562,0,0.5,1.25,1,1,2.5,0,1,1,1,1.0,0,0,0,3,1,0,1,0,0,0,0,1,0,1,0,0,0,1,0,0
33,1,1,5304,16.2,1,2,2,3,4,5,39,1,0,21,49,5,15,3,6,0,0,0,0.5,0,0,1.0,5304.0,0.035100638,1,8.1,3.5,1.290994449,0,0.333333333,2.5,1,3,2.227272727,0,-1,0,0,3.0,0,1,0,1,1,0,1,0,1,0,0,0,0,0,1,0,0,0,0,1
41,2,1,6655,13.5,2,3,3,3,3,1,15,0,0,12,40,3,9,4,9,0,0,0,0.333333333,1,0,1.0,3327.5,0.202486679,1,4.5,2.5,1.0,0,0.333333333,1.0,2,2,3.076923077,0,-1,0,0,3.0,1,2,0,2,1,0,1,0,0,0,0,0,1,0,0,1,0,0,0,0
40,5,4,7930,14.4,3,4,2,5,4,2,55,1,1,9,27,3,2,5,5,0,1,0,0.666666667,1,1,1.666666667,2643.333333,0.5625,0,2.4,3.25,1.5,0,1.5,0.5,0,3,2.7,0,-1,1,0,0.833333333,0,1,0,2,1,1,0,0,0,1,0,0,1,0,0,1,0,0,0,0
43,1,1,4426,7.9,1,2,4,4,5,4,14,0,1,37,122,3,4,3,3,0,1,0,0.5,0,0,1.0,4426.0,0.009572901,1,3.95,4.25,0.5,0,0.75,1.5,1,2,3.210526316,1,-1,0,0,1.5,0,2,0,1,0,1,0,0,1,0,0,0,0,1,0,1,0,0,1,0
32,1,1,10181,9.8,2,3,4,2,3,3,54,1,1,7,25,4,2,3,8,0,0,0,0.5,0,0,0.5,5090.5,0.586156112,0,4.9,3.0,0.816496581,0,2.0,2.0,1,4,3.125,0,0,0,0,4.0,1,1,0,3,1,0,0,0,1,0,0,0,1,0,1,0,0,0,1,1
53,4,2,10808,16.7,3,3,4,2,3,4,45,1,0,23,62,3,12,2,4,0,1,1,0.4,1,0,1.333333333,3602.666667,0.658075601,0,3.34,3.25,0.957427108,0,0.25,0.6,2,4,2.583333333,1,1,0,1,0.8,0,1,0,1,0,0,1,0,1,0,0,0,1,0,0,0,1,0,1,0
42,0,0,5359,17.9,1,4,4,3,4,3,27,1,1,10,34,4,13,2,8,0,1,0,0.0,0,0,0.0,5359.0,0.155973451,1,17.9,3.5,0.577350269,0,0.307692308,4.0,1,3,3.090909091,0,2,1,1,8.0,1,2,0,3,0,1,0,0,0,1,0,0,1,0,0,1,0,0,0,0
31,4,3,12769,15.0,3,3,3,4,4,3,42,0,0,36,150,1,11,4,5,0,1,0,0.6,1,0,1.333333333,4256.333333,0.824128621,0,3.0,3.5,0.577350269,0,0.090909091,0.2,1,1,4.054054054,1,-1,0,0,1.0,0,1,0,3,1,0,1,0,1,0,0,0,1,0,1,0,0,0,0,0
23,5,2,9435,17.5,3,5,2,3,3,4,23,0,0,12,43,3,5,3,10,0,1,0,0.333333333,1,0,1.666666667,3145.0,0.748893805,0,2.916666667,3.0,0.816496581,0,0.6,0.5,1,2,3.307692308,0,2,1,1,1.666666667,1,1,0,2,1,0,1,0,0,1,0,0,0,1,0,0,0,0,0,0
44,4,1,8730,12.3,3,4,3,3,2,4,34,1,0,8,21,3,6,2,10,0,1,0,0.2,1,0,1.333333333,2910.0,0.605052372,0,2.46,3.0,0.816496581,0,0.5,0.6,1,3,2.333333333,0,2,1,1,2.0,1,1,0,2,1,1,0,0,0,0,0,1,1,0,0,1,0,0,0,0
35,7,5,7820,17.8,3,3,4,3,3,4,53,0,0,14,53,7,15,3,2,0,1,0,0.625,1,1,2.333333333,2606.666667,0.474430068,1,2.225,3.5,0.577350269,0,0.466666667,0.875,0,0,3.533333333,0,0,0,0,0.25,0,2,0,2,0,0,1,0,0,0,0,1,0,0,0,1,0,0,0,0
34,1,1,5275,17.3,2,1,2,4,3,3,54,1,0,19,52,6,10,2,3,0,0,0,0.5,0,0,0.5,2637.5,0.14380531,1,8.65,3.0,0.816496581,0,0.6,3.0,0,3,2.6,0,-1,0,0,1.5,0,1,0,2,0,1,0,0,0,1,0,0,1,0,1,0,0,0,1,1
47,4,1,5790,13.7,1,4,4,3,4,3,42,0,0,14,41,2,10,1,6,0,0,0,0.2,1,0,4.0,5790.0,0.170671596,1,2.74,3.5,0.577350269,0,0.2,0.4,1,1,2.733333333,0,3,1,1,1.2,0,1,0,3,0,0,1,0,0,0,0,1,1,0,0,0,1,0,0,0
37,0,0,3985,13.6,1,3,1,2,3,3,62,0,1,15,42,3,9,3,2,0,0,0,0.0,0,0,0.0,3985.0,0.044717138,1,13.6,2.25,0.957427108,1,0.333333333,3.0,0,0,2.625,0,0,0,0,2.0,0,2,0,3,1,1,0,0,0,0,1,0,1,0,0,1,0,0,0,1
37,1,0,7969,18.9,2,4,3,4,4,4,28,0,0,17,50,5,11,4,3,0,1,0,0.0,1,0,0.5,3984.5,0.498305607,1,9.45,3.75,0.5,0,0.454545455,2.5,1,1,2.777777778,0,0,1,0,1.5,0,1,0,2,0,1,0,0,0,0,0,1,1,0,0,1,0,0,0,0
34,7,2,5792,13.1,1,3,3,4,3,2,25,1,1,14,43,3,11,3,10,0,1,0,0.25,1,0,7.0,5792.0,0.102575488,1,1.6375,3.0,0.816496581,0,0.272727273,0.375,0,2,2.866666667,0,0,0,0,1.25,1,2,0,2,0,0,1,0,0,0,0,0,1,0,1,0,0,0,1,0
26,8,0,11892,15.8,3,4,1,3,3,3,0,1,1,16,62,4,11,3,7,0,1,0,0.0,1,0,2.666666667,3964.0,0.766445754,0,1.755555556,2.5,1.0,0,0.363636364,0.444444444,1,3,3.647058824,1,1,1,1,0.777777778,0,1,0,2,1,1,0,0,1,0,0,0,1,0,1,0,0,0,0,0
41,6,3,13741,22.7,3,3,3,4,3,1,39,0,1,12,34,4,10,3,5,0,1,0,0.428571429,1,0,2.0,4580.333333,0.874324988,0,3.242857143,2.75,1.258305739,0,0.4,0.571428571,0,0,2.615384615,0,0,0,0,0.714285714,0,0,0,3,0,0,1,0,1,0,0,0,1,0,0,1,0,0,0,0
39,2,1,9541,16.3,2,5,2,2,1,3,54,0,1,6,18,4,11,2,3,0,1,0,0.333333333,1,0,1.0,4770.5,0.707948244,0,5.433333333,2.0,0.816496581,1,0.363636364,1.333333333,1,1,2.571428571,0,3,1,1,1.0,0,1,0,3,1,0,1,0,0,0,0,1,1,0,0,1,0,0,1,1
39,2,0,7702,17.2,2,3,3,4,2,4,37,0,0,18,48,2,4,3,8,0,0,0,0.0,1,0,1.0,3851.0,0.256872852,1,5.733333333,3.25,0.957427108,0,0.5,0.666666667,1,1,2.526315789,0,0,0,0,2.666666667,1,2,0,1,0,1,0,0,1,0,0,0,1,0,0,1,0,0,0,0
38,1,1,2251,16.7,1,3,3,3,3,5,34,0,1,24,76,5,6,4,4,0,0,0,0.5,0,0,1.0,2251.0,0.00124792,1,8.35,3.5,1.0,0,0.833333333,2.5,2,3,3.04,1,-1,0,0,2.0,0,2,0,1,0,0,1,0,0,0,1,0,1,0,0,1,0,0,0,0
34,9,0,11308,16.4,3,3,3,4,4,3,33,0,0,31,110,1,12,3,8,0,1,0,0.0,1,0,3.0,3769.333333,0.788632327,0,1.64,3.5,0.577350269,0,0.083333333,0.1,2,2,3.4375,1,0,0,0,0.8,1,2,0,3,1,1,0,0,0,0,0,0,1,0,1,0,0,0,0,0
33,0,0,7719,21.1,2,3,5,1,3,5,36,0,0,20,69,3,9,3,4,0,0,0,0.0,0,0,0.0,3859.5,0.348134991,1,21.1,3.5,1.914854216,0,0.333333333,3.0,0,0,3.285714286,1,0,0,0,4.0,0,2,0,2,0,1,0,0,0,0,0,0,1,0,1,0,0,0,1,0
27,8,2,11788,20.5,3,5,4,3,3,3,47,0,0,28,76,6,14,4,3,0,1,0,0.222222222,1,0,2.666666667,3929.333333,0.882624769,0,2.277777778,3.25,0.5,0,0.428571429,0.666666667,1,1,2.620689655,1,1,1,1,0.333333333,0,1,0,3,0,0,1,0,0,0,0,1,1,0,1,0,0,0,0,0
42,24,16,15141,16.4,5,3,3,2,4,3,44,0,0,24,40,7,7,2,4,0,1,0,0.64,1,1,4.8,3028.2,0.975046211,0,0.656,3.0,0.816496581,0,1.0,0.28,2,3,1.6,0,1,0,1,0.16,0,1,0,2,1,1,0,0,0,0,0,1,1,0,0,1,0,0,0,0
37,0,0,5351,15.4,1,3,1,3,4,3,62,1,1,10,34,1,7,3,6,0,0,0,0.0,0,0,0.0,5351.0,0.196339434,1,15.4,2.75,1.258305739,0,0.142857143,1.0,1,3,3.090909091,0,0,0,0,6.0,0,1,0,2,1,0,1,0,0,0,1,0,1,0,0,1,0,0,0,1
39,0,0,8045,13.4,2,3,4,3,3,5,30,1,0,5,24,5,4,5,7,0,0,0,0.0,0,0,0.0,4022.5,0.304246441,1,13.4,3.75,0.957427108,0,1.25,5.0,1,4,4.0,0,-2,0,0,7.0,0,1,0,2,0,1,0,0,1,0,0,0,1,0,0,1,0,0,0,0
32,6,2,7976,14.3,4,1,1,2,4,3,45,1,0,18,46,6,9,3,4,0,1,0,0.285714286,1,0,1.5,1994.0,0.688322368,0,2.042857143,2.5,1.290994449,0,0.666666667,0.857142857,1,4,2.421052632,0,-2,0,0,0.571428571,0,0,0,2,1,0,1,1,0,0,0,0,1,0,1,0,0,0,1,1
20,2,2,12091,18.6,3,3,1,2,2,2,46,0,0,4,15,5,4,3,12,0,1,0,0.666666667,0,0,0.666666667,4030.333333,0.8974122,0,6.2,1.75,0.5,1,1.25,1.666666667,1,2,3.0,0,0,0,0,4.0,1,2,0,3,0,1,0,0,0,0,0,1,1,0,0,0,0,0,1,1
60,7,7,11674,12.2,2,4,4,4,3,3,30,1,0,17,66,6,8,5,7,1,0,1,0.875,0,0,3.5,5837.0,0.746686303,0,1.525,3.5,0.577350269,0,0.75,0.75,2,5,3.666666667,1,-1,1,0,0.875,0,1,0,3,1,1,0,0,1,0,0,0,1,0,0,0,0,1,0,0
27,2,0,6558,21.0,1,3,4,2,4,3,11,1,1,8,27,3,6,4,9,0,0,0,0.0,1,0,2.0,6558.0,0.192717584,1,7.0,3.25,0.957427108,0,0.5,1.0,0,2,3.0,0,-1,0,0,3.0,1,2,0,2,1,1,0,0,0,0,0,0,1,0,1,0,0,0,0,0
30,7,3,8708,13.3,4,3,2,3,3,4,32,0,0,27,99,2,10,3,7,0,1,0,0.375,1,0,1.75,2177.0,0.728369384,0,1.6625,3.0,0.816496581,0,0.2,0.25,0,0,3.535714286,1,0,0,0,0.875,0,1,0,1,1,0,0,0,0,0,1,0,1,0,1,0,0,0,0,0
44,1,1,4620,10.4,1,3,1,2,3,4,2,0,0,19,74,4,6,3,5,0,0,0,0.5,0,0,1.0,4620.0,0.09671381,1,5.2,2.5,1.290994449,0,0.666666667,2.0,1,2,3.7,1,0,0,0,2.5,0,2,0,1,0,1,0,0,0,0,1,0,1,0,0,1,0,0,0,1
48,20,1,14167,17.7,5,3,2,3,3,2,46,0,0,26,93,5,16,5,5,0,1,0,0.047619048,1,0,4.0,2833.4,0.98119469,0,0.842857143,2.5,0.577350269,0,0.3125,0.238095238,1,1,3.444444444,1,-2,0,0,0.238095238,0,1,0,2,1,0,1,0,0,1,0,0,1,0,0,0,1,0,0,0
31,3,0,4080,14.1,1,4,3,5,4,3,71,0,1,30,78,3,6,3,9,0,0,0,0.0,1,0,3.0,4080.0,0.053660566,1,3.525,3.75,0.957427108,0,0.5,0.75,0,0,2.516129032,1,1,1,1,2.25,1,3,0,2,0,1,0,0,0,0,1,0,0,1,1,0,0,0,0,0
46,1,1,5148,8.6,1,2,4,4,3,2,64,0,1,17,57,3,6,2,7,0,0,0,0.5,0,0,1.0,5148.0,0.100893407,1,4.3,3.25,0.957427108,0,0.5,1.5,1,1,3.166666667,0,0,0,0,3.5,0,1,0,1,1,0,1,0,0,0,0,1,1,0,0,0,1,0,1,0
45,1,1,4666,16.1,1,4,1,2,2,3,55,1,1,3,12,10,9,4,8,0,0,0,0.5,0,0,1.0,4666.0,0.024422735,1,8.05,2.0,0.816496581,1,1.111111111,5.0,0,3,3.0,0,0,1,0,4.0,1,3,1,1,0,1,0,0,0,0,0,0,1,0,0,0,1,0,1,1
51,5,4,6997,14.1,2,3,1,4,4,3,31,0,0,5,18,7,3,3,7,0,1,1,0.666666667,1,1,2.5,3498.5,0.473793677,1,2.35,3.0,1.414213562,0,2.333333333,1.166666667,0,1,3.0,0,0,0,0,1.166666667,0,2,0,3,0,1,0,0,0,0,1,0,0,1,0,0,1,0,0,0
59,3,3,7156,16.0,2,4,3,3,4,5,27,0,0,7,27,5,7,5,7,0,1,1,0.75,0,0,1.5,3578.0,0.269982238,1,4.0,3.75,0.957427108,0,0.714285714,1.25,0,1,3.375,0,-1,1,0,1.75,0,1,0,2,1,1,0,0,0,0,0,0,1,0,0,0,0,1,0,0
25,6,5,7618,12.5,2,3,4,2,3,5,21,1,1,9,25,1,2,3,5,0,1,0,0.714285714,1,1,3.0,3809.0,0.577371048,0,1.785714286,3.5,1.290994449,0,0.5,0.142857143,2,4,2.5,0,0,0,0,0.714285714,0,1,0,1,0,1,0,0,0,0,1,0,1,0,1,0,0,0,1,0
29,6,0,6809,14.4,2,3,4,2,3,3,38,1,0,6,24,4,3,3,3,0,0,0,0.0,1,0,3.0,3404.5,0.438227953,1,2.057142857,3.0,0.816496581,0,1.333333333,0.571428571,1,4,3.428571429,0,0,0,0,0.428571429,0,1,0,2,0,1,0,0,0,0,1,0,1,0,1,0,0,0,0,0
35,7,5,10493,19.0,3,2,5,2,2,2,50,0,1,22,74,3,16,4,6,0,1,0,0.625,1,1,2.333333333,3497.666667,0.621502209,0,2.375,2.75,1.5,0,0.1875,0.375,1,1,3.217391304,1,-2,0,0,0.75,0,2,0,2,0,0,1,0,1,0,0,0,1,0,0,1,0,0,0,0
32,4,3,8265,21.0,3,3,4,4,2,3,34,1,1,33,141,4,12,3,13,0,1,0,0.6,1,0,1.333333333,2755.0,0.675332779,0,4.2,3.25,0.957427108,0,0.333333333,0.8,1,3,4.147058824,1,0,0,0,2.6,1,2,0,2,0,1,0,0,0,0,1,0,1,0,1,0,0,0,1,0
36,10,0,9610,13.6,4,3,1,3,2,5,51,0,0,5,19,2,8,3,6,0,1,0,0.0,1,0,2.5,2402.5,0.717190388,0,1.236363636,2.75,1.707825128,0,0.25,0.181818182,1,1,3.166666667,0,0,0,0,0.545454545,0,0,0,1,0,1,0,0,0,0,0,1,1,0,0,1,0,0,1,0
24,5,0,13115,12.8,4,4,2,4,3,3,6,1,1,7,15,6,14,3,8,0,1,0,0.0,1,0,1.25,3278.75,0.845115366,0,2.133333333,3.0,0.816496581,0,0.428571429,1.0,0,2,1.875,0,1,1,1,1.333333333,1,1,0,2,0,1,0,0,1,0,0,0,0,0,0,0,0,0,0,0
28,0,0,4544,12.1,1,3,2,4,3,3,55,1,1,3,11,2,17,2,12,0,1,0,0.0,0,0,0.0,4544.0,0.050523722,1,12.1,3.0,0.816496581,0,0.117647059,2.0,0,2,2.75,0,1,0,1,12.0,1,2,0,2,1,0,0,0,0,0,0,1,1,0,1,0,0,0,1,1
18,0,0,9293,10.9,3,4,3,2,4,4,36,0,0,8,26,6,7,3,3,0,1,0,0.0,0,0,0.0,3097.666667,0.571492007,0,10.9,3.25,0.957427108,0,0.857142857,6.0,2,3,2.888888889,0,1,1,1,3.0,0,0,0,2,1,1,0,0,0,0,0,0,1,0,0,0,0,0,0,0
27,6,5,8201,14.1,3,3,5,1,2,4,24,1,0,2,6,2,3,2,8,0,1,0,0.714285714,1,1,2.0,2733.666667,0.664309484,0,2.014285714,3.0,1.825741858,0,0.666666667,0.285714286,0,3,2.0,0,1,0,1,1.142857143,1,2,0,2,0,0,1,0,0,0,1,0,1,0,1,0,0,0,1,0
28,1,0,6570,12.7,1,3,3,3,3,4,51,0,0,35,123,3,2,4,5,0,0,0,0.0,1,0,1.0,6570.0,0.320243363,1,6.35,3.25,0.5,0,1.5,1.5,1,2,3.416666667,1,-1,0,0,2.5,0,2,0,4,0,1,0,0,0,1,0,0,1,0,1,0,0,0,0,0
32,11,11,8233,12.1,4,3,3,2,2,3,40,0,0,13,40,5,10,3,2,0,1,0,0.916666667,0,1,2.75,2058.25,0.671173045,0,1.008333333,2.5,0.577350269,0,0.5,0.416666667,1,1,2.857142857,0,0,0,0,0.166666667,0,1,0,1,1,1,0,0,0,0,1,0,0,0,1,0,0,0,1,0
43,3,1,6770,13.3,2,2,4,4,4,3,46,1,0,16,51,1,8,5,9,0,0,0,0.25,1,0,1.5,3385.0,0.428452579,1,3.325,3.75,0.5,0,0.125,0.25,1,3,3.0,0,-3,0,0,2.25,1,2,0,3,0,0,1,0,0,0,1,0,1,0,0,1,0,0,1,0
29,11,9,13260,20.0,4,4,1,3,4,2,27,0,0,16,54,3,8,1,2,0,1,0,0.75,1,1,2.75,3315.0,0.89964476,0,1.666666667,2.5,1.290994449,0,0.375,0.25,1,1,3.176470588,0,3,1,1,0.166666667,0,1,0,2,1,0,1,0,0,0,0,0,1,0,1,0,0,0,1,0
19,1,1,8096,12.0,2,4,4,4,4,3,47,0,1,7,18,2,10,3,7,0,0,0,0.5,0,0,0.5,4048.0,0.3119784,1,6.0,3.75,0.5,0,0.2,1.0,1,1,2.25,0,1,1,1,3.5,0,1,0,2,0,0,1,0,1,0,0,0,1,0,0,0,0,0,1,0
37,1,0,8340,18.2,2,4,3,4,4,3,39,1,0,3,13,2,6,4,7,0,0,0,0.0,1,0,0.5,4170.0,0.346097202,1,9.1,3.5,0.577350269,0,0.333333333,1.0,1,3,3.25,0,0,1,0,3.5,0,1,0,2,0,1,0,0,1,0,0,0,0,0,0,1,0,0,1,0
32,14,1,14807,18.0,5,4,3,3,2,3,24,0,0,11,49,4,7,2,3,0,1,0,0.066666667,1,0,2.8,2961.4,0.993760399,0,1.2,2.75,0.5,0,0.571428571,0.266666667,0,1,4.083333333,0,2,1,1,0.2,0,0,0,3,1,0,1,0,0,0,1,0,1,0,1,0,0,0,0,0
41,4,0,7641,15.0,2,3,3,3,3,1,15,0,1,10,40,3,12,3,2,0,0,0,0.0,1,0,2.0,3820.5,0.250613648,1,3.0,2.5,1.0,0,0.25,0.6,1,1,3.636363636,0,0,0,0,0.4,0,1,0,2,1,1,0,0,1,0,0,0,0,1,0,1,0,0,0,0
36,11,9,11043,16.0,3,3,4,3,3,4,23,0,0,16,54,3,9,3,4,0,1,0,0.75,1,1,3.666666667,3681.0,0.76731794,0,1.333333333,3.5,0.577350269,0,0.333333333,0.25,2,2,3.176470588,0,0,0,0,0.333333333,0,1,0,2,1,0,1,0,0,0,0,0,1,0,0,1,0,0,0,0
51,15,5,12354,17.4,5,4,3,2,2,5,13,0,1,6,22,4,5,3,2,0,1,1,0.3125,1,1,3.0,2470.8,0.953410982,0,1.0875,3.0,1.414213562,0,0.8,0.25,0,1,3.142857143,0,1,1,1,0.125,0,1,0,2,1,0,0,0,0,0,1,0,1,0,0,0,1,0,0,0
47,6,4,8390,8.9,3,3,2,4,2,4,43,0,0,20,77,3,14,4,4,0,1,0,0.571428571,1,1,2.0,2796.666667,0.630254425,0,1.271428571,3.0,1.154700538,0,0.214285714,0.428571429,0,0,3.666666667,1,-1,0,0,0.571428571,0,2,0,2,1,1,0,0,0,1,0,0,0,0,0,0,1,0,0,0
29,11,0,10938,16.9,4,3,1,4,1,3,22,1,1,14,45,4,8,2,3,0,1,0,0.0,1,0,2.75,2734.5,0.876106195,0,1.408333333,2.25,1.5,1,0.5,0.333333333,1,3,3.0,0,1,0,1,0.25,0,1,1,2,1,0,0,0,0,1,0,0,1,0,1,0,0,0,1,1
31,6,2,8269,16.2,2,2,3,3,4,2,67,0,1,15,51,3,8,3,4,0,0,0,0.285714286,1,0,3.0,4134.5,0.336033382,1,2.314285714,3.0,0.816496581,0,0.375,0.428571429,0,0,3.1875,0,-1,0,0,0.571428571,0,1,0,2,1,0,1,0,1,0,0,0,1,0,1,0,0,0,1,0
44,3,2,10220,13.4,3,4,4,2,4,5,81,0,0,18,57,5,6,2,5,0,1,0,0.5,1,0,1.0,3406.666667,0.891447368,0,3.35,3.75,1.258305739,0,0.833333333,1.25,0,1,3.0,0,2,1,1,1.25,0,0,0,3,1,0,0,1,0,0,0,0,1,0,0,1,0,0,0,0
38,2,0,5824,10.9,1,3,2,3,4,2,69,0,0,23,73,3,16,5,2,0,0,0,0.0,1,0,2.0,5824.0,0.107015986,1,3.633333333,2.75,0.957427108,0,0.1875,1.0,0,0,3.041666667,1,-2,0,0,0.666666667,0,2,0,3,0,1,0,0,0,0,0,0,1,0,0,1,0,0,0,0
60,2,2,8509,13.8,2,3,2,3,4,1,50,1,0,42,141,5,2,3,3,0,1,1,0.666666667,0,0,1.0,4254.5,0.370520373,1,4.6,2.5,1.290994449,0,2.5,1.666666667,0,3,3.279069767,1,0,0,0,1.0,0,2,0,3,0,1,0,0,1,0,0,0,1,0,0,0,0,1,1,1
37,3,1,6507,12.0,2,3,1,2,2,4,32,0,1,6,17,1,11,3,3,0,1,0,0.25,1,0,1.5,3253.5,0.116102111,1,3.0,2.25,1.258305739,1,0.090909091,0.25,1,1,2.428571429,0,0,0,0,0.75,0,2,0,2,0,1,0,0,1,0,0,0,0,1,0,1,0,0,1,1
39,3,3,11409,10.4,3,3,3,1,3,3,85,0,1,21,80,6,14,2,3,0,1,0,0.75,0,0,1.0,3803.0,0.90210177,0,2.6,2.5,1.0,0,0.428571429,1.5,1,1,3.636363636,1,1,0,1,0.75,0,1,0,4,1,1,0,0,0,1,0,0,1,0,0,1,0,0,1,0
27,2,0,6528,18.5,2,3,3,3,4,5,33,1,0,18,54,4,9,2,7,0,0,0,0.0,1,0,1.0,3264.0,0.27202711,1,6.166666667,3.75,0.957427108,0,0.444444444,1.333333333,1,3,2.842105263,0,1,0,1,2.333333333,0,1,0,1,1,1,0,0,0,0,0,1,1,0,1,0,0,0,1,0
38,3,1,10185,15.1,2,3,4,3,3,3,13,0,0,17,61,3,2,3,4,0,1,0,0.25,1,0,1.5,5092.5,0.687611012,0,3.775,3.25,0.5,0,1.5,0.75,1,2,3.388888889,1,0,0,0,1.0,0,1,0,3,1,0,1,0,0,0,0,0,1,0,0,1,0,0,0,0
33,4,2,10277,16.4,4,4,4,3,4,3,11,0,1,13,26,2,7,3,2,0,1,0,0.4,1,0,1.0,2569.25,0.595974472,0,3.28,3.5,0.577350269,0,0.285714286,0.4,1,1,1.857142857,0,1,1,1,0.4,0,0,0,1,1,0,1,0,1,0,0,0,1,0,1,0,0,0,0,0
40,5,1,8759,12.6,3,3,3,3,3,4,43,0,1,6,20,5,8,4,4,0,1,0,0.166666667,1,0,1.666666667,2919.666667,0.735440932,0,2.1,3.25,0.5,0,0.625,0.833333333,0,1,2.857142857,0,-1,0,0,0.666666667,0,0,0,2,1,1,0,0,0,0,1,0,1,0,0,1,0,0,0,0
27,6,4,13103,17.3,4,3,4,2,1,1,47,0,1,2,6,6,7,3,5,0,1,0,0.571428571,1,1,1.5,3275.75,0.933302526,0,2.471428571,2.0,1.414213562,1,0.857142857,0.857142857,1,2,2.0,0,0,0,0,0.714285714,0,2,0,3,0,1,0,0,0,0,0,1,1,0,1,0,0,0,0,0
29,8,1,9079,18.0,3,4,4,3,1,4,60,1,0,3,6,2,4,4,7,0,1,0,0.111111111,1,0,2.666666667,3026.333333,0.649414664,0,2.0,3.0,1.414213562,0,0.5,0.222222222,1,3,1.5,0,0,1,0,0.777777778,0,0,0,2,0,1,0,0,0,0,0,1,1,0,1,0,0,0,1,0
39,0,0,8371,9.2,1,2,4,1,3,4,22,0,1,14,40,3,3,3,5,0,0,0,0.0,0,0,0.0,8371.0,0.351006382,1,9.2,3.0,1.414213562,0,1.0,3.0,2,3,2.666666667,0,-1,0,0,5.0,0,1,0,3,0,1,0,0,1,0,0,0,1,0,0,1,0,0,1,0
35,1,1,7363,15.8,1,3,3,3,3,3,44,0,0,10,38,1,7,4,7,0,0,0,0.5,0,0,1.0,7363.0,0.21539028,1,7.9,3.0,0.0,0,0.142857143,0.5,1,1,3.454545455,0,-1,0,0,3.5,0,1,0,3,1,0,1,0,1,0,0,0,1,0,0,1,0,0,0,0
41,2,2,7881,16.6,1,3,5,5,3,2,35,0,0,17,33,3,9,5,5,0,0,0,0.666666667,0,0,2.0,7881.0,0.484596426,1,5.533333333,3.75,1.5,0,0.333333333,1.0,1,1,1.833333333,0,-2,0,0,1.666666667,0,1,0,4,0,0,1,0,0,0,0,1,1,0,0,1,0,0,0,0
47,26,22,19125,13.0,5,2,2,2,4,4,31,0,0,18,74,9,14,1,8,0,1,0,0.814814815,1,1,5.2,3825.0,0.989199804,0,0.481481481,3.0,1.154700538,0,0.642857143,0.333333333,1,2,3.894736842,1,1,0,1,0.296296296,1,3,0,2,1,0,1,0,1,0,0,0,1,0,0,0,1,0,1,0
23,2,0,8316,13.9,1,3,1,4,2,3,0,0,1,2,5,2,10,3,8,0,0,0,0.0,1,0,2.0,8316.0,0.341801669,1,4.633333333,2.5,1.290994449,0,0.2,0.666666667,1,1,1.666666667,0,0,0,0,2.666666667,1,2,0,4,1,0,0,0,1,0,0,0,1,0,0,0,0,0,1,0
44,13,12,17625,17.4,5,4,3,3,4,3,11,0,1,17,47,7,10,3,5,1,1,0,0.857142857,1,0,2.6,3525.0,0.986678508,0,1.242857143,3.25,0.5,0,0.7,0.5,0,1,2.611111111,0,1,1,1,0.357142857,0,0,0,3,1,1,0,0,0,0,0,0,1,0,0,1,0,0,0,0
45,21,19,12968,11.8,5,3,4,3,2,2,29,0,1,7,33,4,8,3,4,0,1,0,0.863636364,1,1,4.2,2593.6,0.971297837,0,0.536363636,2.75,0.957427108,0,0.5,0.181818182,1,1,4.125,0,0,0,0,0.181818182,0,1,0,2,0,1,0,0,0,0,1,0,1,0,0,0,1,0,0,0
21,3,2,6004,9.6,3,3,2,5,4,3,31,1,1,7,23,3,7,3,5,0,1,0,0.5,1,0,1.0,2001.333333,0.309900166,1,2.4,3.5,1.290994449,0,0.428571429,0.75,0,2,2.875,0,0,0,0,1.25,0,1,0,1,0,0,1,0,0,0,1,0,1,0,0,0,0,0,0,0
37,5,0,11908,13.0,3,4,1,2,3,3,36,0,0,9,25,4,5,3,2,0,1,0,0.0,1,0,1.666666667,3969.333333,0.890018484,0,2.166666667,2.25,0.957427108,1,0.8,0.666666667,0,1,2.5,0,1,1,1,0.333333333,0,1,0,3,0,0,1,0,0,0,0,1,1,0,0,1,0,0,0,0
29,4,3,11495,13.7,2,3,2,3,3,3,45,0,1,36,100,5,7,3,5,0,1,0,0.6,1,0,2.0,5747.5,0.73011782,0,2.74,2.75,0.5,0,0.714285714,1.0,1,2,2.702702703,1,0,0,0,1.0,0,1,0,3,1,1,0,0,1,0,0,0,1,0,1,0,0,0,0,0
42,1,1,5280,13.1,1,3,4,5,3,3,20,0,1,19,55,3,7,3,4,0,0,0,0.5,0,0,1.0,5280.0,0.034364261,1,6.55,3.75,0.957427108,0,0.428571429,1.5,1,1,2.75,0,0,0,0,2.0,0,1,0,1,1,1,0,0,1,0,0,0,1,0,0,1,0,0,0,0
38,17,8,16004,20.5,5,4,3,4,4,3,18,0,0,12,42,5,2,4,5,0,1,0,0.444444444,1,1,3.4,3200.8,0.998355263,0,1.138888889,3.5,0.577350269,0,2.5,0.277777778,2,3,3.230769231,0,0,1,0,0.277777778,0,1,0,3,0,0,1,1,0,0,0,0,1,0,0,1,0,0,0,0
31,9,0,10701,16.4,3,3,1,3,2,3,33,0,1,35,135,7,4,4,5,0,1,0,0.0,1,0,3.0,3567.0,0.916940789,0,1.64,2.25,0.957427108,1,1.75,0.7,1,2,3.75,1,-1,0,0,0.5,0,2,0,4,0,0,1,1,0,0,0,0,0,1,1,0,0,0,0,1
37,0,0,4947,17.7,1,3,2,2,5,5,18,0,0,9,35,5,14,3,4,0,0,0,0.0,0,0,0.0,4947.0,0.07840419,1,17.7,3.5,1.732050808,0,0.357142857,5.0,1,1,3.5,0,0,0,0,4.0,0,1,0,2,0,0,1,0,0,0,0,1,1,0,0,1,0,0,1,0
26,0,0,5346,13.7,1,1,5,3,4,4,55,1,0,44,115,5,12,4,8,0,1,0,0.0,0,0,0.0,5346.0,0.06749556,1,13.7,4.0,0.816496581,0,0.416666667,5.0,1,3,2.555555556,1,-3,0,0,8.0,1,3,0,2,1,0,1,0,0,0,0,0,1,0,1,0,0,0,0,1
31,4,0,5793,16.0,2,4,2,4,4,5,39,0,0,8,29,5,17,4,4,0,1,0,0.0,1,0,2.0,2896.5,0.103019538,1,3.2,3.75,1.258305739,0,0.294117647,1.0,2,2,3.222222222,0,0,1,0,0.8,0,1,0,1,0,0,0,0,0,0,0,0,1,0,1,0,0,0,0,0
39,3,2,9320,6.3,2,1,3,4,4,4,61,1,0,15,75,1,7,3,6,0,0,0,0.5,1,0,1.5,4660.0,0.478154148,1,1.575,3.75,0.5,0,0.142857143,0.25,2,4,4.6875,1,-2,0,0,1.5,0,2,0,3,1,0,1,0,1,0,0,0,0,0,0,1,0,0,1,0
45,6,0,8661,13.1,3,4,4,5,3,2,36,0,0,32,101,1,12,5,4,1,1,0,0.0,1,0,2.0,2887.0,0.390402553,1,1.871428571,3.5,1.290994449,0,0.083333333,0.142857143,0,0,3.060606061,1,-1,1,0,0.571428571,0,2,0,2,1,0,1,0,1,0,0,0,1,0,0,0,1,0,0,0
28,4,0,7604,14.5,1,3,1,3,2,3,29,0,1,7,24,3,8,2,5,0,0,0,0.0,1,0,4.0,7604.0,0.331705151,1,2.9,2.25,0.957427108,1,0.375,0.6,1,1,3.0,0,1,0,1,1.0,0,2,0,2,0,1,0,0,0,0,0,0,1,0,1,0,0,0,1,0
33,2,1,4452,17.7,1,4,3,2,3,4,50,0,0,7,29,4,4,4,0,0,1,0,0.333333333,1,0,2.0,4452.0,0.083194676,1,5.9,3.0,0.816496581,0,1.0,1.333333333,1,2,3.625,0,0,1,0,0.0,0,1,0,1,0,0,0,0,0,0,1,0,1,0,1,0,0,0,0,0
38,20,2,18406,15.1,5,3,4,3,3,2,39,1,1,6,18,4,11,4,11,0,1,0,0.095238095,1,0,4.0,3681.2,0.984045164,0,0.719047619,3.0,0.816496581,0,0.363636364,0.19047619,2,4,2.571428571,0,-1,0,0,0.523809524,1,1,0,2,0,0,0,0,1,0,0,0,1,0,0,1,0,0,0,0
36,2,2,5090,13.4,1,3,5,3,1,4,31,0,0,15,54,4,18,2,7,0,1,0,0.666666667,0,0,2.0,5090.0,0.093807763,1,4.466666667,3.25,1.707825128,0,0.222222222,1.333333333,1,1,3.375,0,1,0,1,2.333333333,0,1,0,2,1,0,1,0,0,0,0,1,1,0,0,1,0,0,0,0
35,2,0,10136,15.7,3,5,5,1,3,4,0,0,0,14,46,7,4,4,8,0,1,0,0.0,1,0,0.666666667,3378.666667,0.68339254,0,5.233333333,3.25,1.707825128,0,1.75,2.333333333,1,2,3.066666667,0,1,1,1,2.666666667,1,1,0,2,0,0,1,0,0,0,0,0,0,1,0,1,0,0,0,0
47,5,4,7518,13.9,3,2,1,1,2,3,34,0,0,9,30,8,10,3,8,0,1,0,0.666666667,1,1,1.666666667,2506.0,0.427911275,1,2.316666667,1.75,0.957427108,1,0.8,1.333333333,1,2,3.0,0,-1,0,0,1.333333333,1,4,0,2,0,0,1,0,0,0,0,1,1,0,0,0,1,0,1,1
25,4,2,9484,12.4,4,2,5,2,3,4,39,1,0,5,14,1,10,4,8,0,1,0,0.4,1,0,1.0,2371.0,0.754977876,0,2.48,3.5,1.290994449,0,0.1,0.2,1,3,2.333333333,0,-2,0,0,1.6,1,1,0,2,0,0,1,0,0,1,0,0,0,0,1,0,0,0,1,0
33,5,5,10341,12.2,3,3,2,4,2,1,58,0,1,3,14,4,8,2,7,0,1,0,0.833333333,0,1,1.666666667,3447.0,0.60407462,0,2.033333333,2.25,1.258305739,1,0.5,0.666666667,1,1,3.5,0,1,0,1,1.166666667,0,2,0,2,1,0,1,0,1,0,0,0,0,0,1,0,0,0,1,0
48,5,3,11561,16.8,2,4,4,4,3,4,53,0,0,8,27,3,10,4,4,1,1,0,0.5,1,0,2.5,5780.5,0.736254296,0,2.8,3.75,0.5,0,0.3,0.5,1,1,3.0,0,0,1,0,0.666666667,0,0,0,3,0,0,1,0,1,0,0,0,0,0,0,0,1,0,0,0
35,0,0,4883,17.2,1,3,3,3,3,2,24,0,1,11,43,2,6,3,6,0,0,0,0.0,0,0,0.0,4883.0,0.035079929,1,17.2,2.75,0.5,0,0.333333333,2.0,1,1,3.583333333,0,0,0,0,6.0,0,1,0,2,1,1,0,0,0,0,0,0,0,1,0,1,0,0,0,0
26,5,5,7663,12.5,2,3,1,3,4,2,16,1,1,5,22,8,13,4,7,0,0,0,0.833333333,0,1,2.5,3831.5,0.526548673,0,2.083333333,2.5,1.290994449,0,0.615384615,1.333333333,2,5,3.666666667,0,-1,0,0,1.166666667,0,1,0,2,0,1,0,0,0,1,0,0,1,0,1,0,0,0,1,1
18,0,0,7300,16.4,2,4,2,3,4,1,44,1,0,7,27,5,5,2,6,0,1,0,0.0,0,0,0.0,3650.0,0.206676485,1,16.4,2.5,1.290994449,0,1.0,5.0,1,4,3.375,0,2,1,1,6.0,0,1,0,2,1,1,0,0,1,0,0,0,1,0,0,0,0,0,1,1
41,19,12,11828,18.8,5,3,1,4,3,3,24,0,0,4,12,2,10,4,3,0,1,0,0.6,1,1,3.8,2365.6,0.884781269,0,0.94,2.75,1.258305739,0,0.2,0.1,1,1,2.4,0,-1,0,0,0.15,0,1,0,1,0,1,0,0,0,0,0,1,1,0,0,1,0,0,0,0
41,3,2,6389,15.4,1,4,3,3,3,4,24,0,1,10,41,2,4,3,5,0,0,0,0.5,1,0,3.0,6389.0,0.301438053,1,3.85,3.25,0.5,0,0.5,0.5,1,1,3.727272727,0,1,1,1,1.25,0,1,0,2,1,1,0,0,0,1,0,0,1,0,0,1,0,0,0,0
30,4,0,9028,14.2,2,3,3,3,1,4,28,0,1,25,98,9,8,2,3,0,0,0,0.0,1,0,2.0,4514.0,0.643715342,0,2.84,2.75,1.258305739,0,1.125,1.8,0,1,3.769230769,1,1,0,1,0.6,0,1,0,3,1,0,0,0,0,0,0,1,1,0,1,0,0,0,0,0
27,2,1,5068,16.8,1,5,4,1,2,3,7,0,1,46,143,5,10,5,8,0,1,0,0.333333333,1,0,2.0,5068.0,0.024423171,1,5.6,2.5,1.290994449,0,0.5,1.666666667,1,1,3.042553191,1,0,1,0,2.666666667,1,3,0,1,1,1,0,0,1,0,0,0,1,0,1,0,0,0,0,0
30,0,0,5551,15.9,3,3,2,2,5,4,19,0,0,8,28,2,8,3,1,0,1,0,0.0,0,0,0.0,1850.333333,0.183075221,1,15.9,3.25,1.5,0,0.25,2.0,2,2,3.111111111,0,0,0,0,1.0,0,1,0,1,1,1,0,0,0,1,0,0,0,0,1,0,0,0,1,0
31,6,0,6803,20.7,2,4,3,4,2,2,54,1,1,18,42,7,4,1,11,1,0,0,0.0,1,0,3.0,3401.5,0.436772047,1,2.957142857,2.75,0.957427108,0,1.75,1.0,1,4,2.210526316,0,3,1,1,1.571428571,1,2,0,2,0,0,1,0,0,0,1,0,0,0,1,0,0,0,0,0
33,15,5,15445,14.9,5,3,1,4,2,3,27,1,0,5,15,5,9,1,9,0,1,0,0.3125,1,1,3.0,3089.0,0.937898871,0,0.93125,2.5,1.290994449,0,0.555555556,0.3125,1,4,2.5,0,2,0,1,0.5625,1,2,0,2,1,1,0,0,1,0,0,0,0,0,1,0,0,0,1,1
40,2,1,5307,12.0,2,3,3,3,1,2,0,0,1,14,63,6,8,4,4,0,0,0,0.333333333,1,0,1.0,2653.5,0.14795354,1,4.0,2.25,0.957427108,1,0.75,2.0,0,1,4.2,1,-1,0,0,1.333333333,0,3,0,1,0,1,0,0,0,1,0,0,1,0,0,1,0,0,1,0
39,2,0,6388,13.6,2,3,4,2,4,3,18,1,1,11,32,6,9,4,5,0,0,0,0.0,1,0,1.0,3194.0,0.366888519,1,4.533333333,3.25,0.957427108,0,0.666666667,2.0,0,3,2.666666667,0,-1,0,0,1.666666667,0,1,0,2,1,0,1,0,0,0,1,0,1,0,0,1,0,0,0,0
33,6,5,10502,16.4,3,3,3,5,3,3,53,0,1,15,53,4,8,3,0,0,1,0,0.714285714,1,1,2.0,3500.666667,0.623220422,0,2.342857143,3.5,1.0,0,0.5,0.571428571,1,1,3.3125,0,0,0,0,0.0,0,1,0,2,0,0,1,0,1,0,0,0,1,0,1,0,0,0,0,0
35,1,0,6362,12.0,1,3,1,4,2,3,17,0,1,10,19,1,7,1,3,0,0,0,0.0,1,0,1.0,6362.0,0.102724595,1,6.0,2.5,1.290994449,0,0.142857143,0.5,0,0,1.727272727,0,2,0,1,1.5,0,1,0,2,0,0,1,0,1,0,0,0,1,0,0,1,0,0,0,1
36,0,0,14043,18.9,4,5,2,3,3,3,38,0,1,24,98,2,5,5,3,0,1,0,0.0,0,0,0.0,3510.75,0.888316151,0,18.9,2.75,0.5,0,0.4,2.0,1,1,3.92,1,0,1,0,3.0,0,1,0,2,1,0,0,0,1,0,0,0,1,0,0,1,0,0,1,0
29,7,6,9128,11.8,2,5,3,5,5,3,24,0,0,20,68,6,11,4,3,0,1,0,0.75,1,1,3.5,4564.0,0.455817378,1,1.475,4.0,1.154700538,0,0.545454545,0.75,1,2,3.238095238,1,1,1,1,0.375,0,3,0,2,1,1,0,0,1,0,0,0,1,0,1,0,0,0,0,0
28,6,3,7259,11.5,2,2,4,4,3,4,56,1,0,8,23,4,2,4,7,0,0,0,0.428571429,1,0,3.0,3629.5,0.288632327,1,1.642857143,3.75,0.5,0,2.0,0.571428571,2,5,2.555555556,0,-2,0,0,1.0,0,1,0,2,1,0,1,0,0,0,0,0,1,0,1,0,0,0,0,0
42,2,2,6966,16.5,3,4,3,2,2,4,60,1,1,14,52,3,5,2,7,0,1,0,0.666666667,0,0,0.666666667,2322.0,0.395188053,1,5.5,2.75,0.957427108,0,0.6,1.0,1,4,3.466666667,0,2,1,1,2.333333333,0,1,0,1,1,1,0,0,0,1,0,0,1,0,0,1,0,0,1,0
29,2,2,5670,12.2,1,2,5,4,4,2,45,1,1,19,42,3,4,2,6,0,0,0,0.666666667,0,0,2.0,5670.0,0.053264605,1,4.066666667,3.75,1.258305739,0,0.75,1.0,0,3,2.1,0,0,0,0,2.0,0,1,0,3,0,1,0,0,1,0,0,0,1,0,1,0,0,0,0,1
41,11,2,12939,12.7,3,2,4,1,3,3,34,0,0,2,7,3,5,5,2,0,1,0,0.166666667,1,0,3.666666667,4313.0,0.835297005,0,1.058333333,2.75,1.258305739,0,0.6,0.25,1,2,2.333333333,0,-3,0,0,0.166666667,0,0,0,3,0,1,0,0,1,0,0,0,1,0,0,1,0,0,0,0
26,0,0,8806,18.6,2,4,2,4,2,3,70,0,0,9,32,2,10,4,3,0,0,0,0.0,0,0,0.0,4403.0,0.510879218,0,18.6,2.75,0.957427108,0,0.2,2.0,1,1,3.2,0,0,1,0,3.0,0,0,0,3,0,1,0,0,0,0,0,0,1,0,1,0,0,0,0,0
25,1,0,10727,11.4,2,4,3,4,1,2,39,0,0,38,116,3,8,4,5,0,0,0,0.0,1,0,0.5,5363.5,0.649975454,0,5.7,2.5,1.290994449,0,0.375,1.5,0,0,2.974358974,1,0,1,0,2.5,0,1,0,4,0,1,0,0,1,0,0,0,1,0,1,0,0,0,0,0
36,5,4,13271,11.3,4,3,3,3,4,2,43,0,1,3,11,4,3,5,9,0,1,0,0.666666667,1,1,1.25,3317.75,0.853460972,0,1.883333333,3.0,0.816496581,0,1.333333333,0.666666667,0,1,2.75,0,-2,0,0,1.5,1,2,0,2,0,0,0,0,1,0,0,0,1,0,0,1,0,0,0,0
39,3,2,8918,15.0,2,4,2,2,3,2,38,1,0,23,85,8,8,5,5,0,0,0,0.5,1,0,1.5,4459.0,0.425503191,1,3.75,2.25,0.5,1,1.0,2.0,2,5,3.541666667,1,-1,1,0,1.25,0,3,1,2,0,0,1,0,1,0,0,0,1,0,0,1,0,0,1,1
42,22,18,18387,14.7,5,4,5,4,3,3,10,0,1,20,79,2,2,3,3,0,1,0,0.782608696,1,1,4.4,3677.4,0.996611214,0,0.639130435,3.75,0.957427108,0,1.0,0.086956522,1,2,3.761904762,1,1,1,1,0.130434783,0,2,0,3,1,1,0,0,0,0,0,1,1,0,0,1,0,0,0,0
35,7,7,8121,15.4,3,3,1,2,1,5,47,0,0,13,44,4,10,2,6,0,1,0,0.875,0,1,2.333333333,2707.0,0.515095502,0,1.925,2.25,1.892969449,1,0.4,0.5,1,1,3.142857143,0,1,0,1,0.75,0,2,0,1,1,0,0,0,0,0,0,1,1,0,0,1,0,0,1,0
37,1,1,8953,16.3,2,4,2,2,1,2,37,0,1,22,87,4,14,5,3,0,0,0,0.5,0,0,0.5,4476.5,0.634473198,0,8.15,1.75,0.5,1,0.285714286,2.0,0,0,3.782608696,1,-1,1,0,1.5,0,2,0,3,0,1,0,0,0,0,0,1,0,1,0,1,0,0,1,1
39,7,5,13614,17.7,3,3,3,4,2,3,27,0,1,18,71,2,8,2,6,0,1,0,0.625,1,1,2.333333333,4538.0,0.868679431,0,2.2125,3.0,0.816496581,0,0.25,0.25,0,0,3.736842105,1,1,0,1,0.75,0,2,0,3,0,0,0,0,1,0,0,0,1,0,0,1,0,0,0,0
36,4,3,5894,14.4,1,2,5,2,3,3,36,0,0,18,79,1,11,1,9,0,1,0,0.6,1,0,4.0,5894.0,0.115452931,1,2.88,3.25,1.258305739,0,0.090909091,0.2,1,1,4.157894737,1,1,0,1,1.8,1,3,0,2,0,0,0,0,0,0,0,0,1,0,0,1,0,0,0,0
28,0,0,4708,11.1,1,4,4,2,1,3,21,0,0,15,45,5,3,3,2,0,0,0,0.0,0,0,0.0,4708.0,0.089048673,1,11.1,2.5,1.290994449,0,1.666666667,5.0,2,3,2.8125,0,1,1,1,2.0,0,1,0,2,0,1,0,0,0,1,0,0,1,0,1,0,0,0,1,0
31,6,1,6814,18.8,1,3,3,3,3,1,6,0,1,17,63,7,2,1,2,0,0,0,0.142857143,1,0,6.0,6814.0,0.30745533,1,2.685714286,2.5,1.0,0,3.5,1.0,1,2,3.5,1,2,0,1,0.285714286,0,2,0,3,1,1,0,0,0,0,0,1,0,0,1,0,0,0,0,0
46,0,0,7292,14.5,1,5,2,3,3,3,57,0,1,11,44,4,15,5,8,0,0,0,0.0,0,0,0.0,7292.0,0.389710413,1,14.5,2.75,0.5,0,0.266666667,4.0,0,0,3.666666667,0,0,1,0,8.0,1,2,0,3,1,0,1,0,0,0,0,1,1,0,0,0,1,0,0,0
47,5,1,11220,21.1,4,3,5,5,4,4,12,0,1,31,111,5,2,3,3,0,1,0,0.166666667,1,0,1.25,2805.0,0.917637271,0,3.516666667,4.5,0.577350269,0,2.5,0.833333333,0,1,3.46875,1,0,0,0,0.5,0,1,0,3,1,0,0,0,0,0,1,0,0,1,0,0,1,0,0,0
18,0,0,9202,17.0,2,3,4,2,5,4,63,0,1,15,58,4,8,3,3,0,0,0,0.0,0,0,0.0,4601.0,0.463917526,1,17.0,3.75,1.258305739,0,0.5,4.0,0,0,3.625,0,0,0,0,3.0,0,1,0,3,1,1,0,0,1,0,0,0,1,0,0,0,0,0,1,0
42,2,2,8198,22.1,1,3,5,4,3,2,28,0,0,8,27,6,11,4,5,0,0,0,0.666666667,0,0,2.0,8198.0,0.527726433,0,7.366666667,3.5,1.290994449,0,0.545454545,2.0,0,1,3.0,0,-1,0,0,1.666666667,0,0,0,3,0,0,1,0,0,0,0,1,1,0,0,1,0,0,0,0
34,1,1,5441,21.1,1,4,3,3,4,3,40,0,0,13,37,4,9,4,4,0,0,0,0.5,0,0,1.0,5441.0,0.039764359,1,10.55,3.25,0.5,0,0.444444444,2.0,2,2,2.642857143,0,0,1,0,2.0,0,1,0,2,1,1,0,0,1,0,0,0,1,0,1,0,0,0,0,0
18,0,0,8698,14.6,2,2,2,3,5,5,20,0,0,11,31,4,10,3,8,0,0,0,0.0,0,0,0.0,4349.0,0.395189003,1,14.6,3.75,1.5,0,0.4,4.0,0,0,2.583333333,0,-1,0,0,8.0,1,2,0,2,0,0,1,0,1,0,0,0,1,0,0,0,0,0,0,0
36,4,1,8210,7.0,3,2,4,5,4,3,33,0,0,12,45,2,7,4,7,0,1,0,0.2,1,0,1.333333333,2736.666667,0.530036969,0,1.4,4.0,0.816496581,0,0.285714286,0.4,0,0,3.461538462,0,-2,0,0,1.4,0,0,0,2,0,1,0,0,0,0,0,1,1,0,0,1,0,0,0,0
42,11,11,14843,12.3,4,3,2,2,3,2,36,0,0,17,45,2,5,1,6,0,1,0,0.916666667,0,1,2.75,3710.75,0.920225822,0,1.025,2.25,0.5,1,0.4,0.166666667,1,1,2.5,0,2,0,1,0.5,0,2,0,3,1,0,0,0,1,0,0,0,0,1,0,1,0,0,1,1
35,14,4,12016,13.8,3,2,3,4,4,1,65,1,0,10,37,5,12,2,6,0,1,0,0.266666667,1,1,4.666666667,4005.333333,0.774423171,0,0.92,3.0,1.414213562,0,0.416666667,0.333333333,1,3,3.363636364,0,0,0,0,0.4,0,1,0,2,1,0,1,0,1,0,0,0,0,0,0,1,0,0,0,0
38,2,0,4054,10.7,2,3,4,2,1,4,37,0,0,14,44,7,16,3,5,0,0,0,0.0,1,0,1.0,2027.0,0.087171053,1,3.566666667,2.75,1.5,0,0.4375,2.333333333,0,0,2.933333333,0,0,0,0,1.666666667,0,1,0,1,0,0,0,1,0,0,0,0,1,0,0,1,0,0,0,0
51,3,0,6730,12.1,3,2,3,3,4,3,27,1,0,35,106,2,11,3,12,0,1,1,0.0,1,0,1.0,2243.333333,0.423876872,1,3.025,3.25,0.5,0,0.181818182,0.5,0,2,2.944444444,1,-1,0,0,3.0,1,3,0,2,0,0,0,0,0,0,1,0,1,0,0,0,1,0,0,0
27,5,5,9094,12.6,4,1,3,4,3,3,46,0,0,9,40,3,4,4,1,0,1,0,0.833333333,0,1,1.25,2273.5,0.652033272,0,2.1,3.25,0.5,0,0.75,0.5,0,1,4.0,0,-3,0,0,0.166666667,0,1,0,1,1,0,1,0,0,0,0,1,0,1,1,0,0,0,0,0
28,0,0,7069,14.3,2,4,3,3,3,2,34,0,0,7,19,4,10,2,6,0,0,0,0.0,0,0,0.0,3534.5,0.347350585,1,14.3,2.75,0.5,0,0.4,4.0,0,0,2.375,0,2,1,1,6.0,0,1,0,2,0,0,1,0,0,0,0,1,1,0,1,0,0,0,0,0
45,4,3,9088,11.5,2,3,4,2,2,4,51,1,0,19,76,6,9,4,4,0,1,0,0.6,1,0,2.0,4544.0,0.450908198,1,2.3,3.0,1.154700538,0,0.666666667,1.2,1,4,3.8,1,-1,0,0,0.8,0,2,0,2,1,0,1,0,1,0,0,0,1,0,0,0,1,0,1,0
31,13,7,13686,12.4,4,4,4,3,3,5,29,0,0,7,30,8,6,3,7,1,1,0,0.5,1,0,3.25,3421.5,0.981697171,0,0.885714286,3.75,0.957427108,0,1.333333333,0.571428571,0,1,3.75,0,1,1,1,0.5,0,0,0,3,0,1,0,0,0,0,1,0,0,1,1,0,0,0,0,0
50,2,1,8395,11.1,2,3,4,3,3,3,80,0,0,3,13,1,9,3,4,0,0,1,0.333333333,1,0,1.0,4197.5,0.354688267,1,3.7,3.25,0.5,0,0.111111111,0.333333333,0,0,3.25,0,0,0,0,1.333333333,0,1,0,2,1,0,0,0,1,0,0,0,1,0,0,0,1,0,0,0
39,8,4,6977,11.9,2,3,2,3,3,3,59,1,0,3,10,4,10,2,9,0,0,0,0.444444444,1,1,4.0,3488.5,0.396570796,1,1.322222222,2.75,0.5,0,0.4,0.444444444,1,3,2.5,0,1,0,1,1.0,1,3,0,1,1,0,1,0,0,1,0,0,1,0,0,1,0,0,1,1
44,21,2,14889,12.3,5,2,3,2,3,3,9,0,0,3,7,4,2,4,7,0,1,0,0.090909091,1,0,4.2,2977.8,0.995888158,0,0.559090909,2.75,0.5,0,2.0,0.181818182,2,3,1.75,0,-2,0,0,0.318181818,0,0,0,3,1,0,1,1,0,0,0,0,1,0,0,1,0,0,0,0
40,11,6,9103,13.7,4,3,1,1,4,4,25,0,1,15,41,3,6,3,9,0,1,0,0.5,1,1,2.75,2275.75,0.808388158,0,1.141666667,2.5,1.732050808,0,0.5,0.25,2,2,2.5625,0,0,0,0,0.75,1,2,0,2,1,0,1,1,0,0,0,0,1,0,0,1,0,0,0,0
25,6,2,9220,16.0,2,4,4,2,2,4,44,0,0,18,58,5,14,2,2,0,0,0,0.285714286,1,0,3.0,4610.0,0.779950083,0,2.285714286,3.0,1.154700538,0,0.357142857,0.714285714,0,0,3.052631579,0,2,1,1,0.285714286,0,0,0,3,0,0,1,0,0,0,1,0,1,0,1,0,0,0,1,0
33,2,1,5303,15.7,2,3,4,3,4,4,63,0,1,17,57,6,10,2,4,0,0,0,0.333333333,1,0,1.0,2651.5,0.188851913,1,5.233333333,3.75,0.5,0,0.6,2.0,0,1,3.166666667,0,1,0,1,1.333333333,0,1,0,1,0,0,0,0,0,0,1,0,1,0,1,0,0,0,0,0
23,0,0,5443,14.3,1,3,4,3,2,1,48,1,0,9,33,3,7,3,8,0,0,0,0.0,0,0,0.0,5443.0,0.076820604,1,14.3,2.5,1.290994449,0,0.428571429,3.0,0,2,3.3,0,0,0,0,8.0,1,2,0,2,1,0,1,0,0,0,0,0,1,0,0,0,0,0,0,1
31,10,10,12952,15.7,4,4,4,2,3,2,60,0,0,5,15,3,11,4,5,0,1,0,0.909090909,0,1,2.5,3238.0,0.887211368,0,1.427272727,2.75,0.957427108,0,0.272727273,0.272727273,1,1,2.5,0,0,1,0,0.454545455,0,1,0,2,1,1,0,0,0,0,0,0,1,0,1,0,0,0,0,0
45,0,0,5530,16.5,1,4,3,4,4,4,43,0,0,9,29,2,13,3,6,0,0,0,0.0,0,0,0.0,5530.0,0.228369384,1,16.5,3.75,0.5,0,0.153846154,2.0,0,0,2.9,0,1,1,1,6.0,0,1,0,2,0,0,1,0,0,0,1,0,1,0,0,0,1,0,0,0
39,12,2,13399,14.4,4,4,4,3,3,3,42,0,1,18,57,6,10,3,4,1,1,0,0.153846154,1,0,3.0,3349.75,0.942390635,0,1.107692308,3.25,0.5,0,0.6,0.461538462,2,3,3.0,0,1,1,1,0.307692308,0,0,0,3,1,0,1,0,0,0,0,1,1,0,0,1,0,0,0,0
41,5,1,9500,15.1,3,3,3,2,1,4,52,0,0,20,55,2,10,2,2,0,1,0,0.166666667,1,0,1.666666667,3166.666667,0.602575488,0,2.516666667,2.5,1.290994449,0,0.2,0.333333333,2,2,2.619047619,0,1,0,1,0.333333333,0,0,0,2,0,1,0,0,0,0,0,0,1,0,0,1,0,0,1,0
39,2,2,4713,9.4,1,4,3,5,3,4,54,0,0,23,64,8,8,2,6,0,0,0,0.666666667,0,0,2.0,4713.0,0.08960177,1,3.133333333,3.75,0.957427108,0,1.0,2.666666667,1,2,2.666666667,1,2,1,1,2.0,0,2,0,2,1,1,0,0,0,1,0,0,0,0,0,1,0,0,0,0
45,0,0,5235,19.2,1,4,5,3,4,3,20,1,0,12,44,3,13,3,8,0,0,0,0.0,0,0,0.0,5235.0,0.031418753,1,19.2,3.75,0.957427108,0,0.230769231,3.0,0,2,3.384615385,0,1,1,1,8.0,1,2,0,2,0,1,0,0,1,0,0,0,1,0,0,0,1,0,0,0
42,3,2,8724,13.0,2,2,2,3,4,3,92,1,0,34,99,4,16,2,10,0,1,0,0.5,1,0,1.5,4362.0,0.39862543,1,3.25,3.0,0.816496581,0,0.25,1.0,1,3,2.828571429,1,0,0,0,2.5,1,3,0,2,1,1,0,0,1,0,0,0,1,0,0,1,0,0,0,1
39,8,2,10872,14.8,4,2,1,3,5,3,33,1,0,7,24,3,6,5,10,0,1,0,0.222222222,1,0,2.0,2718.0,0.897670549,0,1.644444444,3.0,1.632993162,0,0.5,0.333333333,2,4,3.0,0,-3,0,0,1.111111111,1,1,0,2,0,0,0,0,0,0,1,0,1,0,0,1,0,0,0,0
35,10,3,17728,16.7,4,4,2,4,4,3,39,0,0,12,46,6,4,2,9,0,1,0,0.272727273,1,0,2.5,4432.0,0.974717722,0,1.518181818,3.25,0.957427108,0,1.5,0.545454545,1,2,3.538461538,0,2,1,1,0.818181818,1,1,0,3,1,0,1,0,1,0,0,0,1,0,0,1,0,0,0,0
49,8,5,13655,18.8,4,4,5,3,4,3,22,0,1,10,35,2,2,2,3,0,1,0,0.555555556,1,1,2.0,3413.75,0.981281198,0,2.088888889,3.75,0.957427108,0,1.0,0.222222222,0,1,3.181818182,0,2,1,1,0.333333333,0,1,0,4,1,1,0,0,0,0,1,0,0,0,0,0,1,0,1,0
33,0,0,8569,11.2,2,3,2,1,3,1,17,0,1,20,65,5,9,4,5,0,0,0,0.0,0,0,0.0,4284.5,0.585027726,0,11.2,1.75,0.957427108,1,0.555555556,5.0,2,3,3.095238095,1,-1,0,0,5.0,0,2,0,2,1,1,0,0,0,0,0,1,1,0,1,0,0,0,1,1
23,1,1,5368,14.0,1,3,4,1,3,4,10,0,1,20,53,3,6,3,5,0,0,0,0.5,0,0,1.0,5368.0,0.198211314,1,7.0,3.0,1.414213562,0,0.5,1.5,1,1,2.523809524,0,0,0,0,2.5,0,1,0,2,1,1,0,0,0,0,1,0,0,1,0,0,0,0,0,0
45,12,11,11049,20.7,4,5,4,3,4,3,28,0,0,2,5,8,8,2,6,1,1,0,0.846153846,1,0,3.0,2762.25,0.768206039,0,1.592307692,3.5,0.577350269,0,1.0,0.615384615,2,3,1.666666667,0,3,1,1,0.461538462,0,0,0,1,0,1,0,0,0,0,0,0,1,0,0,0,1,0,0,0
24,2,2,6743,12.8,1,2,2,2,1,3,18,0,0,6,16,5,13,3,4,0,0,0,0.666666667,0,0,2.0,6743.0,0.14113893,1,4.266666667,2.0,0.816496581,1,0.384615385,1.666666667,0,0,2.285714286,0,-1,0,0,1.333333333,0,2,0,2,1,0,0,0,1,0,0,0,0,1,0,0,0,0,1,1
45,17,2,12370,12.4,5,4,5,2,3,3,74,1,1,12,49,4,10,5,3,1,1,0,0.111111111,1,0,3.4,2474.0,0.908194701,0,0.688888889,3.25,1.258305739,0,0.4,0.222222222,2,4,3.769230769,0,-1,1,0,0.166666667,0,0,0,1,1,1,0,0,0,0,0,1,0,0,0,0,1,0,0,0
49,0,0,7137,21.4,2,4,1,4,2,2,42,0,0,15,55,1,10,1,2,0,0,0,0.0,0,0,0.0,3568.5,0.361675909,1,21.4,2.25,1.258305739,1,0.1,1.0,1,1,3.4375,0,3,1,1,2.0,0,2,0,2,1,1,0,0,0,0,0,1,1,0,0,0,1,0,1,1
39,2,2,8019,8.6,2,4,4,2,5,1,54,1,0,17,61,3,12,3,6,0,0,0,0.666666667,0,0,1.0,4009.5,0.699013158,0,2.866666667,3.0,1.825741858,0,0.25,1.0,1,3,3.388888889,1,1,1,1,2.0,0,1,0,3,1,1,0,1,0,0,0,0,0,0,0,1,0,0,1,1
32,6,4,7999,15.5,2,3,5,4,1,3,11,0,0,24,94,8,12,4,1,0,0,0,0.571428571,1,1,3.0,3999.5,0.295778105,1,2.214285714,3.25,1.707825128,0,0.666666667,1.142857143,1,2,3.76,1,-1,0,0,0.142857143,0,3,0,2,0,1,0,0,1,0,0,0,1,0,1,0,0,0,0,0
33,2,1,8020,20.8,3,4,4,2,3,3,29,0,1,8,29,3,2,3,9,0,1,0,0.333333333,1,0,0.666666667,2673.333333,0.577986726,0,6.933333333,3.0,0.816496581,0,1.5,1.0,1,2,3.222222222,0,1,1,1,3.0,1,1,0,2,0,0,0,0,0,1,0,0,1,0,1,0,0,0,0,0
47,13,9,11201,10.6,4,3,3,2,2,3,54,0,1,34,118,4,12,4,6,0,1,0,0.642857143,1,1,3.25,2800.25,0.891039823,0,0.757142857,2.5,0.577350269,0,0.333333333,0.285714286,0,0,3.371428571,1,-1,0,0,0.428571429,0,2,0,2,1,0,0,0,0,1,0,0,1,0,0,0,1,0,0,0
27,2,1,9349,16.8,3,3,5,3,3,4,33,0,1,9,31,6,10,3,3,0,1,0,0.333333333,1,0,0.666666667,3116.333333,0.741150442,0,5.6,3.75,0.957427108,0,0.6,2.0,0,1,3.1,0,0,0,0,1.0,0,0,0,3,0,0,1,0,0,1,0,0,0,0,1,0,0,0,0,0
37,0,0,5349,9.1,1,4,1,3,3,4,4,0,1,10,43,5,8,4,3,0,0,0,0.0,0,0,0.0,5349.0,0.195923461,1,9.1,2.75,1.258305739,0,0.625,5.0,1,2,3.909090909,0,0,1,0,3.0,0,1,0,2,0,1,0,0,0,0,1,0,1,0,0,1,0,0,1,0
37,0,0,6261,13.1,2,2,5,4,4,3,37,0,1,4,13,3,5,3,1,0,0,0,0.0,0,0,0.0,3130.5,0.158969805,1,13.1,4.0,0.816496581,0,0.6,3.0,1,2,2.6,0,-1,0,0,1.0,0,1,0,2,0,0,1,0,0,0,0,0,1,0,0,1,0,0,0,0
36,3,1,9293,18.2,2,3,4,3,3,3,13,0,1,23,105,3,10,2,4,0,0,0,0.25,1,0,1.5,4646.5,0.676987061,0,4.55,3.25,0.5,0,0.3,0.75,1,1,4.375,1,1,0,1,1.0,0,1,0,3,0,1,0,0,0,0,0,1,1,0,0,1,0,0,0,0
20,0,0,4293,20.7,1,4,1,4,4,2,20,1,1,11,40,5,9,4,6,0,1,0,0.0,0,0,0.0,4293.0,0.066139767,1,20.7,2.75,1.5,0,0.555555556,5.0,1,4,3.333333333,0,0,1,0,6.0,0,1,0,2,1,0,0,0,0,0,1,0,1,0,0,0,0,0,1,1
25,4,1,7100,16.1,3,3,3,1,4,2,35,1,0,15,45,3,6,1,7,0,1,0,0.2,1,0,1.333333333,2366.666667,0.572368421,0,3.22,2.5,1.290994449,0,0.5,0.6,1,3,2.8125,0,2,0,1,1.4,0,0,0,2,0,1,0,1,0,0,0,0,1,0,1,0,0,0,1,1
42,18,2,15399,19.3,5,3,5,3,2,4,31,0,1,20,46,7,2,3,4,0,1,0,0.105263158,1,0,3.6,3079.8,0.978743068,0,1.015789474,3.5,1.290994449,0,3.5,0.368421053,1,2,2.19047619,0,0,0,0,0.210526316,0,0,0,2,1,1,0,0,0,0,0,1,1,0,0,1,0,0,0,0
29,3,3,5162,9.3,2,1,3,4,3,2,36,1,0,13,58,2,7,3,4,0,1,0,0.75,0,0,1.5,2581.0,0.169717138,1,2.325,3.0,0.816496581,0,0.285714286,0.5,1,3,4.142857143,0,-2,0,0,1.0,0,1,0,1,1,1,0,0,0,0,1,0,1,0,1,0,0,0,0,0
26,3,1,7540,8.8,2,1,4,2,4,4,8,0,0,60,146,3,7,3,6,0,0,0,0.25,1,0,1.5,3770.0,0.238831615,1,2.2,3.5,1.0,0,0.428571429,0.75,0,0,2.393442623,1,-2,0,0,1.5,0,2,0,2,0,1,0,0,1,0,0,0,1,0,1,0,0,0,1,0
35,8,5,9462,5.1,2,1,4,4,4,4,34,1,0,12,44,5,4,3,5,0,0,0,0.555555556,1,1,4.0,4731.0,0.493495336,1,0.566666667,4.0,0.0,0,1.25,0.555555556,2,5,3.384615385,0,-2,0,0,0.555555556,0,2,0,2,0,0,0,0,1,0,0,0,1,0,0,1,0,0,1,0
44,15,5,13698,15.6,5,4,4,3,3,3,16,1,1,22,94,5,8,3,11,1,1,0,0.3125,1,0,3.0,2739.6,0.948243993,0,0.975,3.25,0.5,0,0.625,0.3125,1,4,4.086956522,1,1,1,1,0.6875,1,2,0,2,1,0,0,0,0,0,0,1,0,0,0,1,0,0,0,0
35,17,11,17747,14.1,5,3,3,3,4,1,44,0,0,4,17,7,10,2,4,0,1,0,0.611111111,1,1,3.4,3549.4,0.988454707,0,0.783333333,2.75,1.258305739,0,0.7,0.388888889,2,3,3.4,0,1,0,1,0.222222222,0,1,0,3,0,1,0,0,0,0,0,0,1,0,0,1,0,0,0,0
36,3,2,8877,6.6,3,2,4,3,3,3,21,0,1,13,51,7,7,3,3,0,1,0,0.5,1,0,1.0,2959.0,0.74937604,0,1.65,3.25,0.5,0,1.0,1.75,1,2,3.642857143,0,-1,0,0,0.75,0,0,0,3,1,1,0,0,0,0,1,0,1,0,0,1,0,0,0,0
21,1,0,7089,17.1,2,5,3,4,4,2,48,0,1,12,37,4,2,4,6,0,0,0,0.0,1,0,0.5,3544.5,0.569078947,0,8.55,3.25,0.957427108,0,2.0,2.0,1,2,2.846153846,0,1,1,1,3.0,0,0,0,2,0,1,0,1,0,0,0,0,1,0,0,0,0,0,0,0
21,2,1,6547,16.5,1,5,3,5,3,3,40,0,1,11,53,3,8,3,1,0,0,0,0.333333333,1,0,2.0,6547.0,0.274491682,1,5.5,3.5,1.0,0,0.375,1.0,0,0,4.416666667,0,2,1,1,0.333333333,0,1,0,2,1,0,1,0,0,0,0,1,1,0,0,0,0,0,0,0
43,3,3,8965,17.3,2,4,2,2,1,4,20,0,0,24,86,7,2,5,9,0,0,0,0.75,0,0,1.5,4482.5,0.700221239,0,4.325,2.25,1.258305739,1,3.5,1.75,1,2,3.44,1,-1,1,0,2.25,1,3,0,3,0,1,0,0,0,1,0,0,1,0,0,1,0,0,0,1
49,8,3,8337,14.0,3,3,3,4,3,5,49,1,0,16,47,5,9,5,9,0,1,0,0.333333333,1,0,2.666666667,2779.0,0.6859401,0,1.555555556,3.75,0.957427108,0,0.555555556,0.555555556,0,3,2.764705882,0,-2,0,0,1.0,1,1,0,2,0,0,0,0,0,0,1,0,0,1,0,0,1,0,0,0
31,13,2,13513,13.4,4,3,2,4,3,4,25,0,0,12,42,2,11,3,2,0,1,0,0.142857143,1,0,3.25,3378.25,0.865611193,0,0.957142857,3.25,0.957427108,0,0.181818182,0.142857143,1,1,3.230769231,0,0,0,0,0.142857143,0,0,0,2,1,1,0,0,1,0,0,0,1,0,1,0,0,0,0,0
42,5,1,11445,16.1,3,3,3,3,3,3,13,0,0,28,72,5,11,2,8,0,1,0,0.166666667,1,0,1.666666667,3815.0,0.725454099,0,2.683333333,3.0,0.0,0,0.454545455,0.833333333,1,1,2.482758621,1,1,0,1,1.333333333,1,2,0,2,1,0,1,0,1,0,0,0,1,0,0,1,0,0,1,0
33,3,3,5001,15.6,1,4,3,1,4,4,19,1,1,8,22,6,2,3,8,0,1,0,0.75,0,0,3.0,5001.0,0.11670354,1,3.9,3.0,1.414213562,0,3.0,1.5,1,4,2.444444444,0,1,1,1,2.0,1,2,0,2,0,0,1,0,0,1,0,0,0,1,1,0,0,0,0,0
47,6,3,10753,11.9,3,3,4,3,4,4,32,1,1,9,5,8,8,4,3,0,1,0,0.428571429,1,0,2.0,3584.333333,0.921052632,0,1.7,3.75,0.5,0,1.0,1.142857143,1,4,0.5,0,-1,0,0,0.428571429,0,0,0,3,0,1,0,1,0,0,0,0,1,0,0,0,1,0,0,0
29,3,1,8393,23.6,2,3,3,4,1,4,60,0,1,16,51,6,8,4,10,0,0,0,0.25,1,0,1.5,4196.5,0.354442808,1,5.9,3.0,1.414213562,0,0.75,1.5,1,2,3.0,0,-1,0,0,2.5,1,2,0,1,1,0,0,0,1,0,0,0,1,0,1,0,0,0,0,0
44,6,4,9276,13.1,2,4,3,3,2,4,38,0,1,19,49,3,7,4,3,0,0,0,0.571428571,1,1,3.0,4638.0,0.472508591,1,1.871428571,3.0,0.816496581,0,0.428571429,0.428571429,1,1,2.45,0,0,1,0,0.428571429,0,2,0,2,1,1,0,0,1,0,0,0,1,0,0,1,0,0,0,0
49,1,0,5496,17.7,1,3,3,3,3,4,45,0,1,9,23,2,13,4,4,0,0,0,0.0,1,0,1.0,5496.0,0.22171381,1,8.85,3.25,0.5,0,0.153846154,1.0,2,2,2.3,0,-1,0,0,2.0,0,1,0,2,0,1,0,0,0,0,1,0,1,0,0,0,1,0,0,0
43,0,0,6537,15.5,1,4,3,2,2,2,46,1,1,22,66,2,8,4,11,0,0,0,0.0,0,0,0.0,6537.0,0.190053286,1,15.5,2.25,0.5,1,0.25,2.0,0,2,2.869565217,1,0,1,0,11.0,1,4,1,2,1,1,0,0,0,0,0,0,1,0,0,1,0,0,1,1
28,2,1,6243,16.3,1,4,4,2,3,3,46,0,1,11,38,6,7,2,4,0,0,0,0.333333333,1,0,2.0,6243.0,0.34172213,1,5.433333333,3.0,0.816496581,0,0.857142857,2.0,2,3,3.166666667,0,2,1,1,1.333333333,0,1,0,3,1,0,0,0,0,0,1,0,1,0,1,0,0,0,0,0
30,9,3,12725,19.8,3,3,5,3,4,1,42,0,1,29,80,5,4,2,5,0,1,0,0.3,1,0,3.0,4241.666667,0.924060382,0,1.98,3.25,1.707825128,0,1.25,0.5,1,2,2.666666667,1,1,0,1,0.5,0,1,0,3,0,1,0,0,0,0,0,1,1,0,1,0,0,0,0,0
42,1,1,4289,9.7,2,3,3,3,3,3,25,1,0,16,58,4,2,4,8,0,0,0,0.5,0,0,0.5,2144.5,0.065723794,1,4.85,3.0,0.0,0,2.0,2.0,1,4,3.411764706,0,-1,0,0,4.0,1,2,0,1,0,0,0,0,0,0,1,0,1,0,0,1,0,0,0,1
18,0,0,6711,17.6,2,4,2,2,3,3,0,0,1,14,42,3,7,3,10,0,0,0,0.0,0,0,0.0,3355.5,0.136597938,1,17.6,2.5,0.577350269,0,0.428571429,3.0,2,2,2.8,0,1,1,1,10.0,1,2,0,1,1,0,1,0,1,0,0,0,1,0,0,0,0,0,1,1
40,4,4,10236,14.7,3,3,2,4,3,4,26,1,1,31,90,5,16,4,6,0,1,0,0.8,0,1,1.333333333,3412.0,0.69160746,0,2.94,3.25,0.957427108,0,0.3125,1.0,2,4,2.8125,1,-1,0,0,1.2,0,2,0,2,1,0,0,0,0,0,0,0,1,0,0,1,0,0,1,1
34,4,1,9048,16.2,2,4,2,3,4,3,38,1,1,17,61,5,7,3,6,0,0,0,0.2,1,0,2.0,4524.0,0.545737123,0,3.24,3.0,0.816496581,0,0.714285714,1.0,0,3,3.388888889,1,1,1,1,1.2,0,1,0,2,1,0,0,0,0,0,0,0,1,0,1,0,0,0,0,0
25,1,1,7275,12.1,1,4,4,3,4,2,25,0,1,16,65,4,5,2,2,0,1,0,0.5,0,0,1.0,7275.0,0.291740675,1,6.05,3.25,0.957427108,0,0.8,2.0,1,2,3.823529412,1,2,1,1,1.0,0,2,0,3,1,1,0,0,0,0,0,0,1,0,1,0,0,0,1,0
35,0,0,4882,18.3,1,3,4,2,3,4,48,0,0,48,150,5,7,4,6,0,0,0,0.0,0,0,0.0,4882.0,0.073166975,1,18.3,3.25,0.957427108,0,0.714285714,5.0,1,2,3.06122449,1,-1,0,0,6.0,0,2,0,2,0,0,0,0,0,0,0,1,1,0,0,1,0,0,0,0
43,7,5,14342,9.1,4,2,2,5,3,4,47,0,0,11,29,4,5,2,5,0,1,0,0.625,1,1,1.75,3585.5,0.962723352,0,1.1375,3.5,1.290994449,0,0.8,0.5,0,1,2.416666667,0,0,0,0,0.625,0,1,0,4,1,0,1,0,0,0,0,1,1,0,0,1,0,0,0,0
40,11,6,11227,16.4,4,1,4,2,3,4,17,0,0,25,74,5,2,1,5,0,1,0,0.5,1,1,2.75,2806.75,0.785523979,0,1.366666667,3.25,0.957427108,0,2.5,0.416666667,0,1,2.846153846,1,0,0,0,0.416666667,0,2,0,2,0,1,0,0,0,0,0,0,1,0,0,1,0,0,0,0
26,8,0,7447,22.1,5,3,2,2,3,2,19,0,1,4,16,6,10,3,3,0,1,0,0.0,1,0,1.6,1489.4,0.622532895,0,2.455555556,2.25,0.5,1,0.6,0.666666667,0,1,3.2,0,0,0,0,0.333333333,0,1,0,1,0,1,0,1,0,0,0,0,1,0,1,0,0,0,1,0
49,5,0,11207,7.3,4,2,5,4,3,3,14,0,0,24,81,3,6,3,5,0,1,0,0.0,1,0,1.25,2801.75,0.78330373,0,1.216666667,3.75,0.957427108,0,0.5,0.5,0,0,3.24,1,-1,0,0,0.833333333,0,1,0,2,0,1,0,0,0,0,0,0,1,0,0,0,1,0,0,0
30,12,2,9997,17.8,3,3,5,3,3,2,42,1,1,28,79,4,16,4,7,0,1,0,0.153846154,1,0,4.0,3332.333333,0.562469318,0,1.369230769,3.25,1.258305739,0,0.25,0.307692308,2,4,2.724137931,1,-1,0,0,0.538461538,0,1,0,1,0,0,1,0,1,0,0,0,1,0,1,0,0,0,0,0
48,7,4,6303,17.9,1,4,1,1,1,3,8,0,1,25,88,4,6,2,2,1,0,0,0.5,1,0,7.0,6303.0,0.23844732,1,2.2375,1.5,1.0,1,0.666666667,0.5,0,1,3.384615385,1,2,1,1,0.25,0,3,0,2,0,0,1,0,0,0,0,1,1,0,0,0,1,0,1,1
36,6,0,7370,13.5,2,3,1,3,4,3,57,0,0,10,38,2,13,2,2,0,1,0,0.0,1,0,3.0,3685.0,0.609375,0,1.928571429,2.75,1.258305739,0,0.153846154,0.285714286,1,1,3.454545455,0,1,0,1,0.285714286,0,0,0,3,0,0,1,1,0,0,0,0,1,0,0,1,0,0,0,0
52,8,3,10195,12.8,4,3,4,2,2,3,55,0,1,9,41,4,13,3,5,0,1,1,0.333333333,1,0,2.0,2548.75,0.587137948,0,1.422222222,2.75,0.957427108,0,0.307692308,0.444444444,1,1,4.1,0,0,0,0,0.555555556,0,0,0,1,1,0,1,0,1,0,0,0,1,0,0,0,1,0,0,0
32,11,11,9450,18.7,3,4,4,3,4,3,39,1,0,28,138,6,4,3,4,0,1,0,0.916666667,0,1,3.666666667,3150.0,0.491899853,1,1.558333333,3.5,0.577350269,0,1.5,0.5,2,5,4.75862069,1,1,1,1,0.333333333,0,3,0,1,0,1,0,0,1,0,0,0,0,1,1,0,0,0,0,0
45,10,9,11126,14.9,4,4,3,2,1,4,60,1,0,26,32,5,6,3,8,1,1,0,0.818181818,1,0,2.5,2781.5,0.848736907,0,1.354545455,2.5,1.290994449,0,0.833333333,0.454545455,0,3,1.185185185,0,1,1,1,0.727272727,1,1,0,2,1,1,0,0,0,0,0,1,1,0,0,0,1,0,0,0
44,1,1,6711,17.8,1,4,5,3,2,2,35,1,0,8,14,10,7,4,11,0,0,0,0.5,0,0,1.0,6711.0,0.136597938,1,8.9,3.0,1.414213562,0,1.428571429,5.0,1,4,1.555555556,0,0,1,0,5.5,1,2,0,1,1,0,0,0,1,0,0,0,1,0,0,1,0,0,1,0
21,3,2,5829,10.7,1,4,1,3,5,3,21,0,0,23,51,5,7,4,7,0,0,0,0.5,1,0,3.0,5829.0,0.217920354,1,2.675,3.0,1.632993162,0,0.714285714,1.25,1,2,2.125,0,0,1,0,1.75,0,1,0,2,1,1,0,0,0,1,0,0,1,0,0,0,0,0,0,0
36,2,0,8505,15.5,2,2,4,5,2,4,18,1,0,3,11,7,9,3,8,0,0,0,0.0,1,0,1.0,4252.5,0.369661267,1,5.166666667,3.75,1.258305739,0,0.777777778,2.333333333,0,3,2.75,0,-1,0,0,2.666666667,1,2,0,3,0,1,0,0,1,0,0,0,1,0,0,1,0,0,0,0
30,8,8,8197,12.3,2,2,2,5,4,4,72,0,0,6,21,4,14,3,5,0,0,0,0.888888889,0,1,4.0,4098.5,0.327933235,1,1.366666667,3.75,1.258305739,0,0.285714286,0.444444444,0,0,3.0,0,-1,0,0,0.555555556,0,2,0,2,1,1,0,0,1,0,0,0,1,0,1,0,0,0,0,0
44,3,2,6959,16.0,3,4,3,4,3,3,32,1,0,8,34,5,17,3,3,0,1,0,0.5,1,0,1.0,2319.666667,0.466930116,1,4.0,3.25,0.5,0,0.294117647,1.25,1,3,3.777777778,0,1,1,1,0.75,0,1,0,2,0,1,0,0,0,0,1,0,1,0,0,1,0,0,0,0
48,4,1,10103,12.4,2,2,3,3,1,3,78,0,0,5,21,4,7,3,5,0,0,0,0.2,1,0,2.0,5051.5,0.576092293,0,2.48,2.5,1.0,0,0.571428571,0.8,0,1,3.5,0,-1,0,0,1.0,0,0,0,3,0,1,0,0,1,0,0,0,1,0,0,0,1,0,0,0
44,7,5,9027,8.2,3,3,3,3,5,3,31,1,1,11,30,3,14,2,8,0,1,0,0.625,1,1,2.333333333,3009.0,0.543072824,0,1.025,3.5,1.0,0,0.214285714,0.375,2,4,2.5,0,1,0,1,1.0,1,2,0,2,0,1,0,0,0,0,0,0,0,0,0,1,0,0,1,0
33,2,0,6797,12.4,3,3,5,3,2,4,45,1,0,10,33,2,12,3,10,0,1,0,0.0,1,0,0.666666667,2265.666667,0.305914972,1,4.133333333,3.5,1.290994449,0,0.166666667,0.666666667,2,4,3.0,0,0,0,0,3.333333333,1,2,0,1,1,0,1,0,0,0,0,1,1,0,1,0,0,0,0,0
27,9,8,10658,14.9,3,4,4,3,1,4,22,0,1,12,36,3,7,3,7,0,1,0,0.8,1,1,3.0,3552.666667,0.852876106,0,1.49,3.0,1.414213562,0,0.428571429,0.3,1,1,2.769230769,0,1,1,1,0.7,0,1,0,2,0,1,0,0,0,1,0,0,1,0,1,0,0,0,0,0
30,3,3,6571,14.4,1,3,1,4,3,3,20,1,1,18,45,2,4,3,7,0,0,0,0.75,0,0,3.0,6571.0,0.123465881,1,3.6,2.75,1.258305739,0,0.5,0.5,1,3,2.368421053,0,0,0,0,1.75,0,1,0,2,0,0,1,0,1,0,0,0,1,0,1,0,0,0,0,1
33,8,7,7109,13.3,2,3,4,3,4,3,56,1,1,20,47,4,4,5,7,0,0,0,0.777777778,1,1,4.0,3554.5,0.356438694,1,1.477777778,3.5,0.577350269,0,1.0,0.444444444,0,3,2.238095238,0,-2,0,0,0.777777778,0,2,0,1,0,0,1,0,0,0,0,1,0,1,1,0,0,0,1,0
28,8,7,12983,17.8,4,1,3,1,5,2,43,0,1,2,7,3,8,4,5,0,1,0,0.777777778,1,1,2.0,3245.75,0.838487973,0,1.977777778,2.75,1.707825128,0,0.375,0.333333333,0,0,2.333333333,0,-3,0,0,0.555555556,0,1,0,3,0,0,1,0,1,0,0,0,1,0,1,0,0,0,0,0
40,12,9,11176,19.4,4,4,1,3,3,1,50,1,1,12,38,6,12,3,2,1,1,0,0.692307692,1,0,3.0,2794.0,0.852279729,0,1.492307692,2.0,1.154700538,1,0.5,0.461538462,2,4,2.923076923,0,1,1,1,0.153846154,0,1,1,2,0,1,0,0,0,0,0,1,1,0,0,1,0,0,0,0
34,7,5,6889,15.6,2,4,2,2,3,4,47,1,1,15,46,5,8,3,9,0,0,0,0.625,1,1,3.5,3444.5,0.232238011,1,1.95,2.75,0.957427108,0,0.625,0.625,1,4,2.875,0,1,1,1,1.125,1,3,0,2,0,1,0,0,0,0,0,0,1,0,1,0,0,0,1,1
37,0,0,4028,21.9,1,5,3,1,4,1,34,0,1,9,37,8,7,4,8,0,1,0,0.0,0,0,0.0,4028.0,0.004172803,1,21.9,2.25,1.5,1,1.142857143,8.0,1,2,3.7,0,1,1,1,8.0,1,3,0,2,1,1,0,0,1,0,0,0,1,0,0,1,0,0,0,0
28,0,0,8933,24.3,2,5,3,3,3,4,14,0,1,13,52,5,9,3,5,0,0,0,0.0,0,0,0.0,4466.5,0.531083481,0,24.3,3.25,0.5,0,0.555555556,5.0,1,2,3.714285714,0,2,1,1,5.0,0,0,0,2,0,1,0,0,0,0,0,0,1,0,1,0,0,0,0,0
40,4,2,8933,15.9,3,4,5,3,5,5,17,1,1,6,10,5,5,3,4,0,1,0,0.4,1,0,1.333333333,2977.666667,0.631238447,0,3.18,4.5,1.0,0,1.0,1.0,1,4,1.428571429,0,1,1,1,0.8,0,0,0,2,0,1,0,0,0,0,0,1,1,0,0,1,0,0,0,0
55,9,1,12167,14.1,2,3,3,3,2,4,43,0,0,9,26,6,11,4,4,0,0,1,0.1,1,0,4.5,6083.5,0.841474245,0,1.41,3.0,0.816496581,0,0.545454545,0.6,1,2,2.6,0,-1,0,0,0.4,0,0,0,4,1,1,0,0,0,0,0,0,1,0,0,0,0,1,0,0
40,6,2,9517,13.2,3,3,4,2,4,5,46,0,1,26,102,5,15,4,4,0,1,0,0.285714286,1,0,2.0,3172.333333,0.761061947,0,1.885714286,3.75,1.258305739,0,0.333333333,0.714285714,1,1,3.777777778,1,-1,0,0,0.571428571,0,1,0,2,0,0,0,0,0,1,0,0,0,0,0,1,0,0,1,0
31,2,1,8009,15.7,2,4,4,2,3,3,30,0,1,14,55,2,12,4,4,0,1,0,0.333333333,1,0,1.0,4004.5,0.2970054,1,5.233333333,3.0,0.816496581,0,0.166666667,0.666666667,2,2,3.666666667,0,0,1,0,1.333333333,0,1,0,2,1,1,0,0,1,0,0,0,1,0,1,0,0,0,0,0
43,11,5,10636,20.8,3,4,4,3,5,4,14,0,1,13,40,1,8,1,5,1,1,0,0.416666667,1,0,3.666666667,3545.333333,0.73312611,0,1.733333333,4.0,0.816496581,0,0.125,0.083333333,0,0,2.857142857,0,3,1,1,0.416666667,0,0,0,2,1,1,0,0,0,0,0,0,1,0,0,1,0,0,0,0
48,6,1,7955,12.2,2,4,3,4,3,5,18,1,0,1,5,7,7,1,8,1,0,0,0.142857143,1,0,3.0,3977.5,0.564712389,0,1.742857143,3.75,0.957427108,0,1.0,1.0,1,4,2.5,0,3,1,1,1.142857143,1,1,0,2,1,0,1,0,0,1,0,0,1,0,0,0,1,0,0,0
32,1,0,7140,16.4,1,3,4,4,3,3,12,0,0,29,93,3,14,4,4,0,1,0,0.0,1,0,1.0,7140.0,0.187285223,1,8.2,3.5,0.577350269,0,0.214285714,1.5,1,1,3.1,1,-1,0,0,2.0,0,2,0,2,1,1,0,0,1,0,0,0,1,0,1,0,0,0,1,0
35,1,0,7594,17.2,2,3,3,5,3,4,83,0,0,13,53,2,8,2,5,0,0,0,0.0,1,0,0.5,3797.0,0.44038817,1,8.6,3.75,0.957427108,0,0.25,1.0,2,2,3.785714286,0,1,0,1,2.5,0,1,0,3,1,0,1,0,0,0,0,1,1,0,0,1,0,0,0,0
36,8,6,12001,14.6,3,4,5,5,1,4,64,1,1,7,27,4,4,4,5,0,1,0,0.666666667,1,1,2.666666667,4000.333333,0.773441335,0,1.622222222,3.75,1.892969449,0,1.0,0.444444444,1,4,3.375,0,0,1,0,0.555555556,0,1,0,2,1,1,0,0,1,0,0,0,1,0,0,1,0,0,0,0
45,6,1,8487,8.3,4,4,4,2,4,3,28,0,0,7,23,3,10,3,6,1,1,0,0.142857143,1,0,1.5,2121.75,0.704034942,0,1.185714286,3.25,0.957427108,0,0.3,0.428571429,2,2,2.875,0,1,1,1,0.857142857,0,0,0,1,1,0,0,0,0,0,1,0,1,0,0,0,1,0,0,0
23,5,3,8880,18.0,2,4,3,2,4,4,34,1,0,21,77,2,14,2,3,1,0,0,0.5,1,0,2.5,4440.0,0.419980363,1,3.0,3.25,0.957427108,0,0.142857143,0.333333333,1,3,3.5,1,2,1,1,0.5,0,2,0,1,1,0,1,0,1,0,0,0,1,0,0,0,0,0,1,0
18,0,0,9869,16.3,2,3,4,4,3,4,73,1,0,19,61,3,10,5,6,0,0,0,0.0,0,0,0.0,4934.5,0.548355425,0,16.3,3.75,0.5,0,0.3,3.0,2,4,3.05,1,-2,0,0,6.0,0,1,0,3,1,0,0,0,1,0,0,0,1,0,0,0,0,0,0,0
53,1,1,7103,21.9,3,3,4,3,2,3,58,1,0,32,98,5,10,3,3,0,1,1,0.5,0,0,0.333333333,2367.666667,0.354282193,1,10.95,3.0,0.816496581,0,0.5,2.5,1,3,2.96969697,1,0,0,0,1.5,0,2,0,1,1,1,0,0,0,0,0,1,0,0,0,0,1,0,1,0
35,9,3,9580,9.8,2,3,1,5,3,5,23,0,0,15,46,1,9,3,6,0,0,0,0.3,1,0,4.5,4790.0,0.712569316,0,0.98,3.5,1.914854216,0,0.111111111,0.1,1,1,2.875,0,0,0,0,0.6,0,0,0,2,0,1,0,0,0,0,0,1,1,0,0,1,0,0,0,0
39,10,1,11256,24.4,4,3,1,2,4,4,39,0,0,3,10,1,15,5,7,0,1,0,0.090909091,1,0,2.5,2814.0,0.857979051,0,2.218181818,2.75,1.5,0,0.066666667,0.090909091,0,0,2.5,0,-2,0,0,0.636363636,0,0,0,2,1,1,0,0,0,0,0,1,1,0,0,1,0,0,0,0
19,1,1,5863,18.0,1,4,2,5,3,1,13,0,0,11,30,8,7,3,7,0,0,0,0.5,0,0,1.0,5863.0,0.067010309,1,9.0,2.75,1.707825128,0,1.142857143,4.0,1,2,2.5,0,1,1,1,3.5,0,1,0,2,0,0,0,0,1,0,0,0,0,0,0,0,0,0,0,0
25,0,0,7146,17.3,2,3,4,2,4,3,22,0,0,25,57,7,12,4,1,0,1,0,0.0,0,0,0.0,3573.0,0.188389789,1,17.3,3.25,0.957427108,0,0.583333333,7.0,1,2,2.192307692,0,-1,0,0,1.0,0,1,0,1,1,1,0,0,1,0,0,0,0,0,1,0,0,0,0,0
48,2,2,7494,17.7,3,3,4,3,3,4,63,1,0,23,105,7,11,4,4,0,1,0,0.666666667,0,0,0.666666667,2498.0,0.496128319,1,5.9,3.5,0.577350269,0,0.636363636,2.333333333,2,5,4.375,1,-1,0,0,1.333333333,0,2,0,2,1,0,1,0,0,1,0,0,1,0,0,0,1,0,0,0
36,6,0,10107,14.1,3,3,3,4,1,4,45,0,0,42,112,1,13,3,5,0,1,0,0.0,1,0,2.0,3369.0,0.763093038,0,2.014285714,3.0,1.414213562,0,0.076923077,0.142857143,1,1,2.604651163,1,0,0,0,0.714285714,0,1,0,2,0,1,0,0,0,0,0,1,0,1,0,1,0,0,1,0
42,4,0,10453,10.8,2,3,5,2,4,4,22,0,0,23,106,3,9,3,3,0,0,0,0.0,1,0,2.0,5226.5,0.617820324,0,2.16,3.75,1.258305739,0,0.333333333,0.6,1,1,4.416666667,1,0,0,0,0.6,0,1,0,3,1,0,1,0,1,0,0,0,1,0,0,1,0,0,0,0
43,1,0,6536,17.2,2,3,4,2,3,3,0,1,1,17,52,4,7,3,6,0,0,0,0.0,1,0,0.5,3268.0,0.272951325,1,8.6,3.0,0.816496581,0,0.571428571,2.0,1,4,2.888888889,0,0,0,0,3.0,0,1,0,1,0,0,0,0,0,0,0,1,1,0,0,1,0,0,1,1
31,4,1,8281,12.0,3,2,5,3,3,4,35,0,1,10,33,5,2,4,6,0,1,0,0.2,1,0,1.333333333,2760.333333,0.547597043,0,2.4,3.75,0.957427108,0,2.5,1.0,2,3,3.0,0,-2,0,0,1.2,0,0,0,1,1,0,0,0,0,0,0,1,1,0,1,0,0,0,0,0
25,1,1,4922,20.8,1,3,1,4,3,4,21,1,0,17,52,3,7,2,5,0,0,0,0.5,0,0,1.0,4922.0,0.133319468,1,10.4,3.0,1.414213562,0,0.428571429,1.5,0,2,2.888888889,0,1,0,1,2.5,0,1,0,2,0,0,1,0,0,0,1,0,1,0,1,0,0,0,1,1
43,4,4,10642,18.0,3,2,4,2,3,3,25,0,1,23,56,1,4,3,6,0,1,0,0.8,0,1,1.333333333,3547.333333,0.73401421,0,3.6,3.0,0.816496581,0,0.25,0.2,2,2,2.333333333,0,-1,0,0,1.2,0,1,0,2,1,0,1,0,0,0,0,0,0,1,0,1,0,0,0,0
43,4,2,4674,16.8,1,2,2,3,4,3,55,0,0,10,42,4,7,3,7,0,0,0,0.4,1,0,4.0,4674.0,0.103161398,1,3.36,3.0,0.816496581,0,0.571428571,0.8,0,1,3.818181818,0,-1,0,0,1.4,0,1,0,2,1,0,0,0,0,0,1,0,1,0,0,1,0,0,1,0
31,4,0,8216,10.6,2,3,4,2,3,3,27,1,1,12,40,5,11,2,9,0,0,0,0.0,1,0,2.0,4108.0,0.531885397,0,2.12,3.0,0.816496581,0,0.454545455,1.0,1,3,3.076923077,0,1,0,1,1.8,1,1,0,3,0,1,0,0,0,0,0,1,1,0,1,0,0,0,1,1
31,4,0,5242,8.3,1,3,4,2,5,4,44,1,0,7,25,1,13,4,9,0,0,0,0.0,1,0,4.0,5242.0,0.109673444,1,1.66,3.75,1.258305739,0,0.076923077,0.2,2,4,3.125,0,-1,0,0,1.8,1,2,0,2,1,0,1,0,0,0,0,1,0,0,1,0,0,0,1,0
46,1,1,4894,7.8,1,3,4,3,5,3,25,0,1,10,36,4,4,2,5,0,0,0,0.5,0,0,1.0,4894.0,0.073937153,1,3.9,3.75,0.957427108,0,1.0,2.0,1,2,3.272727273,0,1,0,1,2.5,0,1,0,1,0,0,1,0,0,0,0,1,1,0,0,0,1,0,0,0
31,3,2,11446,14.2,3,4,2,5,2,4,15,0,1,11,32,5,2,2,4,0,1,0,0.5,1,0,1.0,3815.333333,0.725822288,0,3.55,3.25,1.5,0,2.5,1.25,1,2,2.666666667,0,2,1,1,1.0,0,0,0,2,1,1,0,0,1,0,0,0,1,0,1,0,0,0,1,0
29,2,0,11043,14.4,3,3,5,2,2,5,60,1,1,11,35,7,3,4,9,0,1,0,0.0,1,0,0.666666667,3681.0,0.682498773,0,4.8,3.5,1.732050808,0,2.333333333,2.333333333,0,3,2.916666667,0,-1,0,0,3.0,1,1,0,2,0,1,0,0,1,0,0,0,0,0,1,0,0,0,1,0
35,2,1,4720,11.6,1,2,2,1,3,5,15,0,1,8,24,4,2,3,5,0,0,0,0.333333333,1,0,2.0,4720.0,0.014482081,1,3.866666667,2.75,1.707825128,0,2.0,1.333333333,1,2,2.666666667,0,-1,0,0,1.666666667,0,1,0,1,0,1,0,0,1,0,0,0,1,0,0,1,0,0,1,0
28,2,2,9706,7.5,3,1,1,3,2,3,40,1,0,27,87,4,2,4,7,0,1,0,0.666666667,0,0,0.666666667,3235.333333,0.529332351,0,2.5,2.25,0.957427108,1,2.0,1.333333333,0,3,3.107142857,1,-3,0,0,2.333333333,0,2,1,1,1,1,0,0,1,0,0,0,1,0,1,0,0,0,1,1
28,8,4,13085,13.5,3,3,4,4,3,4,20,0,1,6,12,4,2,4,7,0,1,0,0.444444444,1,1,2.666666667,4361.666667,0.84413353,0,1.5,3.75,0.5,0,2.0,0.444444444,0,1,1.714285714,0,-1,0,0,0.777777778,0,1,0,2,0,0,1,0,1,0,0,0,1,0,1,0,0,0,0,0
42,1,1,3924,22.7,1,3,3,5,4,2,56,0,1,16,69,8,13,3,5,0,0,0,0.5,0,0,1.0,3924.0,0.076480263,1,11.35,3.5,1.290994449,0,0.615384615,4.0,2,3,4.058823529,1,0,0,0,2.5,0,2,0,2,1,0,1,1,0,0,0,0,1,0,0,1,0,0,0,0
31,5,4,8837,17.9,2,3,5,1,3,3,23,0,0,19,63,2,11,3,8,0,0,0,0.666666667,1,1,2.5,4418.5,0.619685767,0,2.983333333,3.0,1.632993162,0,0.181818182,0.333333333,2,2,3.15,1,0,0,0,1.333333333,1,3,0,3,0,0,1,0,0,0,0,1,1,0,1,0,0,0,0,0
39,0,0,6998,17.0,2,3,5,5,2,3,16,1,1,7,9,2,4,3,10,0,0,0,0.0,0,0,0.0,3499.0,0.334565619,1,17.0,3.75,1.5,0,0.5,2.0,1,3,1.125,0,0,0,0,10.0,1,2,0,2,0,1,0,0,0,0,0,1,1,0,0,1,0,0,1,0
45,9,2,7857,16.1,3,3,2,3,2,5,42,0,0,14,33,7,5,3,6,0,1,0,0.2,1,0,3.0,2619.0,0.480745533,1,1.61,3.0,1.414213562,0,1.4,0.7,1,2,2.2,0,0,0,0,0.6,0,1,0,1,0,0,1,0,0,0,0,1,0,1,0,0,1,0,0,0
34,1,0,7647,9.2,3,3,2,3,4,3,45,0,0,22,89,4,12,3,7,0,1,0,0.0,1,0,0.333333333,2549.0,0.582362729,0,4.6,3.0,0.816496581,0,0.333333333,2.0,2,2,3.869565217,1,0,0,0,3.5,0,1,0,3,1,1,0,0,0,0,1,0,1,0,1,0,0,0,0,1
27,6,1,11805,12.7,2,3,4,4,2,4,49,0,0,16,34,3,6,2,5,0,0,0,0.142857143,1,0,3.0,5902.5,0.757977418,0,1.814285714,3.5,1.0,0,0.5,0.428571429,1,1,2.0,0,1,0,1,0.714285714,0,0,0,3,1,0,1,0,1,0,0,0,0,0,1,0,0,0,0,0
43,1,1,5350,17.3,1,3,5,4,2,4,38,0,1,15,63,5,13,4,2,0,0,0,0.5,0,0,1.0,5350.0,0.036818851,1,8.65,3.75,1.258305739,0,0.384615385,2.5,0,0,3.9375,1,-1,0,0,1.0,0,2,0,2,0,0,1,0,1,0,0,0,1,0,0,1,0,0,0,0
30,0,0,8318,15.1,2,3,3,3,3,3,21,1,1,5,18,7,7,1,6,0,0,0,0.0,0,0,0.0,4159.0,0.681572379,0,15.1,3.0,0.0,0,1.0,7.0,1,4,3.0,0,2,0,1,6.0,0,0,0,2,1,1,0,0,0,0,1,0,1,0,1,0,0,0,1,1
34,3,1,7305,15.1,2,4,4,3,3,3,15,1,1,22,81,9,8,5,11,0,0,0,0.25,1,0,1.5,3652.5,0.391866913,1,3.775,3.25,0.5,0,1.125,2.25,0,3,3.52173913,1,-1,1,0,2.75,1,3,0,2,0,0,1,0,0,0,0,1,1,0,1,0,0,0,0,0
31,1,1,6141,11.7,1,3,1,5,4,4,47,0,0,8,31,1,9,3,6,0,1,0,0.5,0,0,1.0,6141.0,0.088119784,1,5.85,3.5,1.732050808,0,0.111111111,0.5,1,1,3.444444444,0,0,0,0,3.0,0,1,0,1,1,1,0,0,1,0,0,0,0,0,1,0,0,0,1,0
45,1,1,7092,16.0,2,3,4,4,3,5,65,0,0,25,113,4,10,4,3,0,0,0,0.5,0,0,0.5,3546.0,0.352125693,1,8.0,4.0,0.816496581,0,0.4,2.0,1,1,4.346153846,1,-1,0,0,1.5,0,2,0,2,1,0,0,0,0,0,0,1,1,0,0,0,1,0,0,0
34,0,0,5917,10.2,1,2,4,2,5,3,60,0,1,37,124,2,8,3,3,0,1,0,0.0,0,0,0.0,5917.0,0.119005329,1,10.2,3.5,1.290994449,0,0.25,2.0,0,0,3.263157895,1,-1,0,0,3.0,0,2,0,3,0,1,0,0,0,0,0,0,0,1,1,0,0,0,1,0
38,7,5,8371,16.4,3,3,2,2,3,3,28,1,0,56,150,2,3,3,7,0,1,0,0.625,1,1,2.333333333,2790.333333,0.351006382,1,2.05,2.5,0.577350269,0,0.666666667,0.25,1,4,2.631578947,1,0,0,0,0.875,0,3,0,1,0,0,1,0,1,0,0,0,0,1,0,1,0,0,1,1
60,4,3,7143,13.5,3,2,5,1,4,3,27,1,0,13,40,7,2,4,8,0,1,1,0.6,1,0,1.333333333,2381.0,0.49750416,1,2.7,3.25,1.707825128,0,3.5,1.4,0,3,2.857142857,0,-2,0,0,1.6,1,2,0,2,1,1,0,0,0,0,1,0,1,0,0,0,0,1,0,0
42,7,5,7748,9.0,2,4,3,1,2,2,3,1,1,3,11,4,3,4,5,1,0,0,0.625,1,0,3.5,3874.0,0.59608985,0,1.125,2.0,0.816496581,1,1.333333333,0.5,0,3,2.75,0,0,1,0,0.625,0,1,1,3,1,1,0,0,0,0,1,0,1,0,0,1,0,0,1,0
38,10,0,8849,15.8,3,2,4,1,3,2,42,0,0,19,70,2,13,2,6,0,1,0,0.0,1,0,3.333333333,2949.666667,0.621226124,0,1.436363636,2.5,1.290994449,0,0.153846154,0.181818182,0,0,3.5,1,0,0,0,0.545454545,0,1,0,2,0,1,0,0,0,0,0,1,1,0,0,1,0,0,1,0
37,5,0,15045,13.4,5,2,3,2,3,3,52,0,1,23,76,3,2,4,1,0,1,0,0.0,1,0,1.0,3009.0,0.92562592,0,2.233333333,2.75,0.5,0,1.5,0.5,2,3,3.166666667,1,-2,0,0,0.166666667,0,1,0,2,1,0,1,0,1,0,0,0,1,0,0,1,0,0,1,0
38,2,0,8656,18.0,2,3,3,4,2,3,0,0,0,28,76,4,9,3,10,0,1,0,0.0,1,0,1.0,4328.0,0.596272335,0,6.0,3.0,0.816496581,0,0.444444444,1.333333333,1,1,2.620689655,1,0,0,0,3.333333333,1,2,0,4,0,0,1,0,0,0,0,1,1,0,0,1,0,0,0,0
60,14,11,11383,22.2,4,3,2,5,2,5,29,0,0,15,42,3,5,3,2,0,1,1,0.733333333,1,1,3.5,2845.75,0.864294516,0,1.48,3.5,1.732050808,0,0.6,0.2,2,3,2.625,0,0,0,0,0.133333333,0,1,0,2,1,0,1,0,0,0,0,1,1,0,0,0,0,1,0,0
31,1,1,3364,17.2,2,3,3,3,3,3,52,0,0,52,139,5,15,3,5,0,0,0,0.5,0,0,0.5,1682.0,0.021214642,1,8.6,3.0,0.0,0,0.333333333,2.5,0,0,2.622641509,1,0,0,0,2.5,0,2,0,2,0,1,0,0,0,0,1,0,1,0,1,0,0,0,0,0
41,14,13,15925,13.1,5,4,4,3,4,3,43,0,0,32,99,5,16,3,3,0,1,0,0.866666667,1,1,2.8,3185.0,0.949189985,0,0.873333333,3.5,0.577350269,0,0.3125,0.333333333,1,1,3.0,1,1,1,1,0.2,0,2,0,2,0,1,0,0,1,0,0,0,0,1,0,1,0,0,0,0
49,0,0,5807,11.9,1,3,4,3,2,3,34,0,0,11,44,8,13,4,3,0,0,0,0.0,0,0,0.0,5807.0,0.103463588,1,11.9,3.0,0.816496581,0,0.615384615,8.0,2,3,3.666666667,0,-1,0,0,3.0,0,1,0,2,0,0,1,0,0,0,0,0,0,1,0,0,1,0,1,0
36,4,4,10984,14.7,3,3,2,5,2,3,10,0,0,18,65,3,4,4,2,0,1,0,0.8,0,1,1.333333333,3661.333333,0.879424779,0,2.94,3.0,1.414213562,0,0.75,0.6,2,3,3.421052632,1,-1,0,0,0.4,0,2,0,3,1,1,0,0,0,1,0,0,1,0,0,1,0,0,1,0
34,1,0,7151,15.4,1,4,1,3,4,1,49,0,0,8,27,3,7,3,4,0,1,0,0.0,1,0,1.0,7151.0,0.189862543,1,7.7,2.25,1.5,1,0.428571429,1.5,1,1,3.0,0,1,1,1,2.0,0,2,0,2,1,1,0,0,1,0,0,0,0,1,1,0,0,0,1,1
29,4,4,7623,14.7,2,4,5,1,4,1,22,0,0,37,84,1,2,3,3,0,0,0,0.8,0,1,2.0,3811.5,0.247913598,1,2.94,2.75,2.061552813,0,0.5,0.2,0,0,2.210526316,1,1,1,1,0.6,0,3,0,2,1,1,0,0,1,0,0,0,1,0,1,0,0,0,1,0
46,2,0,7789,16.0,2,5,3,3,3,3,16,0,0,6,16,3,8,4,2,0,0,0,0.0,1,0,1.0,3894.5,0.267795778,1,5.333333333,3.0,0.0,0,0.375,1.0,1,1,2.285714286,0,1,1,1,0.666666667,0,1,0,1,1,0,0,0,1,0,0,0,1,0,0,0,1,0,0,0
32,8,0,9503,18.0,4,3,5,4,4,5,37,1,1,6,13,3,10,4,3,0,1,0,0.0,1,0,2.0,2375.75,0.802828619,0,2.0,4.5,0.577350269,0,0.3,0.333333333,1,3,1.857142857,0,-1,0,0,0.333333333,0,0,0,1,1,1,0,0,0,0,1,0,1,0,1,0,0,0,0,0
34,10,8,14632,18.1,3,2,3,4,3,3,40,1,0,19,67,5,2,3,5,0,1,0,0.727272727,1,1,3.333333333,4877.333333,0.944493783,0,1.645454545,3.25,0.5,0,2.5,0.454545455,1,4,3.35,1,-1,0,0,0.454545455,0,2,0,4,1,1,0,0,0,0,0,0,0,1,1,0,0,0,0,0
30,12,8,13652,17.4,3,4,2,3,5,4,39,0,0,6,23,5,15,4,8,1,1,0,0.615384615,1,0,4.0,4550.666667,0.871747668,0,1.338461538,3.5,1.290994449,0,0.333333333,0.384615385,1,1,3.285714286,0,0,1,0,0.615384615,1,1,0,3,0,0,1,0,1,0,0,0,1,0,1,0,0,0,0,0
46,22,10,12890,14.9,5,3,5,2,4,2,79,0,0,5,16,5,5,3,6,0,1,0,0.434782609,1,1,4.4,2578.0,0.968801997,0,0.647826087,3.25,1.5,0,1.0,0.217391304,1,2,2.666666667,0,0,0,0,0.260869565,0,1,0,1,0,0,0,0,0,0,1,0,1,0,0,0,1,0,0,0
28,5,3,7012,17.2,2,4,4,4,4,4,46,0,0,32,113,2,8,2,4,0,1,0,0.5,1,0,2.5,3506.0,0.403484513,1,2.866666667,4.0,0.0,0,0.25,0.333333333,1,1,3.424242424,1,2,1,1,0.666666667,0,2,0,1,0,1,0,0,0,1,0,0,1,0,1,0,0,0,1,0
27,7,1,7215,14.7,2,3,5,1,5,1,40,0,1,10,44,1,10,3,3,0,0,0,0.125,1,0,3.5,3607.5,0.279529307,1,1.8375,3.0,2.309401077,0,0.1,0.125,2,2,4.0,0,0,0,0,0.375,0,1,0,2,1,1,0,0,0,0,0,0,0,0,1,0,0,0,1,0
42,9,4,10804,19.2,3,4,2,3,3,4,84,0,1,25,87,2,9,4,10,1,1,0,0.4,1,0,3.0,3601.333333,0.745115453,0,1.92,3.0,0.816496581,0,0.222222222,0.2,1,1,3.346153846,1,0,1,0,1.0,1,2,0,2,0,1,0,0,0,0,0,0,1,0,0,1,0,0,0,0
44,9,2,13033,19.0,3,4,3,3,2,3,15,0,1,12,23,5,8,4,5,0,1,0,0.2,1,0,3.0,4344.333333,0.840697104,0,1.9,2.75,0.5,0,0.625,0.5,0,1,1.769230769,0,0,1,0,0.5,0,0,0,3,0,0,1,0,1,0,0,0,0,1,0,1,0,0,0,0
35,3,0,13096,16.5,4,2,3,4,3,3,0,0,1,27,108,6,4,4,7,0,1,0,0.0,1,0,0.75,3274.0,0.844378989,0,4.125,3.25,0.5,0,1.5,1.5,0,1,3.857142857,1,-2,0,0,1.75,0,1,0,2,0,1,0,0,1,0,0,0,1,0,0,1,0,0,0,0
45,0,0,6374,19.7,1,4,2,2,2,2,65,0,0,13,28,6,8,3,3,0,0,0,0.0,0,0,0.0,6374.0,0.247073321,1,19.7,2.0,0.0,1,0.75,6.0,2,3,2.0,0,1,1,1,3.0,0,2,0,2,1,1,0,0,0,0,0,1,0,0,0,0,1,0,1,1
29,4,1,11129,18.1,3,3,3,1,3,3,59,0,1,9,24,3,7,1,3,0,1,0,0.2,1,0,1.333333333,3709.666667,0.887721239,0,3.62,2.5,1.0,0,0.428571429,0.6,2,2,2.4,0,2,0,1,0.6,0,0,0,3,1,1,0,0,0,1,0,0,1,0,1,0,0,0,0,0
54,6,5,9866,18.4,3,5,3,3,3,4,52,0,0,15,55,3,3,1,6,1,1,1,0.714285714,1,0,2.0,3288.666667,0.547741777,0,2.628571429,3.25,0.5,0,1.0,0.428571429,0,1,3.4375,0,4,1,1,0.857142857,0,0,0,2,1,1,0,0,1,0,0,0,1,0,0,0,1,0,0,0
39,5,5,9561,17.9,3,5,1,3,4,5,39,0,0,28,90,8,7,5,5,1,1,0,0.833333333,0,0,1.666666667,3187.0,0.710720887,0,2.983333333,3.25,1.707825128,0,1.142857143,1.333333333,0,1,3.103448276,1,0,1,0,0.833333333,0,1,0,2,1,0,1,0,0,0,0,1,1,0,0,1,0,0,0,0
46,4,4,11122,13.8,3,2,1,3,2,3,30,0,1,16,63,3,8,4,5,0,1,0,0.8,0,1,1.333333333,3707.333333,0.912229617,0,2.76,2.25,0.957427108,1,0.375,0.6,2,2,3.705882353,1,-2,0,0,1.0,0,3,0,3,0,1,0,0,0,0,1,0,0,0,0,0,1,0,1,0
34,3,2,10261,14.5,3,4,3,3,4,3,45,1,0,37,107,3,7,4,3,0,1,0,0.5,1,0,1.0,3420.333333,0.594256259,0,3.625,3.25,0.5,0,0.428571429,0.75,1,3,2.815789474,1,0,1,0,0.75,0,1,0,2,1,0,0,0,1,0,0,0,1,0,1,0,0,0,0,0
32,8,7,15596,13.0,4,4,3,4,4,2,13,0,0,3,11,5,11,4,5,0,1,0,0.777777778,1,1,2.0,3899.0,0.981515712,0,1.444444444,3.25,0.957427108,0,0.454545455,0.555555556,2,2,2.75,0,0,1,0,0.555555556,0,1,0,4,1,1,0,0,0,0,0,1,0,0,1,0,0,0,0,0
25,3,2,8825,15.8,3,3,2,4,1,3,34,0,0,11,32,5,2,2,3,0,1,0,0.5,1,0,1.0,2941.666667,0.618299445,0,3.95,2.5,1.290994449,0,2.5,1.25,1,2,2.666666667,0,1,0,1,0.75,0,0,0,2,0,0,1,0,0,0,0,1,1,0,1,0,0,0,0,0
40,5,2,5658,11.3,2,3,1,2,4,3,19,0,1,13,32,3,8,4,5,0,1,0,0.333333333,1,0,2.5,2829.0,0.155884165,1,1.883333333,2.5,1.290994449,0,0.375,0.5,0,0,2.285714286,0,-1,0,0,0.833333333,0,1,0,2,0,0,0,0,0,0,0,1,1,0,0,1,0,0,0,0
45,1,1,9619,16.7,3,3,4,2,5,4,24,0,0,7,22,4,9,4,7,0,1,0,0.5,0,0,0.333333333,3206.333333,0.718268638,0,8.35,3.75,1.258305739,0,0.444444444,2.0,1,1,2.75,0,-1,0,0,3.5,0,0,0,2,1,1,0,0,0,0,0,1,1,0,0,0,1,0,0,0
48,2,0,5145,14.5,2,4,4,2,3,5,42,0,1,20,100,2,4,3,7,0,0,0,0.0,1,0,1.0,2572.5,0.1004313,1,4.833333333,3.5,1.290994449,0,0.5,0.666666667,1,1,4.761904762,1,1,1,1,2.333333333,0,2,0,1,0,0,1,0,0,0,0,1,1,0,0,0,1,0,0,0
35,1,0,3300,16.2,1,4,1,5,2,4,43,0,0,26,89,7,4,4,4,0,1,0,0.0,1,0,1.0,3300.0,0.018302829,1,8.1,3.0,1.825741858,0,1.75,3.5,1,2,3.296296296,1,0,1,0,2.0,0,2,0,1,0,0,1,0,0,0,1,0,1,0,0,1,0,0,0,1
35,4,0,8374,11.4,2,3,2,3,4,3,0,0,0,9,22,2,2,3,5,0,0,0,0.0,1,0,2.0,4187.0,0.351742759,1,2.28,3.0,0.816496581,0,1.0,0.4,1,2,2.2,0,0,0,0,1.0,0,1,0,2,0,0,1,0,1,0,0,0,1,0,0,1,0,0,0,0
31,2,2,5969,13.8,1,1,4,2,4,2,0,0,0,19,68,2,6,3,2,0,0,0,0.666666667,0,0,2.0,5969.0,0.365953947,1,4.6,3.0,1.154700538,0,0.333333333,0.666666667,1,1,3.4,1,-2,0,0,0.666666667,0,2,0,4,0,0,1,1,0,0,0,0,0,0,1,0,0,0,0,0
44,9,5,11835,17.1,3,4,2,5,3,4,42,1,1,13,34,4,2,3,6,0,1,0,0.5,1,1,3.0,3945.0,0.760922926,0,1.71,3.5,1.290994449,0,2.0,0.4,0,3,2.428571429,0,1,1,1,0.6,0,1,0,2,1,1,0,0,1,0,0,0,0,0,0,1,0,0,1,0
27,6,5,8438,18.1,2,5,3,4,3,4,44,1,0,21,59,3,6,3,5,1,0,0,0.714285714,1,0,3.0,4219.0,0.696339434,0,2.585714286,3.5,0.577350269,0,0.5,0.428571429,1,3,2.681818182,0,2,1,1,0.714285714,0,0,0,2,1,0,1,0,0,0,1,0,1,0,1,0,0,0,0,0
31,3,2,8054,14.2,1,4,4,3,3,3,51,1,1,20,53,5,3,2,3,0,0,0,0.5,1,0,3.0,8054.0,0.305596465,1,3.55,3.25,0.5,0,1.666666667,1.25,0,3,2.523809524,0,2,1,1,0.75,0,1,0,3,1,0,1,0,1,0,0,0,1,0,1,0,0,0,0,0
45,4,2,9874,13.4,2,3,3,4,2,4,44,1,1,29,73,3,2,2,7,0,0,0,0.4,1,0,2.0,4937.0,0.647424512,0,2.68,3.25,0.957427108,0,1.5,0.6,0,3,2.433333333,1,1,0,1,1.4,0,1,0,2,1,0,0,0,0,0,0,0,1,0,0,0,1,0,1,0
28,7,6,11305,19.8,2,5,1,2,1,2,20,0,1,9,30,5,12,4,5,0,0,0,0.75,1,1,3.5,5652.5,0.712076583,0,2.475,1.5,0.577350269,1,0.416666667,0.625,1,1,3.0,0,1,1,1,0.625,0,2,0,3,0,0,1,0,1,0,0,0,1,0,1,0,0,0,1,0
46,4,0,9883,10.8,1,4,3,4,3,2,44,0,1,35,139,5,5,4,7,0,1,0,0.0,1,0,4.0,9883.0,0.648756661,0,2.16,3.0,0.816496581,0,1.0,1.0,1,2,3.861111111,1,0,1,0,1.4,0,1,0,3,0,0,1,0,0,0,0,0,1,0,0,0,1,0,0,0
47,0,0,4791,14.9,2,4,4,3,3,4,56,0,0,2,6,2,15,4,5,0,0,0,0.0,0,0,0.0,2395.5,0.117720466,1,14.9,3.5,0.577350269,0,0.133333333,2.0,0,0,2.0,0,0,1,0,5.0,0,1,0,1,1,0,1,0,0,0,1,0,0,0,0,0,1,0,0,0
40,5,4,11379,12.3,3,2,3,3,4,4,39,0,0,7,24,3,8,1,2,0,1,0,0.666666667,1,1,1.666666667,3793.0,0.863832409,0,2.05,3.5,0.577350269,0,0.375,0.5,0,0,3.0,0,1,0,1,0.333333333,0,1,0,3,0,0,1,0,0,0,0,1,1,0,0,1,0,0,1,0
50,11,8,10486,15.9,3,3,4,3,4,1,47,1,0,15,61,4,5,4,2,0,1,1,0.666666667,1,1,3.666666667,3495.333333,0.840154867,0,1.325,3.0,1.414213562,0,0.8,0.333333333,1,4,3.8125,1,-1,0,0,0.166666667,0,2,0,2,1,0,1,0,0,1,0,0,1,0,0,0,1,0,0,0
37,1,1,8326,15.9,2,2,3,4,4,4,46,1,0,58,144,8,14,4,5,0,0,0,0.5,0,0,0.5,4163.0,0.552988293,0,7.95,3.75,0.5,0,0.571428571,4.0,2,5,2.440677966,1,-2,0,0,2.5,0,1,0,3,0,0,1,0,0,0,0,1,1,0,0,1,0,0,1,0
32,14,8,12865,13.5,3,4,3,4,1,4,32,0,1,11,43,6,9,1,10,0,1,0,0.533333333,1,1,4.666666667,4288.333333,0.829774178,0,0.9,3.0,1.414213562,0,0.666666667,0.4,0,1,3.583333333,0,3,1,1,0.666666667,1,2,0,2,1,1,0,0,1,0,0,0,1,0,1,0,0,0,0,0
27,4,2,9587,14.6,3,3,1,3,1,3,43,0,1,5,22,3,13,4,8,0,1,0,0.4,1,0,1.333333333,3195.666667,0.772123894,0,2.92,2.0,1.154700538,1,0.230769231,0.6,0,0,3.666666667,0,-1,0,0,1.6,1,2,0,2,0,0,1,0,0,1,0,0,1,0,1,0,0,0,0,0
44,4,3,9009,15.8,3,4,2,3,4,3,40,1,0,7,17,1,8,1,6,0,1,0,0.6,1,0,1.333333333,3003.0,0.803453947,0,3.16,3.0,0.816496581,0,0.125,0.2,1,3,2.125,0,3,1,1,1.2,0,0,0,2,1,1,0,1,0,0,0,0,1,0,0,1,0,0,0,0
39,2,0,7301,12.5,2,3,4,3,3,3,36,1,0,16,41,4,8,4,4,0,0,0,0.0,1,0,1.0,3650.5,0.390942699,1,4.166666667,3.25,0.5,0,0.5,1.333333333,0,2,2.411764706,0,-1,0,0,1.333333333,0,1,0,3,1,0,0,0,0,0,0,1,1,0,0,1,0,0,1,0
36,3,2,7646,11.3,2,2,4,3,3,3,33,0,0,24,77,2,7,4,10,0,0,0,0.5,1,0,1.5,3823.0,0.337255773,1,2.825,3.25,0.5,0,0.285714286,0.5,1,1,3.08,1,-2,0,0,2.5,1,3,0,2,1,1,0,0,0,0,0,0,1,0,0,1,0,0,0,0
29,11,10,11883,16.1,4,3,2,3,3,3,9,0,1,12,43,3,2,3,4,0,1,0,0.833333333,1,1,2.75,2970.75,0.9421797,0,1.341666667,2.75,0.5,0,1.5,0.25,2,3,3.307692308,0,0,0,0,0.333333333,0,1,0,2,1,0,1,0,0,0,1,0,1,0,1,0,0,0,0,0
37,1,0,9053,17.3,1,4,3,3,3,1,42,0,0,11,36,7,12,2,5,0,0,0,0.0,1,0,1.0,9053.0,0.546625222,0,8.65,2.5,1.0,0,0.583333333,3.5,0,1,3.0,0,2,1,1,2.5,0,0,0,4,1,1,0,0,0,0,0,0,0,0,0,1,0,0,1,0
35,11,4,13800,15.5,5,4,4,3,3,3,1,0,0,2,7,8,10,5,4,0,1,0,0.333333333,1,1,2.2,2760.0,0.987664474,0,1.291666667,3.25,0.5,0,0.8,0.666666667,0,1,2.333333333,0,-1,1,0,0.333333333,0,1,0,4,0,0,0,1,0,0,0,0,1,0,0,1,0,0,0,0
29,8,2,13560,16.8,4,3,3,3,2,4,24,1,0,15,62,3,7,2,9,0,1,0,0.222222222,1,0,2.0,3390.0,0.945471349,0,1.866666667,3.0,0.816496581,0,0.428571429,0.333333333,1,3,3.875,1,1,0,1,1.0,1,2,0,2,1,0,1,0,0,0,0,1,1,0,1,0,0,0,0,0
37,8,3,11871,22.4,3,3,3,2,4,2,49,1,0,22,40,3,13,3,5,0,1,0,0.333333333,1,0,2.666666667,3957.0,0.763868434,0,2.488888889,2.75,0.957427108,0,0.230769231,0.333333333,0,2,1.739130435,0,0,0,0,0.555555556,0,0,0,2,0,0,1,0,1,0,0,0,1,0,0,1,0,0,0,0
43,6,4,11695,11.6,4,3,4,4,5,2,28,0,1,12,42,2,10,3,5,0,1,0,0.571428571,1,1,1.5,2923.75,0.813055062,0,1.657142857,3.75,1.258305739,0,0.2,0.285714286,1,1,3.230769231,0,0,0,0,0.714285714,0,1,0,2,0,0,0,0,0,0,0,0,1,0,0,1,0,0,0,0
27,2,2,8803,18.6,2,4,4,3,5,3,51,0,0,12,36,5,10,3,6,0,0,0,0.666666667,0,0,1.0,4401.5,0.614602588,0,6.2,3.75,0.957427108,0,0.5,1.666666667,1,1,2.769230769,0,1,1,1,2.0,0,0,0,3,1,1,0,0,0,0,0,1,0,1,1,0,0,0,0,0
18,0,0,4782,17.3,1,3,3,3,3,4,13,1,0,19,60,4,9,3,11,0,1,0,0.0,0,0,0.0,4782.0,0.015832106,1,17.3,3.25,0.5,0,0.444444444,4.0,1,3,3.0,0,0,0,0,11.0,1,2,0,1,0,1,0,0,1,0,0,0,1,0,0,0,0,0,0,0
39,1,0,2478,13.7,1,2,4,2,4,1,35,0,0,12,41,3,3,3,4,0,0,0,0.0,1,0,1.0,2478.0,0.00249584,1,6.85,2.75,1.5,0,1.0,1.5,0,1,3.153846154,0,-1,0,0,2.0,0,1,0,1,1,0,1,0,0,0,1,0,1,0,0,1,0,0,1,0
30,7,5,9174,18.1,3,4,3,3,3,3,30,0,1,28,90,7,8,3,3,0,1,0,0.625,1,1,2.333333333,3058.0,0.661891559,0,2.2625,3.0,0.0,0,0.875,0.875,2,3,3.103448276,1,1,1,1,0.375,0,2,0,2,1,0,1,0,0,0,0,1,1,0,1,0,0,0,0,0
46,5,3,10096,19.8,2,5,2,2,3,3,19,0,0,4,12,2,14,4,6,0,0,0,0.5,1,0,2.5,5048.0,0.574864998,0,3.3,2.5,0.577350269,0,0.142857143,0.333333333,1,1,2.4,0,1,1,1,1.0,0,0,0,3,1,1,0,0,1,0,0,0,1,0,0,0,1,0,0,0
46,5,3,8476,20.5,3,4,3,2,4,5,31,0,0,9,25,3,6,2,3,0,1,0,0.5,1,0,1.666666667,2825.333333,0.702163062,0,3.416666667,3.5,1.290994449,0,0.5,0.5,1,1,2.5,0,2,1,1,0.5,0,0,0,2,0,0,1,0,0,0,1,0,0,0,0,0,1,0,0,0
50,3,0,5827,14.2,1,3,4,5,5,3,50,0,0,14,45,2,9,3,6,0,0,1,0.0,1,0,3.0,5827.0,0.174522489,1,3.55,4.25,0.957427108,0,0.222222222,0.5,0,0,3.0,0,0,0,0,1.5,0,1,0,1,1,1,0,0,0,0,0,1,1,0,0,0,1,0,0,0
23,3,1,7408,15.5,2,3,3,3,3,3,14,1,1,17,44,2,2,3,5,0,0,0,0.25,1,0,1.5,3704.0,0.304174067,1,3.875,3.0,0.0,0,1.0,0.5,1,4,2.444444444,0,0,0,0,1.25,0,1,0,1,0,0,1,0,0,0,0,0,1,0,0,0,0,0,0,0
31,5,4,6794,11.7,2,4,2,1,2,2,30,0,1,47,150,4,2,2,4,0,0,0,0.666666667,1,1,2.5,3397.0,0.304990758,1,1.95,1.75,0.5,1,2.0,0.666666667,2,3,3.125,1,2,1,1,0.666666667,0,4,0,2,1,0,1,0,0,0,0,1,1,0,1,0,0,0,1,1
34,11,5,13746,15.0,3,4,5,4,4,4,21,0,0,57,150,5,6,4,4,0,1,0,0.416666667,1,1,3.666666667,4582.0,0.91651865,0,1.25,4.25,0.5,0,0.833333333,0.416666667,2,3,2.586206897,1,0,1,0,0.333333333,0,2,0,3,1,0,1,0,0,0,0,0,1,0,1,0,0,0,0,0
54,2,2,4554,12.2,1,2,3,4,3,2,43,0,0,4,13,4,13,2,7,0,0,1,0.666666667,0,0,2.0,4554.0,0.011782032,1,4.066666667,3.0,0.816496581,0,0.307692308,1.333333333,2,2,2.6,0,0,0,0,2.333333333,0,1,0,1,0,0,1,0,1,0,0,0,1,0,0,0,1,0,0,0
24,0,0,9130,14.9,2,5,2,3,4,4,40,0,0,33,90,1,8,3,3,0,0,0,0.0,0,0,0.0,4565.0,0.554174067,0,14.9,3.25,0.957427108,0,0.125,1.0,1,1,2.647058824,1,2,1,1,3.0,0,1,0,3,1,1,0,0,0,0,0,0,1,0,0,0,0,0,0,1
35,3,2,7261,15.2,2,3,4,2,4,4,25,0,0,7,28,7,8,3,3,0,0,0,0.5,1,0,1.5,3630.5,0.45409292,1,3.8,3.5,1.0,0,0.875,1.75,1,2,3.5,0,0,0,0,0.75,0,1,0,2,1,0,1,0,0,1,0,0,1,0,0,1,0,0,1,0
27,1,1,9421,14.5,2,4,4,3,4,3,36,0,0,11,30,11,8,3,4,0,0,0,0.5,0,0,0.5,4710.5,0.489690722,1,7.25,3.5,0.577350269,0,1.375,5.5,0,1,2.5,0,1,1,1,2.0,0,1,0,2,1,1,0,0,1,0,0,0,1,0,1,0,0,0,0,0
28,10,0,15721,9.1,4,1,1,3,3,3,63,0,0,20,62,2,9,3,9,0,1,0,0.0,1,0,2.5,3930.25,0.943544428,0,0.827272727,2.5,1.0,0,0.222222222,0.181818182,2,2,2.952380952,1,-2,0,0,0.818181818,1,2,0,3,0,1,0,0,1,0,0,0,1,0,1,0,0,0,0,0
39,0,0,8496,14.6,1,4,2,3,3,4,30,1,0,14,61,2,10,3,4,0,0,0,0.0,0,0,0.0,8496.0,0.462255773,1,14.6,3.0,0.816496581,0,0.2,2.0,2,4,4.066666667,1,1,1,1,4.0,0,2,0,4,1,1,0,0,0,0,0,0,1,0,0,1,0,0,0,1
48,5,0,10564,13.6,2,3,2,1,2,4,44,1,0,2,6,10,8,4,12,0,0,0,0.0,1,0,2.5,5282.0,0.727353464,0,2.266666667,2.25,1.258305739,1,1.25,1.666666667,1,4,2.0,0,-1,0,0,2.0,1,2,1,3,0,0,1,0,0,0,0,0,1,0,0,0,1,0,1,1
21,0,0,6520,13.9,2,3,2,2,2,2,30,0,0,8,24,2,3,5,3,0,0,0,0.0,0,0,0.0,3260.0,0.458881579,1,13.9,2.0,0.0,1,0.666666667,2.0,0,1,2.666666667,0,-2,0,0,3.0,0,2,0,3,0,1,0,1,0,0,0,0,1,0,0,0,0,0,1,1
52,3,0,6492,12.2,1,2,3,2,3,3,45,0,0,11,35,7,7,3,5,0,0,1,0.0,1,0,3.0,6492.0,0.26663586,1,3.05,2.75,0.5,0,1.0,1.75,1,2,2.916666667,0,-1,0,0,1.25,0,1,0,2,1,1,0,0,0,0,0,1,1,0,0,0,1,0,0,0
41,3,2,6680,15.0,1,4,3,2,3,4,28,0,1,10,35,3,12,3,9,0,0,0,0.5,1,0,3.0,6680.0,0.290973506,1,3.75,3.0,0.816496581,0,0.25,0.75,1,1,3.181818182,0,1,1,1,2.25,1,2,0,3,0,1,0,0,0,0,0,1,1,0,0,1,0,0,0,0
26,7,2,11043,9.5,2,3,2,4,4,5,21,0,0,25,48,5,10,3,5,0,0,0,0.25,1,0,3.5,5521.5,0.841343192,0,1.1875,3.75,1.258305739,0,0.5,0.625,1,1,1.846153846,0,0,0,0,0.625,0,0,0,4,1,1,0,0,0,0,0,1,1,0,1,0,0,0,1,0
18,0,0,9769,17.6,2,3,3,2,3,3,64,1,0,14,53,3,11,4,7,0,0,0,0.0,0,0,0.0,4884.5,0.638099467,0,17.6,2.75,0.5,0,0.272727273,3.0,2,4,3.533333333,0,-1,0,0,7.0,0,0,0,3,0,1,0,0,0,0,0,0,1,0,0,0,0,0,1,1
40,1,1,7063,22.9,2,3,2,3,4,3,80,1,1,9,18,2,9,1,9,0,0,0,0.5,0,0,0.5,3531.5,0.177344134,1,11.45,3.0,0.816496581,0,0.222222222,1.0,0,2,1.8,0,2,0,1,4.5,1,2,0,1,1,0,1,0,1,0,0,0,1,0,0,1,0,0,1,1
30,2,2,7645,22.2,2,4,3,3,3,5,30,1,0,2,8,3,2,4,2,0,0,0,0.666666667,0,0,1.0,3822.5,0.336589698,1,7.4,3.5,1.0,0,1.5,1.0,2,5,2.666666667,0,0,1,0,0.666666667,0,1,0,2,0,1,0,0,0,0,0,0,1,0,1,0,0,0,0,0
28,6,5,8772,14.0,2,4,4,5,3,3,41,0,0,10,30,5,10,3,3,0,0,0,0.714285714,1,1,3.0,4386.0,0.610597659,0,2.0,3.75,0.957427108,0,0.5,0.714285714,1,1,2.727272727,0,1,1,1,0.428571429,0,1,0,2,1,0,1,0,0,0,0,1,1,0,1,0,0,0,0,0
46,2,0,9181,17.0,2,3,4,2,3,3,27,0,0,8,18,7,11,2,5,0,0,0,0.0,1,0,1.0,4590.5,0.819901316,0,5.666666667,3.0,0.816496581,0,0.636363636,2.333333333,2,3,2.0,0,1,0,1,1.666666667,0,0,0,4,0,1,0,1,0,0,0,0,1,0,0,0,1,0,0,0
32,1,0,8127,13.2,1,3,3,3,3,1,41,0,0,31,90,2,8,4,9,0,0,0,0.0,1,0,1.0,8127.0,0.516173752,0,6.6,2.5,1.0,0,0.25,1.0,0,0,2.8125,1,-1,0,0,4.5,1,2,0,3,0,0,1,0,0,0,0,1,1,0,1,0,0,0,0,0
39,1,0,5867,15.8,2,3,3,2,4,3,49,1,0,12,48,1,5,4,5,0,0,0,0.0,1,0,0.5,2933.5,0.284733777,1,7.9,3.0,0.816496581,0,0.2,0.5,1,3,3.692307692,0,-1,0,0,2.5,0,1,0,2,1,1,0,0,0,0,1,0,1,0,0,1,0,0,1,1
39,8,4,11211,11.8,3,2,1,3,4,3,36,1,0,4,12,4,15,2,6,0,1,0,0.444444444,1,1,2.666666667,3737.0,0.855668515,0,1.311111111,2.75,1.258305739,0,0.266666667,0.444444444,0,2,2.4,0,0,0,0,0.666666667,0,1,0,3,0,0,1,0,0,0,0,1,1,0,0,1,0,0,1,0
34,9,7,8487,15.3,3,3,2,4,3,3,23,0,0,14,49,1,8,3,7,0,1,0,0.7,1,1,3.0,2829.0,0.576093654,0,1.53,3.0,0.816496581,0,0.125,0.1,1,1,3.266666667,0,0,0,0,0.7,0,1,0,1,0,1,0,0,0,0,0,1,1,0,1,0,0,0,0,0
34,0,0,4123,17.3,1,2,4,4,2,3,52,0,1,22,49,4,11,2,3,0,1,0,0.0,0,0,0.0,4123.0,0.02711029,1,17.3,3.25,0.957427108,0,0.363636364,4.0,1,1,2.130434783,0,0,0,0,3.0,0,1,0,2,1,1,0,0,0,0,0,1,1,0,1,0,0,0,0,0
44,1,1,5017,17.5,2,3,5,4,2,4,55,0,0,16,39,5,2,4,5,0,0,0,0.5,0,0,0.5,2508.5,0.085951941,1,8.75,3.75,1.258305739,0,2.5,2.5,2,3,2.294117647,0,-1,0,0,2.5,0,1,0,1,1,0,1,0,0,0,0,1,1,0,0,1,0,0,0,0
44,1,1,6418,17.2,1,3,3,4,3,3,52,0,1,17,76,5,8,5,6,0,0,0,0.5,0,0,1.0,6418.0,0.176287744,1,8.6,3.25,0.5,0,0.625,2.5,2,3,4.222222222,1,-2,0,0,3.0,0,2,0,3,0,0,1,0,0,0,0,0,1,0,0,1,0,0,1,0
37,5,3,8713,16.0,4,4,2,3,3,4,47,0,1,4,13,5,7,3,5,0,1,0,0.5,1,0,1.25,2178.25,0.602433765,0,2.666666667,3.0,0.816496581,0,0.714285714,0.833333333,0,1,2.6,0,1,1,1,0.833333333,0,0,0,1,0,1,0,0,0,0,0,1,1,0,0,1,0,0,0,0
39,1,1,7881,14.4,1,5,2,3,3,3,40,0,0,16,51,3,6,4,3,0,0,0,0.5,0,0,1.0,7881.0,0.280805106,1,7.2,2.75,0.5,0,0.5,1.5,1,1,3.0,0,1,1,1,1.5,0,1,0,2,0,1,0,0,1,0,0,0,1,0,0,1,0,0,0,0
20,2,0,7746,12.6,2,3,1,2,3,3,18,1,1,11,48,3,11,4,3,0,0,0,0.0,1,0,1.0,3873.0,0.354795737,1,4.2,2.25,0.957427108,1,0.272727273,1.0,0,2,4.0,0,-1,0,0,1.0,0,2,1,2,1,1,0,0,0,0,0,0,1,0,0,0,0,0,1,1
36,2,0,7451,18.6,2,4,4,2,3,3,62,0,0,12,45,6,8,3,2,0,0,0,0.0,1,0,1.0,3725.5,0.552828619,0,6.2,3.0,0.816496581,0,0.75,2.0,1,2,3.461538462,0,1,1,1,0.666666667,0,0,0,3,1,0,1,0,0,0,1,0,1,0,0,1,0,0,0,0
25,3,2,8107,8.1,2,3,2,4,2,4,51,1,1,17,36,4,7,2,2,0,0,0,0.5,1,0,1.5,4053.5,0.590154867,0,2.025,3.0,1.154700538,0,0.571428571,1.0,1,4,2.0,0,1,0,1,0.5,0,0,0,3,0,0,1,0,0,1,0,0,0,0,1,0,0,0,1,1
27,3,0,7384,17.1,1,4,2,3,4,3,36,0,1,23,69,9,8,3,8,0,0,0,0.0,1,0,3.0,7384.0,0.405422058,1,4.275,3.0,0.816496581,0,1.125,2.25,1,2,2.875,1,1,1,1,2.0,1,3,0,2,0,0,1,0,0,0,0,1,0,1,1,0,0,0,0,0
51,1,1,6275,8.4,1,3,3,3,3,4,10,0,0,7,25,6,7,3,6,0,0,1,0.5,0,0,1.0,6275.0,0.097201767,1,4.2,3.25,0.5,0,0.857142857,3.0,1,2,3.125,0,0,0,0,3.0,0,1,0,2,1,0,1,0,1,0,0,0,1,0,0,0,1,0,0,0
35,5,5,5991,11.6,1,3,5,2,1,3,23,0,1,11,37,5,6,1,9,0,0,0,0.833333333,0,1,5.0,5991.0,0.307612313,1,1.933333333,2.75,1.707825128,0,0.833333333,0.833333333,2,3,3.083333333,0,2,0,1,1.5,1,3,0,2,1,0,1,0,0,0,1,0,0,0,0,1,0,0,1,1
32,3,3,8101,11.6,2,2,2,2,2,3,77,0,0,20,85,7,11,4,5,0,0,0,0.75,0,0,1.5,4050.5,0.649750416,0,2.9,2.25,0.5,1,0.636363636,1.75,1,2,4.047619048,1,-2,0,0,1.25,0,2,0,2,0,0,1,0,0,0,1,0,0,1,1,0,0,0,0,1
32,5,0,6495,16.7,1,4,3,4,3,4,43,0,0,11,27,3,3,3,4,0,1,0,0.0,1,0,5.0,6495.0,0.267097967,1,2.783333333,3.5,0.577350269,0,1.0,0.5,2,3,2.25,0,1,1,1,0.666666667,0,1,0,2,1,1,0,0,0,0,0,1,1,0,1,0,0,0,0,0
33,1,0,7822,17.7,1,4,2,2,3,3,35,1,1,3,12,2,5,3,9,0,0,0,0.0,1,0,1.0,7822.0,0.272950417,1,8.85,2.5,0.577350269,0,0.4,1.0,1,3,3.0,0,1,1,1,4.5,1,2,0,3,1,1,0,0,1,0,0,0,0,0,1,0,0,0,1,1
44,3,1,6409,14.6,1,4,3,2,3,4,47,0,0,4,13,3,11,5,5,0,0,0,0.25,1,0,3.0,6409.0,0.252926679,1,3.65,3.0,0.816496581,0,0.272727273,0.75,1,1,2.6,0,-1,1,0,1.25,0,1,0,2,0,1,0,0,0,0,0,1,0,1,0,1,0,0,0,0
24,6,3,15946,14.8,4,2,4,4,5,3,50,1,1,15,46,4,10,2,7,0,1,0,0.428571429,1,0,1.5,3986.5,0.949680903,0,2.114285714,4.0,0.816496581,0,0.4,0.571428571,2,4,2.875,0,0,0,0,1.0,0,0,0,3,1,0,1,0,1,0,0,0,0,0,0,0,0,0,1,0
35,6,1,9631,18.1,3,3,5,2,4,4,33,0,1,18,50,8,2,3,2,0,1,0,0.142857143,1,0,2.0,3210.333333,0.719346888,0,2.585714286,3.75,1.258305739,0,4.0,1.142857143,1,2,2.631578947,0,0,0,0,0.285714286,0,0,0,2,0,0,1,0,0,0,0,1,0,1,0,1,0,0,0,0
33,2,2,11151,15.6,2,4,2,3,4,3,43,0,1,3,12,1,7,4,14,0,0,0,0.666666667,0,0,1.0,5575.5,0.777975133,0,5.2,3.0,0.816496581,0,0.142857143,0.333333333,2,2,3.0,0,0,1,0,4.666666667,1,1,0,4,0,0,1,0,0,0,0,0,1,0,1,0,0,0,1,0
29,2,1,9050,17.2,2,3,5,3,4,3,49,0,1,32,150,2,6,2,4,0,0,0,0.333333333,1,0,1.0,4525.0,0.446612666,1,5.733333333,3.75,0.957427108,0,0.333333333,0.666666667,1,1,4.545454545,1,1,0,1,1.333333333,0,2,0,2,0,1,0,0,1,0,0,0,1,0,1,0,0,0,1,0
35,11,7,13111,17.3,4,3,4,1,4,3,17,0,1,8,15,5,10,5,5,0,1,0,0.583333333,1,1,2.75,3277.75,0.934072705,0,1.441666667,3.0,1.414213562,0,0.5,0.416666667,2,2,1.666666667,0,-2,0,0,0.416666667,0,1,0,3,0,0,1,0,0,0,0,1,0,0,0,1,0,0,1,0
30,3,2,8874,14.5,3,3,5,3,3,2,40,0,0,18,73,1,12,3,4,0,1,0,0.5,1,0,1.0,2958.0,0.624460875,0,3.625,3.25,1.258305739,0,0.083333333,0.25,1,1,3.842105263,1,0,0,0,1.0,0,1,0,2,0,1,0,0,0,0,0,1,1,0,1,0,0,0,0,0
30,2,2,7354,15.8,2,3,2,5,3,4,59,0,0,3,9,6,2,3,6,0,0,0,0.666666667,0,0,1.0,3677.0,0.534109817,0,5.266666667,3.5,1.290994449,0,3.0,2.0,1,2,2.25,0,0,0,0,2.0,0,0,0,2,1,1,0,0,0,0,1,0,0,0,1,0,0,0,0,0
43,8,6,10712,12.2,5,4,1,4,3,3,64,1,1,10,17,4,7,4,4,1,1,0,0.666666667,1,0,1.6,2142.4,0.917763158,0,1.355555556,2.75,1.258305739,0,0.571428571,0.444444444,1,4,1.545454545,0,0,1,0,0.444444444,0,0,0,1,0,1,0,1,0,0,0,0,1,0,0,1,0,0,0,0
45,7,0,6503,17.9,2,3,5,5,4,1,25,0,0,3,8,4,10,1,7,0,0,0,0.0,1,0,3.5,3251.5,0.268022181,1,2.2375,3.75,1.892969449,0,0.4,0.5,1,1,2.0,0,2,0,1,0.875,0,1,0,1,0,0,0,0,0,0,0,1,0,1,0,0,1,0,0,0
40,3,1,7390,18.2,2,4,3,3,2,3,40,1,0,35,132,5,13,3,5,0,0,0,0.25,1,0,1.5,3695.0,0.407270487,1,4.55,2.75,0.5,0,0.384615385,1.25,2,4,3.666666667,1,1,1,1,1.25,0,2,0,1,1,0,1,0,0,0,0,1,1,0,0,1,0,0,0,0
18,0,0,2271,11.1,1,4,1,4,1,3,53,1,1,8,28,2,12,2,5,0,0,0,0.0,0,0,0.0,2271.0,0.001644737,1,11.1,2.25,1.5,1,0.166666667,2.0,1,3,3.111111111,0,2,1,1,5.0,0,2,1,1,1,0,0,1,0,0,0,0,1,0,0,0,0,0,1,1
38,1,0,7902,20.7,3,4,4,1,4,2,72,1,0,6,19,3,3,3,10,0,1,0,0.0,1,0,0.333333333,2634.0,0.622296173,0,10.35,2.75,1.5,0,1.0,1.5,0,3,2.714285714,0,1,1,1,5.0,1,1,0,2,0,0,1,0,0,0,1,0,0,1,0,1,0,0,0,0
27,9,7,13422,20.6,4,5,3,3,2,5,33,0,0,3,8,5,8,3,5,1,1,0,0.7,1,0,2.25,3355.5,0.907637655,0,2.06,3.25,1.258305739,0,0.625,0.5,1,2,2.0,0,2,1,1,0.5,0,0,0,2,0,0,1,0,0,0,0,0,0,1,1,0,0,0,0,0
31,4,3,9025,17.1,3,3,5,3,3,4,63,0,0,11,26,7,10,3,6,0,1,0,0.6,1,0,1.333333333,3008.333333,0.707964602,0,3.42,3.75,0.957427108,0,0.7,1.4,0,1,2.166666667,0,0,0,0,1.2,0,0,0,3,1,1,0,0,0,1,0,0,0,1,1,0,0,0,0,0
32,5,0,8973,13.7,2,3,3,4,3,4,23,0,0,10,21,2,5,3,6,0,0,0,0.0,1,0,2.5,4486.5,0.757695507,0,2.283333333,3.5,0.577350269,0,0.4,0.333333333,2,2,1.909090909,0,0,0,0,1.0,0,0,0,4,1,0,1,0,0,0,1,0,0,1,1,0,0,0,0,0
18,0,0,8210,11.9,2,2,2,5,3,3,34,0,1,21,59,5,2,4,5,0,1,0,0.0,0,0,0.0,4105.0,0.422513321,1,11.9,3.25,1.258305739,0,2.5,5.0,1,2,2.681818182,0,-2,0,0,5.0,0,1,0,2,1,1,0,0,0,0,0,0,1,0,0,0,0,0,1,0
26,8,1,7916,22.3,3,5,5,2,2,3,33,0,0,7,25,2,5,4,2,0,1,0,0.111111111,1,0,2.666666667,2638.666667,0.48952557,1,2.477777778,3.0,1.414213562,0,0.4,0.222222222,2,2,3.125,0,1,1,1,0.222222222,0,1,0,1,1,1,0,0,0,0,0,1,1,0,1,0,0,0,0,0
40,6,5,8514,17.2,3,3,4,3,3,4,51,0,1,13,49,3,6,2,7,0,1,0,0.714285714,1,1,2.0,2838.0,0.707570715,0,2.457142857,3.5,0.577350269,0,0.5,0.428571429,1,1,3.5,0,1,0,1,1.0,0,1,0,2,0,0,1,0,0,0,1,0,0,1,0,1,0,0,0,0
31,11,11,12971,16.8,4,4,2,1,2,3,42,1,0,2,7,3,7,3,7,1,1,0,0.916666667,0,0,2.75,3242.75,0.837997054,0,1.4,2.0,0.816496581,1,0.428571429,0.25,0,2,2.333333333,0,1,1,1,0.583333333,0,1,1,2,1,1,0,0,1,0,0,0,0,0,1,0,0,0,1,0
31,7,5,12368,14.3,4,3,3,3,4,4,53,0,1,37,120,3,8,3,4,0,1,0,0.625,1,1,1.75,3092.0,0.954658902,0,1.7875,3.5,0.577350269,0,0.375,0.375,0,0,3.157894737,1,0,0,0,0.5,0,2,0,2,0,0,1,0,0,0,1,0,1,0,1,0,0,0,1,0
32,12,10,8419,12.4,4,3,4,3,5,3,11,1,1,9,22,4,2,2,5,0,1,0,0.769230769,1,1,3.0,2104.75,0.693219634,0,0.953846154,3.75,0.957427108,0,2.0,0.307692308,2,5,2.2,0,1,0,1,0.384615385,0,1,0,1,0,1,0,0,0,0,1,0,1,0,1,0,0,0,0,0
48,10,0,11324,16.3,3,4,2,5,4,1,38,0,0,20,88,5,2,4,3,0,1,0,0.0,1,0,3.333333333,3774.666667,0.714531173,0,1.481818182,3.0,1.825741858,0,2.5,0.454545455,1,2,4.19047619,1,0,1,0,0.272727273,0,1,0,1,0,0,1,0,1,0,0,0,1,0,0,0,1,0,0,0
29,11,1,15756,15.6,5,3,3,2,5,3,15,0,0,18,49,4,6,4,7,0,1,0,0.083333333,1,0,2.2,3151.2,0.997532895,0,1.3,3.25,1.258305739,0,0.666666667,0.333333333,1,2,2.578947368,0,-1,0,0,0.583333333,0,0,0,4,1,0,1,1,0,0,0,0,1,0,1,0,0,0,0,0
31,3,3,7820,16.7,2,4,1,4,3,3,27,0,0,13,50,4,14,3,6,0,0,0,0.75,0,0,1.5,3910.0,0.27221404,1,4.175,2.75,1.258305739,0,0.285714286,1.0,1,1,3.571428571,0,1,1,1,1.5,0,1,0,1,1,1,0,0,1,0,0,0,1,0,1,0,0,0,0,0
38,2,2,6510,16.0,2,4,4,4,2,2,22,0,0,7,14,1,10,3,4,0,0,0,0.666666667,0,0,1.0,3255.0,0.269254467,1,5.333333333,3.0,1.154700538,0,0.1,0.333333333,1,1,1.75,0,1,1,1,1.333333333,0,1,0,2,1,0,0,0,0,0,0,1,1,0,0,1,0,0,0,0
32,0,0,8139,11.4,2,2,4,3,5,5,27,0,0,11,32,2,10,5,3,0,0,0,0.0,0,0,0.0,4069.5,0.656821963,0,11.4,4.25,0.957427108,0,0.2,2.0,0,0,2.666666667,0,-3,0,0,3.0,0,0,0,3,1,0,1,0,0,0,1,0,1,0,1,0,0,0,1,0
38,0,0,4792,19.5,2,5,2,3,4,3,56,1,1,14,35,2,13,2,7,0,0,0,0.0,0,0,0.0,2396.0,0.166118421,1,19.5,3.0,0.816496581,0,0.153846154,2.0,1,3,2.333333333,0,3,1,1,7.0,0,1,0,2,1,1,0,1,0,0,0,0,1,0,0,1,0,0,0,1
44,3,0,6888,17.9,2,3,3,4,3,4,67,0,0,21,66,6,16,3,6,0,0,0,0.0,1,0,1.5,3444.0,0.454450915,1,4.475,3.5,0.577350269,0,0.375,1.5,1,1,3.0,1,0,0,0,1.5,0,2,0,3,0,0,1,0,0,0,1,0,1,0,0,1,0,0,0,0
23,1,0,7377,16.4,2,2,3,4,2,4,31,1,1,9,31,2,10,3,9,0,0,0,0.0,1,0,0.5,3688.5,0.301953819,1,8.2,3.25,0.957427108,0,0.2,1.0,1,3,3.1,0,-1,0,0,4.5,1,2,0,3,1,1,0,0,0,0,0,0,1,0,0,0,0,0,1,0
23,1,1,8475,17.9,2,3,3,4,1,3,45,0,0,3,11,6,3,3,5,0,0,0,0.5,0,0,0.5,4237.5,0.36622484,1,8.95,2.75,1.258305739,0,2.0,3.0,1,2,2.75,0,0,0,0,2.5,0,1,0,2,0,1,0,0,1,0,0,0,1,0,0,0,0,0,0,0
43,1,0,3647,12.6,1,3,4,3,4,2,32,1,0,12,39,5,6,2,2,0,0,0,0.0,1,0,1.0,3647.0,0.01263093,1,6.3,3.25,0.957427108,0,0.833333333,2.5,1,4,3.0,0,1,0,1,1.0,0,1,0,1,0,1,0,0,0,0,0,1,0,1,0,1,0,0,0,1
54,10,5,12026,14.2,3,4,2,3,1,4,32,1,0,13,40,7,10,1,13,0,1,1,0.454545455,1,1,3.333333333,4008.666667,0.831705151,0,1.290909091,2.5,1.290994449,0,0.7,0.636363636,2,5,2.857142857,0,3,1,1,1.181818182,1,2,0,2,0,1,0,0,0,0,0,0,1,0,0,0,1,0,0,1
39,9,2,13326,18.1,4,3,4,2,1,3,29,0,0,19,57,3,8,5,10,0,1,0,0.2,1,0,2.25,3331.5,0.902753108,0,1.81,2.5,1.290994449,0,0.375,0.3,0,0,2.85,0,-2,0,0,1.0,1,1,0,2,1,1,0,0,0,0,0,0,1,0,0,1,0,0,0,0
32,7,5,10302,11.5,3,3,3,3,1,2,31,1,1,8,18,4,9,4,6,0,1,0,0.625,1,1,2.333333333,3434.0,0.863976705,0,1.4375,2.25,0.957427108,1,0.444444444,0.5,1,3,2.0,0,-1,0,0,0.75,0,2,1,3,1,1,0,0,0,0,1,0,1,0,1,0,0,0,1,0
40,2,0,5196,14.1,1,3,3,2,2,4,46,1,1,20,59,3,5,5,7,0,0,0,0.0,1,0,2.0,5196.0,0.173876872,1,4.7,2.75,0.957427108,0,0.6,1.0,1,4,2.80952381,0,-2,0,0,2.333333333,0,1,0,2,1,1,0,0,0,0,1,0,1,0,0,1,0,0,1,1
57,4,3,11569,17.4,2,4,2,3,2,3,8,0,1,8,30,4,5,3,10,0,1,1,0.6,1,0,2.0,5784.5,0.736622484,0,3.48,2.5,0.577350269,0,0.8,0.8,0,1,3.333333333,0,1,1,1,2.0,1,1,0,4,0,0,1,0,1,0,0,0,1,0,0,0,0,1,0,0
43,4,4,8652,14.4,3,3,3,2,4,3,30,0,1,6,17,2,10,5,2,0,1,0,0.8,0,1,1.333333333,2884.0,0.595194085,0,2.88,3.0,0.816496581,0,0.2,0.4,0,0,2.428571429,0,-2,0,0,0.4,0,1,0,3,0,1,0,0,0,0,0,1,1,0,0,1,0,0,0,0
55,26,9,14030,19.2,5,3,2,2,3,3,35,0,1,5,13,3,2,4,6,0,1,1,0.333333333,1,1,5.2,2806.0,0.986272879,0,0.711111111,2.5,0.577350269,0,1.5,0.111111111,1,2,2.166666667,0,-1,0,0,0.222222222,0,1,0,2,0,1,0,0,0,0,1,0,1,0,0,0,0,1,1,0
33,4,0,6532,16.3,2,4,4,4,2,3,44,0,1,5,16,3,6,3,3,0,0,0,0.0,1,0,2.0,3266.0,0.462171053,1,3.26,3.25,0.957427108,0,0.5,0.6,1,1,2.666666667,0,1,1,1,0.6,0,1,0,2,0,0,0,1,0,0,0,0,1,0,1,0,0,0,0,0
42,3,0,8653,14.2,2,4,3,4,2,2,17,0,0,9,29,2,6,3,4,0,0,0,0.0,1,0,1.5,4326.5,0.595502157,0,3.55,2.75,0.957427108,0,0.333333333,0.5,1,1,2.9,0,1,1,1,1.0,0,0,0,2,0,1,0,0,0,0,0,1,1,0,0,1,0,0,0,0
28,4,4,7955,15.8,1,4,5,3,3,4,5,0,1,26,94,2,5,3,2,0,0,0,0.8,0,1,4.0,7955.0,0.495378928,1,3.16,3.75,0.957427108,0,0.4,0.4,1,1,3.481481481,1,1,1,1,0.4,0,3,0,3,0,1,0,0,0,0,0,1,1,0,1,0,0,0,0,0
23,5,2,9405,8.9,3,2,2,5,4,2,29,0,0,16,86,5,10,4,5,0,1,0,0.333333333,1,0,1.666666667,3135.0,0.48772705,1,1.483333333,3.25,1.5,0,0.5,0.833333333,1,1,5.058823529,1,-2,0,0,0.833333333,0,2,0,2,1,1,0,0,1,0,0,0,1,0,0,0,0,0,0,0
49,5,0,6855,12.7,2,5,4,3,4,3,15,0,1,16,39,6,6,5,2,0,0,0,0.0,1,0,2.5,3427.5,0.155252823,1,2.116666667,3.5,0.577350269,0,1.0,1.0,1,2,2.294117647,0,0,1,0,0.333333333,0,1,0,1,0,1,0,0,1,0,0,0,1,0,0,0,1,0,0,0
36,9,0,7768,13.1,3,3,4,3,5,4,30,0,0,17,38,4,2,5,7,0,1,0,0.0,1,0,3.0,2589.333333,0.598585691,0,1.31,4.0,0.816496581,0,2.0,0.4,1,2,2.111111111,0,-2,0,0,0.7,0,0,0,2,0,0,1,0,0,0,1,0,1,0,0,1,0,0,0,0
27,2,1,6503,18.1,2,4,5,4,5,3,44,0,1,13,47,2,8,3,3,0,0,0,0.333333333,1,0,1.0,3251.5,0.385191348,1,6.033333333,4.25,0.957427108,0,0.25,0.666666667,1,1,3.357142857,0,1,1,1,1.0,0,1,0,1,1,0,0,0,0,0,1,0,1,0,1,0,0,0,0,0
22,4,2,7417,16.3,1,3,1,1,4,4,82,0,0,16,45,6,4,2,7,0,0,0,0.4,1,0,4.0,7417.0,0.410967344,1,3.26,2.5,1.732050808,0,1.5,1.2,1,2,2.647058824,0,1,0,1,1.4,0,1,0,3,1,0,0,0,0,0,0,1,1,0,0,0,0,0,1,1
30,5,2,8895,16.5,3,4,4,4,5,3,61,0,1,16,52,2,9,3,9,1,1,0,0.333333333,1,0,1.666666667,2965.0,0.689712389,0,2.75,4.0,0.816496581,0,0.222222222,0.333333333,1,1,3.058823529,0,1,1,1,1.5,1,1,0,2,0,0,0,0,0,1,0,0,1,0,1,0,0,0,0,0
27,2,0,5401,13.6,1,3,3,4,5,4,57,1,1,12,52,5,5,3,6,0,0,0,0.0,1,0,2.0,5401.0,0.160951327,1,4.533333333,4.0,0.816496581,0,1.0,1.666666667,0,3,4.0,0,0,0,0,2.0,0,1,0,2,0,0,1,0,0,1,0,0,1,0,1,0,0,0,0,0
31,7,6,11837,16.2,3,3,3,2,5,3,20,0,0,26,56,4,7,3,3,0,1,0,0.75,1,1,2.333333333,3945.666667,0.761413844,0,2.025,3.25,1.258305739,0,0.571428571,0.5,1,2,2.074074074,0,0,0,0,0.375,0,1,0,2,1,1,0,0,1,0,0,0,1,0,1,0,0,0,0,0
37,4,2,9752,5.1,2,3,3,4,4,2,9,0,0,38,124,6,11,3,8,0,1,0,0.4,1,0,2.0,4876.0,0.728126925,0,1.02,3.25,0.957427108,0,0.545454545,1.2,0,1,3.179487179,1,0,0,0,1.6,1,2,0,3,0,1,0,0,0,0,0,1,1,0,0,1,0,0,0,0
38,4,4,6281,17.7,2,3,3,1,4,3,25,0,0,6,20,7,5,5,6,0,0,0,0.8,0,1,2.0,3140.5,0.233672212,1,3.54,2.75,1.258305739,0,1.4,1.4,2,3,2.857142857,0,-2,0,0,1.2,0,2,0,2,0,0,1,0,0,0,0,1,1,0,0,1,0,0,0,0
27,2,0,4683,18.7,1,4,3,5,5,4,38,1,1,11,31,5,7,4,7,0,0,0,0.0,1,0,2.0,4683.0,0.025310835,1,6.233333333,4.25,0.957427108,0,0.714285714,1.666666667,1,4,2.583333333,0,0,1,0,2.333333333,0,1,0,2,1,0,1,0,0,0,0,0,1,0,1,0,0,0,0,0
42,7,7,13988,15.2,4,4,4,4,1,3,55,1,1,8,23,1,10,3,6,1,1,0,0.875,0,0,1.75,3497.0,0.924067496,0,1.9,3.0,1.414213562,0,0.1,0.125,1,3,2.555555556,0,1,1,1,0.75,0,0,0,3,1,0,1,0,0,0,0,0,0,1,0,1,0,0,0,0
31,5,0,8212,8.6,2,3,4,2,5,4,31,1,1,11,51,2,9,3,6,0,0,0,0.0,1,0,2.5,4106.0,0.530653112,0,1.433333333,3.75,1.258305739,0,0.222222222,0.333333333,1,3,4.25,0,0,0,0,1.0,0,0,0,2,1,1,0,0,0,0,0,1,1,0,1,0,0,0,1,0
33,1,1,3975,15.3,1,3,3,3,3,3,69,0,0,19,58,1,5,3,4,0,0,0,0.5,0,0,1.0,3975.0,0.022181146,1,7.65,3.0,0.0,0,0.2,0.5,1,1,2.9,0,0,0,0,2.0,0,1,0,1,0,1,0,0,0,0,0,1,1,0,1,0,0,0,0,0
37,3,0,7254,16.2,2,2,4,3,5,3,54,0,0,20,41,3,13,3,1,0,0,0,0.0,1,0,1.5,3627.0,0.595394737,0,4.05,3.75,0.957427108,0,0.230769231,0.75,1,1,1.952380952,0,-1,0,0,0.25,0,0,0,3,1,0,1,1,0,0,0,0,1,0,0,1,0,0,0,0
52,7,6,9673,16.4,3,3,1,3,5,2,45,0,0,20,76,7,8,3,3,0,1,1,0.75,1,1,2.333333333,3224.333333,0.779867257,0,2.05,2.75,1.707825128,0,0.875,0.875,1,2,3.619047619,1,0,0,0,0.375,0,2,0,2,1,0,1,0,0,1,0,0,1,0,0,0,1,0,1,0
19,1,0,4331,15.9,2,3,1,4,2,1,22,0,0,15,53,3,15,2,4,0,0,0,0.0,1,0,0.5,2165.5,0.056415929,1,7.95,2.0,1.414213562,1,0.2,1.5,1,1,3.3125,0,1,0,1,2.0,0,2,0,1,0,1,0,0,0,1,0,0,1,0,0,0,0,0,1,1
31,0,0,6702,12.5,2,3,4,4,4,2,41,1,0,1,5,5,5,3,10,0,0,0,0.0,0,0,0.0,3351.0,0.135861561,1,12.5,3.5,1.0,0,1.0,5.0,1,4,2.5,0,0,0,0,10.0,1,2,0,2,1,1,0,0,1,0,0,0,1,0,1,0,0,0,1,1
46,1,1,6552,16.3,2,4,2,3,3,3,45,1,1,19,60,2,8,4,8,0,0,0,0.5,0,0,0.5,3276.0,0.466282895,1,8.15,2.75,0.5,0,0.25,1.0,1,3,3.0,0,0,1,0,4.0,1,2,0,1,1,0,1,1,0,0,0,0,1,0,0,0,1,0,0,1
37,6,0,14278,17.6,4,3,3,1,4,3,32,1,1,15,53,4,4,4,6,0,1,0,0.0,1,0,1.5,3569.5,0.89862543,0,2.514285714,2.75,1.258305739,0,1.0,0.571428571,1,4,3.3125,0,-1,0,0,0.857142857,0,0,0,2,1,0,1,0,1,0,0,0,1,0,0,1,0,0,0,0
30,9,3,15026,18.1,4,5,3,2,4,3,30,0,0,9,28,1,12,4,6,0,1,0,0.3,1,0,2.25,3756.5,0.952042629,0,1.81,3.0,0.816496581,0,0.083333333,0.1,0,0,2.8,0,1,1,1,0.6,0,0,0,3,1,1,0,0,0,0,0,0,1,0,1,0,0,0,0,0
48,8,5,11010,9.1,3,4,4,4,3,3,58,0,1,6,18,5,13,1,2,1,1,0,0.555555556,1,0,2.666666667,3670.0,0.679430535,0,1.011111111,3.5,0.577350269,0,0.384615385,0.555555556,1,1,2.571428571,0,3,1,1,0.222222222,0,0,0,2,1,1,0,0,1,0,0,0,1,0,0,0,1,0,0,0
38,10,2,10749,20.1,3,2,1,4,4,4,43,1,0,5,16,4,12,1,3,0,1,0,0.181818182,1,0,3.333333333,3583.0,0.920230263,0,1.827272727,3.25,1.5,0,0.333333333,0.363636364,1,3,2.666666667,0,1,0,1,0.272727273,0,0,0,3,1,1,0,1,0,0,0,0,1,0,0,1,0,0,0,0
23,1,1,4364,12.2,1,2,4,2,2,3,72,0,0,12,51,2,15,4,6,0,1,0,0.5,0,0,1.0,4364.0,0.038354898,1,6.1,2.75,0.957427108,0,0.133333333,1.0,1,1,3.923076923,0,-2,0,0,3.0,0,1,0,3,1,1,0,0,0,0,0,1,1,0,0,0,0,0,0,0
37,13,10,14562,17.9,4,3,2,1,3,4,32,0,0,13,44,1,2,2,7,0,1,0,0.714285714,1,1,3.25,3640.5,0.911512027,0,1.278571429,2.5,1.290994449,0,0.5,0.071428571,2,2,3.142857143,0,1,0,1,0.5,0,1,0,2,0,1,0,0,1,0,0,0,1,0,0,1,0,0,1,0
31,6,3,10776,20.1,4,4,4,4,2,5,32,0,0,12,44,1,10,2,5,1,1,0,0.428571429,1,0,1.5,2694.0,0.892262895,0,2.871428571,3.75,1.258305739,0,0.1,0.142857143,1,1,3.384615385,0,2,1,1,0.714285714,0,0,0,2,1,1,0,0,0,0,1,0,0,1,1,0,0,0,0,0
46,5,3,10131,8.1,3,1,3,2,2,3,37,1,1,26,80,4,17,3,9,0,1,0,0.5,1,0,1.666666667,3377.0,0.68294849,0,1.35,2.5,0.577350269,0,0.235294118,0.666666667,0,2,2.962962963,1,-2,0,0,1.5,1,2,0,3,1,1,0,0,0,0,0,0,0,1,0,0,1,0,1,1
37,0,0,7587,8.3,1,2,4,3,2,4,41,0,0,10,26,8,4,2,6,0,0,0,0.0,0,0,0.0,7587.0,0.244231713,1,8.3,3.25,0.957427108,0,2.0,8.0,2,3,2.363636364,0,0,0,0,6.0,0,1,0,2,1,0,1,0,1,0,0,0,1,0,0,1,0,0,1,0
37,2,0,8582,17.3,2,1,2,3,4,3,71,1,0,25,52,5,6,3,5,0,0,0,0.0,1,0,1.0,4291.0,0.380461463,1,5.766666667,3.0,0.816496581,0,0.833333333,1.666666667,2,5,2.0,0,-2,0,0,1.666666667,0,1,0,3,0,1,0,0,1,0,0,0,1,0,0,1,0,0,0,1
27,6,3,9782,20.5,3,4,4,3,2,3,19,0,0,5,11,2,6,3,6,1,1,0,0.428571429,1,0,2.0,3260.666667,0.729821319,0,2.928571429,3.0,0.816496581,0,0.333333333,0.285714286,1,1,1.833333333,0,1,1,1,0.857142857,0,0,0,2,1,0,0,0,0,0,0,1,1,0,1,0,0,0,0,0
38,1,0,5518,13.7,1,3,1,2,4,2,16,0,0,17,82,6,3,4,4,0,0,0,0.0,1,0,1.0,5518.0,0.139864449,1,6.85,2.25,1.258305739,1,2.0,3.0,2,3,4.555555556,1,-1,0,0,2.0,0,3,0,1,1,0,1,0,0,0,0,1,0,0,0,1,0,0,1,1
34,9,8,11351,16.2,3,4,5,2,3,4,65,0,1,6,21,2,2,5,5,0,1,0,0.8,1,1,3.0,3783.666667,0.898230088,0,1.62,3.5,1.290994449,0,1.0,0.2,0,1,3.0,0,-1,1,0,0.5,0,1,0,3,1,1,0,0,0,1,0,0,1,0,1,0,0,0,0,0
34,9,6,13157,14.4,5,3,3,3,2,3,36,0,1,16,41,2,13,4,6,0,1,0,0.6,1,1,1.8,2631.4,0.934996919,0,1.44,2.75,0.5,0,0.153846154,0.2,1,1,2.411764706,0,-1,0,0,0.6,0,1,0,2,1,0,1,0,0,0,0,1,1,0,1,0,0,0,0,0
26,0,0,4538,11.9,1,2,1,3,4,4,26,0,0,34,147,3,11,4,5,0,0,0,0.0,0,0,0.0,4538.0,0.05021565,1,11.9,3.0,1.414213562,0,0.272727273,3.0,2,2,4.2,1,-2,0,0,5.0,0,2,0,2,0,1,0,0,0,0,0,1,1,0,1,0,0,0,1,1
33,1,0,9705,13.8,3,3,3,3,4,3,6,0,0,7,29,6,17,4,8,0,1,0,0.0,1,0,0.333333333,3235.0,0.628330373,0,6.9,3.25,0.5,0,0.352941176,3.0,1,1,3.625,0,-1,0,0,4.0,1,1,0,2,1,0,1,0,0,0,0,0,1,0,1,0,0,0,0,0
21,3,0,5766,18.5,2,4,3,3,5,2,44,0,0,7,20,5,7,3,8,0,0,0,0.0,1,0,1.5,2883.0,0.209623894,1,4.625,3.25,1.258305739,0,0.714285714,1.25,1,2,2.5,0,1,1,1,2.0,1,2,0,2,0,1,0,0,0,1,0,0,1,0,0,0,0,0,1,0
33,4,3,8436,7.5,2,1,3,3,3,3,47,1,0,1,5,6,9,3,8,0,0,0,0.6,1,0,2.0,4218.0,0.360211095,1,1.5,3.0,0.0,0,0.666666667,1.2,0,3,2.5,0,-2,0,0,1.6,1,2,0,2,1,1,0,0,1,0,0,0,0,0,1,0,0,0,0,0
34,3,2,9007,18.3,3,3,3,3,4,4,38,1,0,7,20,1,2,3,7,0,1,0,0.5,1,0,1.0,3002.333333,0.439739813,1,4.575,3.5,0.577350269,0,0.5,0.25,0,2,2.5,0,0,0,0,1.75,0,1,0,1,1,1,0,0,1,0,0,0,1,0,1,0,0,0,1,0
45,3,3,5781,12.6,1,3,4,3,4,2,31,0,1,20,90,5,4,4,7,0,0,0,0.75,0,0,3.0,5781.0,0.270798669,1,3.15,3.25,0.957427108,0,1.25,1.25,1,2,4.285714286,1,-1,0,0,1.75,0,2,0,3,1,1,0,0,0,0,1,0,1,0,0,0,1,0,1,0
29,3,0,5054,20.5,1,4,3,1,3,4,37,0,0,2,6,2,9,4,9,0,1,0,0.0,1,0,3.0,5054.0,0.196546053,1,5.125,2.75,1.258305739,0,0.222222222,0.5,1,1,2.0,0,0,1,0,2.25,1,2,0,3,1,0,1,1,0,0,0,0,1,0,1,0,0,0,0,0
41,2,2,6221,18.6,1,3,1,4,4,4,24,0,0,4,8,3,8,2,3,0,0,0,0.666666667,0,0,2.0,6221.0,0.271570796,1,6.2,3.25,1.5,0,0.375,1.0,0,0,1.6,0,1,0,1,1.0,0,1,0,3,1,0,0,0,0,1,0,0,1,0,0,1,0,0,0,0
31,13,3,18050,16.9,4,3,3,5,4,4,32,0,0,39,124,4,15,3,1,0,1,0,0.214285714,1,0,3.25,4512.5,0.991119005,0,1.207142857,4.0,0.816496581,0,0.266666667,0.285714286,2,2,3.1,1,0,0,0,0.071428571,0,1,0,4,1,1,0,0,0,0,0,0,0,0,1,0,0,0,0,0
43,19,12,10935,14.7,3,3,4,3,3,4,50,0,0,19,89,6,15,5,3,0,1,0,0.6,1,1,6.333333333,3645.0,0.903078203,0,0.735,3.5,0.577350269,0,0.4,0.3,1,1,4.45,1,-2,0,0,0.15,0,2,0,3,1,1,0,0,0,0,1,0,0,0,0,1,0,0,1,0
23,1,0,5153,10.6,2,3,2,2,3,4,29,0,0,18,57,5,3,3,6,0,0,0,0.0,1,0,0.5,2576.5,0.128871681,1,5.3,2.75,0.957427108,0,1.666666667,2.5,2,3,3.0,0,0,0,0,3.0,0,1,0,1,1,0,0,0,0,1,0,0,0,1,0,0,0,0,0,1
31,4,1,10333,11.2,3,3,3,4,3,5,35,0,0,15,40,1,2,3,6,0,1,0,0.2,1,0,1.333333333,3444.333333,0.603215513,0,2.24,3.75,0.957427108,0,0.5,0.2,1,1,2.5,0,0,0,0,1.2,0,0,0,2,1,0,1,0,1,0,0,0,1,0,1,0,0,0,0,0
33,1,0,5346,15.6,1,3,3,5,3,2,37,1,0,14,52,2,12,3,10,0,0,0,0.0,1,0,1.0,5346.0,0.246710526,1,7.8,3.25,1.258305739,0,0.166666667,1.0,1,3,3.466666667,0,0,0,0,5.0,1,2,0,4,0,1,0,1,0,0,0,0,1,0,1,0,0,0,1,0
36,3,3,6895,17.4,2,3,2,3,3,1,68,0,0,29,83,3,10,4,3,0,0,0,0.75,0,0,1.5,3447.5,0.316389402,1,4.35,2.25,0.957427108,1,0.3,0.75,1,1,2.766666667,1,-1,0,0,0.75,0,3,0,2,1,0,1,0,0,0,0,1,1,0,0,1,0,0,0,1
29,6,1,6054,14.6,1,3,5,5,3,2,12,0,0,20,83,3,8,3,8,0,0,0,0.142857143,1,0,6.0,6054.0,0.205175601,1,2.085714286,3.75,1.5,0,0.375,0.428571429,1,1,3.952380952,1,0,0,0,1.142857143,1,3,0,1,1,1,0,0,0,0,0,1,1,0,1,0,0,0,1,0
18,0,0,8343,14.1,2,3,4,2,3,2,49,1,1,25,80,7,5,3,5,0,0,0,0.0,0,0,0.0,4171.5,0.555452865,0,14.1,2.75,0.957427108,0,1.4,7.0,1,4,3.076923077,1,0,0,0,5.0,0,1,0,2,0,1,0,0,0,0,0,1,1,0,0,0,0,0,1,1
45,2,0,4898,12.6,2,3,3,4,3,2,30,0,1,18,70,4,2,3,3,0,0,0,0.0,1,0,1.0,2449.0,0.074399261,1,4.2,3.0,0.816496581,0,2.0,1.333333333,1,2,3.684210526,1,0,0,0,1.0,0,2,0,2,1,1,0,0,0,0,0,1,0,0,0,0,1,0,0,0
42,1,1,7880,16.3,2,3,2,3,3,3,41,0,0,14,63,2,6,5,8,0,0,0,0.5,0,0,0.5,3940.0,0.483980283,1,8.15,2.75,0.5,0,0.333333333,1.0,1,1,4.2,1,-2,0,0,4.0,1,3,0,3,1,0,1,0,0,0,0,1,1,0,0,1,0,0,0,1
42,13,6,11686,13.9,4,3,5,3,2,2,45,0,1,21,59,4,7,5,4,0,1,0,0.428571429,1,1,3.25,2921.5,0.878927911,0,0.992857143,3.0,1.414213562,0,0.571428571,0.285714286,0,1,2.681818182,0,-2,0,0,0.285714286,0,1,0,2,0,1,0,0,0,0,0,1,0,1,0,1,0,0,0,0
47,0,0,10874,17.6,3,3,4,4,4,3,56,1,0,44,134,3,11,4,1,0,1,0,0.0,0,0,0.0,3624.666667,0.665316642,0,17.6,3.75,0.5,0,0.272727273,3.0,0,2,2.977777778,1,-1,0,0,1.0,0,1,0,3,1,0,1,0,1,0,0,0,1,0,0,0,1,0,0,0
39,1,0,6674,13.9,1,3,3,2,2,3,30,0,1,8,26,6,7,3,11,0,1,0,0.0,1,0,1.0,6674.0,0.13377516,1,6.95,2.5,0.577350269,0,0.857142857,3.0,2,3,2.888888889,0,0,0,0,5.5,1,2,0,2,1,1,0,0,1,0,0,0,1,0,0,1,0,0,1,0
41,6,6,7425,20.7,2,3,2,3,3,4,47,0,0,2,6,2,8,3,4,0,0,0,0.857142857,0,1,3.0,3712.5,0.412815773,1,2.957142857,3.0,0.816496581,0,0.25,0.285714286,0,0,2.0,0,0,0,0,0.571428571,0,2,0,1,1,1,0,0,0,0,0,1,1,0,0,1,0,0,0,0
30,12,7,6531,19.0,3,4,4,2,2,1,42,0,0,29,91,5,9,5,7,0,1,0,0.538461538,1,1,4.0,2177.0,0.390183028,1,1.461538462,2.25,1.258305739,1,0.555555556,0.384615385,2,3,3.033333333,1,-1,1,0,0.538461538,0,4,0,1,0,0,1,0,0,0,1,0,1,0,1,0,0,0,1,1
18,0,0,6654,20.7,2,4,5,3,4,5,57,0,1,19,78,4,19,3,5,0,0,0,0.0,0,0,0.0,3327.0,0.487664474,1,20.7,4.25,0.957427108,0,0.210526316,4.0,2,2,3.9,1,1,1,1,5.0,0,2,0,3,1,1,0,1,0,0,0,0,1,0,0,0,0,0,0,0
34,9,8,7828,12.9,3,3,4,3,4,4,44,0,0,11,20,6,14,4,2,0,1,0,0.8,1,1,3.0,2609.333333,0.549225664,0,1.29,3.75,0.5,0,0.428571429,0.6,1,1,1.666666667,0,-1,0,0,0.2,0,1,0,2,1,0,1,0,0,1,0,0,1,0,1,0,0,0,0,0
28,9,2,13429,15.4,4,4,3,2,2,4,26,0,0,8,30,4,8,4,3,0,1,0,0.2,1,0,2.25,3357.25,0.982730263,0,1.54,2.75,0.957427108,0,0.5,0.4,1,1,3.333333333,0,0,1,0,0.3,0,0,0,3,1,0,0,1,0,0,0,0,1,0,1,0,0,0,0,0
26,2,1,10426,11.4,2,3,3,2,4,3,56,0,1,22,68,2,7,2,1,0,0,0,0.333333333,1,0,1.0,5213.0,0.711811723,0,3.8,3.0,0.816496581,0,0.285714286,0.666666667,0,0,2.956521739,1,1,0,1,0.333333333,0,1,0,3,1,0,0,0,0,0,0,0,1,0,1,0,0,0,0,0
54,2,2,10343,7.7,4,2,4,3,2,5,50,0,0,7,10,3,15,1,3,0,1,1,0.666666667,0,0,0.5,2585.75,0.787738755,0,2.566666667,3.5,1.290994449,0,0.2,1.0,1,1,1.25,0,1,0,1,1.0,0,0,0,2,1,0,0,0,0,0,0,1,1,0,0,0,1,0,0,0
41,7,4,11019,14.0,3,4,2,3,3,4,6,0,0,2,5,5,11,3,4,1,1,0,0.5,1,0,2.333333333,3673.0,0.764875666,0,1.75,3.0,0.816496581,0,0.454545455,0.625,0,0,1.666666667,0,1,1,1,0.5,0,0,0,3,1,1,0,0,0,0,0,0,1,0,0,1,0,0,0,0
48,7,3,10393,19.3,4,3,3,2,3,4,34,1,0,5,17,7,6,3,7,0,1,0,0.375,1,0,1.75,2598.25,0.791435613,0,2.4125,3.0,0.816496581,0,1.166666667,0.875,1,4,2.833333333,0,0,0,0,0.875,0,0,0,2,1,1,0,0,0,0,0,1,1,0,0,0,1,0,0,0
35,6,3,6001,14.8,2,4,4,5,1,4,49,0,1,6,6,4,9,4,5,1,0,0,0.428571429,1,0,3.0,3000.5,0.309484193,1,2.114285714,3.5,1.732050808,0,0.444444444,0.571428571,1,1,0.857142857,0,0,1,0,0.714285714,0,1,0,2,1,1,0,0,0,0,1,0,0,1,0,1,0,0,0,0
51,10,2,10417,16.3,3,3,3,5,4,3,36,1,0,9,40,5,10,2,4,0,1,1,0.181818182,1,0,3.333333333,3472.333333,0.711367673,0,1.481818182,3.75,0.957427108,0,0.5,0.454545455,0,2,4.0,0,1,0,1,0.363636364,0,0,0,2,1,1,0,0,0,0,0,0,1,0,0,0,1,0,1,0
26,0,0,8833,20.4,2,4,2,3,5,1,37,0,1,21,50,6,14,4,3,0,1,0,0.0,0,0,0.0,4416.5,0.61922366,0,20.4,2.75,1.707825128,0,0.428571429,6.0,0,0,2.272727273,0,0,1,0,3.0,0,0,0,3,1,0,0,0,0,0,0,1,0,0,1,0,0,0,0,0
38,7,1,15138,12.3,5,4,4,3,3,3,59,1,0,18,92,3,5,3,2,0,1,0,0.125,1,0,1.4,3027.6,0.928816888,0,1.5375,3.25,0.5,0,0.6,0.375,1,4,4.842105263,1,1,1,1,0.25,0,1,0,2,0,0,0,0,1,0,0,0,0,0,0,1,0,0,1,0
22,1,1,5037,16.4,2,2,5,4,2,3,29,0,0,9,17,6,5,3,2,0,0,0,0.5,0,0,0.5,2518.5,0.088570548,1,8.2,3.5,1.290994449,0,1.2,3.0,1,2,1.7,0,-1,0,0,1.0,0,1,0,2,1,1,0,0,0,0,0,1,1,0,0,0,0,0,0,0
42,15,8,10179,15.4,5,3,4,4,4,4,66,1,0,10,20,3,8,3,6,0,1,0,0.5,1,1,3.0,2035.8,0.888980263,0,0.9625,4.0,0.0,0,0.375,0.1875,0,2,1.818181818,0,0,0,0,0.375,0,1,0,1,1,1,0,1,0,0,0,0,1,0,0,1,0,0,0,0
34,16,3,13475,11.6,4,3,3,3,2,4,47,1,0,7,13,5,8,4,5,0,1,0,0.176470588,1,0,4.0,3368.75,0.863647521,0,0.682352941,3.0,0.816496581,0,0.625,0.294117647,1,4,1.625,0,-1,0,0,0.294117647,0,0,0,2,1,0,1,0,1,0,0,0,1,0,1,0,0,0,0,0
50,2,0,8027,18.3,2,4,3,4,2,1,30,1,1,19,41,4,2,4,5,0,0,1,0.0,1,0,1.0,4013.5,0.638103161,0,6.1,2.5,1.290994449,0,2.0,1.333333333,0,3,2.05,0,0,1,0,1.666666667,0,0,0,2,0,0,1,0,0,0,1,0,1,0,0,0,1,0,1,0
22,4,3,9289,16.0,3,3,1,4,3,4,36,0,1,7,19,3,7,3,5,0,1,0,0.6,1,0,1.333333333,3096.333333,0.675908811,0,3.2,3.0,1.414213562,0,0.428571429,0.6,2,2,2.375,0,0,0,0,1.0,0,0,0,2,0,1,0,0,0,0,0,1,1,0,0,0,0,0,1,0
55,3,1,14817,17.4,3,4,5,4,4,4,41,1,0,10,44,4,7,3,5,0,1,1,0.25,1,0,1.0,4939.0,0.919243986,0,4.35,4.25,0.5,0,0.571428571,1.0,1,4,4.0,0,1,1,1,1.25,0,0,0,4,0,1,0,0,1,0,0,0,1,0,0,0,0,1,0,0
30,0,0,8362,9.0,1,3,4,3,3,3,63,0,0,3,9,3,10,3,2,0,0,0,0.0,0,0,0.0,8362.0,0.349901816,1,9.0,3.25,0.5,0,0.3,3.0,1,1,2.25,0,0,0,0,2.0,0,1,0,3,1,1,0,0,1,0,0,0,1,0,1,0,0,0,0,0
26,7,0,13295,14.6,5,3,4,4,4,5,0,0,1,8,24,3,8,2,3,0,1,0,0.0,1,0,1.4,2659.0,0.975249584,0,1.825,4.25,0.5,0,0.375,0.375,1,1,2.666666667,0,1,0,1,0.375,0,0,0,3,1,0,1,0,0,0,1,0,0,1,1,0,0,0,0,0
30,1,0,6516,10.2,2,3,4,4,4,1,38,0,0,7,28,6,11,3,3,0,0,0,0.0,1,0,0.5,3258.0,0.311946903,1,5.1,3.25,1.5,0,0.545454545,3.0,2,3,3.5,0,0,0,0,1.5,0,1,0,2,0,0,1,0,0,1,0,0,0,0,1,0,0,0,1,0
29,11,9,13963,10.7,3,2,4,4,3,3,23,1,0,52,130,2,2,5,6,0,1,0,0.75,1,1,3.666666667,4654.333333,0.955021565,0,0.891666667,3.5,0.577350269,0,1.0,0.166666667,1,4,2.452830189,1,-3,0,0,0.5,0,2,0,4,1,1,0,0,0,0,0,1,1,0,1,0,0,0,0,0
45,2,1,6324,15.6,2,3,3,3,2,2,39,1,0,23,68,1,3,2,3,0,1,0,0.333333333,1,0,1.0,3162.0,0.287334071,1,5.2,2.5,0.577350269,0,0.333333333,0.333333333,2,4,2.833333333,1,1,0,1,1.0,0,2,0,2,1,0,1,0,0,1,0,0,1,0,0,0,1,0,1,1
36,5,1,9513,17.9,3,3,4,1,3,3,52,0,0,17,69,5,4,3,3,0,1,0,0.166666667,1,0,1.666666667,3171.0,0.846217105,0,2.983333333,2.75,1.258305739,0,1.25,0.833333333,0,1,3.833333333,1,0,0,0,0.5,0,1,0,2,1,1,0,1,0,0,0,0,0,1,0,1,0,0,0,0
24,1,0,6809,10.4,1,3,4,3,2,3,48,0,0,10,33,3,12,3,5,0,0,0,0.0,1,0,1.0,6809.0,0.438227953,1,5.2,3.0,0.816496581,0,0.25,1.5,1,1,3.0,0,0,0,0,2.5,0,1,0,3,0,1,0,0,0,0,1,0,0,1,0,0,0,0,0,0
46,5,2,9040,19.2,2,3,3,2,3,2,47,0,0,27,59,6,7,3,4,0,0,0,0.333333333,1,0,2.5,4520.0,0.444771723,1,3.2,2.5,0.577350269,0,0.857142857,1.0,2,3,2.107142857,0,0,0,0,0.666666667,0,1,0,2,1,0,0,0,1,0,0,0,1,0,0,0,1,0,0,0
33,3,3,6672,17.4,3,3,4,4,2,3,28,0,0,14,44,4,5,2,7,0,1,0,0.75,0,0,1.0,2224.0,0.492598684,1,4.35,3.25,0.957427108,0,0.8,1.0,2,3,2.933333333,0,1,0,1,1.75,0,1,0,2,0,1,0,1,0,0,0,0,1,0,1,0,0,0,0,0
37,6,5,9098,16.8,3,5,2,3,3,2,33,1,0,3,11,3,10,3,6,1,1,0,0.714285714,1,0,2.0,3032.666667,0.652957486,0,2.4,2.5,0.577350269,0,0.3,0.428571429,1,3,2.75,0,2,1,1,0.857142857,0,0,0,2,1,1,0,0,0,0,0,1,1,0,0,1,0,0,0,0
34,10,4,8486,12.6,3,3,3,3,4,4,20,1,1,38,132,3,7,3,4,0,1,0,0.363636364,1,1,3.333333333,2828.666667,0.64159292,0,1.145454545,3.5,0.577350269,0,0.428571429,0.272727273,0,2,3.384615385,1,0,0,0,0.363636364,0,2,0,1,1,1,0,0,0,1,0,0,0,1,1,0,0,0,0,0
20,2,2,4814,14.9,1,4,4,2,4,3,34,0,1,4,14,2,10,5,5,0,1,0,0.666666667,0,0,2.0,4814.0,0.029307282,1,4.966666667,3.25,0.957427108,0,0.2,0.666666667,1,1,2.8,0,-1,1,0,1.666666667,0,1,0,1,0,0,1,0,0,0,0,0,1,0,0,0,0,0,0,0
35,3,2,7185,10.9,3,3,4,2,4,4,57,0,0,17,49,4,5,3,3,0,1,0,0.5,1,0,1.0,2395.0,0.506863561,0,2.725,3.5,1.0,0,0.8,1.0,0,1,2.722222222,0,0,0,0,0.75,0,0,0,2,0,0,1,0,0,0,1,0,0,1,0,1,0,0,0,0
41,1,1,10780,11.6,3,3,4,3,4,4,32,0,0,9,29,5,7,3,3,0,1,0,0.5,0,0,0.333333333,3593.333333,0.742895204,0,5.8,3.75,0.5,0,0.714285714,2.5,1,2,2.9,0,0,0,0,1.5,0,0,0,2,1,0,1,0,0,0,0,0,1,0,0,1,0,0,0,0
31,1,1,6008,18.8,1,5,2,4,3,5,22,1,1,24,54,7,5,4,9,0,0,0,0.5,0,0,1.0,6008.0,0.079037801,1,9.4,3.5,1.290994449,0,1.4,3.5,0,3,2.16,0,1,1,1,4.5,1,2,0,2,0,0,1,0,1,0,0,0,1,0,1,0,0,0,1,1
35,2,2,5536,15.1,1,3,3,3,4,2,5,1,1,9,27,4,12,4,6,0,0,0,0.666666667,0,0,2.0,5536.0,0.045900835,1,5.033333333,3.0,0.816496581,0,0.333333333,1.333333333,1,3,2.7,0,-1,0,0,2.0,0,1,0,1,1,1,0,0,1,0,0,0,1,0,0,1,0,0,0,0
29,4,0,9388,17.3,2,4,3,1,5,5,34,0,0,6,19,5,6,4,11,0,0,0,0.0,1,0,2.0,4694.0,0.485272459,1,3.46,3.5,1.914854216,0,0.833333333,1.0,1,2,2.714285714,0,0,1,0,2.2,1,2,0,3,0,0,1,0,1,0,0,0,1,0,1,0,0,0,0,0
18,0,0,5669,12.9,2,2,3,1,5,3,55,0,1,15,43,1,9,4,6,0,0,0,0.0,0,0,0.0,2834.5,0.19800885,1,12.9,3.0,1.632993162,0,0.111111111,1.0,0,0,2.6875,0,-2,0,0,6.0,0,1,0,1,1,1,0,0,0,1,0,0,1,0,0,0,0,0,0,0
30,0,0,3046,7.6,1,3,3,3,4,3,22,0,1,14,50,4,12,4,4,0,0,0,0.0,0,0,0.0,3046.0,0.004424779,1,7.6,3.25,0.5,0,0.333333333,4.0,0,0,3.333333333,0,-1,0,0,4.0,0,1,0,1,1,1,0,0,0,1,0,0,1,0,1,0,0,0,0,0
42,1,1,7827,16.2,3,4,3,2,3,4,64,0,1,23,81,4,9,2,2,0,1,0,0.5,0,0,0.333333333,2609.0,0.365008881,1,8.1,3.0,0.816496581,0,0.444444444,2.0,2,2,3.375,1,2,1,1,1.0,0,2,0,1,1,1,0,0,0,0,0,0,1,0,0,1,0,0,0,0
55,5,2,11006,12.8,3,3,2,4,3,4,49,0,1,10,29,2,2,3,7,0,1,1,0.333333333,1,0,1.666666667,3668.666667,0.763543517,0,2.133333333,3.25,0.957427108,0,1.0,0.333333333,0,1,2.636363636,0,0,0,0,1.166666667,0,0,0,3,1,1,0,0,0,0,0,0,1,0,0,0,0,1,0,0
35,3,3,9104,12.7,3,3,3,4,1,3,39,1,0,6,22,4,10,4,12,0,1,0,0.75,0,0,1.0,3034.666667,0.653727665,0,3.175,2.75,1.258305739,0,0.4,1.0,1,3,3.142857143,0,-1,0,0,3.0,1,1,0,2,0,1,0,0,0,0,0,1,1,0,0,1,0,0,0,0
40,1,1,5643,16.8,1,3,3,3,4,3,29,0,0,7,24,3,11,3,4,0,1,0,0.5,0,0,1.0,5643.0,0.154959951,1,8.4,3.25,0.5,0,0.272727273,1.5,1,1,3.0,0,0,0,0,2.0,0,1,0,2,0,0,1,0,0,0,0,1,1,0,0,1,0,0,0,0
39,2,2,11357,14.3,2,2,4,5,2,1,38,0,0,36,92,4,10,4,6,0,1,0,0.666666667,0,0,1.0,5678.5,0.718213058,0,4.766666667,3.0,1.825741858,0,0.4,1.333333333,1,1,2.486486486,1,-2,0,0,2.0,0,1,0,4,0,0,0,0,1,0,0,0,0,1,0,1,0,0,0,0
39,0,0,3843,8.5,1,3,2,4,3,3,53,0,0,15,42,5,2,3,5,0,0,0,0.0,0,0,0.0,3843.0,0.029867257,1,8.5,3.0,0.816496581,0,2.5,5.0,2,3,2.625,0,0,0,0,5.0,0,1,0,2,0,1,0,0,0,1,0,0,0,1,0,1,0,0,0,1
33,3,2,10894,15.4,3,3,5,4,3,3,22,0,0,9,27,2,3,4,8,0,1,0,0.5,1,0,1.0,3631.333333,0.667157585,0,3.85,3.75,0.957427108,0,0.666666667,0.5,1,2,2.7,0,-1,0,0,2.0,1,1,0,2,0,0,0,0,1,0,0,0,1,0,1,0,0,0,0,0
37,5,5,10415,16.0,3,3,2,4,4,5,44,0,0,4,14,4,11,4,7,0,1,0,0.833333333,0,1,1.666666667,3471.666667,0.794054221,0,2.666666667,3.75,1.258305739,0,0.363636364,0.666666667,1,1,2.8,0,-1,0,0,1.166666667,0,1,0,3,1,0,1,0,0,0,0,1,1,0,0,1,0,0,1,0
32,0,0,6238,15.9,1,5,4,2,3,3,20,0,1,7,21,3,12,3,6,0,0,0,0.0,0,0,0.0,6238.0,0.094256259,1,15.9,3.0,0.816496581,0,0.25,3.0,2,2,2.625,0,2,1,1,6.0,0,1,0,2,1,0,1,0,1,0,0,0,1,0,1,0,0,0,0,0
31,1,1,7160,8.9,3,3,1,4,4,5,24,0,0,11,39,9,9,3,6,0,1,0,0.5,0,0,0.333333333,2386.666667,0.583059211,0,4.45,3.5,1.732050808,0,1.0,4.5,0,1,3.25,0,0,0,0,3.0,0,0,0,2,0,0,0,1,0,0,0,0,1,0,1,0,0,0,0,0
26,1,0,8735,12.9,2,4,5,4,5,3,30,0,1,20,76,2,13,4,3,0,0,0,0.0,1,0,0.5,4367.5,0.401325479,1,6.45,4.25,0.957427108,0,0.153846154,1.0,1,1,3.619047619,1,0,1,0,1.5,0,2,0,2,1,1,0,0,1,0,0,0,0,1,1,0,0,0,0,0
33,5,4,9009,9.4,3,2,4,4,4,4,31,0,0,16,49,1,8,2,6,0,1,0,0.666666667,1,1,1.666666667,3003.0,0.540186501,0,1.566666667,4.0,0.0,0,0.125,0.166666667,2,2,2.882352941,0,0,0,0,1.0,0,1,0,2,1,0,0,0,0,0,0,0,1,0,1,0,0,0,0,0
32,3,0,6865,14.3,1,4,3,5,2,2,50,0,1,10,38,4,6,3,4,0,0,0,0.0,1,0,3.0,6865.0,0.311922366,1,3.575,3.0,1.414213562,0,0.666666667,1.0,1,2,3.454545455,0,1,1,1,1.0,0,1,0,2,1,1,0,0,0,0,0,1,1,0,1,0,0,0,0,0
42,6,5,8273,12.0,2,3,5,3,3,5,42,1,1,15,38,3,2,3,7,0,0,0,0.714285714,1,1,3.0,4136.5,0.431394316,1,1.714285714,4.0,1.154700538,0,1.5,0.428571429,1,4,2.375,0,0,0,0,1.0,0,2,0,2,0,0,0,0,0,0,0,0,1,0,0,1,0,0,1,0
35,17,12,11816,8.9,3,2,4,3,3,4,46,1,0,25,75,3,2,4,12,0,1,0,0.666666667,1,1,5.666666667,3938.666667,0.884165126,0,0.494444444,3.5,0.577350269,0,1.5,0.166666667,0,3,2.884615385,1,-2,0,0,0.666666667,1,3,0,3,1,1,0,0,0,0,0,1,1,0,0,1,0,0,0,0
39,0,0,8410,20.2,3,3,3,5,3,1,51,0,0,11,55,4,7,2,5,0,1,0,0.0,0,0,0.0,2803.333333,0.450488455,1,20.2,3.0,1.632993162,0,0.571428571,4.0,1,2,4.583333333,0,1,0,1,5.0,0,1,0,2,1,1,0,0,0,0,0,0,1,0,0,1,0,0,0,0
52,0,0,4231,11.2,1,4,2,3,2,5,41,1,0,18,65,2,15,5,5,0,1,1,0.0,0,0,0.0,4231.0,0.008880995,1,11.2,3.0,1.414213562,0,0.133333333,2.0,0,2,3.421052632,1,-1,1,0,5.0,0,2,0,1,0,1,0,0,0,0,0,0,1,0,0,0,1,0,0,1
30,6,1,10015,12.1,2,3,3,3,2,3,28,0,1,19,93,1,5,3,4,0,0,0,0.142857143,1,0,3.0,5007.5,0.565046637,0,1.728571429,2.75,0.5,0,0.2,0.142857143,1,1,4.65,1,0,0,0,0.571428571,0,1,0,2,1,1,0,0,1,0,0,0,1,0,1,0,0,0,0,0
22,2,2,11671,14.0,4,3,4,3,4,4,16,0,1,11,35,3,18,3,2,0,1,0,0.666666667,0,0,0.5,2917.75,0.878003697,0,4.666666667,3.75,0.5,0,0.166666667,1.0,1,1,2.916666667,0,0,0,0,0.666666667,0,0,0,2,1,1,0,0,0,0,0,1,0,1,0,0,0,0,0,0
42,1,1,9536,17.2,2,3,5,3,3,5,38,1,1,28,77,2,7,3,6,0,0,0,0.5,0,0,0.5,4768.0,0.504663721,0,8.6,4.0,1.154700538,0,0.285714286,1.0,0,2,2.655172414,1,0,0,0,3.0,0,1,0,2,1,0,1,0,1,0,0,0,1,0,0,1,0,0,1,0
44,6,3,8845,15.7,3,3,3,3,2,1,25,0,1,21,92,6,9,5,9,0,1,0,0.428571429,1,0,2.0,2948.333333,0.791940789,0,2.242857143,2.25,0.957427108,1,0.666666667,0.857142857,2,3,4.181818182,1,-2,0,0,1.285714286,1,3,0,3,1,1,0,1,0,0,0,0,1,0,0,1,0,0,0,1
54,2,2,7288,19.8,2,4,3,2,3,3,25,1,0,21,61,7,7,3,5,0,1,1,0.666666667,0,0,1.0,3644.0,0.389402341,1,6.6,2.75,0.5,0,1.0,2.333333333,2,5,2.772727273,1,1,1,1,1.666666667,0,2,0,2,1,0,1,0,0,0,0,1,1,0,0,0,1,0,1,1
47,4,4,6170,16.9,1,3,1,3,3,3,25,1,0,15,42,2,11,3,7,0,1,0,0.8,0,1,4.0,6170.0,0.220579174,1,3.38,2.5,1.0,0,0.181818182,0.4,0,2,2.625,0,0,0,0,1.4,0,2,0,3,1,1,0,0,0,0,0,1,1,0,0,0,1,0,0,1
40,4,2,6439,12.8,2,3,3,4,1,2,31,0,1,31,150,7,6,3,5,0,0,0,0.4,1,0,2.0,3219.5,0.258471965,1,2.56,2.5,1.290994449,0,1.166666667,1.4,1,2,4.6875,1,0,0,0,1.0,0,2,0,2,1,1,0,0,0,0,0,1,1,0,0,1,0,0,1,0
38,9,2,12477,16.7,4,3,3,2,3,2,26,0,1,26,79,7,8,5,1,0,1,0,0.2,1,0,2.25,3119.25,0.860568384,0,1.67,2.5,0.577350269,0,0.875,0.7,2,3,2.925925926,1,-2,0,0,0.1,0,1,0,2,1,0,0,0,0,0,0,0,1,0,0,1,0,0,0,0
32,4,3,11000,18.5,3,3,1,4,3,4,30,0,0,7,25,6,11,1,9,0,1,0,0.6,1,0,1.333333333,3666.666667,0.762433393,0,3.7,3.0,1.414213562,0,0.545454545,1.2,1,2,3.125,0,2,0,1,1.8,1,1,0,3,1,1,0,0,0,0,0,0,1,0,1,0,0,0,0,0
34,5,1,8318,15.5,2,5,3,3,5,3,21,0,0,6,21,4,3,4,7,1,0,0,0.166666667,1,0,2.5,4159.0,0.681572379,0,2.583333333,3.5,1.0,0,1.333333333,0.666666667,1,2,3.0,0,1,1,1,1.166666667,0,0,0,2,1,0,0,0,0,0,1,0,1,0,1,0,0,0,0,0
55,4,1,10255,22.4,2,3,3,3,3,4,33,1,1,10,27,2,11,2,8,0,0,1,0.2,1,0,2.0,5127.5,0.829646018,0,4.48,3.25,0.5,0,0.181818182,0.4,0,2,2.454545455,0,1,0,1,1.6,1,1,0,3,1,0,1,0,0,1,0,0,1,0,0,0,0,1,0,0
47,4,3,9538,16.1,2,4,2,2,1,2,50,1,0,5,12,4,7,1,5,0,0,0,0.6,1,0,2.0,4769.0,0.505154639,0,3.22,1.75,0.5,1,0.571428571,0.8,1,4,2.0,0,3,1,1,1.0,0,1,1,3,0,1,0,0,1,0,0,0,0,0,0,0,1,0,1,1
40,3,0,7148,22.0,3,5,2,4,5,3,59,0,1,11,28,4,15,2,7,0,1,0,0.0,1,0,1.0,2382.666667,0.579769737,0,5.5,3.5,1.290994449,0,0.266666667,1.0,1,1,2.333333333,0,3,1,1,1.75,0,0,0,2,1,0,1,1,0,0,0,0,1,0,0,1,0,0,0,0
38,14,9,10868,13.6,4,3,3,1,1,4,36,0,0,5,17,2,14,2,6,0,1,0,0.6,1,1,3.5,2717.0,0.871128319,0,0.906666667,2.25,1.5,1,0.142857143,0.133333333,2,2,2.833333333,0,1,0,1,0.4,0,2,0,2,1,1,0,0,0,1,0,0,0,0,0,1,0,0,1,0
42,12,2,7475,8.1,4,2,3,3,2,5,15,1,1,2,5,8,8,3,8,0,1,0,0.153846154,1,0,3.0,1868.75,0.556572379,0,0.623076923,3.25,1.258305739,0,1.0,0.615384615,1,4,1.666666667,0,-1,0,0,0.615384615,1,1,0,1,1,1,0,0,0,0,1,0,0,1,0,1,0,0,0,0
30,2,2,6647,14.1,2,4,4,3,4,2,7,0,1,17,68,2,14,1,3,0,0,0,0.666666667,0,0,1.0,3323.5,0.336283186,1,4.7,3.25,0.957427108,0,0.142857143,0.666666667,1,1,3.777777778,1,3,1,1,1.0,0,2,0,2,1,1,0,0,0,1,0,0,1,0,1,0,0,0,0,0
48,4,1,7078,17.4,3,4,3,3,4,2,22,1,0,5,21,5,3,4,3,0,1,0,0.2,1,0,1.333333333,2359.333333,0.564967105,0,3.48,3.0,0.816496581,0,1.666666667,1.0,1,4,3.5,0,0,1,0,0.6,0,0,0,2,0,0,1,1,0,0,0,0,1,0,0,0,1,0,0,0
35,1,0,6849,16.1,2,4,4,2,3,4,46,0,0,9,21,2,9,4,3,0,1,0,0.0,1,0,0.5,3424.5,0.311152187,1,8.05,3.25,0.957427108,0,0.222222222,1.0,1,1,2.1,0,0,1,0,1.5,0,1,0,2,1,1,0,0,0,0,0,1,1,0,0,1,0,0,0,0
34,4,4,10318,17.4,3,4,5,3,4,1,32,1,0,17,56,8,8,4,9,0,1,0,0.8,0,1,1.333333333,3439.333333,0.701154529,0,3.48,3.25,1.707825128,0,1.0,1.6,1,4,3.111111111,0,0,1,0,1.8,1,2,0,2,1,1,0,0,0,0,0,0,0,0,1,0,0,0,1,0
43,12,5,9263,17.0,3,3,3,4,4,4,51,0,0,9,31,4,11,3,7,0,1,0,0.384615385,1,1,4.0,3087.666667,0.735066372,0,1.307692308,3.75,0.5,0,0.363636364,0.307692308,0,0,3.1,0,0,0,0,0.538461538,0,1,0,2,1,0,1,0,0,1,0,0,1,0,0,1,0,0,0,0
34,1,1,4554,13.4,1,3,1,4,4,4,37,0,0,6,15,4,6,3,5,0,0,0,0.5,0,0,1.0,4554.0,0.051139864,1,6.7,3.25,1.5,0,0.666666667,2.0,1,2,2.142857143,0,0,0,0,2.5,0,1,0,2,1,1,0,0,0,0,0,1,0,1,1,0,0,0,1,0
26,2,2,5928,19.3,1,5,4,3,4,4,52,0,0,21,50,4,16,3,4,0,0,0,0.666666667,0,0,2.0,5928.0,0.297212978,1,6.433333333,3.75,0.5,0,0.25,1.333333333,1,1,2.272727273,0,2,1,1,1.333333333,0,1,0,4,1,1,0,0,0,0,1,0,1,0,1,0,0,0,0,0
29,11,8,12542,13.9,4,3,4,3,3,3,75,0,1,15,40,5,3,2,5,0,1,0,0.666666667,1,1,2.75,3135.5,0.916820702,0,1.158333333,3.25,0.5,0,1.666666667,0.416666667,2,3,2.5,0,1,0,1,0.416666667,0,1,0,2,1,1,0,0,0,0,0,1,1,0,1,0,0,0,0,0
35,6,3,9794,11.3,3,5,4,5,4,5,20,0,1,18,86,6,2,4,6,1,1,0,0.428571429,1,0,2.0,3264.666667,0.731361676,0,1.614285714,4.5,0.577350269,0,3.0,0.857142857,0,1,4.526315789,1,1,1,1,0.857142857,0,1,0,2,1,1,0,0,0,0,0,1,1,0,0,1,0,0,0,0
33,3,1,8419,9.9,3,3,3,5,2,3,37,0,0,8,27,3,11,3,5,0,1,0,0.25,1,0,1.0,2806.333333,0.750822368,0,2.475,3.25,1.258305739,0,0.272727273,0.75,0,0,3.0,0,0,0,0,1.25,0,0,0,2,1,1,0,1,0,0,0,0,1,0,1,0,0,0,0,0
50,2,2,5382,16.3,1,4,3,2,2,3,32,1,1,22,51,2,9,3,8,0,0,1,0.666666667,0,0,2.0,5382.0,0.126925447,1,5.433333333,2.5,0.577350269,0,0.222222222,0.666666667,0,2,2.217391304,0,1,1,1,2.666666667,1,2,0,2,0,0,1,0,0,0,0,1,0,1,0,0,1,0,1,0
33,2,1,10553,13.7,3,3,2,4,4,4,60,0,1,15,43,1,12,3,3,0,1,0,0.333333333,1,0,0.666666667,3517.666667,0.63107511,0,4.566666667,3.5,1.0,0,0.083333333,0.333333333,1,1,2.6875,0,0,0,0,1.0,0,0,0,2,0,0,1,0,1,0,0,0,1,0,1,0,0,0,0,0
35,16,1,15573,13.0,5,3,1,3,3,4,43,0,0,18,50,10,11,4,8,0,1,0,0.058823529,1,0,3.2,3114.6,0.939617084,0,0.764705882,2.75,1.258305739,0,0.909090909,0.588235294,1,2,2.631578947,0,-1,0,0,0.470588235,1,1,0,2,0,0,1,0,1,0,0,0,1,0,0,1,0,0,1,0
34,3,1,6931,13.8,2,4,4,2,4,2,50,0,1,18,44,7,2,3,3,0,0,0,0.25,1,0,1.5,3465.5,0.538651316,0,3.45,3.0,1.154700538,0,3.5,1.75,0,1,2.315789474,0,1,1,1,0.75,0,0,0,3,1,1,0,1,0,0,0,0,1,0,1,0,0,0,0,0
44,0,0,3987,12.2,1,3,2,2,4,5,32,0,0,23,96,4,7,2,7,0,0,0,0.0,0,0,0.0,3987.0,0.036504425,1,12.2,3.25,1.5,0,0.571428571,4.0,1,2,4.0,1,1,0,1,7.0,0,2,0,2,1,0,0,0,0,1,0,0,1,0,0,1,0,0,1,1
33,6,2,16393,12.6,5,3,1,1,3,2,30,1,1,10,49,7,13,4,5,0,1,0,0.285714286,1,0,1.2,3278.6,0.976465364,0,1.8,1.75,0.957427108,1,0.538461538,1.0,1,4,4.454545455,0,-1,0,0,0.714285714,0,1,1,3,1,1,0,0,0,0,0,0,1,0,1,0,0,0,1,1
56,10,3,11366,7.7,3,4,5,2,3,2,9,0,0,13,44,2,8,4,6,1,1,1,0.272727273,1,0,3.333333333,3788.666667,0.718949435,0,0.7,3.0,1.414213562,0,0.25,0.181818182,0,0,3.142857143,0,0,1,0,0.545454545,0,0,0,2,0,1,0,0,1,0,0,0,0,0,0,0,0,1,0,0
34,6,2,11740,17.0,4,4,2,1,4,1,26,1,1,11,40,6,3,4,12,0,1,0,0.285714286,1,0,1.5,2935.0,0.881392483,0,2.428571429,2.0,1.414213562,1,2.0,0.857142857,2,5,3.333333333,0,0,1,0,1.714285714,1,2,1,2,1,1,0,0,0,0,0,1,1,0,1,0,0,0,0,1
43,5,4,10094,16.3,2,3,3,4,1,3,53,0,0,13,38,3,7,1,4,0,0,0,0.666666667,1,1,2.5,5047.0,0.851081531,0,2.716666667,2.75,1.258305739,0,0.428571429,0.5,0,0,2.714285714,0,2,0,1,0.666666667,0,1,0,3,1,0,1,0,0,0,1,0,1,0,0,1,0,0,0,0
18,0,0,5125,12.7,1,3,4,4,3,4,31,0,1,5,18,6,15,4,6,0,0,0,0.0,0,0,0.0,5125.0,0.02724595,1,12.7,3.75,0.5,0,0.4,6.0,0,0,3.0,0,-1,0,0,6.0,0,1,0,1,0,0,1,0,1,0,0,0,1,0,0,0,0,0,0,0
25,0,0,3595,15.7,1,4,4,4,3,2,38,0,0,16,68,6,7,4,4,0,0,0,0.0,0,0,0.0,3595.0,0.011706716,1,15.7,3.25,0.957427108,0,0.857142857,6.0,1,2,4.0,1,0,1,0,4.0,0,2,0,1,0,1,0,0,0,0,0,1,1,0,1,0,0,0,1,0
31,5,4,10962,14.1,3,5,3,3,4,1,57,0,1,26,118,4,13,3,5,1,1,0,0.666666667,1,0,1.666666667,3654.0,0.837338262,0,2.35,2.75,1.258305739,0,0.307692308,0.666666667,2,2,4.37037037,1,2,1,1,0.833333333,0,1,0,2,0,0,0,0,0,0,0,1,1,0,1,0,0,0,0,0
53,24,7,15639,18.2,5,4,2,4,3,3,11,0,0,14,29,6,8,1,4,1,1,1,0.28,1,0,4.8,3127.8,0.997920133,0,0.728,3.0,0.816496581,0,0.75,0.24,1,2,1.933333333,0,3,1,1,0.16,0,0,0,3,1,0,1,0,0,0,1,0,1,0,0,0,1,0,1,0
44,3,3,12235,18.4,3,5,1,2,2,5,36,0,0,22,80,3,6,3,10,0,1,0,0.75,0,0,1.0,4078.333333,0.790132548,0,4.6,2.5,1.732050808,0,0.5,0.75,1,1,3.47826087,1,2,1,1,2.5,1,2,0,3,0,1,0,0,1,0,0,0,1,0,0,1,0,0,1,1
46,3,0,6909,9.3,3,1,3,2,3,3,32,0,1,24,80,4,5,5,6,0,1,0,0.0,1,0,1.0,2303.0,0.234458259,1,2.325,2.75,0.5,0,0.8,1.0,0,1,3.2,1,-4,0,0,1.5,0,2,0,1,1,1,0,0,0,0,0,0,1,0,0,0,1,0,1,0
31,13,1,12362,16.4,4,5,3,1,4,4,3,0,0,17,51,5,5,3,8,0,1,0,0.071428571,1,0,3.25,3090.5,0.954242928,0,1.171428571,3.0,1.414213562,0,1.0,0.357142857,0,1,2.833333333,0,2,1,1,0.571428571,1,1,0,2,0,0,1,0,0,0,1,0,1,0,1,0,0,0,0,0
50,2,1,6695,12.8,2,1,4,3,2,2,48,0,0,14,46,1,9,3,4,0,0,1,0.333333333,1,0,1.0,3347.5,0.417845258,1,4.266666667,2.75,0.957427108,0,0.111111111,0.333333333,1,1,3.066666667,0,-2,0,0,1.333333333,0,1,0,2,0,0,1,0,0,0,1,0,1,0,0,0,1,0,0,0
29,0,0,5164,17.2,1,4,5,3,4,2,56,0,1,23,71,5,5,3,2,0,0,0,0.0,0,0,0.0,5164.0,0.213815789,1,17.2,3.5,1.290994449,0,1.0,5.0,2,3,2.958333333,1,1,1,1,2.0,0,2,0,2,0,1,0,1,0,0,0,0,1,0,1,0,0,0,0,0
37,4,3,5554,15.8,2,3,3,3,1,3,54,1,0,46,150,7,11,3,3,0,0,0,0.6,1,0,2.0,2777.0,0.232529118,1,3.16,2.5,1.0,0,0.636363636,1.4,0,3,3.191489362,1,0,0,0,0.6,0,2,0,2,0,0,1,0,0,0,1,0,1,0,0,1,0,0,1,1
32,2,2,5924,14.8,1,3,3,4,3,3,18,1,1,4,15,4,6,4,4,0,0,0,0.666666667,0,0,2.0,5924.0,0.352796053,1,4.933333333,3.25,0.5,0,0.666666667,1.333333333,1,4,3.0,0,-1,0,0,1.333333333,0,1,0,2,1,0,1,1,0,0,0,0,1,0,1,0,0,0,1,0
28,0,0,5439,21.1,2,5,2,3,5,3,46,0,1,9,23,3,2,3,3,0,0,0,0.0,0,0,0.0,2719.5,0.211314476,1,21.1,3.25,1.258305739,0,1.5,3.0,1,2,2.3,0,2,1,1,3.0,0,1,0,2,0,1,0,0,0,0,1,0,1,0,1,0,0,0,0,0
44,2,1,5592,17.7,1,5,4,3,4,1,5,0,1,27,47,2,10,3,3,0,1,0,0.333333333,1,0,2.0,5592.0,0.085701599,1,5.9,3.0,1.414213562,0,0.2,0.666666667,2,2,1.678571429,0,2,1,1,1.0,0,1,0,2,0,0,1,0,0,0,0,0,1,0,0,1,0,0,1,0
28,3,0,7588,17.2,2,4,3,2,3,3,22,0,1,49,126,6,10,3,4,0,0,0,0.0,1,0,1.5,3794.0,0.514380531,0,4.3,2.75,0.5,0,0.6,1.5,0,1,2.52,1,1,1,1,1.0,0,1,0,2,1,1,0,0,0,1,0,0,0,0,1,0,0,0,1,0
35,2,2,7435,9.9,2,2,4,4,4,4,63,0,1,6,17,4,4,3,1,0,1,0,0.666666667,0,0,1.0,3717.5,0.548252912,0,3.3,4.0,0.0,0,1.0,1.333333333,2,3,2.428571429,0,-1,0,0,0.333333333,0,0,0,3,0,1,0,0,0,0,1,0,1,0,0,1,0,0,0,0
27,9,5,13920,23.0,4,4,4,5,4,2,36,1,0,18,50,6,6,3,7,1,1,0,0.5,1,0,2.25,3480.0,0.953635243,0,2.3,3.75,1.258305739,0,1.0,0.6,2,5,2.631578947,0,1,1,1,0.7,0,0,0,3,1,1,0,0,0,0,0,1,1,0,1,0,0,0,0,0
41,1,0,6854,11.9,2,3,3,4,4,2,36,1,0,10,26,1,2,3,6,0,0,0,0.0,1,0,0.5,3427.0,0.446131448,1,5.95,3.25,0.957427108,0,0.5,0.5,0,2,2.363636364,0,0,0,0,3.0,0,1,0,2,0,0,1,0,0,0,1,0,0,1,0,1,0,0,0,0
44,3,1,5497,16.4,1,3,4,3,3,4,28,0,0,7,23,6,11,3,6,0,0,0,0.25,1,0,3.0,5497.0,0.222129784,1,4.1,3.5,0.577350269,0,0.545454545,1.5,0,1,2.875,0,0,0,0,1.5,0,1,0,2,1,0,1,0,0,0,1,0,1,0,0,1,0,0,0,0
36,1,1,12890,11.0,3,3,3,1,3,1,33,1,0,5,19,5,9,3,9,0,1,0,0.5,0,0,0.333333333,4296.666667,0.831860579,0,5.5,2.0,1.154700538,1,0.555555556,2.5,2,5,3.166666667,0,0,0,0,4.5,1,2,1,4,1,0,1,0,1,0,0,0,0,0,0,1,0,0,1,1
25,5,1,8207,11.7,4,1,4,2,3,2,16,1,0,16,50,10,4,2,7,0,1,0,0.166666667,1,0,1.25,2051.75,0.420959147,1,1.95,2.75,0.957427108,0,2.5,1.666666667,1,4,2.941176471,0,-1,0,0,1.166666667,0,1,0,1,0,1,0,0,0,0,0,0,1,0,1,0,0,0,0,1
29,4,0,9887,12.0,3,3,3,3,3,3,31,1,1,14,52,4,9,4,6,0,1,0,0.0,1,0,1.333333333,3295.666667,0.802544248,0,2.4,3.0,0.0,0,0.444444444,0.8,1,3,3.466666667,0,-1,0,0,1.2,0,0,0,3,0,0,1,0,0,1,0,0,0,0,1,0,0,0,0,0
35,1,1,7559,12.2,3,4,2,1,3,4,54,0,1,20,64,5,3,4,6,0,1,0,0.5,0,0,0.333333333,2519.666667,0.435613062,1,6.1,2.5,1.290994449,0,1.666666667,2.5,0,1,3.047619048,1,0,1,0,3.0,0,2,0,2,1,1,0,0,0,0,0,1,1,0,0,1,0,0,0,1
54,2,0,7788,17.3,2,4,5,3,4,2,34,0,0,10,34,3,3,3,4,0,0,1,0.0,1,0,1.0,3894.0,0.469500924,1,5.766666667,3.5,1.290994449,0,1.0,1.0,0,1,3.090909091,0,1,1,1,1.333333333,0,1,0,1,1,1,0,0,0,0,0,1,1,0,0,0,1,0,1,0
27,5,1,8077,13.4,3,3,4,2,3,3,16,0,1,10,39,7,7,3,1,0,1,0,0.166666667,1,0,1.666666667,2692.333333,0.308787432,1,2.233333333,3.0,0.816496581,0,1.0,1.166666667,1,2,3.545454545,0,0,0,0,0.166666667,0,1,0,1,1,0,0,0,1,0,0,0,1,0,1,0,0,0,0,0
34,1,0,3077,8.8,1,1,3,3,5,3,38,0,0,11,29,3,6,3,5,0,1,0,0.0,1,0,1.0,3077.0,0.004977876,1,4.4,3.5,1.0,0,0.5,1.5,1,1,2.416666667,0,-2,0,0,2.5,0,1,0,2,0,0,1,0,0,1,0,0,1,0,1,0,0,0,1,0
44,5,0,8058,13.6,2,5,2,2,1,2,24,0,0,8,24,4,11,4,2,1,0,0,0.0,1,0,2.5,4029.0,0.306578301,1,2.266666667,1.75,0.5,1,0.363636364,0.666666667,1,1,2.666666667,0,1,1,1,0.333333333,0,2,0,1,0,1,0,0,1,0,0,0,0,0,0,1,0,0,1,0
39,1,0,8689,12.1,2,3,4,2,4,3,5,1,1,23,60,5,9,3,8,0,0,0,0.0,1,0,0.5,4344.5,0.494005329,1,6.05,3.25,0.957427108,0,0.555555556,2.5,1,4,2.5,0,0,0,0,4.0,1,2,0,3,0,1,0,0,0,0,0,0,1,0,0,1,0,0,1,1
30,3,3,7437,14.2,2,1,2,3,2,3,47,1,0,10,39,4,3,3,12,0,0,0,0.75,0,0,1.5,3718.5,0.415742452,1,3.55,2.5,0.577350269,0,1.333333333,1.0,1,4,3.545454545,0,-2,0,0,3.0,1,2,0,3,1,0,1,0,0,0,0,1,1,0,1,0,0,0,0,1
36,0,0,5607,22.8,2,5,2,2,3,4,68,0,0,11,42,6,4,5,5,0,0,0,0.0,0,0,0.0,2803.5,0.239600666,1,22.8,2.75,0.957427108,0,1.5,6.0,1,2,3.5,0,0,1,0,5.0,0,1,0,1,0,0,0,0,0,0,1,0,1,0,0,1,0,0,0,0
41,4,0,8236,10.5,3,2,3,4,2,2,44,0,1,3,10,7,5,5,6,0,1,0,0.0,1,0,1.333333333,2745.333333,0.536968577,0,2.1,2.75,0.957427108,0,1.4,1.4,1,2,2.5,0,-3,0,0,1.2,0,0,0,2,0,1,0,0,0,0,0,1,1,0,0,1,0,0,0,0
42,2,1,5550,10.1,2,3,3,5,3,4,61,1,1,2,5,3,10,3,4,0,1,0,0.333333333,1,0,1.0,2775.0,0.142637092,1,3.366666667,3.75,0.957427108,0,0.3,1.0,0,2,1.666666667,0,0,0,0,1.333333333,0,1,0,1,1,1,0,0,0,0,0,1,1,0,0,1,0,0,0,0
23,5,0,9833,19.3,3,3,4,3,2,5,30,1,0,40,120,3,5,1,6,0,1,0,0.0,1,0,1.666666667,3277.666667,0.867598684,0,3.216666667,3.5,1.290994449,0,0.6,0.5,1,4,2.926829268,1,2,0,1,1.0,0,1,0,4,1,1,0,1,0,0,0,0,1,0,0,0,0,0,1,0
35,1,0,9010,19.0,2,3,4,5,2,4,46,0,0,13,43,3,6,4,5,0,0,0,0.0,1,0,0.5,4505.0,0.540852575,0,9.5,3.75,1.258305739,0,0.5,1.5,2,2,3.071428571,0,-1,0,0,2.5,0,0,0,3,0,0,1,0,0,0,0,0,1,0,0,1,0,0,0,0
43,1,1,4509,12.1,1,3,4,5,3,1,36,1,0,27,78,6,8,3,4,0,1,0,0.5,0,0,1.0,4509.0,0.071349558,1,6.05,3.25,1.707825128,0,0.75,3.0,1,4,2.785714286,1,0,0,0,2.0,0,2,0,2,0,1,0,0,0,1,0,0,0,0,0,1,0,0,1,1
33,15,9,10198,11.2,4,3,4,4,3,3,55,1,1,26,85,3,8,4,3,0,1,0,0.5625,1,1,3.75,2549.5,0.825497788,0,0.7,3.5,0.577350269,0,0.375,0.1875,1,3,3.148148148,1,-1,0,0,0.1875,0,2,0,1,1,0,1,0,0,1,0,0,1,0,1,0,0,0,1,0
31,6,4,12354,17.0,3,3,1,4,4,4,5,0,0,13,42,1,10,1,3,0,1,0,0.571428571,1,1,2.0,4118.0,0.798478154,0,2.428571429,3.25,1.5,0,0.1,0.142857143,1,1,3.0,0,2,0,1,0.428571429,0,1,0,3,0,1,0,0,1,0,0,0,0,0,1,0,0,0,0,0
41,0,0,7162,14.8,1,3,5,3,3,3,48,0,0,13,49,3,11,4,5,0,0,0,0.0,0,0,0.0,7162.0,0.192071674,1,14.8,3.5,1.0,0,0.272727273,3.0,2,2,3.5,0,-1,0,0,5.0,0,1,0,2,1,1,0,0,1,0,0,0,1,0,0,1,0,0,0,0
43,11,5,15503,14.2,3,4,3,4,5,4,54,0,0,14,32,6,10,2,6,0,1,0,0.416666667,1,1,3.666666667,5167.666667,0.961367673,0,1.183333333,4.0,0.816496581,0,0.6,0.5,1,2,2.133333333,0,2,1,1,0.5,0,1,0,4,1,0,1,0,0,0,0,0,0,1,0,1,0,0,0,0
27,5,1,7146,9.3,2,3,4,3,3,4,44,0,0,10,33,4,4,3,4,0,0,0,0.166666667,1,0,2.5,3573.0,0.578947368,0,1.55,3.5,0.577350269,0,1.0,0.666666667,1,2,3.0,0,0,0,0,0.666666667,0,0,0,3,0,0,1,1,0,0,0,0,1,0,1,0,0,0,0,0
32,1,1,7183,18.9,1,5,4,3,4,3,13,0,0,13,32,7,14,2,3,0,0,0,0.5,0,0,1.0,7183.0,0.369685767,1,9.45,3.5,0.577350269,0,0.5,3.5,2,2,2.285714286,0,3,1,1,1.5,0,1,0,1,0,1,0,0,0,0,0,1,1,0,1,0,0,0,1,0
40,17,14,14396,10.3,5,1,3,4,2,1,37,0,0,21,72,5,8,5,5,0,1,0,0.777777778,1,1,3.4,2879.2,0.939165187,0,0.572222222,2.5,1.290994449,0,0.625,0.277777778,0,1,3.272727273,1,-4,0,0,0.277777778,0,2,0,1,1,1,0,0,0,0,0,0,0,1,0,1,0,0,0,0
38,5,0,9924,19.4,3,3,2,4,2,5,60,0,1,8,32,4,4,4,0,0,1,0,0.0,1,0,1.666666667,3308.0,0.744146642,0,3.233333333,3.25,1.5,0,1.0,0.666666667,0,1,3.555555556,0,-1,0,0,0.0,0,0,0,2,0,1,0,0,0,0,0,1,0,1,0,1,0,0,0,0
47,2,1,10567,12.7,2,5,3,1,3,5,13,0,0,2,7,1,3,4,6,0,0,0,0.333333333,1,0,1.0,5283.5,0.807917437,0,4.233333333,3.0,1.632993162,0,0.333333333,0.333333333,1,1,2.333333333,0,1,1,1,2.0,0,0,0,3,1,0,1,0,0,0,0,1,0,1,0,0,1,0,0,0
30,4,3,8328,8.8,2,2,3,1,3,5,41,1,0,39,91,3,11,5,8,0,1,0,0.6,1,0,2.0,4164.0,0.683860233,0,1.76,3.0,1.632993162,0,0.272727273,0.6,1,3,2.275,1,-3,0,0,1.6,1,2,0,4,0,0,1,0,0,0,1,0,1,0,1,0,0,0,0,1
46,2,0,11651,16.9,4,3,3,2,3,3,63,0,0,13,41,1,10,2,10,0,1,0,0.0,1,0,0.5,2912.75,0.74496809,0,5.633333333,2.75,0.5,0,0.1,0.333333333,0,0,2.928571429,0,1,0,1,3.333333333,1,1,0,1,1,1,0,0,1,0,0,0,1,0,0,0,1,0,0,0
47,6,5,12379,15.1,4,4,2,2,5,3,47,0,1,16,56,1,6,5,3,0,1,0,0.714285714,1,1,1.5,3094.75,0.955490849,0,2.157142857,3.0,1.414213562,0,0.166666667,0.142857143,1,1,3.294117647,0,-1,1,0,0.428571429,0,1,0,3,0,0,1,0,0,0,1,0,1,0,0,0,1,0,1,0
53,0,0,2957,13.9,1,3,4,3,5,4,57,1,0,18,68,6,13,3,3,0,0,1,0.0,0,0,0.0,2957.0,0.008735441,1,13.9,4.0,0.816496581,0,0.461538462,6.0,1,3,3.578947368,1,0,0,0,3.0,0,2,0,2,1,1,0,0,0,0,1,0,1,0,0,0,1,0,0,0
18,0,0,8324,15.6,2,3,5,3,3,3,5,1,0,5,13,5,8,3,10,0,0,0,0.0,0,0,0.0,4162.0,0.552526186,0,15.6,3.5,1.0,0,0.625,5.0,1,4,2.166666667,0,0,0,0,10.0,1,1,0,3,0,1,0,0,0,0,0,1,1,0,0,0,0,0,0,0
32,4,3,11661,14.1,2,4,5,4,3,3,47,0,0,10,20,6,4,3,6,0,0,0,0.6,1,0,2.0,5830.5,0.877387554,0,2.82,3.75,0.957427108,0,1.5,1.2,0,1,1.818181818,0,1,1,1,1.2,0,0,0,4,0,0,1,0,0,0,0,1,1,0,1,0,0,0,0,0
41,4,1,8187,19.8,3,4,4,4,4,4,50,0,0,38,89,8,9,4,3,0,1,0,0.2,1,0,1.333333333,2729.0,0.526802218,0,3.96,4.0,0.0,0,0.888888889,1.6,0,1,2.282051282,1,0,1,0,0.6,0,1,0,2,0,1,0,0,0,0,0,1,1,0,0,1,0,0,0,0
40,11,7,8709,10.1,5,3,3,3,3,3,58,0,0,6,22,3,11,2,7,0,1,0,0.583333333,1,1,2.2,1741.8,0.728785358,0,0.841666667,3.0,0.0,0,0.272727273,0.25,1,1,3.142857143,0,1,0,1,0.583333333,0,1,0,1,1,1,0,0,0,0,1,0,1,0,0,1,0,0,0,0
44,4,2,9844,15.5,3,4,4,2,2,5,42,1,0,6,20,3,14,4,10,0,1,0,0.4,1,0,1.333333333,3281.333333,0.798396018,0,3.1,3.25,1.5,0,0.214285714,0.6,0,2,2.857142857,0,0,1,0,2.0,1,1,0,2,0,1,0,0,0,1,0,0,1,0,0,1,0,0,1,0
34,4,0,11098,13.3,2,4,2,1,2,3,59,0,0,5,15,4,4,2,4,0,0,0,0.0,1,0,2.0,5549.0,0.690230731,0,2.66,2.0,0.816496581,1,1.0,0.8,1,2,2.5,0,2,1,1,0.8,0,1,0,3,0,1,0,0,1,0,0,0,1,0,1,0,0,0,1,1
52,1,1,11658,18.7,3,1,2,5,4,2,37,0,1,20,71,3,8,2,2,0,1,1,0.5,0,0,0.333333333,3886.0,0.745459008,0,9.35,3.25,1.5,0,0.375,1.5,0,0,3.380952381,1,-1,0,0,1.0,0,1,0,3,1,0,0,0,1,0,0,0,0,0,0,0,1,0,0,0
24,4,0,11145,14.7,3,4,3,4,3,1,42,0,0,13,38,6,6,4,3,0,1,0,0.0,1,0,1.333333333,3715.0,0.697103584,0,2.94,2.75,1.258305739,0,1.0,1.2,1,2,2.714285714,0,0,1,0,0.6,0,0,0,1,1,1,0,0,1,0,0,0,1,0,0,0,0,0,0,0
26,6,4,9341,21.4,3,3,3,3,1,3,18,1,1,7,20,1,9,1,7,0,1,0,0.571428571,1,1,2.0,3113.666667,0.683302526,0,3.057142857,2.5,1.0,0,0.111111111,0.142857143,1,3,2.5,0,2,0,1,1.0,0,1,0,3,0,0,1,0,0,0,0,1,0,0,1,0,0,0,0,0
44,1,1,6217,12.4,1,3,4,2,4,3,17,0,0,25,81,6,8,4,8,0,0,0,0.5,0,0,1.0,6217.0,0.153197158,1,6.2,3.25,0.957427108,0,0.75,3.0,1,2,3.115384615,1,-1,0,0,4.0,1,3,0,2,1,1,0,0,0,0,0,0,0,0,0,1,0,0,0,0
42,4,4,8928,21.6,3,5,3,4,3,1,44,0,0,7,23,4,3,3,4,0,1,0,0.8,0,1,1.333333333,2976.0,0.630622304,0,4.32,2.75,1.258305739,0,1.333333333,0.8,0,1,2.875,0,2,1,1,0.8,0,1,0,2,1,0,1,0,0,0,0,1,1,0,0,1,0,0,0,0
40,5,3,11523,18.2,3,4,2,4,4,3,30,0,1,15,51,3,13,2,7,0,1,0,0.5,1,0,1.666666667,3841.0,0.908738938,0,3.033333333,3.25,0.957427108,0,0.230769231,0.5,0,0,3.1875,0,2,1,1,1.166666667,0,0,0,3,0,0,0,0,0,1,0,0,1,0,0,1,0,0,0,0
33,11,10,11993,13.0,2,3,2,3,4,2,26,0,1,17,64,5,3,2,8,0,1,0,0.833333333,1,1,5.5,5996.5,0.772704958,0,1.083333333,2.75,0.957427108,0,1.666666667,0.416666667,1,2,3.555555556,1,1,0,1,0.666666667,1,3,0,3,0,0,0,0,1,0,0,0,1,0,1,0,0,0,0,0
30,7,7,11634,13.3,4,4,1,3,1,2,50,0,1,3,12,4,3,3,3,0,1,0,0.875,0,1,1.75,2908.5,0.912057522,0,1.6625,1.75,0.957427108,1,1.333333333,0.5,1,2,3.0,0,1,1,1,0.375,0,2,0,2,1,0,1,0,0,1,0,0,0,1,1,0,0,0,0,0
29,1,0,9199,16.7,3,5,5,5,2,1,19,0,0,4,14,3,9,4,4,0,1,0,0.0,1,0,0.333333333,3066.333333,0.665896488,0,8.35,3.25,2.061552813,0,0.333333333,1.5,1,1,2.8,0,1,1,1,2.0,0,0,0,2,1,1,0,0,0,0,0,1,1,0,1,0,0,0,0,0
38,8,2,6321,11.0,2,4,3,3,2,3,24,1,0,10,30,3,8,2,7,0,1,0,0.222222222,1,0,4.0,3160.5,0.429276316,1,1.222222222,2.75,0.5,0,0.375,0.333333333,0,2,2.727272727,0,2,1,1,0.777777778,0,1,0,2,0,0,1,1,0,0,0,0,1,0,0,1,0,0,0,0
45,2,0,5649,19.7,2,3,1,5,3,3,36,1,0,23,68,2,7,4,8,0,0,0,0.0,1,0,1.0,2824.5,0.194690265,1,6.566666667,3.0,1.632993162,0,0.285714286,0.666666667,0,2,2.833333333,1,-1,0,0,2.666666667,1,3,0,1,0,0,0,0,0,1,0,0,0,0,0,0,1,0,1,1
38,12,12,8504,13.7,3,2,4,3,4,3,53,0,1,12,57,7,12,3,6,0,1,0,0.923076923,0,1,4.0,2834.666667,0.759046053,0,1.053846154,3.5,0.577350269,0,0.583333333,0.538461538,1,2,4.384615385,0,-1,0,0,0.461538462,0,1,0,1,0,0,1,1,0,0,0,0,0,0,0,1,0,0,0,0
28,4,1,9414,15.2,3,3,2,3,1,2,41,0,1,8,30,3,12,2,2,0,1,0,0.2,1,0,1.333333333,3138.0,0.796173045,0,3.04,2.0,0.816496581,1,0.25,0.6,0,0,3.333333333,0,1,0,1,0.4,0,1,0,2,0,0,1,0,0,0,1,0,1,0,1,0,0,0,0,0
33,2,2,7931,16.3,2,3,5,4,4,3,56,1,0,20,88,5,16,1,7,0,0,0,0.666666667,0,0,1.0,3965.5,0.49168207,1,5.433333333,4.0,0.816496581,0,0.3125,1.666666667,2,4,4.19047619,1,2,0,1,2.333333333,0,2,0,2,1,0,1,0,0,0,0,1,1,0,1,0,0,0,0,1
42,3,2,7737,15.7,3,4,3,5,3,2,10,1,0,1,5,6,3,2,5,0,1,0,0.5,1,0,1.0,2579.0,0.654605263,0,3.925,3.25,1.258305739,0,2.0,1.5,1,4,2.5,0,2,1,1,1.25,0,0,0,1,0,1,0,1,0,0,0,0,1,0,0,1,0,0,1,0
22,2,2,11459,18.6,3,5,2,4,3,4,67,0,0,13,48,4,3,3,10,0,1,0,0.666666667,0,0,0.666666667,3819.666667,0.79973357,0,6.2,3.25,0.957427108,0,1.333333333,1.333333333,2,3,3.428571429,0,2,1,1,3.333333333,1,1,0,2,1,0,0,0,0,0,0,0,0,0,0,0,0,0,0,0
58,4,1,6200,18.7,2,4,2,4,3,3,18,0,0,12,52,6,16,4,6,0,0,1,0.2,1,0,2.0,3100.0,0.26880531,1,3.74,3.0,0.816496581,0,0.375,1.2,0,0,4.0,0,0,1,0,1.2,0,1,0,1,1,0,1,0,0,1,0,0,1,0,0,0,0,1,0,0
47,19,1,13609,16.6,5,3,3,3,3,2,45,0,0,6,20,5,7,2,1,0,1,0,0.05,1,0,3.8,2721.8,0.946703635,0,0.83,2.75,0.5,0,0.714285714,0.25,0,1,2.857142857,0,1,0,1,0.05,0,0,0,2,1,0,1,0,0,0,0,1,1,0,0,0,1,0,0,0
31,6,4,6515,14.2,1,3,4,4,2,2,21,0,0,22,52,3,7,3,3,0,0,0,0.571428571,1,1,6.0,6515.0,0.186500888,1,2.028571429,3.0,1.154700538,0,0.428571429,0.428571429,2,2,2.260869565,0,0,0,0,0.428571429,0,2,0,2,1,1,0,0,0,0,0,0,1,0,1,0,0,0,0,0
48,3,2,8112,20.5,3,5,1,2,3,4,27,1,1,14,66,3,9,5,4,0,1,0,0.5,1,0,1.0,2704.0,0.514479359,0,5.125,2.5,1.290994449,0,0.333333333,0.75,2,4,4.4,1,0,1,0,1.0,0,1,0,2,1,0,1,0,0,0,0,1,1,0,0,0,1,0,1,1
21,1,1,8010,12.9,2,3,3,2,3,3,37,1,1,11,29,8,5,4,9,0,0,0,0.5,0,0,0.5,4005.0,0.393428064,1,6.45,2.75,0.5,0,1.6,4.0,0,3,2.416666667,0,-1,0,0,4.5,1,2,0,3,0,1,0,0,0,0,0,0,1,0,0,0,0,0,0,1
35,14,8,12898,18.5,4,2,3,2,3,3,74,0,0,9,30,5,6,3,8,0,1,0,0.533333333,1,1,3.5,3224.5,0.832106038,0,1.233333333,2.75,0.5,0,0.833333333,0.333333333,0,1,3.0,0,-1,0,0,0.533333333,1,2,0,2,1,0,1,0,1,0,0,0,0,1,0,1,0,0,0,0
38,7,7,14078,14.7,3,2,3,3,5,4,24,1,0,10,20,7,7,2,9,0,1,0,0.875,0,1,2.333333333,4692.666667,0.889052528,0,1.8375,3.75,0.957427108,0,1.0,0.875,2,5,1.818181818,0,0,0,0,1.125,1,2,0,3,1,1,0,0,1,0,0,0,1,0,0,1,0,0,1,0
29,6,0,11147,12.8,2,3,2,2,4,3,46,0,0,2,9,4,2,5,2,0,0,0,0.0,1,0,3.0,5573.5,0.697594502,0,1.828571429,2.75,0.957427108,0,2.0,0.571428571,1,2,3.0,0,-2,0,0,0.285714286,0,0,0,3,1,1,0,0,1,0,0,0,1,0,1,0,0,0,1,0
38,0,0,3381,10.9,1,3,3,3,3,3,58,1,0,20,64,2,6,5,11,0,0,0,0.0,0,0,0.0,3381.0,0.008009858,1,10.9,3.0,0.0,0,0.333333333,2.0,0,2,3.047619048,1,-2,0,0,11.0,1,3,0,2,0,0,1,0,0,0,0,1,1,0,0,1,0,0,1,1
26,8,2,6938,21.5,2,5,4,3,3,3,23,1,1,35,122,2,13,3,4,1,0,0,0.222222222,1,0,4.0,3469.0,0.388274336,1,2.388888889,3.25,0.5,0,0.153846154,0.222222222,1,3,3.388888889,1,2,1,1,0.444444444,0,2,0,2,0,1,0,0,0,1,0,0,1,0,1,0,0,0,0,0
49,3,3,4954,22.0,1,5,3,3,3,3,28,0,0,9,26,4,6,2,3,0,1,0,0.75,0,0,3.0,4954.0,0.185855263,1,5.5,3.0,0.0,0,0.666666667,1.0,2,3,2.6,0,3,1,1,0.75,0,1,0,2,1,1,0,1,0,0,0,0,1,0,0,0,1,0,0,0
45,2,0,7640,12.7,2,3,2,2,4,3,22,1,0,20,73,4,10,2,9,0,0,0,0.0,1,0,1.0,3820.0,0.250368189,1,4.233333333,2.75,0.957427108,0,0.4,1.333333333,2,4,3.476190476,1,1,0,1,3.0,1,3,0,2,0,0,1,0,1,0,0,0,1,0,0,0,1,0,1,1
18,0,0,7191,15.1,3,2,3,5,2,4,41,1,1,4,11,3,18,4,6,0,1,0,0.0,0,0,0.0,2397.0,0.27464476,1,15.1,3.5,1.290994449,0,0.166666667,3.0,1,3,2.2,0,-2,0,0,6.0,0,1,0,2,1,0,0,0,0,0,0,0,1,0,0,0,0,0,0,0
24,6,3,9319,16.9,4,5,1,2,1,3,54,1,0,16,44,5,7,2,10,0,1,0,0.428571429,1,0,1.5,2329.75,0.789933444,0,2.414285714,1.75,0.957427108,1,0.714285714,0.714285714,1,4,2.588235294,0,3,1,1,1.428571429,1,2,1,2,1,1,0,0,0,0,1,0,1,0,0,0,0,0,1,1
37,3,0,6149,20.1,2,5,3,3,3,4,56,0,0,9,33,3,9,3,4,0,0,0,0.0,1,0,1.5,3074.5,0.143428064,1,5.025,3.25,0.5,0,0.333333333,0.75,1,1,3.3,0,2,1,1,1.0,0,1,0,1,1,1,0,0,0,0,0,0,1,0,0,1,0,0,0,0
37,0,0,5575,18.5,2,3,3,3,2,4,43,1,0,18,60,7,7,3,6,0,1,0,0.0,0,0,0.0,2787.5,0.145717807,1,18.5,3.0,0.816496581,0,1.0,7.0,1,4,3.157894737,0,0,0,0,6.0,0,1,0,2,0,0,1,0,0,0,0,1,1,0,0,1,0,0,0,0
32,2,1,7200,15.8,2,3,3,3,2,5,22,0,0,6,19,3,8,4,6,0,0,0,0.333333333,1,0,1.0,3600.0,0.441924779,1,5.266666667,3.25,1.258305739,0,0.375,1.0,2,2,2.714285714,0,-1,0,0,2.0,0,1,0,2,1,0,1,0,0,1,0,0,1,0,1,0,0,0,1,0
18,0,0,6963,12.7,2,3,3,3,4,2,89,1,1,16,55,6,3,2,4,0,0,0,0.0,0,0,0.0,3481.5,0.544407895,0,12.7,3.0,0.816496581,0,2.0,6.0,1,4,3.235294118,0,1,0,1,4.0,0,0,0,3,1,1,0,1,0,0,0,0,1,0,0,0,0,0,1,1
38,4,4,7772,15.0,2,2,4,2,3,3,66,0,1,19,62,4,6,3,7,0,0,0,0.8,0,1,2.0,3886.0,0.264604811,1,3.0,3.0,0.816496581,0,0.666666667,0.8,0,1,3.1,1,-1,0,0,1.4,0,3,0,3,1,1,0,0,1,0,0,0,1,0,0,1,0,0,0,0
29,4,1,9572,20.0,3,4,3,4,3,2,32,1,0,3,6,5,3,2,4,0,1,0,0.2,1,0,1.333333333,3190.666667,0.712107209,0,4.0,3.0,0.816496581,0,1.666666667,1.0,2,5,1.5,0,2,1,1,0.8,0,0,0,3,1,0,1,0,0,0,0,1,1,0,1,0,0,0,0,0
33,2,1,10126,15.0,3,3,4,4,2,5,20,0,1,15,70,1,8,3,3,0,1,0,0.333333333,1,0,0.666666667,3375.333333,0.766019717,0,5.0,3.75,1.258305739,0,0.125,0.333333333,1,1,4.375,1,0,0,0,1.0,0,1,0,2,1,1,0,0,0,0,0,1,0,0,1,0,0,0,1,0
47,3,3,7262,15.0,3,4,3,2,2,5,55,0,1,15,50,6,12,3,4,0,1,0,0.75,0,0,1.0,2420.666667,0.38293284,1,3.75,3.0,1.414213562,0,0.5,1.5,0,0,3.125,0,1,1,1,1.0,0,1,0,1,0,0,0,0,0,0,0,1,1,0,0,0,1,0,0,0
56,2,0,8750,16.8,2,3,3,1,2,3,76,0,0,15,47,4,8,2,7,0,0,1,0.0,1,0,1.0,4375.0,0.733361065,0,5.6,2.25,0.957427108,1,0.5,1.333333333,1,1,2.9375,0,1,0,1,2.333333333,0,1,0,3,0,1,0,0,0,0,1,0,1,0,0,0,0,1,0,1
36,2,1,3105,17.5,1,2,4,3,4,2,73,0,0,57,137,4,5,3,5,0,0,0,0.333333333,1,0,2.0,3105.0,0.006084071,1,5.833333333,3.25,0.957427108,0,0.8,1.333333333,2,3,2.362068966,1,-1,0,0,1.666666667,0,2,0,1,1,1,0,0,0,1,0,0,0,0,0,1,0,0,1,0
43,1,1,5812,21.3,1,4,4,1,3,1,18,0,1,17,41,3,12,5,7,0,0,0,0.5,0,0,1.0,5812.0,0.277246256,1,10.65,2.25,1.5,1,0.25,1.5,1,1,2.277777778,0,-1,1,0,3.5,0,2,0,3,1,0,1,0,0,0,1,0,1,0,0,1,0,0,0,1
28,6,6,8777,16.4,3,2,3,3,5,3,17,0,0,6,21,4,12,3,7,0,1,0,0.857142857,0,1,2.0,2925.666667,0.785361842,0,2.342857143,3.5,1.0,0,0.333333333,0.571428571,1,1,3.0,0,-1,0,0,1.0,0,1,0,3,0,0,1,1,0,0,0,0,1,0,1,0,0,0,0,0
34,5,5,6918,19.6,2,4,4,3,3,4,45,0,0,14,60,2,6,4,6,0,0,0,0.833333333,0,1,2.5,3459.0,0.386061947,1,3.266666667,3.5,0.577350269,0,0.333333333,0.333333333,1,1,4.0,0,0,1,0,1.0,0,2,0,3,1,1,0,0,0,1,0,0,1,0,1,0,0,0,0,0
29,11,7,14728,18.1,4,4,3,3,4,4,35,1,1,7,21,3,10,3,6,0,1,0,0.583333333,1,1,2.75,3682.0,0.968884781,0,1.508333333,3.5,0.577350269,0,0.3,0.25,0,2,2.625,0,1,1,1,0.5,0,1,0,3,0,1,0,0,0,0,0,1,1,0,1,0,0,0,0,0
32,10,7,8946,18.5,2,3,1,2,5,3,0,0,1,5,10,1,8,4,5,0,1,0,0.636363636,1,1,5.0,4473.0,0.754991681,0,1.681818182,2.75,1.707825128,0,0.125,0.090909091,1,1,1.666666667,0,-1,0,0,0.454545455,0,1,0,2,1,1,0,0,0,0,1,0,0,0,1,0,0,0,1,0
39,5,3,11591,19.3,3,4,3,2,2,3,52,0,0,26,110,4,12,4,5,0,1,0,0.5,1,0,1.666666667,3863.666667,0.738831615,0,3.216666667,2.5,0.577350269,0,0.333333333,0.666666667,1,1,4.074074074,1,0,1,0,0.833333333,0,1,0,2,1,0,1,0,1,0,0,0,1,0,0,1,0,0,0,0
28,4,0,14048,13.6,3,3,1,3,2,3,17,1,0,15,28,3,17,2,6,0,1,0,0.0,1,0,1.333333333,4682.666667,0.928063943,0,2.72,2.25,0.957427108,1,0.176470588,0.6,0,2,1.75,0,1,0,1,1.2,0,1,1,4,1,0,1,0,0,0,0,0,1,0,1,0,0,0,0,1
44,16,16,9606,11.0,4,4,4,3,5,1,38,0,1,28,86,5,12,2,4,0,1,0,0.941176471,0,1,4.0,2401.5,0.848684211,0,0.647058824,3.25,1.707825128,0,0.416666667,0.294117647,1,1,2.965517241,1,2,1,1,0.235294118,0,2,0,1,1,0,1,1,0,0,0,0,1,0,0,1,0,0,1,0
34,1,1,6238,13.2,2,2,5,5,3,5,37,0,1,1,5,4,6,4,3,0,1,0,0.5,0,0,0.5,3119.0,0.27295354,1,6.6,4.5,1.0,0,0.666666667,2.0,2,3,2.5,0,-2,0,0,1.5,0,1,0,2,0,0,1,0,0,1,0,0,1,0,1,0,0,0,0,0
38,4,3,8738,16.4,2,4,4,3,4,2,54,0,1,27,104,4,10,4,4,0,0,0,0.6,1,0,2.0,4369.0,0.730449251,0,3.28,3.25,0.957427108,0,0.4,0.8,1,1,3.714285714,1,0,1,0,0.8,0,1,0,2,1,1,0,0,0,0,1,0,1,0,0,1,0,0,0,0
56,6,2,10719,9.8,3,3,4,3,4,3,37,0,1,5,20,4,14,3,3,0,1,1,0.285714286,1,0,2.0,3573.0,0.821626617,0,1.4,3.5,0.577350269,0,0.285714286,0.571428571,2,2,3.333333333,0,0,0,0,0.428571429,0,0,0,3,0,0,1,0,0,0,0,1,1,0,0,0,0,1,0,0
22,2,2,5267,12.5,1,3,4,2,2,4,20,0,1,16,36,7,9,4,6,0,0,0,0.666666667,0,0,2.0,5267.0,0.034118802,1,4.166666667,3.0,1.154700538,0,0.777777778,2.333333333,1,2,2.117647059,0,-1,0,0,2.0,0,1,0,2,1,1,0,0,1,0,0,0,1,0,0,0,0,0,1,0
30,3,0,7989,18.0,1,3,1,3,4,3,36,0,1,8,28,8,12,5,5,0,0,0,0.0,1,0,3.0,7989.0,0.294182622,1,4.5,2.75,1.258305739,0,0.666666667,2.0,1,2,3.111111111,0,-2,0,0,1.25,0,1,0,3,1,1,0,0,1,0,0,0,0,1,1,0,0,0,0,0
49,1,0,9665,18.1,2,3,4,3,3,5,32,1,0,20,81,1,7,3,5,0,0,0,0.0,1,0,0.5,4832.5,0.52233677,0,9.05,3.75,0.957427108,0,0.142857143,0.5,1,3,3.857142857,1,0,0,0,2.5,0,1,0,3,1,0,0,0,1,0,0,0,1,0,0,0,1,0,1,0
31,2,0,7338,13.5,3,3,4,4,3,2,16,0,1,28,92,5,12,3,8,0,1,0,0.0,1,0,0.666666667,2446.0,0.211462936,1,4.5,3.25,0.957427108,0,0.416666667,1.666666667,1,1,3.172413793,1,0,0,0,2.666666667,1,3,0,1,1,1,0,0,1,0,0,0,0,0,1,0,0,0,1,0
29,1,0,7607,16.3,1,4,3,3,3,3,9,0,0,11,37,6,4,4,9,0,0,0,0.0,1,0,1.0,7607.0,0.442698706,1,8.15,3.0,0.0,0,1.5,3.0,1,2,3.083333333,0,0,1,0,4.5,1,2,0,2,1,0,1,0,0,0,0,1,0,0,1,0,0,0,0,0
20,2,0,6096,13.4,2,3,3,5,3,3,54,0,0,6,18,4,3,3,6,0,0,0,0.0,1,0,1.0,3048.0,0.249446903,1,4.466666667,3.5,1.0,0,1.333333333,1.333333333,2,3,2.571428571,0,0,0,0,2.0,0,1,0,1,1,1,0,0,0,1,0,0,1,0,0,0,0,0,0,0
41,1,0,4125,10.6,1,3,4,5,4,2,43,1,0,20,62,2,15,3,6,0,1,0,0.0,1,0,1.0,4125.0,0.005400098,1,5.3,3.75,1.258305739,0,0.133333333,1.0,2,4,2.952380952,1,0,0,0,3.0,0,2,0,1,1,0,1,0,1,0,0,0,0,1,0,1,0,0,0,0
40,13,5,8719,13.4,2,4,1,3,4,2,25,1,0,16,31,1,13,1,6,1,0,0,0.357142857,1,0,6.5,4359.5,0.398134512,1,0.957142857,2.5,1.290994449,0,0.076923077,0.071428571,2,4,1.823529412,0,3,1,1,0.428571429,0,1,0,2,1,1,0,0,1,0,0,0,0,0,0,1,0,0,1,1
40,1,0,4323,12.7,1,3,4,2,2,3,15,1,0,24,95,2,4,4,7,0,1,0,0.0,1,0,1.0,4323.0,0.113075658,1,6.35,2.75,0.957427108,0,0.5,1.0,0,2,3.8,1,-1,0,0,3.5,0,2,0,2,0,1,0,1,0,0,0,0,0,0,0,1,0,0,1,1
27,9,8,9203,10.9,4,4,3,3,1,2,29,1,1,20,28,5,6,4,6,0,1,0,0.8,1,1,2.25,2300.75,0.821546053,0,1.09,2.25,0.957427108,1,0.833333333,0.5,1,4,1.333333333,0,0,1,0,0.6,0,2,1,1,0,0,1,1,0,0,0,0,1,0,1,0,0,0,0,0
23,5,5,11581,18.0,4,4,2,4,1,4,34,0,1,17,49,5,12,2,4,0,1,0,0.833333333,0,1,1.25,2895.25,0.874152803,0,3.0,2.75,1.5,0,0.416666667,0.833333333,0,0,2.722222222,0,2,1,1,0.666666667,0,1,0,2,1,0,1,0,0,0,0,1,1,0,0,0,0,0,0,0
28,10,3,9409,8.7,2,3,4,3,4,1,21,1,0,20,54,5,12,4,4,0,0,0,0.272727273,1,0,5.0,4704.5,0.693314849,0,0.790909091,3.0,1.414213562,0,0.416666667,0.454545455,1,3,2.571428571,0,-1,0,0,0.363636364,0,0,0,3,1,1,0,0,0,0,0,1,1,0,1,0,0,0,1,0
27,1,1,7686,17.6,3,4,1,3,3,2,33,0,0,11,32,4,10,5,6,0,1,0,0.5,0,0,0.333333333,2562.0,0.455483672,1,8.8,2.25,0.957427108,1,0.4,2.0,1,1,2.666666667,0,-1,1,0,3.0,0,2,0,2,0,1,0,0,0,0,0,1,1,0,1,0,0,0,0,0
29,2,1,7098,16.9,1,2,3,2,5,3,49,1,1,8,14,2,12,1,4,0,1,0,0.333333333,1,0,2.0,7098.0,0.181639666,1,5.633333333,3.25,1.258305739,0,0.166666667,0.666666667,0,2,1.555555556,0,1,0,1,1.333333333,0,1,0,3,1,0,0,0,1,0,0,0,1,0,1,0,0,0,0,0
35,14,12,12641,14.1,5,5,3,3,2,5,22,0,1,15,31,5,7,4,7,0,1,0,0.8,1,1,2.8,2528.2,0.962978369,0,0.94,3.25,1.258305739,0,0.714285714,0.333333333,2,3,1.9375,0,1,1,1,0.466666667,0,1,0,2,1,1,0,0,0,0,1,0,1,0,0,1,0,0,0,0
33,9,1,7836,14.0,3,1,3,4,4,3,61,1,1,15,33,3,8,4,8,0,1,0,0.1,1,0,3.0,2612.0,0.47689464,1,1.4,3.5,0.577350269,0,0.375,0.3,2,4,2.0625,0,-3,0,0,0.8,1,2,0,1,0,0,0,0,0,0,0,1,1,0,1,0,0,0,1,0
37,13,4,13050,14.1,4,3,4,3,3,5,25,1,1,15,32,3,7,2,7,0,1,0,0.285714286,1,1,3.25,3262.5,0.84167894,0,1.007142857,3.75,0.957427108,0,0.428571429,0.214285714,1,3,2.0,0,1,0,1,0.5,0,1,0,1,0,1,0,0,1,0,0,0,1,0,0,1,0,0,0,0
36,10,2,10606,16.7,4,4,3,2,5,3,23,1,0,24,57,2,8,3,10,1,1,0,0.181818182,1,0,2.5,2651.5,0.813308688,0,1.518181818,3.25,1.258305739,0,0.25,0.181818182,0,2,2.28,0,1,1,1,0.909090909,1,1,0,2,1,1,0,0,0,0,0,1,1,0,0,1,0,0,0,0
31,2,0,4716,15.6,2,2,3,4,3,3,36,0,1,8,34,6,2,4,7,0,0,0,0.0,1,0,1.0,2358.0,0.154605263,1,5.2,3.25,0.5,0,3.0,2.0,0,1,3.777777778,0,-2,0,0,2.333333333,0,1,0,1,0,1,0,1,0,0,0,0,1,0,1,0,0,0,1,0
42,5,4,8755,16.5,2,4,1,3,4,3,39,1,0,11,15,5,10,3,10,1,0,0,0.666666667,1,0,2.5,4377.5,0.404761905,1,2.75,2.75,1.258305739,0,0.5,0.833333333,1,3,1.25,0,1,1,1,1.666666667,1,2,0,1,0,0,1,0,1,0,0,0,1,0,0,1,0,0,0,0
26,4,2,8390,18.9,3,4,3,3,5,3,25,0,0,22,58,3,9,3,6,0,1,0,0.4,1,0,1.333333333,2796.666667,0.562538509,0,3.78,3.5,1.0,0,0.333333333,0.6,1,1,2.52173913,0,1,1,1,1.2,0,0,0,2,0,0,1,0,0,0,0,1,1,0,1,0,0,0,0,0
35,3,2,9340,20.0,3,5,4,3,4,3,46,1,1,5,14,5,7,4,7,0,1,0,0.5,1,0,1.0,3113.333333,0.479381443,1,5.0,3.5,0.577350269,0,0.714285714,1.25,2,5,2.333333333,0,1,1,1,1.75,0,1,0,2,0,0,1,0,1,0,0,0,1,0,0,1,0,0,0,0
40,10,8,10256,14.9,3,3,2,4,3,4,49,1,0,16,61,1,13,3,8,0,1,0,0.727272727,1,1,3.333333333,3418.666667,0.779882933,0,1.354545455,3.25,0.957427108,0,0.076923077,0.090909091,1,3,3.588235294,1,0,0,0,0.727272727,1,3,0,2,0,0,1,0,0,0,0,1,1,0,0,1,0,0,0,0
34,13,13,9663,22.0,4,5,4,3,2,3,31,0,1,37,84,6,6,4,5,1,1,0,0.928571429,0,0,3.25,2415.75,0.720887246,0,1.571428571,3.0,0.816496581,0,1.0,0.428571429,0,1,2.210526316,1,1,1,1,0.357142857,0,1,0,1,1,0,1,0,0,0,0,1,0,1,1,0,0,0,0,0
30,12,9,12558,9.8,5,2,3,2,4,4,46,0,1,19,63,2,8,3,7,0,1,0,0.692307692,1,1,2.4,2511.6,0.917744917,0,0.753846154,3.25,0.957427108,0,0.25,0.153846154,2,2,3.15,1,-1,0,0,0.538461538,0,2,0,2,0,0,1,0,0,0,0,1,1,0,1,0,0,0,0,0
39,1,0,7547,21.6,3,3,5,3,3,4,28,0,1,35,103,2,2,2,3,0,1,0,0.0,1,0,0.333333333,2515.666667,0.56593178,0,10.8,3.75,0.957427108,0,1.0,1.0,1,2,2.861111111,1,1,0,1,1.5,0,1,0,1,0,1,0,0,0,0,1,0,1,0,0,1,0,0,1,0
28,4,0,8686,8.5,3,3,3,3,1,3,69,0,1,36,134,4,5,4,2,0,1,0,0.0,1,0,1.333333333,2895.333333,0.393348061,1,1.7,2.5,1.0,0,0.8,0.8,1,2,3.621621622,1,-1,0,0,0.4,0,2,0,2,0,0,1,0,1,0,0,0,1,0,1,0,0,0,0,0
34,0,0,5352,11.3,1,3,1,3,3,5,71,1,1,19,54,9,16,3,4,0,0,0,0.0,0,0,0.0,5352.0,0.068383659,1,11.3,3.0,1.632993162,0,0.5625,9.0,1,4,2.7,0,0,0,0,4.0,0,1,0,2,1,0,1,0,0,0,0,0,1,0,1,0,0,0,1,1
26,7,6,9876,17.9,2,4,5,4,3,4,54,0,0,17,68,6,9,2,2,0,0,0,0.75,1,1,3.5,4938.0,0.549337261,0,2.2375,4.0,0.816496581,0,0.666666667,0.75,2,3,3.777777778,1,2,1,1,0.25,0,2,0,2,1,0,0,0,1,0,0,0,1,0,1,0,0,0,1,0
39,4,3,10858,12.4,3,3,5,3,1,3,36,0,0,9,29,4,9,3,7,0,1,0,0.6,1,0,1.333333333,3619.333333,0.663230241,0,2.48,3.0,1.632993162,0,0.444444444,0.8,1,1,2.9,0,0,0,0,1.4,0,0,0,2,0,1,0,0,1,0,0,0,1,0,0,1,0,0,0,0
40,12,0,7400,13.5,4,2,1,2,3,3,44,0,0,19,58,4,6,3,7,0,1,0,0.0,1,0,3.0,1850.0,0.541597338,0,1.038461538,2.25,0.957427108,1,0.666666667,0.307692308,1,2,2.9,0,-1,0,0,0.538461538,0,1,0,1,1,1,0,0,0,0,1,0,1,0,0,1,0,0,1,0
27,9,9,11400,16.1,3,2,3,1,4,4,53,0,0,8,26,2,5,1,2,0,1,0,0.9,0,1,3.0,3800.0,0.722140403,0,1.61,3.0,1.414213562,0,0.4,0.2,1,1,2.888888889,0,1,0,1,0.2,0,1,0,2,0,0,0,0,1,0,0,0,1,0,1,0,0,0,0,0
21,0,0,8219,8.5,2,2,4,3,3,3,36,0,0,13,51,6,3,3,6,0,0,0,0.0,0,0,0.0,4109.5,0.532809612,0,8.5,3.25,0.5,0,2.0,6.0,2,3,3.642857143,0,-1,0,0,6.0,0,0,0,4,0,1,0,0,0,0,0,1,0,1,0,0,0,0,0,0
29,1,0,8217,17.6,1,5,1,3,3,2,41,1,0,27,80,2,10,2,19,0,1,0,0.0,1,0,1.0,8217.0,0.331001473,1,8.8,2.25,0.957427108,1,0.2,1.0,0,2,2.857142857,1,3,1,1,9.5,1,4,1,3,0,0,0,0,1,0,0,0,0,1,1,0,0,0,1,1
39,2,1,5247,14.0,2,3,1,3,5,4,28,0,1,4,12,8,4,4,3,0,0,0,0.333333333,1,0,1.0,2623.5,0.179908486,1,4.666666667,3.25,1.707825128,0,2.0,2.666666667,2,3,2.4,0,-1,0,0,1.0,0,1,0,1,1,1,0,0,0,0,1,0,1,0,0,1,0,0,0,0
35,7,5,6593,11.9,2,1,2,4,4,3,25,1,1,15,55,6,4,2,6,0,0,0,0.625,1,1,3.5,3296.5,0.399542429,1,1.4875,3.25,0.957427108,0,1.5,0.75,1,4,3.4375,0,-1,0,0,0.75,0,2,0,3,0,1,0,0,0,0,1,0,1,0,0,1,0,0,1,1
34,1,1,8708,13.4,2,4,4,3,4,3,58,0,1,13,56,4,7,5,9,0,0,0,0.5,0,0,0.5,4354.0,0.397152676,1,6.7,3.5,0.577350269,0,0.571428571,2.0,1,2,4.0,0,-1,1,0,4.5,1,2,0,2,0,1,0,0,1,0,0,0,1,0,1,0,0,0,0,0
49,4,3,11893,14.8,3,3,3,5,4,4,79,1,1,26,94,3,7,2,6,0,1,0,0.6,1,0,1.333333333,3964.333333,0.889710413,0,2.96,4.0,0.816496581,0,0.428571429,0.6,1,3,3.481481481,1,1,0,1,1.2,0,1,0,4,1,1,0,0,0,0,0,1,1,0,0,0,1,0,1,0
42,8,3,8837,17.2,3,4,3,5,3,3,57,1,0,35,100,1,2,3,9,0,1,0,0.333333333,1,0,2.666666667,2945.666667,0.685287611,0,1.911111111,3.5,1.0,0,0.5,0.111111111,1,3,2.777777778,1,1,1,1,1.0,1,2,0,2,0,1,0,0,0,1,0,0,1,0,0,1,0,0,0,0
18,0,0,9113,18.1,2,3,3,4,4,3,1,1,0,24,78,2,7,2,10,0,0,0,0.0,0,0,0.0,4556.5,0.772878536,0,18.1,3.5,0.577350269,0,0.285714286,2.0,1,3,3.12,1,1,0,1,10.0,1,2,0,3,1,1,0,0,0,0,1,0,1,0,0,0,0,0,1,1
40,3,2,7934,15.4,2,4,1,3,4,4,48,1,1,10,29,1,12,5,5,0,0,0,0.5,1,0,1.5,3967.0,0.6796875,0,3.85,3.0,1.414213562,0,0.083333333,0.25,1,3,2.636363636,0,-1,1,0,1.25,0,0,0,3,0,0,1,1,0,0,0,0,1,0,0,1,0,0,1,0
50,3,2,8003,20.9,2,4,2,3,2,2,28,1,1,17,56,3,5,3,11,0,1,1,0.5,1,0,1.5,4001.5,0.576327434,0,5.225,2.25,0.5,1,0.6,0.75,1,4,3.111111111,0,1,1,1,2.75,1,2,1,3,1,0,1,0,0,1,0,0,0,1,0,0,1,0,1,1
41,8,4,8325,13.8,3,4,3,3,3,4,64,0,0,14,45,2,10,5,8,1,1,0,0.444444444,1,0,2.666666667,2775.0,0.683028286,0,1.533333333,3.25,0.5,0,0.2,0.222222222,1,1,3.0,0,-1,1,0,0.888888889,1,1,0,2,0,0,0,0,0,0,1,0,1,0,0,1,0,0,0,0
23,5,1,6336,15.6,1,3,5,4,2,1,44,1,0,12,42,4,7,3,11,0,0,0,0.166666667,1,0,5.0,6336.0,0.243376463,1,2.6,3.0,1.825741858,0,0.571428571,0.666666667,1,4,3.230769231,0,0,0,0,1.833333333,1,2,0,2,1,0,1,0,0,0,0,1,1,0,0,0,0,0,1,0
31,8,3,13764,14.3,4,3,5,3,3,4,23,0,1,8,24,3,8,3,2,0,1,0,0.333333333,1,0,2.0,3441.0,0.876043201,0,1.588888889,3.75,0.957427108,0,0.375,0.333333333,1,1,2.666666667,0,0,0,0,0.222222222,0,0,0,2,0,1,0,0,1,0,0,0,1,0,1,0,0,0,0,0
30,3,2,8574,16.7,2,3,4,2,3,3,0,0,1,9,21,4,8,3,4,0,1,0,0.5,1,0,1.5,4287.0,0.379234168,1,4.175,3.0,0.816496581,0,0.5,1.0,1,1,2.1,0,0,0,0,1.0,0,1,0,2,1,1,0,0,1,0,0,0,0,0,1,0,0,0,0,0
31,1,1,6890,11.9,2,2,3,4,4,1,31,0,0,5,19,3,2,3,3,0,0,0,0.5,0,0,0.5,3445.0,0.159793814,1,5.95,3.0,1.414213562,0,1.5,1.5,0,1,3.166666667,0,-1,0,0,1.5,0,1,0,1,0,1,0,0,1,0,0,0,1,0,1,0,0,0,0,0
38,5,3,8034,17.1,2,4,5,2,4,5,13,0,0,7,23,6,8,4,9,0,0,0,0.5,1,0,2.5,4017.0,0.30191458,1,2.85,4.0,1.414213562,0,0.75,1.0,1,2,2.875,0,0,1,0,1.5,1,2,0,2,1,0,0,0,1,0,0,0,0,1,0,1,0,0,0,0
48,3,1,5837,19.4,1,4,4,3,3,3,20,1,1,36,150,2,11,2,5,0,0,0,0.25,1,0,3.0,5837.0,0.281613977,1,4.85,3.25,0.5,0,0.181818182,0.5,1,3,4.054054054,1,2,1,1,1.25,0,2,0,2,1,1,0,0,0,0,1,0,1,0,0,0,1,0,0,0
36,0,0,3325,22.9,1,5,3,3,4,4,37,0,0,2,5,5,2,3,4,0,0,0,0.0,0,0,0.0,3325.0,0.006469501,1,22.9,3.5,0.577350269,0,2.5,5.0,0,1,1.666666667,0,2,1,1,4.0,0,1,0,1,0,1,0,0,0,0,0,1,1,0,0,1,0,0,0,0
40,4,4,6533,16.6,1,4,4,2,3,4,31,0,1,8,17,4,9,4,4,0,0,0,0.8,0,1,4.0,6533.0,0.189609236,1,3.32,3.25,0.957427108,0,0.444444444,0.8,2,2,1.888888889,0,0,1,0,0.8,0,2,0,2,1,0,0,0,0,0,0,0,1,0,0,1,0,0,0,0
35,10,3,13446,14.1,5,3,2,4,4,3,70,1,0,30,101,4,14,3,8,0,1,0,0.272727273,1,0,2.0,2689.2,0.943006778,0,1.281818182,3.25,0.957427108,0,0.285714286,0.363636364,0,2,3.258064516,1,0,0,0,0.727272727,1,2,0,2,1,0,1,0,0,0,0,1,1,0,0,1,0,0,0,0
39,1,1,4948,13.9,2,2,1,4,3,2,73,0,0,8,24,5,15,2,5,0,0,0,0.5,0,0,0.5,2474.0,0.112831858,1,6.95,2.5,1.290994449,0,0.333333333,2.5,1,1,2.666666667,0,0,0,0,2.5,0,1,0,1,1,0,0,0,0,1,0,0,1,0,0,1,0,0,0,1
45,1,1,8014,17.0,1,5,5,4,3,2,42,0,0,5,13,1,5,4,2,0,0,0,0.5,0,0,1.0,8014.0,0.297864507,1,8.5,3.5,1.290994449,0,0.2,0.5,0,0,2.166666667,0,1,1,1,1.0,0,1,0,3,0,0,1,0,1,0,0,0,1,0,0,0,1,0,0,0
34,2,0,7646,20.3,2,5,4,3,3,1,5,0,1,26,51,1,8,2,5,0,0,0,0.0,1,0,1.0,3823.0,0.337255773,1,6.766666667,2.75,1.258305739,0,0.125,0.333333333,0,0,1.888888889,0,3,1,1,1.666666667,0,1,0,1,0,0,1,0,0,0,0,0,1,0,1,0,0,0,0,0
29,2,1,6108,15.5,1,4,4,3,3,4,46,0,0,5,20,1,7,4,5,0,1,0,0.333333333,1,0,2.0,6108.0,0.324667221,1,5.166666667,3.5,0.577350269,0,0.142857143,0.333333333,0,0,3.333333333,0,0,1,0,1.666666667,0,1,0,3,0,1,0,0,0,0,1,0,1,0,1,0,0,0,0,0
29,9,8,10335,11.1,4,2,4,3,3,4,21,0,0,7,24,1,3,3,5,0,1,0,0.8,1,1,2.25,2583.75,0.867720466,0,1.11,3.5,0.577350269,0,0.333333333,0.1,1,1,3.0,0,-1,0,0,0.5,0,1,0,2,0,0,1,0,0,0,1,0,1,0,1,0,0,0,0,0
34,2,2,5381,14.2,1,4,4,3,2,2,45,0,0,11,35,1,8,4,8,0,0,0,0.666666667,0,0,2.0,5381.0,0.254523026,1,4.733333333,2.75,0.957427108,0,0.125,0.333333333,1,1,2.916666667,0,0,1,0,2.666666667,1,2,0,1,1,0,1,1,0,0,0,0,1,0,1,0,0,0,0,0
43,6,5,12780,18.0,3,5,2,5,4,4,65,0,0,3,7,4,9,5,6,0,1,0,0.714285714,1,1,2.0,4260.0,0.953539823,0,2.571428571,3.75,1.258305739,0,0.444444444,0.571428571,0,0,1.75,0,0,1,0,0.857142857,0,1,0,3,1,0,1,0,0,1,0,0,0,1,0,1,0,0,0,0
43,7,5,7146,8.3,2,3,1,4,4,5,31,0,0,21,54,5,6,2,7,0,0,0,0.625,1,1,3.5,3573.0,0.363832409,1,1.0375,3.5,1.732050808,0,0.833333333,0.625,2,3,2.454545455,0,1,0,1,0.875,0,2,0,2,0,0,0,0,0,0,0,1,1,0,0,1,0,0,0,1
29,0,0,9613,17.9,2,4,4,3,2,3,46,1,0,19,56,2,2,4,7,0,0,0,0.0,0,0,0.0,4806.5,0.514727541,0,17.9,3.0,0.816496581,0,1.0,2.0,1,4,2.8,0,0,1,0,7.0,0,0,0,3,0,0,0,0,1,0,0,0,1,0,1,0,0,0,1,0
26,8,6,8297,14.5,3,4,4,5,2,4,9,0,0,38,150,4,14,2,5,0,1,0,0.666666667,1,1,2.666666667,2765.666667,0.616150442,0,1.611111111,3.75,1.258305739,0,0.285714286,0.444444444,0,0,3.846153846,1,2,1,1,0.555555556,0,2,0,2,1,1,0,0,0,1,0,0,1,0,1,0,0,0,0,0
45,1,1,5966,12.2,2,3,5,3,3,3,58,0,0,23,73,1,13,2,5,0,1,0,0.5,0,0,0.5,2983.0,0.075355916,1,6.1,3.5,1.0,0,0.076923077,0.5,2,2,3.041666667,1,1,0,1,2.5,0,2,0,1,1,0,1,0,1,0,0,0,1,0,0,0,1,0,0,0
25,7,6,8227,14.2,2,3,1,4,2,3,28,0,0,45,145,4,5,1,7,0,0,0,0.75,1,1,3.5,4113.5,0.605641593,0,1.775,2.5,1.290994449,0,0.8,0.5,0,1,3.152173913,1,2,0,1,0.875,0,2,0,3,1,1,0,0,0,1,0,0,1,0,1,0,0,0,1,1
38,1,1,6459,16.4,2,4,2,2,4,3,23,0,1,10,27,3,10,1,9,0,0,0,0.5,0,0,0.5,3229.5,0.262014787,1,8.2,2.75,0.957427108,0,0.3,1.5,2,2,2.454545455,0,3,1,1,4.5,1,2,0,1,0,0,1,0,0,0,0,1,1,0,0,1,0,0,1,1
43,1,0,8542,9.3,2,3,2,1,4,3,27,0,0,11,14,2,5,4,4,0,0,0,0.0,1,0,0.5,4271.0,0.37616593,1,4.65,2.5,1.290994449,0,0.4,1.0,1,1,1.166666667,0,-1,0,0,2.0,0,1,0,2,1,1,0,0,1,0,0,0,0,0,0,1,0,0,1,0
47,1,1,9298,12.0,3,3,3,1,5,1,26,0,1,10,41,2,2,5,3,0,1,0,0.5,0,0,0.333333333,3099.333333,0.678065311,0,6.0,2.5,1.914854216,0,1.0,1.0,0,1,3.727272727,0,-2,0,0,1.5,0,0,0,2,0,0,1,0,0,0,0,1,1,0,0,0,1,0,0,0
42,1,1,4819,11.2,1,2,5,3,3,5,36,0,0,8,26,7,2,3,5,0,0,0,0.5,0,0,1.0,4819.0,0.119800333,1,5.6,4.0,1.154700538,0,3.5,3.5,0,1,2.888888889,0,-1,0,0,2.5,0,1,0,2,1,0,1,0,0,0,1,0,1,0,0,1,0,0,0,0
37,2,0,2984,13.4,1,4,4,3,3,3,26,0,1,31,92,3,7,3,6,0,0,0,0.0,1,0,2.0,2984.0,0.019736842,1,4.466666667,3.25,0.5,0,0.428571429,1.0,2,2,2.875,1,1,1,1,2.0,0,2,0,2,0,1,0,1,0,0,0,0,1,0,0,1,0,0,0,0
21,1,1,6568,15.5,1,3,4,3,2,5,37,0,1,11,28,1,10,4,6,0,0,0,0.5,0,0,1.0,6568.0,0.278034504,1,7.75,3.5,1.290994449,0,0.1,0.5,0,0,2.333333333,0,-1,0,0,3.0,0,1,0,3,0,1,0,0,0,0,0,1,0,1,0,0,0,0,0,0
49,1,1,9802,17.8,3,4,5,2,3,3,59,0,0,34,140,2,8,3,2,0,1,0,0.5,0,0,0.333333333,3267.333333,0.732439926,0,8.9,3.25,1.258305739,0,0.25,1.0,2,2,4.0,1,1,1,1,1.0,0,1,0,3,1,1,0,0,0,0,0,1,1,0,0,0,1,0,0,0
33,8,7,8808,13.2,2,1,4,3,2,2,30,0,0,25,76,7,6,3,1,0,1,0,0.777777778,1,1,4.0,4404.0,0.615526802,0,1.466666667,2.75,0.957427108,0,1.166666667,0.777777778,1,2,2.923076923,1,-2,0,0,0.111111111,0,2,0,4,1,1,0,0,0,0,0,1,1,0,1,0,0,0,0,0
45,2,1,13167,16.0,4,2,1,3,1,2,67,1,1,14,52,6,7,2,2,0,1,0,0.333333333,1,0,0.5,3291.75,0.896314387,0,5.333333333,1.75,0.957427108,1,0.857142857,2.0,0,3,3.466666667,0,0,0,0,0.666666667,0,1,1,3,0,0,1,0,0,0,0,0,1,0,0,0,1,0,1,1
51,3,0,4814,12.5,2,3,4,2,1,2,18,1,0,17,56,5,8,4,4,0,0,1,0.0,1,0,1.5,2407.0,0.119384359,1,3.125,2.25,1.258305739,1,0.625,1.25,0,3,3.111111111,0,-1,0,0,1.0,0,2,1,2,0,0,1,0,0,0,1,0,1,0,0,0,1,0,1,1
51,1,1,5071,11.1,1,2,3,5,2,4,43,0,0,18,51,6,10,4,3,0,0,1,0.5,0,0,1.0,5071.0,0.090881084,1,5.55,3.5,1.290994449,0,0.6,3.0,1,2,2.684210526,0,-2,0,0,1.5,0,1,0,2,1,1,0,0,0,0,0,1,1,0,0,0,1,0,1,0
38,0,0,5156,12.6,2,2,4,4,4,2,35,1,1,27,62,4,9,4,7,0,1,0,0.0,0,0,0.0,2578.0,0.129701327,1,12.6,3.5,1.0,0,0.444444444,4.0,2,4,2.214285714,1,-2,0,0,7.0,0,2,0,1,1,1,0,0,0,1,0,0,1,0,0,1,0,0,1,1
42,0,0,9495,11.5,3,3,2,3,2,3,27,1,0,25,79,4,5,3,10,0,1,0,0.0,0,0,0.0,3165.0,0.498281787,1,11.5,2.5,0.577350269,0,0.8,4.0,1,4,3.038461538,1,0,0,0,10.0,1,3,0,1,0,1,0,0,1,0,0,0,1,0,0,1,0,0,1,1
41,12,0,14923,14.8,4,3,4,3,3,4,33,1,0,5,10,4,9,3,4,0,1,0,0.0,1,0,3.0,3730.75,0.92317133,0,1.138461538,3.5,0.577350269,0,0.444444444,0.307692308,0,2,1.666666667,0,0,0,0,0.307692308,0,0,0,2,1,0,1,0,1,0,0,0,1,0,0,1,0,0,0,0
27,0,0,10656,12.9,3,3,2,2,3,4,44,0,0,46,150,4,5,3,6,0,1,0,0.0,0,0,0.0,3552.0,0.734902309,0,12.9,2.75,0.957427108,0,0.8,4.0,1,2,3.191489362,1,0,0,0,6.0,0,1,0,3,0,0,1,0,0,0,0,0,0,1,1,0,0,0,1,1
22,4,3,5411,15.0,1,3,1,2,3,3,12,0,1,7,23,2,2,3,7,0,1,0,0.6,1,0,4.0,5411.0,0.039273441,1,3.0,2.25,0.957427108,1,1.0,0.4,1,2,2.875,0,0,0,0,1.4,0,2,0,1,1,0,0,0,1,0,0,0,1,0,0,0,0,0,1,0
50,6,4,6780,12.2,1,3,4,3,3,3,16,1,0,8,36,1,13,5,5,0,0,1,0.571428571,1,1,6.0,6780.0,0.30237215,1,1.742857143,3.25,0.5,0,0.076923077,0.142857143,1,3,4.0,0,-2,0,0,0.714285714,0,2,0,2,1,1,0,0,0,0,0,1,1,0,0,0,1,0,1,0
48,5,5,7758,13.7,2,4,4,4,3,3,21,0,1,5,16,3,7,4,3,1,0,0,0.833333333,0,0,2.5,3879.0,0.597545757,0,2.283333333,3.5,0.577350269,0,0.428571429,0.5,1,1,2.666666667,0,0,1,0,0.5,0,0,0,3,0,1,0,0,0,0,1,0,1,0,0,0,1,0,0,0
30,0,0,4340,17.1,1,3,1,3,4,4,55,1,1,15,34,4,2,4,13,0,0,0,0.0,0,0,0.0,4340.0,0.03758472,1,17.1,3.0,1.414213562,0,2.0,4.0,2,5,2.125,0,-1,0,0,13.0,1,2,0,2,1,1,0,0,0,0,0,1,0,1,1,0,0,0,1,1
30,6,0,9222,18.8,2,4,1,5,3,2,22,0,0,8,28,3,5,3,6,0,0,0,0.0,1,0,3.0,4611.0,0.466126657,1,2.685714286,2.75,1.707825128,0,0.6,0.428571429,1,2,3.111111111,0,1,1,1,0.857142857,0,1,0,2,0,0,1,0,1,0,0,0,0,0,1,0,0,0,0,0
47,5,1,3812,13.0,1,4,4,3,2,2,39,0,1,13,39,7,10,2,6,1,0,0,0.166666667,1,0,5.0,3812.0,0.028761062,1,2.166666667,2.75,0.957427108,0,0.7,1.166666667,1,2,2.785714286,0,2,1,1,1.0,0,1,0,2,0,0,0,0,0,1,0,0,1,0,0,0,1,0,0,0
25,7,0,7654,11.2,3,2,3,3,3,5,50,1,0,14,40,7,8,1,3,0,1,0,0.0,1,0,2.333333333,2551.333333,0.450092421,1,1.4,3.5,1.0,0,0.875,0.875,2,5,2.666666667,0,1,0,1,0.375,0,1,0,2,1,0,1,0,0,0,0,1,1,0,1,0,0,0,1,0
42,5,1,7340,12.6,1,2,3,3,5,5,24,0,0,5,19,9,15,2,10,0,0,0,0.166666667,1,0,5.0,7340.0,0.397104128,1,2.1,4.0,1.154700538,0,0.6,1.5,1,2,3.166666667,0,0,0,0,1.666666667,1,2,0,3,1,0,1,0,0,0,0,1,1,0,0,1,0,0,0,0
20,2,0,5234,13.7,1,3,5,3,3,4,50,0,0,20,40,3,4,3,8,0,0,0,0.0,1,0,2.0,5234.0,0.109365373,1,4.566666667,3.75,0.957427108,0,0.75,1.0,1,2,1.904761905,0,0,0,0,2.666666667,1,2,0,2,1,0,0,0,0,0,0,1,1,0,0,0,0,0,0,0
37,4,1,9119,17.7,1,5,2,3,4,3,37,1,0,9,30,5,2,3,2,0,0,0,0.2,1,0,4.0,9119.0,0.655422058,0,3.54,3.0,0.816496581,0,2.5,1.0,1,4,3.0,0,2,1,1,0.4,0,0,0,4,1,1,0,0,0,0,0,1,1,0,0,1,0,0,0,0
30,9,4,10225,12.5,2,3,4,4,3,3,30,0,0,43,150,3,6,4,5,0,0,0,0.4,1,1,4.5,5112.5,0.590942563,0,1.25,3.5,0.577350269,0,0.5,0.3,1,1,3.409090909,1,-1,0,0,0.5,0,2,0,3,1,1,0,0,1,0,0,0,1,0,1,0,0,0,1,0
34,2,1,7589,14.3,2,2,3,5,4,1,48,1,0,6,15,4,10,3,8,0,0,0,0.333333333,1,0,1.0,3794.5,0.244845361,1,4.766666667,3.25,1.707825128,0,0.4,1.333333333,2,4,2.142857143,0,-1,0,0,2.666666667,1,2,0,2,1,0,1,0,1,0,0,0,1,0,1,0,0,0,1,0
41,8,2,10813,13.1,4,4,2,3,4,2,29,0,1,20,50,4,4,5,3,0,1,0,0.222222222,1,0,2.0,2703.25,0.893926789,0,1.455555556,2.75,0.957427108,0,1.0,0.444444444,0,1,2.380952381,0,-1,1,0,0.333333333,0,0,0,2,1,1,0,0,0,0,1,0,1,0,0,1,0,0,1,0
24,6,4,10440,13.5,3,3,2,3,4,3,0,0,0,8,9,1,12,4,5,0,1,0,0.571428571,1,1,2.0,3480.0,0.796672828,0,1.928571429,3.0,0.816496581,0,0.083333333,0.142857143,1,1,1.0,0,-1,0,0,0.714285714,0,1,0,3,1,1,0,0,0,0,0,1,1,0,0,0,0,0,1,0
34,3,3,8027,22.9,2,4,4,3,3,4,36,0,1,13,47,4,7,4,2,0,1,0,0.75,0,0,1.5,4013.5,0.397868561,1,5.725,3.5,0.577350269,0,0.571428571,1.0,0,1,3.357142857,0,0,1,0,0.5,0,1,0,1,0,0,1,0,0,0,0,0,1,0,1,0,0,0,0,0
40,2,2,7091,16.0,2,3,3,2,3,4,23,0,0,3,9,6,15,3,0,0,0,0,0.666666667,0,0,1.0,3545.5,0.5703125,0,5.333333333,3.0,0.816496581,0,0.4,2.0,0,0,2.25,0,0,0,0,0.0,0,0,0,3,0,0,1,1,0,0,0,0,1,0,0,1,0,0,1,0
32,4,0,8278,8.6,1,3,3,4,3,4,56,0,1,7,30,3,8,3,2,0,0,0,0.0,1,0,4.0,8278.0,0.546364757,0,1.72,3.5,0.577350269,0,0.375,0.6,1,1,3.75,0,0,0,0,0.4,0,0,0,3,0,0,1,0,0,0,0,1,1,0,1,0,0,0,0,0
30,1,0,5844,16.9,1,4,2,4,2,3,54,1,0,16,36,4,7,4,5,0,0,0,0.0,1,0,1.0,5844.0,0.065783014,1,8.45,2.75,0.957427108,0,0.571428571,2.0,1,4,2.117647059,0,0,1,0,2.5,0,1,0,1,0,0,0,0,1,0,0,0,1,0,1,0,0,0,0,1
42,2,1,7267,12.0,2,1,3,2,4,3,9,0,1,8,29,4,3,5,4,0,0,0,0.333333333,1,0,1.0,3633.5,0.597039474,0,4.0,3.0,0.816496581,0,1.333333333,1.333333333,1,2,3.222222222,0,-4,0,0,1.333333333,0,0,0,2,1,0,1,1,0,0,0,0,1,0,0,1,0,0,0,0
42,0,0,4874,18.4,1,3,3,3,4,2,54,0,1,20,57,5,12,3,7,0,0,0,0.0,0,0,0.0,4874.0,0.12562396,1,18.4,3.0,0.816496581,0,0.416666667,5.0,0,0,2.714285714,0,0,0,0,7.0,0,1,0,2,0,0,1,0,0,0,1,0,0,1,0,1,0,0,0,0
31,3,1,7665,10.9,2,3,5,3,3,4,71,0,1,10,38,2,12,4,2,0,0,0,0.25,1,0,1.5,3832.5,0.253681885,1,2.725,3.75,0.957427108,0,0.166666667,0.5,1,1,3.454545455,0,-1,0,0,0.5,0,1,0,2,1,0,1,0,1,0,0,0,1,0,1,0,0,0,0,0
33,1,1,8524,18.4,3,4,5,3,4,3,43,0,1,33,101,5,7,2,5,0,1,0,0.5,0,0,0.333333333,2841.333333,0.578558226,0,9.2,3.75,0.957427108,0,0.714285714,2.5,2,3,2.970588235,1,2,1,1,2.5,0,1,0,1,0,0,0,0,0,0,0,1,1,0,1,0,0,0,0,0
49,4,0,8300,20.3,2,3,3,4,3,4,33,1,1,23,55,1,2,3,4,0,0,0,0.0,1,0,2.0,4150.0,0.43383659,1,4.06,3.5,0.577350269,0,0.5,0.2,1,3,2.291666667,0,0,0,0,0.8,0,1,0,2,0,1,0,0,0,0,0,0,1,0,0,0,1,0,0,0
35,1,1,8405,12.4,2,3,3,2,2,4,31,1,1,14,44,7,10,4,7,0,0,0,0.5,0,0,0.5,4202.5,0.44982238,1,6.2,2.75,0.957427108,0,0.7,3.5,1,4,2.933333333,0,-1,0,0,3.5,0,1,0,2,0,0,1,0,0,0,0,0,0,1,0,1,0,0,1,1
32,14,7,15929,15.0,5,3,3,3,3,4,34,1,1,16,36,2,2,3,6,0,1,0,0.466666667,1,1,2.8,3185.8,0.99875208,0,1.0,3.25,0.5,0,1.0,0.133333333,1,4,2.117647059,0,0,0,0,0.4,0,1,0,3,1,0,0,0,0,0,1,0,1,0,1,0,0,0,1,0
41,4,1,9679,11.3,3,3,1,5,3,4,31,0,0,6,15,2,9,2,8,0,1,0,0.2,1,0,1.333333333,3226.333333,0.623223801,0,2.26,3.25,1.707825128,0,0.222222222,0.4,1,1,2.142857143,0,1,0,1,1.6,1,1,0,2,1,1,0,0,0,0,0,0,1,0,0,1,0,0,1,0
31,0,0,4151,13.0,1,3,2,3,3,1,61,0,1,9,38,4,13,2,5,0,1,0,0.0,0,0,0.0,4151.0,0.028034504,1,13.0,2.25,0.957427108,1,0.307692308,4.0,2,2,3.8,0,1,0,1,5.0,0,2,0,2,1,1,0,0,0,0,0,1,0,0,1,0,0,0,1,1
45,7,7,17135,15.4,4,5,4,3,2,4,53,0,0,7,30,6,7,3,2,1,1,0,0.875,0,0,1.75,4283.75,0.966863034,0,1.925,3.25,0.957427108,0,0.857142857,0.75,0,1,3.75,0,2,1,1,0.25,0,0,0,3,0,0,1,0,1,0,0,0,1,0,0,0,1,0,0,0
29,2,2,10612,18.9,2,4,2,3,1,2,43,0,0,21,60,5,11,3,4,0,0,0,0.666666667,0,0,1.0,5306.0,0.813924831,0,6.3,2.0,0.816496581,1,0.454545455,1.666666667,1,1,2.727272727,0,1,1,1,1.333333333,0,1,0,3,0,0,1,0,0,0,0,1,1,0,1,0,0,0,1,0
60,1,1,7214,19.7,3,4,4,3,1,5,76,0,0,6,21,5,7,3,3,0,1,1,0.5,0,0,0.333333333,2404.666667,0.374922982,1,9.85,3.25,1.707825128,0,0.714285714,2.5,0,1,3.0,0,1,1,1,1.5,0,1,0,2,1,1,0,0,0,0,0,1,0,1,0,0,0,1,0,0
30,12,8,12246,8.2,3,3,3,2,2,3,39,0,0,22,56,4,13,3,7,0,1,0,0.615384615,1,1,4.0,4082.0,0.902957486,0,0.630769231,2.5,0.577350269,0,0.307692308,0.307692308,1,1,2.434782609,0,0,0,0,0.538461538,0,1,0,3,1,1,0,0,0,0,0,1,1,0,1,0,0,0,1,0
38,8,0,8138,16.7,2,5,1,2,4,4,30,0,1,9,30,4,14,3,6,0,0,0,0.0,1,0,4.0,4069.0,0.319710358,1,1.855555556,2.75,1.5,0,0.285714286,0.444444444,1,1,3.0,0,2,1,1,0.666666667,0,1,0,2,1,1,0,0,1,0,0,0,0,0,0,1,0,0,1,0
36,4,4,9198,18.0,3,3,2,4,3,3,27,0,1,29,89,5,14,3,4,0,1,0,0.8,0,1,1.333333333,3066.0,0.562166963,0,3.6,3.0,0.816496581,0,0.357142857,1.0,2,2,2.966666667,1,0,0,0,0.8,0,2,0,2,0,1,0,0,0,0,0,0,1,0,0,1,0,0,0,0
35,0,0,8734,18.1,1,5,3,4,3,3,14,0,1,20,83,5,9,4,4,0,1,0,0.0,0,0,0.0,8734.0,0.40108002,1,18.1,3.25,0.5,0,0.555555556,5.0,1,2,3.952380952,1,1,1,1,4.0,0,2,0,3,1,1,0,0,1,0,0,0,1,0,0,1,0,0,0,0
39,5,3,7058,18.8,1,3,3,4,5,2,21,1,1,20,48,6,7,5,10,0,0,0,0.5,1,0,5.0,7058.0,0.176730486,1,3.133333333,3.5,1.290994449,0,0.857142857,1.0,1,4,2.285714286,0,-2,0,0,1.666666667,1,2,0,2,1,0,0,0,1,0,0,0,1,0,0,1,0,0,1,0
27,1,1,7905,18.5,3,3,4,3,2,4,27,0,0,9,27,1,4,2,7,0,1,0,0.5,0,0,0.333333333,2635.0,0.622920133,0,9.25,3.25,0.957427108,0,0.25,0.5,2,2,2.7,0,1,0,1,3.5,0,0,0,2,1,1,0,0,0,0,1,0,1,0,1,0,0,0,1,0
37,3,1,5089,12.0,2,3,3,2,5,3,23,0,1,16,54,2,11,3,7,0,1,0,0.25,1,0,1.5,2544.5,0.123893805,1,3.0,3.25,1.258305739,0,0.181818182,0.5,1,1,3.176470588,0,0,0,0,1.75,0,1,0,2,1,1,0,0,0,1,0,0,1,0,0,1,0,0,0,0
37,3,2,12495,18.4,3,4,3,5,4,3,24,0,0,9,35,11,3,4,5,0,1,0,0.5,1,0,1.0,4165.0,0.808296514,0,4.6,3.75,0.957427108,0,3.666666667,2.75,2,3,3.5,0,0,1,0,1.25,0,0,0,3,0,1,0,0,1,0,0,0,1,0,0,1,0,0,0,0
37,1,0,8822,11.4,2,4,1,2,2,3,21,1,1,22,73,2,9,4,8,0,0,0,0.0,1,0,0.5,4411.0,0.413107511,1,5.7,2.0,0.816496581,1,0.222222222,1.0,1,3,3.173913043,1,0,1,0,4.0,1,4,1,2,0,0,1,0,1,0,0,0,1,0,0,1,0,0,1,1
28,2,1,10568,17.2,3,4,2,3,3,4,34,1,0,2,7,4,7,1,5,0,1,0,0.333333333,1,0,0.666666667,3522.666667,0.728241563,0,5.733333333,3.0,0.816496581,0,0.571428571,1.333333333,1,4,2.333333333,0,3,1,1,1.666666667,0,0,0,2,1,0,1,0,0,0,0,0,0,0,1,0,0,0,1,0
43,4,1,9561,18.8,3,2,1,3,4,2,33,1,0,7,21,5,14,3,7,0,1,0,0.2,1,0,1.333333333,3187.0,0.80906822,0,3.76,2.5,1.290994449,0,0.357142857,1.0,0,2,2.625,0,-1,0,0,1.4,0,0,0,3,1,0,1,0,0,0,1,0,0,0,0,1,0,0,1,0
30,12,7,14084,11.9,4,2,2,2,5,4,57,0,1,33,51,4,6,4,9,0,1,0,0.538461538,1,1,3.0,3521.0,0.978982301,0,0.915384615,3.25,1.5,0,0.666666667,0.307692308,1,2,1.5,0,-2,0,0,0.692307692,1,2,0,4,1,0,1,0,0,1,0,0,0,1,1,0,0,0,0,0
39,5,3,8866,11.5,3,4,4,3,2,2,42,1,1,8,28,3,14,3,10,1,1,0,0.5,1,0,1.666666667,2955.333333,0.623228589,0,1.916666667,2.75,0.957427108,0,0.214285714,0.5,1,3,3.111111111,0,1,1,1,1.666666667,1,1,0,1,0,1,0,0,0,0,0,1,1,0,0,1,0,0,0,0
37,6,0,7628,14.3,2,4,3,3,4,3,4,1,0,4,14,4,8,4,3,0,0,0,0.0,1,0,3.0,3814.0,0.446703635,1,2.042857143,3.25,0.5,0,0.5,0.571428571,1,3,2.8,0,0,1,0,0.428571429,0,1,0,2,1,0,1,0,0,0,0,1,1,0,0,1,0,0,0,0
45,2,0,5347,17.4,1,4,5,3,2,3,0,0,0,4,13,1,6,3,4,0,0,0,0.0,1,0,2.0,5347.0,0.036327933,1,5.8,3.25,1.258305739,0,0.166666667,0.333333333,0,0,2.6,0,1,1,1,1.333333333,0,1,0,1,0,0,1,0,1,0,0,0,1,0,0,0,1,0,0,0
43,6,6,10943,12.3,4,3,1,1,3,4,60,0,1,33,103,6,13,3,5,0,1,0,0.857142857,0,1,1.5,2735.75,0.836414048,0,1.757142857,2.25,1.5,1,0.461538462,0.857142857,2,2,3.029411765,1,0,0,0,0.714285714,0,3,0,2,1,0,1,0,0,0,0,1,1,0,0,1,0,0,1,1
40,1,0,6413,15.0,1,3,4,2,4,5,22,0,0,20,62,3,7,3,3,0,0,0,0.0,1,0,1.0,6413.0,0.37312812,1,7.5,3.75,1.258305739,0,0.428571429,1.5,1,1,2.952380952,1,0,0,0,1.5,0,2,0,3,1,0,1,0,0,0,1,0,1,0,0,1,0,0,0,0
21,2,0,9442,15.3,2,4,1,2,4,2,57,1,1,17,49,7,6,4,6,0,0,0,0.0,1,0,1.0,4721.0,0.696241528,0,5.1,2.25,1.258305739,1,1.166666667,2.333333333,1,4,2.722222222,0,0,1,0,2.0,0,1,1,3,0,0,1,0,0,0,0,1,1,0,0,0,0,0,1,1
36,4,0,10991,17.3,4,5,2,4,1,2,18,1,0,12,36,5,7,3,7,0,1,0,0.0,1,0,1.0,2747.75,0.837954405,0,3.46,2.25,1.258305739,1,0.714285714,1.0,1,4,2.769230769,0,2,1,1,1.4,0,1,1,2,1,0,0,0,0,0,0,1,1,0,0,1,0,0,0,1
33,2,0,6660,9.4,1,1,3,2,2,2,17,1,0,14,39,3,5,2,9,0,0,0,0.0,1,0,2.0,6660.0,0.132056946,1,3.133333333,2.25,0.5,1,0.6,1.0,1,4,2.6,0,-1,0,0,3.0,1,3,1,2,1,1,0,0,1,0,0,0,1,0,1,0,0,0,1,1
18,0,0,8437,16.1,2,3,3,2,5,5,54,0,0,13,33,7,9,3,3,0,0,0,0.0,0,0,0.0,4218.5,0.453818828,1,16.1,3.75,1.5,0,0.777777778,7.0,1,2,2.357142857,0,0,0,0,3.0,0,1,0,3,0,1,0,0,0,0,0,0,1,0,0,0,0,0,0,0
34,0,0,9697,15.6,3,5,4,3,4,3,16,1,0,19,53,2,6,2,5,0,1,0,0.0,0,0,0.0,3232.333333,0.526141384,0,15.6,3.5,0.577350269,0,0.333333333,2.0,1,3,2.65,0,3,1,1,5.0,0,0,0,1,1,1,0,0,1,0,0,0,1,0,1,0,0,0,0,0
39,3,2,8154,14.1,3,4,4,3,4,2,14,0,0,23,71,2,3,3,4,0,1,0,0.5,1,0,1.0,2718.0,0.521102896,0,3.525,3.25,0.957427108,0,0.666666667,0.5,1,2,2.958333333,1,1,1,1,1.0,0,1,0,3,1,1,0,0,0,0,0,1,1,0,0,1,0,0,0,0
30,1,1,11105,11.5,3,4,4,3,3,4,33,1,0,28,84,3,8,4,7,0,1,0,0.5,0,0,0.333333333,3701.666667,0.846888478,0,5.75,3.5,0.577350269,0,0.375,1.5,1,3,2.896551724,1,0,1,0,3.5,0,1,0,3,0,1,0,0,0,0,0,1,1,0,1,0,0,0,1,0
26,2,2,8708,17.7,2,4,4,4,3,4,45,1,0,7,22,1,3,2,7,0,1,0,0.666666667,0,0,1.0,4354.0,0.78125,0,5.9,3.75,0.5,0,0.333333333,0.333333333,0,2,2.75,0,2,1,1,2.333333333,0,0,0,3,0,0,1,1,0,0,0,0,1,0,1,0,0,0,0,0
35,0,0,7238,18.0,2,4,3,1,2,3,23,0,1,12,42,1,2,1,8,0,0,0,0.0,0,0,0.0,3619.0,0.516014975,0,18.0,2.25,0.957427108,1,0.5,1.0,0,0,3.230769231,0,3,1,1,8.0,1,2,0,3,0,0,1,0,0,0,1,0,0,0,0,1,0,0,1,1
25,7,4,15472,8.4,5,1,5,3,5,3,53,1,1,12,44,7,6,3,5,0,1,0,0.5,1,1,1.4,3094.4,0.979975354,0,1.05,4.0,1.154700538,0,1.166666667,0.875,0,3,3.384615385,0,-2,0,0,0.625,0,1,0,4,1,1,0,0,0,0,0,1,0,0,1,0,0,0,0,0
39,3,1,10346,12.9,3,4,3,1,3,3,24,0,0,4,9,1,13,3,2,0,1,0,0.25,1,0,1.0,3448.666667,0.788046827,0,3.225,2.5,1.0,0,0.076923077,0.25,0,0,1.8,0,1,1,1,0.5,0,0,0,2,0,1,0,0,0,0,0,1,1,0,0,1,0,0,0,0
31,3,1,6693,15.3,2,3,4,4,3,4,44,0,1,17,49,3,13,4,7,0,1,0,0.25,1,0,1.5,3346.5,0.207371226,1,3.825,3.75,0.5,0,0.230769231,0.75,1,1,2.722222222,0,-1,0,0,1.75,0,1,0,2,0,0,1,0,0,0,0,0,0,1,1,0,0,0,0,0
35,1,1,6670,15.9,2,3,3,2,4,2,22,1,0,9,23,4,13,4,6,0,0,0,0.5,0,0,0.5,3335.0,0.491776316,1,7.95,2.75,0.957427108,0,0.307692308,2.0,2,4,2.3,0,-1,0,0,3.0,0,1,0,1,1,1,0,1,0,0,0,0,1,0,0,1,0,0,1,1
38,1,1,4102,15.0,1,4,1,1,5,2,1,0,0,25,106,4,7,1,6,0,0,0,0.5,0,0,1.0,4102.0,0.006660746,1,7.5,2.25,1.892969449,1,0.571428571,2.0,0,1,4.076923077,1,3,1,1,3.0,0,3,0,1,1,1,0,0,0,0,0,0,0,1,0,1,0,0,1,1
35,7,4,7915,13.9,3,3,1,4,3,3,65,1,1,9,14,6,5,4,5,0,1,0,0.5,1,1,2.333333333,2638.333333,0.625207987,0,1.7375,2.75,1.258305739,0,1.2,0.75,1,4,1.4,0,-1,0,0,0.625,0,1,0,2,1,1,0,0,0,0,1,0,1,0,0,1,0,0,0,0
37,2,0,10855,14.4,2,5,2,5,4,4,31,1,1,11,38,5,10,4,6,0,0,0,0.0,1,0,1.0,5427.5,0.662739323,0,4.8,3.75,1.258305739,0,0.5,1.666666667,1,3,3.166666667,0,1,1,1,2.0,0,0,0,3,1,0,1,0,1,0,0,0,0,0,0,1,0,0,1,0
41,7,4,7842,10.2,3,2,3,3,3,2,24,0,0,15,43,1,2,3,9,0,1,0,0.5,1,1,2.333333333,2614.0,0.611064892,0,1.275,2.75,0.5,0,0.5,0.125,1,1,2.6875,0,-1,0,0,1.125,1,2,0,1,0,0,1,0,0,0,1,0,1,0,0,1,0,0,1,0
28,8,0,14360,12.7,5,2,4,4,3,2,39,1,1,10,21,5,8,3,5,0,1,0,0.0,1,0,1.6,2872.0,0.901325479,0,1.411111111,3.25,0.957427108,0,0.625,0.555555556,1,4,1.909090909,0,-1,0,0,0.555555556,0,0,0,2,1,0,1,0,1,0,0,0,0,1,1,0,0,0,0,0
35,2,1,6295,15.9,1,3,3,3,3,2,37,0,0,22,86,1,5,3,3,0,0,0,0.333333333,1,0,2.0,6295.0,0.098551792,1,5.3,2.75,0.5,0,0.2,0.333333333,0,0,3.739130435,1,0,0,0,1.0,0,2,0,2,1,0,1,0,1,0,0,0,1,0,0,1,0,0,0,0
27,5,5,5904,9.4,2,3,4,4,2,3,15,1,1,23,87,3,7,3,2,0,0,0,0.833333333,0,1,2.5,2952.0,0.11678508,1,1.566666667,3.25,0.957427108,0,0.428571429,0.5,2,4,3.625,1,0,0,0,0.333333333,0,3,0,1,1,1,0,0,0,0,0,0,1,0,1,0,0,0,1,0
36,18,18,18940,16.4,5,3,2,4,4,3,3,0,0,9,15,5,5,2,5,0,1,0,0.947368421,0,1,3.6,3788.0,0.995559503,0,0.863157895,3.25,0.957427108,0,1.0,0.263157895,1,2,1.5,0,1,0,1,0.263157895,0,1,0,3,1,0,1,0,0,0,0,0,0,0,0,1,0,0,0,0
32,7,2,12884,11.3,3,4,3,3,1,3,32,0,1,18,36,2,5,4,4,0,1,0,0.25,1,0,2.333333333,4294.666667,0.831369661,0,1.4125,2.5,1.0,0,0.4,0.25,1,1,1.894736842,0,0,1,0,0.5,0,0,0,3,1,1,0,0,1,0,0,0,1,0,1,0,0,0,0,0
27,3,2,12397,19.4,2,3,5,2,3,4,35,1,1,29,95,1,13,4,4,0,0,0,0.5,1,0,1.5,6198.5,0.856127886,0,4.85,3.5,1.290994449,0,0.076923077,0.25,2,4,3.166666667,1,-1,0,0,1.0,0,1,0,4,0,1,0,0,0,0,0,0,0,1,1,0,0,0,1,1
38,4,4,12899,15.3,4,3,3,3,3,5,31,0,0,4,9,4,12,2,5,0,1,0,0.8,0,1,1.0,3224.75,0.95824115,0,3.06,3.5,1.0,0,0.333333333,0.8,2,2,1.8,0,1,0,1,1.0,0,1,0,4,1,0,1,0,0,1,0,0,1,0,0,1,0,0,0,0
21,3,2,8592,18.7,2,4,4,2,4,5,21,0,0,6,25,2,8,3,6,0,0,0,0.5,1,0,1.5,4296.0,0.38119784,1,4.675,3.75,1.258305739,0,0.25,0.5,1,1,3.571428571,0,1,1,1,1.5,0,1,0,2,0,0,1,0,1,0,0,0,0,1,0,0,0,0,0,0
44,9,0,12017,15.8,3,3,3,1,2,3,63,0,1,52,132,2,4,4,5,0,1,0,0.0,1,0,3.0,4005.666667,0.892791128,0,1.58,2.25,0.957427108,1,0.5,0.2,1,1,2.490566038,1,-1,0,0,0.5,0,2,0,3,1,0,1,0,0,0,0,1,0,0,0,1,0,0,1,0
34,11,10,9554,17.0,3,3,5,3,3,3,48,0,0,7,18,5,11,4,3,0,1,0,0.833333333,1,1,3.666666667,3184.666667,0.8078203,0,1.416666667,3.5,1.0,0,0.454545455,0.416666667,0,0,2.25,0,-1,0,0,0.25,0,1,0,2,1,1,0,0,0,0,1,0,1,0,1,0,0,0,0,0
23,0,0,5581,17.0,1,4,2,3,5,3,50,0,0,12,32,5,3,2,3,0,0,0,0.0,0,0,0.0,5581.0,0.146950092,1,17.0,3.25,1.258305739,0,1.666666667,5.0,2,3,2.461538462,0,2,1,1,3.0,0,1,0,2,1,0,0,0,0,0,0,1,0,0,0,0,0,0,0,1
42,1,1,7061,14.1,2,3,1,1,3,3,68,0,1,27,110,6,10,3,2,0,1,0,0.5,0,0,0.5,3530.5,0.485232945,1,7.05,2.0,1.154700538,1,0.6,3.0,1,2,3.928571429,1,0,0,0,1.0,0,3,0,3,1,0,1,0,0,0,1,0,1,0,0,1,0,0,1,1
45,0,0,7952,18.9,2,4,4,4,3,4,35,0,1,5,13,4,11,3,4,0,0,0,0.0,0,0,0.0,3976.0,0.289027982,1,18.9,3.75,0.5,0,0.363636364,4.0,1,1,2.166666667,0,1,1,1,4.0,0,1,0,2,1,1,0,0,1,0,0,0,1,0,0,0,1,0,0,0
28,7,4,8624,18.3,3,3,1,2,3,2,70,0,1,32,112,5,17,4,4,0,1,0,0.5,1,1,2.333333333,2874.666667,0.71859401,0,2.2875,2.0,0.816496581,1,0.294117647,0.625,0,0,3.393939394,1,-1,0,0,0.5,0,3,0,2,0,1,0,0,0,0,1,0,1,0,1,0,0,0,0,1
32,0,0,6799,15.2,2,2,3,2,3,4,43,0,0,16,47,2,9,3,4,0,0,0,0.0,0,0,0.0,3399.5,0.148011782,1,15.2,3.0,0.816496581,0,0.222222222,2.0,1,1,2.764705882,0,-1,0,0,4.0,0,1,0,2,1,1,0,0,1,0,0,0,1,0,1,0,0,0,1,0
49,1,1,7012,12.0,1,1,4,4,2,3,16,1,0,3,8,6,7,3,8,0,0,0,0.5,0,0,1.0,7012.0,0.171453117,1,6.0,3.25,0.957427108,0,0.857142857,3.0,0,3,2.0,0,-2,0,0,4.0,1,2,0,3,1,0,0,0,1,0,0,0,0,1,0,0,1,0,1,1
37,2,0,6134,20.4,2,3,1,4,1,3,39,0,0,11,33,9,5,4,4,0,0,0,0.0,1,0,1.0,3067.0,0.254424779,1,6.8,2.25,1.5,1,1.8,3.0,1,2,2.75,0,-1,0,0,1.333333333,0,2,0,2,1,0,0,0,0,1,0,0,1,0,0,1,0,0,0,0
28,2,1,10480,16.9,2,3,5,4,5,4,41,0,1,15,54,6,7,3,6,0,1,0,0.333333333,1,0,1.0,5240.0,0.8781198,0,5.633333333,4.5,0.577350269,0,0.857142857,2.0,1,2,3.375,0,0,0,0,2.0,0,0,0,4,1,1,0,0,0,0,1,0,0,0,1,0,0,0,0,0
25,4,4,9576,19.0,3,3,2,4,3,3,8,0,1,5,14,7,9,3,6,0,1,0,0.8,0,1,1.333333333,3192.0,0.809900166,0,3.8,3.0,0.816496581,0,0.777777778,1.4,1,2,2.333333333,0,0,0,0,1.2,0,1,0,3,1,1,0,0,0,0,1,0,0,1,1,0,0,0,0,0
48,4,0,7291,19.7,3,4,4,3,4,4,52,0,0,2,5,4,8,3,4,0,1,0,0.0,1,0,1.333333333,2430.333333,0.601973684,0,3.94,3.75,0.5,0,0.5,0.8,2,2,1.666666667,0,1,1,1,0.8,0,0,0,1,1,1,0,1,0,0,0,0,1,0,0,0,1,0,0,0
38,7,4,5472,14.7,1,4,4,3,4,3,8,0,1,7,24,3,14,2,4,1,0,0,0.5,1,0,7.0,5472.0,0.171460177,1,1.8375,3.5,0.577350269,0,0.214285714,0.375,0,0,3.0,0,2,1,1,0.5,0,1,0,4,0,1,0,0,0,1,0,0,1,0,0,1,0,0,0,0
39,4,1,7665,14.4,3,5,3,4,3,4,26,0,1,5,12,3,7,4,3,0,1,0,0.2,1,0,1.333333333,2555.0,0.340586146,1,2.88,3.5,0.577350269,0,0.428571429,0.6,0,0,2.0,0,1,1,1,0.6,0,1,0,1,1,1,0,0,0,0,0,0,1,0,0,1,0,0,0,0
27,9,9,4072,14.0,2,3,3,2,3,1,51,1,1,16,70,7,13,2,10,0,0,0,0.9,0,1,4.5,2036.0,0.088815789,1,1.4,2.25,0.957427108,1,0.538461538,0.7,0,3,4.117647059,1,1,0,1,1.0,1,5,1,1,0,0,0,1,0,0,0,0,0,0,1,0,0,0,1,1
28,1,1,7025,16.4,2,3,4,4,3,2,21,0,1,3,12,6,2,3,8,0,0,0,0.5,0,0,0.5,3512.5,0.252664298,1,8.2,3.25,0.957427108,0,3.0,3.0,1,2,3.0,0,0,0,0,4.0,1,2,0,1,1,0,1,0,0,0,0,0,1,0,1,0,0,0,1,0
42,0,0,10088,12.4,3,3,4,3,4,4,15,0,1,20,77,3,11,3,8,0,1,0,0.0,0,0,0.0,3362.666667,0.677619893,0,12.4,3.75,0.5,0,0.272727273,3.0,1,1,3.666666667,1,0,0,0,8.0,1,2,0,3,1,0,1,0,0,0,0,0,0,0,0,1,0,0,1,0
39,0,0,7971,12.9,2,3,3,2,3,5,16,0,0,7,26,4,15,3,9,0,0,0,0.0,0,0,0.0,3985.5,0.387211368,1,12.9,3.25,1.258305739,0,0.266666667,4.0,0,0,3.25,0,0,0,0,9.0,1,2,0,2,0,1,0,0,0,0,0,0,0,0,0,1,0,0,1,0
38,0,0,3190,11.3,1,3,5,4,3,1,16,0,0,4,15,4,7,3,6,0,0,0,0.0,0,0,0.0,3190.0,0.014143095,1,11.3,3.25,1.707825128,0,0.571428571,4.0,0,1,3.0,0,0,0,0,6.0,0,1,0,2,1,0,1,0,0,0,1,0,1,0,0,1,0,0,0,0
44,1,0,6289,6.3,2,2,5,2,4,1,58,1,0,32,81,5,8,4,9,0,0,0,0.0,1,0,0.5,3144.5,0.097938144,1,3.15,3.0,1.825741858,0,0.625,2.5,1,4,2.454545455,1,-2,0,0,4.5,1,3,0,2,0,1,0,0,1,0,0,0,1,0,0,1,0,0,1,1
43,2,1,4896,17.0,1,2,3,1,3,4,82,0,1,8,20,1,2,4,8,0,0,0,0.333333333,1,0,2.0,4896.0,0.105641593,1,5.666666667,2.75,1.258305739,0,0.5,0.333333333,1,1,2.222222222,0,-2,0,0,2.666666667,1,2,0,3,0,0,1,0,0,1,0,0,0,1,0,1,0,0,0,0
24,6,6,7443,16.2,2,3,3,1,1,3,46,0,0,13,45,1,11,3,7,0,0,0,0.857142857,0,1,3.0,3721.5,0.550332779,0,2.314285714,2.0,1.154700538,1,0.090909091,0.142857143,1,1,3.214285714,0,0,0,0,1.0,0,2,0,2,0,1,0,0,0,0,1,0,1,0,0,0,0,0,0,0
37,3,0,18707,12.5,4,3,4,5,3,3,34,0,1,16,55,4,5,4,4,0,1,0,0.0,1,0,0.75,4676.75,0.986745214,0,3.125,3.75,0.957427108,0,0.8,1.0,1,2,3.235294118,0,-1,0,0,1.0,0,0,0,4,1,0,0,0,1,0,0,0,1,0,0,1,0,0,0,0
28,10,1,13501,14.5,5,5,4,2,2,3,51,0,1,23,60,3,11,4,4,0,1,0,0.090909091,1,0,2.0,2700.2,0.864752086,0,1.318181818,2.75,0.957427108,0,0.272727273,0.272727273,1,1,2.5,0,1,1,1,0.363636364,0,0,0,1,0,1,0,0,1,0,0,0,1,0,1,0,0,0,0,0
29,4,0,8474,14.0,2,3,4,4,3,4,37,0,1,9,25,3,10,4,5,0,0,0,0.0,1,0,2.0,4237.0,0.365979381,1,2.8,3.75,0.5,0,0.3,0.6,1,1,2.5,0,-1,0,0,1.0,0,1,0,2,1,1,0,0,1,0,0,0,1,0,1,0,0,0,0,0
42,2,2,5565,8.7,1,1,3,2,1,4,69,0,1,39,127,3,9,3,7,0,0,0,0.666666667,0,0,2.0,5565.0,0.047373589,1,2.9,2.5,1.290994449,0,0.333333333,1.0,0,0,3.175,1,-2,0,0,2.333333333,0,2,0,2,1,1,0,0,1,0,0,0,1,0,0,1,0,0,0,1
53,2,0,8010,16.2,2,4,4,3,3,3,56,0,0,43,145,1,2,3,3,0,1,1,0.0,1,0,1.0,4005.0,0.297250859,1,5.4,3.25,0.5,0,0.5,0.333333333,1,1,3.295454545,1,1,1,1,1.0,0,2,0,2,1,0,1,0,1,0,0,0,1,0,0,0,1,0,0,0
31,4,4,9266,14.4,3,3,1,3,4,1,30,1,0,27,87,2,2,3,6,0,1,0,0.8,0,1,1.333333333,3088.666667,0.786813644,0,2.88,2.25,1.5,1,1.0,0.4,0,3,3.107142857,1,0,0,0,1.2,0,3,1,2,1,0,1,0,0,0,1,0,0,0,1,0,0,0,0,1
33,5,4,4190,15.0,1,2,3,3,3,4,38,1,0,7,27,5,10,4,4,0,1,0,0.666666667,1,1,5.0,4190.0,0.058652246,1,2.5,3.25,0.5,0,0.5,0.833333333,2,4,3.375,0,-2,0,0,0.666666667,0,2,0,1,1,1,0,0,0,0,1,0,0,0,1,0,0,0,0,0
26,3,3,7877,23.2,2,4,4,3,3,3,42,1,0,16,63,7,9,4,9,0,0,0,0.75,0,0,1.5,3938.5,0.554480088,0,5.8,3.25,0.5,0,0.777777778,1.75,1,4,3.705882353,1,0,1,0,2.25,1,2,0,2,0,0,0,0,0,1,0,0,1,0,1,0,0,0,0,0
26,1,1,7146,11.7,1,4,2,5,1,5,28,0,0,29,88,3,6,4,8,0,0,0,0.5,0,0,1.0,7146.0,0.188389789,1,5.85,3.25,2.061552813,0,0.5,1.5,1,1,2.933333333,1,0,1,0,4.0,1,3,0,3,1,1,0,0,1,0,0,0,0,0,1,0,0,0,1,1
31,12,1,9981,11.7,4,2,4,3,3,4,48,0,1,11,42,3,4,3,5,0,1,0,0.076923077,1,0,3.0,2495.25,0.813606195,0,0.9,3.5,0.577350269,0,0.75,0.230769231,0,1,3.5,0,-1,0,0,0.384615385,0,0,0,1,1,1,0,0,0,1,0,0,1,0,1,0,0,0,0,0
38,1,0,7364,16.6,1,3,4,4,4,3,32,0,1,23,76,6,9,3,3,0,0,0,0.0,1,0,1.0,7364.0,0.29973357,1,8.3,3.75,0.5,0,0.666666667,3.0,1,2,3.166666667,1,0,0,0,1.5,0,2,0,3,0,0,1,0,0,0,0,0,1,0,0,1,0,0,0,0
38,11,1,15886,17.4,3,4,3,3,3,3,71,0,1,28,97,2,4,5,4,0,1,0,0.083333333,1,0,3.666666667,5295.333333,0.94796269,0,1.45,3.0,0.0,0,0.5,0.166666667,2,2,3.344827586,1,-1,1,0,0.333333333,0,1,0,3,1,1,0,0,1,0,0,0,1,0,0,1,0,0,0,0
49,14,1,13792,8.5,5,2,4,4,3,4,29,0,1,15,54,5,9,3,6,0,1,0,0.066666667,1,0,2.8,2758.4,0.984193012,0,0.566666667,3.75,0.5,0,0.555555556,0.333333333,0,1,3.375,0,-1,0,0,0.4,0,0,0,2,0,1,0,0,0,0,1,0,1,0,0,0,1,0,0,0
28,0,0,4326,19.4,1,4,4,5,4,3,19,1,0,5,15,6,7,2,5,0,0,0,0.0,0,0,0.0,4326.0,0.012433393,1,19.4,4.0,0.816496581,0,0.857142857,6.0,0,3,2.5,0,2,1,1,5.0,0,1,0,2,0,1,0,0,0,0,0,0,1,0,1,0,0,0,0,0
32,11,9,8400,17.1,3,3,4,3,4,5,24,0,1,18,61,3,14,4,3,0,1,0,0.75,1,1,3.666666667,2800.0,0.749177632,0,1.425,4.0,0.816496581,0,0.214285714,0.25,1,1,3.210526316,1,-1,0,0,0.25,0,2,0,2,0,0,0,1,0,0,0,0,1,0,1,0,0,0,0,0
43,1,1,9146,11.4,4,2,5,4,4,2,28,1,1,24,74,5,8,3,6,0,1,0,0.5,0,0,0.25,2286.5,0.774542429,0,5.7,3.75,1.258305739,0,0.625,2.5,0,3,2.96,1,-1,0,0,3.0,0,1,0,3,0,1,0,0,0,0,1,0,1,0,0,1,0,0,1,0
19,1,1,4932,16.1,1,3,3,3,4,2,56,0,0,16,30,2,2,2,2,0,0,0,0.5,0,0,1.0,4932.0,0.01988218,1,8.05,3.0,0.816496581,0,1.0,1.0,0,1,1.764705882,0,1,0,1,1.0,0,1,0,2,0,1,0,0,1,0,0,0,1,0,0,0,0,0,1,0
28,2,1,6689,15.2,3,3,5,5,3,3,43,0,0,15,52,2,12,4,4,0,1,0,0.333333333,1,0,0.666666667,2229.666667,0.291743685,1,5.066666667,4.0,1.154700538,0,0.166666667,0.666666667,0,0,3.25,0,-1,0,0,1.333333333,0,1,0,1,0,0,1,0,0,0,0,1,1,0,1,0,0,0,0,0
32,2,1,9357,15.9,3,4,2,2,3,4,12,1,0,5,18,5,11,3,5,0,1,0,0.333333333,1,0,0.666666667,3119.0,0.68715342,0,5.3,2.75,0.957427108,0,0.454545455,1.666666667,1,3,3.0,0,1,1,1,1.666666667,0,0,0,2,1,1,0,0,0,0,0,1,1,0,1,0,0,0,0,0
39,0,0,6131,12.8,1,5,2,2,3,2,19,0,0,7,24,3,4,3,5,0,0,0,0.0,0,0,0.0,6131.0,0.253871681,1,12.8,2.25,0.5,1,0.75,3.0,1,2,3.0,0,2,1,1,5.0,0,2,0,3,1,0,1,0,0,1,0,0,1,0,0,1,0,0,1,1
30,1,1,8907,13.1,2,3,3,1,3,3,13,0,1,26,68,1,11,3,1,0,1,0,0.5,0,0,0.5,4453.5,0.526198934,0,6.55,2.5,1.0,0,0.090909091,0.5,1,1,2.518518519,1,0,0,0,0.5,0,1,0,2,1,1,0,0,0,0,0,0,1,0,1,0,0,0,1,0
42,0,0,6834,15.9,1,4,3,2,5,3,41,0,1,16,47,3,9,2,7,0,0,0,0.0,0,0,0.0,6834.0,0.151570938,1,15.9,3.25,1.258305739,0,0.333333333,3.0,1,1,2.764705882,0,2,1,1,7.0,0,1,0,2,0,0,0,0,1,0,0,0,1,0,0,1,0,0,0,0
40,6,1,11115,14.3,3,3,3,4,3,3,4,1,1,2,8,3,10,3,8,0,1,0,0.142857143,1,0,2.0,3705.0,0.771758437,0,2.042857143,3.25,0.5,0,0.3,0.428571429,1,3,2.666666667,0,0,0,0,1.142857143,1,1,0,2,0,0,1,0,0,0,0,0,1,0,0,1,0,0,0,0
41,6,6,8876,20.2,2,5,2,2,3,5,45,0,1,12,29,2,10,4,6,1,0,0,0.857142857,0,0,3.0,4438.0,0.689159292,0,2.885714286,3.0,1.414213562,0,0.2,0.285714286,2,2,2.230769231,0,1,1,1,0.857142857,0,0,0,2,1,1,0,0,0,1,0,0,1,0,0,1,0,0,0,0
37,3,1,6359,15.3,2,3,3,1,4,4,39,0,1,12,34,3,14,4,5,0,1,0,0.25,1,0,1.5,3179.5,0.245224892,1,3.825,3.0,1.414213562,0,0.214285714,0.75,1,1,2.615384615,0,-1,0,0,1.25,0,1,0,1,0,0,1,0,0,0,0,1,1,0,0,1,0,0,0,0
33,1,1,3997,12.3,1,3,3,2,2,3,14,0,0,3,7,6,8,3,4,0,0,0,0.5,0,0,1.0,3997.0,0.046589018,1,6.15,2.5,0.577350269,0,0.75,3.0,1,2,1.75,0,0,0,0,2.0,0,1,0,1,1,1,0,0,0,0,1,0,1,0,1,0,0,0,1,0
32,14,5,15527,16.4,4,5,2,4,3,4,25,0,0,8,27,3,2,4,3,1,1,0,0.333333333,1,0,3.5,3881.75,0.938880707,0,1.093333333,3.25,0.957427108,0,1.5,0.2,1,2,3.0,0,1,1,1,0.2,0,0,0,2,1,1,0,0,1,0,0,0,1,0,1,0,0,0,0,0
24,1,0,7640,15.8,3,4,2,4,2,2,53,0,1,2,5,2,8,4,5,0,1,0,0.0,1,0,0.333333333,2546.666667,0.580698835,0,7.9,2.5,1.0,0,0.25,1.0,1,1,1.666666667,0,0,1,0,2.5,0,0,0,1,0,0,1,0,0,0,1,0,1,0,0,0,0,0,0,0
39,2,0,4504,11.3,1,2,4,3,3,2,6,0,0,5,16,4,8,5,4,0,0,0,0.0,1,0,2.0,4504.0,0.0469809,1,3.766666667,3.0,0.816496581,0,0.5,1.333333333,1,1,2.666666667,0,-3,0,0,1.333333333,0,1,0,3,1,0,0,0,0,0,0,1,1,0,0,1,0,0,0,0
37,5,2,9329,8.7,3,2,2,1,3,3,33,0,1,10,41,3,10,5,5,0,1,0,0.333333333,1,0,1.666666667,3109.666667,0.73949115,0,1.45,2.25,0.957427108,1,0.3,0.5,1,1,3.727272727,0,-3,0,0,0.833333333,0,1,0,3,1,0,1,0,0,1,0,0,1,0,0,1,0,0,0,0
36,2,1,6213,13.1,1,3,4,4,3,3,37,0,0,19,52,3,10,5,7,0,0,0,0.333333333,1,0,2.0,6213.0,0.152309059,1,4.366666667,3.5,0.577350269,0,0.3,1.0,2,2,2.6,0,-2,0,0,2.333333333,0,1,0,2,1,0,1,0,0,0,0,0,1,0,0,1,0,0,0,0
43,5,1,4694,11.2,1,4,5,2,3,2,48,1,1,60,150,6,9,4,7,0,0,0,0.166666667,1,0,5.0,4694.0,0.087665929,1,1.866666667,3.0,1.414213562,0,0.666666667,1.0,2,5,2.459016393,1,0,1,0,1.166666667,0,2,0,2,1,0,0,0,0,1,0,0,1,0,0,1,0,0,1,1
39,3,3,9740,9.6,2,3,1,3,4,5,24,0,0,14,56,5,5,3,5,0,0,0,0.75,0,0,1.5,4870.0,0.727202711,0,2.4,3.25,1.707825128,0,1.0,1.25,1,2,3.733333333,0,0,0,0,1.25,0,0,0,3,1,1,0,0,0,0,0,1,1,0,0,1,0,0,0,0
41,1,1,3514,16.9,1,4,5,4,3,4,62,0,1,21,36,9,11,3,6,0,0,0,0.5,0,0,1.0,3514.0,0.016039823,1,8.45,4.0,0.816496581,0,0.818181818,4.5,1,2,1.636363636,0,1,1,1,3.0,0,1,0,2,0,0,0,0,0,1,0,0,1,0,0,1,0,0,0,0
35,3,1,10333,16.6,2,3,3,4,5,5,24,1,1,16,63,2,8,3,9,0,0,0,0.25,1,0,1.5,5166.5,0.603215513,0,4.15,4.25,0.957427108,0,0.25,0.5,1,3,3.705882353,1,0,0,0,2.25,1,2,0,3,1,1,0,0,1,0,0,0,1,0,0,1,0,0,1,0
26,5,1,10854,17.2,2,5,4,5,2,3,29,0,1,25,56,6,9,3,4,1,0,0,0.166666667,1,0,2.5,5427.0,0.662493864,0,2.866666667,3.5,1.290994449,0,0.666666667,1.0,0,1,2.153846154,0,2,1,1,0.666666667,0,0,0,3,1,0,1,0,1,0,0,0,1,0,1,0,0,0,0,0
29,1,1,5159,13.9,1,4,2,3,3,4,42,0,1,3,9,4,5,3,6,0,0,0,0.5,0,0,1.0,5159.0,0.103049908,1,6.95,3.0,0.816496581,0,0.8,2.0,1,2,2.25,0,1,1,1,3.0,0,1,0,1,0,0,1,0,0,0,0,1,1,0,1,0,0,0,1,0
39,3,1,7704,8.9,2,3,3,3,1,3,52,0,0,24,64,3,2,4,8,0,0,0,0.25,1,0,1.5,3852.0,0.590266223,0,2.225,2.5,1.0,0,1.5,0.75,1,2,2.56,1,-1,0,0,2.0,1,2,0,3,1,1,0,0,0,0,1,0,1,0,0,1,0,0,0,0
54,0,0,6646,9.6,2,2,3,5,2,4,30,0,1,3,10,3,2,3,7,0,0,1,0.0,0,0,0.0,3323.0,0.130093274,1,9.6,3.5,1.290994449,0,1.5,3.0,1,2,2.5,0,-1,0,0,7.0,0,1,0,2,1,1,0,0,1,0,0,0,1,0,0,0,1,0,0,0
50,1,0,6025,11.2,1,3,4,3,2,4,56,0,0,3,13,4,9,3,6,0,1,1,0.0,1,0,1.0,6025.0,0.201170672,1,5.6,3.25,0.957427108,0,0.444444444,2.0,1,1,3.25,0,0,0,0,3.0,0,1,0,1,1,0,0,0,0,0,0,1,1,0,0,0,1,0,0,0
44,5,4,8046,15.6,2,3,4,2,1,3,53,0,0,2,8,5,5,2,4,0,1,0,0.666666667,1,1,2.5,4023.0,0.304737359,1,2.6,2.5,1.290994449,0,1.0,0.833333333,1,2,2.666666667,0,1,0,1,0.666666667,0,2,0,1,0,0,1,0,1,0,0,0,1,0,0,1,0,0,0,0
28,1,0,6669,9.6,2,2,2,1,3,3,55,0,0,35,126,1,12,3,3,0,0,0,0.0,1,0,0.5,3334.5,0.204928952,1,4.8,2.25,0.957427108,1,0.083333333,0.5,0,0,3.5,1,-1,0,0,1.5,0,3,0,2,1,0,1,0,0,0,0,0,1,0,1,0,0,0,1,1
41,2,0,4671,14.5,1,3,3,3,1,3,29,0,1,19,53,3,5,4,2,0,0,0,0.0,1,0,2.0,4671.0,0.024866785,1,4.833333333,2.5,1.0,0,0.6,1.0,1,2,2.65,0,-1,0,0,0.666666667,0,1,0,2,0,0,1,0,0,0,0,0,1,0,0,1,0,0,0,0
35,6,5,7413,12.0,2,4,1,2,2,2,32,0,1,9,35,5,10,3,6,0,1,0,0.714285714,1,1,3.0,3706.5,0.410505237,1,1.714285714,1.75,0.5,1,0.5,0.714285714,0,0,3.5,0,1,1,1,0.857142857,0,3,0,2,1,1,0,0,0,0,0,1,1,0,0,1,0,0,1,1
36,12,9,15120,10.5,4,3,3,4,3,3,34,0,1,16,66,7,2,4,2,0,1,0,0.692307692,1,1,3.0,3780.0,0.954706927,0,0.807692308,3.25,0.5,0,3.5,0.538461538,1,2,3.882352941,1,-1,0,0,0.153846154,0,2,0,3,0,0,1,0,0,0,0,0,0,1,0,1,0,0,0,0
34,5,3,7736,20.5,3,2,4,4,1,3,28,1,0,6,22,1,5,3,8,0,1,0,0.5,1,0,1.666666667,2578.666667,0.462569316,1,3.416666667,3.0,1.414213562,0,0.2,0.166666667,1,3,3.142857143,0,-1,0,0,1.333333333,1,2,0,2,0,1,0,0,0,0,0,1,1,0,1,0,0,0,0,0
51,4,4,6358,19.8,1,5,4,2,3,4,56,1,1,17,39,2,7,2,5,0,1,1,0.8,0,1,4.0,6358.0,0.294247788,1,3.96,3.25,0.957427108,0,0.285714286,0.4,0,2,2.166666667,0,3,1,1,1.0,0,2,0,3,0,0,1,0,0,1,0,0,1,0,0,0,1,0,1,0
42,1,1,4984,10.0,1,2,3,3,1,3,38,1,1,25,76,4,5,3,15,0,0,0,0.5,0,0,1.0,4984.0,0.083487369,1,5.0,2.5,1.0,0,0.8,2.0,1,4,2.923076923,1,-1,0,0,7.5,1,3,0,2,0,1,0,0,0,0,0,1,1,0,0,1,0,0,1,1
38,1,0,7641,15.2,1,4,2,3,3,5,14,1,1,6,20,6,6,2,8,0,0,0,0.0,1,0,1.0,7641.0,0.336145648,1,7.6,3.25,1.258305739,0,1.0,3.0,2,5,2.857142857,0,2,1,1,4.0,1,2,0,4,0,1,0,0,0,0,0,0,0,0,0,1,0,0,1,1
23,1,1,5936,17.9,2,3,4,3,3,2,32,0,1,22,88,2,3,4,5,0,0,0,0.5,0,0,0.5,2968.0,0.121669627,1,8.95,3.0,0.816496581,0,0.666666667,1.0,0,1,3.826086957,1,-1,0,0,2.5,0,2,0,2,1,1,0,0,0,0,0,0,0,0,0,0,0,0,1,0
32,5,5,8580,17.8,2,3,2,4,2,1,3,0,0,11,25,4,11,4,7,0,0,0,0.833333333,0,1,2.5,4290.0,0.586260012,0,2.966666667,2.25,1.258305739,1,0.363636364,0.666666667,0,0,2.083333333,0,-1,0,0,1.166666667,0,2,0,4,1,0,0,0,0,0,0,1,1,0,1,0,0,0,1,0
38,1,1,4973,12.0,1,3,4,3,1,4,18,0,1,4,12,4,8,3,5,0,0,0,0.5,0,0,1.0,4973.0,0.082409119,1,6.0,3.0,1.414213562,0,0.5,2.0,1,1,2.4,0,0,0,0,2.5,0,1,0,3,0,0,1,0,0,0,0,1,0,0,0,1,0,0,0,0
58,14,12,10409,16.9,4,3,5,4,3,4,0,1,0,32,80,5,6,5,3,0,1,1,0.8,1,1,3.5,2602.25,0.872296173,0,1.126666667,4.0,0.816496581,0,0.833333333,0.333333333,0,3,2.424242424,1,-2,0,0,0.2,0,2,0,1,1,1,0,0,0,0,1,0,0,0,0,0,0,1,0,0
42,1,1,5312,16.3,2,3,4,4,5,2,27,0,0,9,31,5,7,3,4,0,0,0,0.5,0,0,0.5,2656.0,0.19030782,1,8.15,3.75,1.258305739,0,0.714285714,2.5,0,1,3.1,0,0,0,0,2.0,0,1,0,2,0,0,0,0,0,0,1,0,1,0,0,1,0,0,0,0
51,2,2,7220,11.0,1,3,3,2,4,5,65,0,1,4,12,3,7,2,6,0,0,1,0.666666667,0,0,2.0,7220.0,0.198330879,1,3.666666667,3.5,1.290994449,0,0.428571429,1.0,1,1,2.4,0,1,0,1,2.0,0,1,0,2,1,0,1,0,1,0,0,0,1,0,0,0,1,0,0,0
28,2,2,4695,16.7,1,3,3,5,5,5,41,0,1,8,34,3,3,2,5,0,0,0,0.666666667,0,0,2.0,4695.0,0.060998152,1,5.566666667,4.5,1.0,0,1.0,1.0,1,2,3.777777778,0,1,0,1,1.666666667,0,1,0,2,1,0,1,0,0,0,0,1,1,0,1,0,0,0,0,0
36,4,3,9827,13.7,3,3,5,2,3,3,29,0,0,2,9,4,8,3,5,0,1,0,0.6,1,0,1.333333333,3275.666667,0.734750462,0,2.74,3.25,1.258305739,0,0.5,0.8,0,0,3.0,0,0,0,0,1.0,0,0,0,2,1,0,1,0,0,0,0,1,0,1,0,1,0,0,0,0
36,2,1,9408,12.2,2,1,2,3,4,1,14,0,0,15,47,7,9,3,6,0,0,0,0.333333333,1,0,1.0,4704.0,0.488708886,1,4.066666667,2.5,1.290994449,0,0.777777778,2.333333333,2,3,2.9375,0,-2,0,0,2.0,0,1,0,3,1,1,0,0,1,0,0,0,1,0,0,1,0,0,0,1
44,1,1,5832,13.8,1,3,5,4,5,3,56,0,0,12,47,6,5,3,9,0,0,0,0.5,0,0,1.0,5832.0,0.280366057,1,6.9,4.25,0.957427108,0,1.2,3.0,0,1,3.615384615,0,0,0,0,4.5,1,2,0,2,1,0,0,0,0,0,1,0,1,0,0,1,0,0,0,0
31,3,1,7464,19.1,2,3,2,4,2,2,35,0,1,7,27,7,18,4,5,0,0,0,0.25,1,0,1.5,3732.0,0.311722913,1,4.775,2.5,1.0,0,0.388888889,1.75,1,1,3.375,0,-1,0,0,1.25,0,1,0,2,1,1,0,0,0,0,0,0,1,0,1,0,0,0,1,0
29,1,1,5973,13.7,1,2,2,1,3,3,34,0,0,22,68,9,9,2,3,0,1,0,0.5,0,0,1.0,5973.0,0.305740433,1,6.85,2.25,0.957427108,1,1.0,4.5,0,1,2.956521739,1,0,0,0,1.5,0,3,0,2,0,0,1,0,0,0,1,0,1,0,1,0,0,0,0,1
56,18,6,11279,21.6,5,5,3,2,3,3,41,0,1,31,83,8,4,3,6,1,1,1,0.315789474,1,0,3.6,2255.8,0.895464602,0,1.136842105,2.75,0.5,0,2.0,0.421052632,1,2,2.59375,1,2,1,1,0.315789474,0,1,0,1,0,0,1,0,0,1,0,0,1,0,0,0,0,1,0,0
37,0,0,5440,19.4,1,3,2,3,4,3,15,0,0,17,56,5,6,2,3,0,0,0,0.0,0,0,0.0,5440.0,0.163716814,1,19.4,3.0,0.816496581,0,0.833333333,5.0,2,3,3.111111111,0,1,0,1,3.0,0,1,0,3,1,0,1,0,0,1,0,0,1,0,0,1,0,0,1,1
35,1,1,5350,11.6,1,4,3,3,4,2,17,0,0,17,63,2,10,3,3,0,1,0,0.5,0,0,1.0,5350.0,0.153761062,1,5.8,3.0,0.816496581,0,0.2,1.0,1,1,3.5,1,1,1,1,1.5,0,2,0,3,1,1,0,0,0,1,0,0,1,0,0,1,0,0,0,0
27,0,0,3855,15.6,2,3,3,4,1,4,14,1,1,10,31,4,8,4,10,0,1,0,0.0,0,0,0.0,1927.5,0.070723684,1,15.6,3.0,1.414213562,0,0.5,4.0,2,4,2.818181818,0,-1,0,0,10.0,1,2,0,1,1,1,0,1,0,0,0,0,1,0,1,0,0,0,1,1
42,2,1,6630,13.8,2,4,3,4,1,3,32,0,0,13,46,3,9,5,3,0,1,0,0.333333333,1,0,1.0,3315.0,0.40453411,1,4.6,2.75,1.258305739,0,0.333333333,1.0,0,0,3.285714286,0,-1,1,0,1.0,0,1,0,1,0,0,1,0,0,0,1,0,1,0,0,1,0,0,0,0
48,1,1,8405,20.6,2,3,4,3,4,2,43,0,1,24,84,6,2,1,6,0,0,0,0.5,0,0,0.5,4202.5,0.355547374,1,10.3,3.25,0.957427108,0,3.0,3.0,0,1,3.36,1,2,0,1,3.0,0,2,0,2,1,1,0,0,1,0,0,0,1,0,0,0,1,0,0,0
46,16,2,16561,15.7,5,3,4,2,2,2,0,0,1,7,13,5,9,3,5,0,1,0,0.117647059,1,0,3.2,3312.2,0.988293284,0,0.923529412,2.5,1.0,0,0.555555556,0.294117647,2,3,1.625,0,0,0,0,0.294117647,0,0,0,3,0,1,0,0,0,0,0,1,0,0,0,0,1,0,1,0
48,9,2,12789,12.6,4,3,3,4,5,4,21,0,0,13,45,3,14,3,4,0,1,0,0.2,1,0,2.25,3197.25,0.954646018,0,1.26,4.0,0.816496581,0,0.214285714,0.3,1,1,3.214285714,0,0,0,0,0.4,0,0,0,3,0,1,0,0,0,1,0,0,1,0,0,0,1,0,0,0
28,0,0,8448,13.5,2,4,3,3,3,3,22,0,1,40,148,4,4,2,4,0,0,0,0.0,0,0,0.0,4224.0,0.638274336,0,13.5,3.0,0.0,0,1.0,4.0,0,1,3.609756098,1,2,1,1,4.0,0,1,0,3,1,1,0,0,0,1,0,0,1,0,1,0,0,0,1,1
27,8,2,8102,17.4,2,4,2,4,3,5,27,0,1,49,139,3,6,3,7,0,0,0,0.222222222,1,0,4.0,4051.0,0.512939002,0,1.933333333,3.5,1.290994449,0,0.5,0.333333333,1,1,2.78,1,1,1,1,0.777777778,0,1,0,2,1,0,1,0,0,0,0,1,1,0,1,0,0,0,1,0
41,9,0,9990,19.2,4,4,4,4,3,3,36,0,0,60,150,5,12,4,4,0,1,0,0.0,1,0,2.25,2497.5,0.75107825,0,1.92,3.5,0.577350269,0,0.416666667,0.5,1,1,2.459016393,1,0,1,0,0.4,0,1,0,1,1,0,1,0,0,0,0,1,1,0,0,1,0,0,0,0
43,7,4,13856,19.1,4,3,2,3,3,3,34,0,0,7,17,3,5,2,9,0,1,0,0.5,1,1,1.75,3464.0,0.95194085,0,2.3875,2.75,0.5,0,0.6,0.375,1,2,2.125,0,1,0,1,1.125,1,2,0,3,1,0,0,0,0,0,0,1,1,0,0,1,0,0,1,0
28,2,1,11221,14.6,3,3,3,3,3,2,60,0,0,18,41,4,2,2,3,0,1,0,0.333333333,1,0,0.666666667,3740.333333,0.704467354,0,4.866666667,2.75,0.5,0,2.0,1.333333333,1,2,2.157894737,0,1,0,1,1.0,0,0,0,2,0,1,0,0,1,0,0,0,1,0,1,0,0,0,0,0
34,2,0,6471,18.8,1,5,2,3,5,2,8,1,0,14,58,2,5,5,7,0,0,0,0.0,1,0,2.0,6471.0,0.112420226,1,6.266666667,3.0,1.414213562,0,0.4,0.666666667,0,2,3.866666667,0,0,1,0,2.333333333,0,1,0,2,0,1,0,0,1,0,0,0,0,0,1,0,0,0,0,1
26,3,0,12875,11.4,3,3,3,3,5,4,0,0,0,8,25,4,11,4,5,0,1,0,0.0,1,0,1.0,4291.666667,0.830633284,0,2.85,3.75,0.957427108,0,0.363636364,1.0,0,0,2.777777778,0,-1,0,0,1.25,0,0,0,2,1,0,0,0,1,0,0,0,1,0,1,0,0,0,0,0
35,2,1,9646,17.7,2,5,5,3,3,4,17,0,0,4,6,4,6,4,3,0,0,0,0.333333333,1,0,1.0,4823.0,0.776548673,0,5.9,3.75,0.957427108,0,0.666666667,1.333333333,2,3,1.2,0,1,1,1,1.0,0,0,0,3,1,1,0,0,0,1,0,0,1,0,0,1,0,0,0,0
31,4,1,7248,12.2,3,3,2,3,2,4,39,0,1,19,51,3,9,5,5,0,1,0,0.2,1,0,1.333333333,2416.0,0.286856128,1,2.44,2.75,0.957427108,0,0.333333333,0.6,0,0,2.55,0,-2,0,0,1.0,0,1,0,1,0,1,0,0,0,0,0,0,1,0,1,0,0,0,0,0
37,3,1,8217,11.4,2,4,4,4,4,4,23,0,0,5,21,1,7,2,3,0,0,0,0.25,1,0,1.5,4108.5,0.603982301,0,2.85,4.0,0.0,0,0.142857143,0.25,1,1,3.5,0,2,1,1,0.75,0,0,0,2,0,0,0,0,0,1,0,0,1,0,0,1,0,0,1,0
32,0,0,5494,23.2,1,4,1,5,4,3,20,0,1,19,50,7,5,4,4,0,0,0,0.0,0,0,0.0,5494.0,0.137707948,1,23.2,3.25,1.707825128,0,1.4,7.0,1,2,2.5,0,0,1,0,4.0,0,1,0,2,1,0,1,0,0,0,0,1,1,0,1,0,0,0,1,0
51,0,0,5499,18.9,1,4,2,3,3,2,3,0,1,10,19,2,20,3,2,0,0,1,0.0,0,0,0.0,5499.0,0.22296173,1,18.9,2.5,0.577350269,0,0.1,2.0,1,1,1.727272727,0,1,1,1,2.0,0,1,0,3,1,1,0,0,0,0,1,0,1,0,0,0,1,0,0,0
48,6,1,6529,14.9,3,3,2,5,4,3,38,0,0,6,14,5,15,5,5,0,1,0,0.142857143,1,0,2.0,2176.333333,0.272335182,1,2.128571429,3.5,1.290994449,0,0.333333333,0.714285714,2,2,2.0,0,-2,0,0,0.714285714,0,1,0,1,1,0,1,0,0,0,0,1,0,0,0,0,1,0,1,0
43,4,1,5853,15.5,1,4,4,4,2,3,26,1,0,19,50,3,9,3,12,0,0,0,0.2,1,0,4.0,5853.0,0.066519391,1,3.1,3.25,0.957427108,0,0.333333333,0.6,1,3,2.5,0,1,1,1,2.4,1,2,0,1,0,0,1,0,1,0,0,0,1,0,0,1,0,0,0,0
31,1,1,8038,19.7,2,4,4,4,5,3,8,0,1,12,32,2,10,4,9,0,0,0,0.5,0,0,0.5,4019.0,0.579646018,0,9.85,4.0,0.816496581,0,0.2,1.0,1,1,2.461538462,0,0,1,0,4.5,1,1,0,2,0,0,1,0,0,1,0,0,1,0,1,0,0,0,0,0
35,9,4,11277,16.5,3,4,4,4,3,1,25,0,0,16,54,4,4,3,6,1,1,0,0.4,1,0,3.0,3759.0,0.709253805,0,1.65,3.0,1.414213562,0,1.0,0.4,1,2,3.176470588,0,1,1,1,0.6,0,0,0,2,1,1,0,0,1,0,0,0,1,0,0,1,0,0,0,0
28,4,0,10309,22.4,3,4,1,3,3,4,64,1,0,22,86,6,5,3,12,0,1,0,0.0,1,0,1.333333333,3436.333333,0.600392734,0,4.48,2.75,1.258305739,0,1.2,1.2,2,5,3.739130435,1,1,1,1,2.4,1,2,0,2,1,1,0,0,1,0,0,0,1,0,1,0,0,0,1,0
27,0,0,5312,21.0,1,5,5,3,2,3,21,0,1,16,40,3,6,4,7,0,0,0,0.0,0,0,0.0,5312.0,0.19030782,1,21.0,3.25,1.258305739,0,0.5,3.0,1,1,2.352941176,0,1,1,1,7.0,0,1,0,1,0,1,0,0,0,0,1,0,1,0,1,0,0,0,0,0
40,2,1,8509,10.6,2,3,3,2,3,3,56,0,1,18,52,5,3,3,4,0,1,0,0.333333333,1,0,1.0,4254.5,0.370520373,1,3.533333333,2.75,0.5,0,1.666666667,1.666666667,1,2,2.736842105,0,0,0,0,1.333333333,0,1,0,2,0,1,0,0,1,0,0,0,1,0,0,1,0,0,0,0
52,3,1,10651,16.1,2,5,2,4,5,4,56,0,0,9,30,1,9,3,4,0,0,1,0.25,1,0,1.5,5325.5,0.641875307,0,4.025,3.75,1.258305739,0,0.111111111,0.25,2,2,3.0,0,2,1,1,1.0,0,0,0,3,1,1,0,0,1,0,0,0,1,0,0,0,1,0,0,0
28,1,1,4642,7.7,1,4,3,3,5,3,32,1,0,2,8,8,13,5,7,0,0,0,0.5,0,0,1.0,4642.0,0.082964602,1,3.85,3.5,1.0,0,0.615384615,4.0,1,4,2.666666667,0,-1,1,0,3.5,0,1,0,2,0,0,1,0,0,1,0,0,1,0,1,0,0,0,0,0
53,8,3,15864,14.8,4,2,3,4,5,4,43,0,0,9,19,3,12,5,5,0,1,1,0.333333333,1,0,2.0,3966.0,0.983056069,0,1.644444444,4.0,0.816496581,0,0.25,0.333333333,0,0,1.9,0,-3,0,0,0.555555556,0,0,0,4,1,0,1,0,0,0,0,1,0,0,0,0,1,0,0,0
38,5,1,7256,19.9,2,3,2,2,2,4,8,1,1,4,13,3,9,2,5,0,0,0,0.166666667,1,0,2.5,3628.0,0.518094842,0,3.316666667,2.5,1.0,0,0.333333333,0.5,0,2,2.6,0,1,0,1,0.833333333,0,0,0,3,1,0,1,0,0,0,1,0,1,0,0,1,0,0,1,1
48,3,0,10882,13.7,3,3,3,2,3,4,53,0,0,18,53,1,2,4,3,0,1,0,0.0,1,0,1.0,3627.333333,0.666175749,0,3.425,3.0,0.816496581,0,0.5,0.25,2,2,2.789473684,0,-1,0,0,0.75,0,0,0,2,0,0,1,0,1,0,0,0,0,1,0,0,1,0,1,0
30,4,1,7927,11.3,3,2,3,3,4,1,47,0,1,17,67,3,11,3,5,0,1,0,0.2,1,0,1.333333333,2642.333333,0.380106572,1,2.26,2.75,1.258305739,0,0.272727273,0.6,2,2,3.722222222,1,-1,0,0,1.0,0,2,0,1,1,1,0,0,0,0,0,0,1,0,1,0,0,0,0,0
37,2,1,7831,18.0,2,4,5,3,3,3,30,0,1,1,5,5,3,5,5,0,0,0,0.333333333,1,0,1.0,3915.5,0.610232945,0,6.0,3.5,1.0,0,1.666666667,1.666666667,1,2,2.5,0,-1,1,0,1.666666667,0,0,0,2,0,1,0,0,0,0,1,0,1,0,0,1,0,0,0,0
47,3,1,7679,11.1,2,2,5,1,3,3,38,1,0,22,70,7,18,3,12,0,0,0,0.25,1,0,1.5,3839.5,0.454251386,1,2.775,3.0,1.632993162,0,0.388888889,1.75,1,3,3.043478261,1,-1,0,0,3.0,1,3,0,3,0,0,1,0,0,0,0,1,1,0,0,0,1,0,1,1
31,0,0,7096,9.6,2,1,2,5,2,3,46,0,0,13,21,3,6,4,5,0,1,0,0.0,0,0,0.0,3548.0,0.264653641,1,9.6,3.0,1.414213562,0,0.5,3.0,0,0,1.5,0,-3,0,0,5.0,0,1,0,3,0,0,1,0,0,0,0,0,1,0,1,0,0,0,0,0
51,17,2,14471,20.5,4,3,1,4,4,3,24,0,1,22,76,4,3,3,4,0,1,1,0.111111111,1,0,4.25,3617.75,0.906234659,0,1.138888889,3.0,1.414213562,0,1.333333333,0.222222222,1,2,3.304347826,1,0,0,0,0.222222222,0,1,0,2,0,1,0,0,1,0,0,0,1,0,0,0,1,0,1,0
36,0,0,6449,11.3,1,3,4,3,4,2,31,1,1,11,35,3,12,3,7,0,0,0,0.0,0,0,0.0,6449.0,0.110702013,1,11.3,3.25,0.957427108,0,0.25,3.0,1,3,2.916666667,0,0,0,0,7.0,0,1,0,2,0,1,0,0,1,0,0,0,1,0,0,1,0,0,0,0
30,3,2,8134,17.9,3,3,4,5,3,2,30,0,1,26,94,4,12,3,5,0,1,0,0.5,1,0,1.0,2711.333333,0.40874778,1,4.475,3.5,1.290994449,0,0.333333333,1.0,2,2,3.481481481,1,0,0,0,1.25,0,2,0,1,0,1,0,0,0,0,0,0,1,0,1,0,0,0,0,0
47,12,7,10689,8.8,5,2,3,3,1,4,47,0,1,9,30,4,9,3,6,0,1,0,0.538461538,1,1,2.4,2137.8,0.916118421,0,0.676923077,2.75,1.258305739,0,0.444444444,0.307692308,1,1,3.0,0,-1,0,0,0.461538462,0,1,0,2,1,0,1,1,0,0,0,0,1,0,0,0,1,0,0,0
50,1,0,7026,17.5,1,4,2,2,4,3,24,1,0,16,42,2,12,4,7,0,1,1,0.0,1,0,1.0,7026.0,0.338724584,1,8.75,2.75,0.957427108,0,0.166666667,1.0,1,3,2.470588235,0,0,1,0,3.5,0,1,0,3,0,1,0,0,0,0,0,1,0,0,0,0,1,0,1,1
35,4,4,5812,4.7,1,1,1,2,3,2,19,0,1,25,83,4,8,4,2,0,0,0,0.8,0,1,4.0,5812.0,0.277246256,1,0.94,2.0,0.816496581,1,0.5,0.8,1,1,3.192307692,1,-3,0,0,0.4,0,4,0,2,1,0,0,0,0,0,1,0,0,0,0,1,0,0,1,1
24,5,3,10172,16.5,2,3,3,1,2,5,39,0,0,37,123,5,3,3,4,0,0,0,0.5,1,0,2.5,5086.0,0.583701522,0,2.75,2.75,1.707825128,0,1.666666667,0.833333333,0,1,3.236842105,1,0,0,0,0.666666667,0,1,0,3,0,0,0,0,1,0,0,0,1,0,0,0,0,0,1,1
50,3,2,6719,15.8,2,5,4,4,3,4,37,1,0,22,92,5,2,4,7,0,0,1,0.5,1,0,1.5,3359.5,0.421797005,1,3.95,3.75,0.5,0,2.5,1.25,2,5,4.0,1,1,1,1,1.75,0,2,0,2,0,1,0,0,0,0,1,0,1,0,0,0,1,0,0,0
28,2,0,7323,12.1,3,3,3,2,3,3,30,0,0,13,46,2,6,4,5,0,1,0,0.0,1,0,0.666666667,2441.0,0.527454243,0,4.033333333,2.75,0.5,0,0.333333333,0.666666667,0,0,3.285714286,0,-1,0,0,1.666666667,0,0,0,2,1,1,0,0,0,0,1,0,1,0,1,0,0,0,0,0
41,3,3,6844,12.0,2,3,3,3,1,2,38,1,1,26,88,4,5,5,6,0,0,0,0.75,0,0,1.5,3422.0,0.153289151,1,3.0,2.25,0.957427108,1,0.8,1.0,0,3,3.259259259,1,-2,0,0,1.5,0,3,1,2,1,1,0,0,1,0,0,0,1,0,0,1,0,0,1,1
31,10,7,10269,18.4,3,5,3,3,3,3,33,0,0,10,25,3,9,1,11,0,1,0,0.636363636,1,1,3.333333333,3423.0,0.781577326,0,1.672727273,3.0,0.0,0,0.333333333,0.272727273,0,0,2.272727273,0,4,1,1,1.0,1,2,0,2,1,0,1,0,0,0,0,1,1,0,1,0,0,0,0,0
26,8,0,12771,14.3,3,2,5,2,4,4,32,0,0,3,12,4,2,5,3,0,1,0,0.0,1,0,2.666666667,4257.0,0.925908811,0,1.588888889,3.75,1.258305739,0,2.0,0.444444444,0,1,3.0,0,-3,0,0,0.333333333,0,0,0,4,0,0,1,0,0,0,0,1,1,0,1,0,0,0,0,0
32,5,0,13452,18.4,3,5,3,4,3,4,7,1,1,28,93,1,9,4,3,0,1,0,0.0,1,0,1.666666667,4484.0,0.863279332,0,3.066666667,3.5,0.577350269,0,0.111111111,0.166666667,2,4,3.206896552,1,1,1,1,0.5,0,1,0,3,1,1,0,0,1,0,0,0,1,0,1,0,0,0,0,0
23,1,1,4673,15.0,1,3,3,3,3,4,22,0,0,18,73,2,8,4,4,0,1,0,0.5,0,0,1.0,4673.0,0.058841651,1,7.5,3.25,0.5,0,0.25,1.0,1,1,3.842105263,1,-1,0,0,2.0,0,2,0,2,1,1,0,0,0,0,0,1,1,0,0,0,0,0,0,0
46,10,4,10627,24.2,3,5,3,2,3,4,36,0,0,23,99,6,8,3,5,0,1,0,0.363636364,1,1,3.333333333,3542.333333,0.849557522,0,2.2,3.0,0.816496581,0,0.75,0.545454545,1,2,4.125,1,2,1,1,0.454545455,0,2,0,2,0,1,0,0,0,1,0,0,0,1,0,0,1,0,0,0
38,8,7,12480,17.5,5,3,2,1,2,2,15,0,0,15,50,2,6,3,3,0,1,0,0.777777778,1,1,1.6,2496.0,0.861012433,0,1.944444444,1.75,0.5,1,0.333333333,0.222222222,0,0,3.125,0,0,0,0,0.333333333,0,2,0,2,1,0,1,0,0,0,0,0,1,0,0,1,0,0,1,0
38,4,0,6545,10.9,1,3,2,3,3,2,21,0,1,24,78,4,7,3,3,0,0,0,0.0,1,0,4.0,6545.0,0.120274914,1,2.18,2.5,0.577350269,0,0.571428571,0.8,2,3,3.12,1,0,0,0,0.6,0,2,0,2,1,0,1,0,1,0,0,0,1,0,0,1,0,0,1,1
43,6,0,8057,10.7,3,4,2,4,2,4,29,0,0,7,18,5,9,3,4,0,1,0,0.0,1,0,2.0,2685.666667,0.641014975,0,1.528571429,3.0,1.154700538,0,0.555555556,0.714285714,0,1,2.25,0,1,1,1,0.571428571,0,0,0,2,0,0,1,0,0,0,1,0,1,0,0,1,0,0,0,0
39,4,3,5960,14.4,2,4,1,5,3,2,63,0,0,15,61,6,3,2,3,0,1,0,0.6,1,0,2.0,2980.0,0.123889876,1,2.88,2.75,1.707825128,0,2.0,1.2,0,1,3.8125,1,2,1,1,0.6,0,2,0,1,0,0,1,0,0,0,0,0,1,0,0,1,0,0,0,0
41,1,0,8986,10.9,2,4,5,2,5,3,1,0,1,14,46,4,4,3,4,0,1,0,0.0,1,0,0.5,4493.0,0.435812469,1,5.45,3.75,1.5,0,1.0,2.0,1,2,3.066666667,0,1,1,1,2.0,0,1,0,2,1,0,1,0,1,0,0,0,1,0,0,1,0,0,0,0
24,0,0,10611,23.6,2,5,1,1,1,2,45,1,0,12,42,1,3,4,5,0,1,0,0.0,0,0,0.0,5305.5,0.638929799,0,23.6,1.25,0.5,1,0.333333333,1.0,1,3,3.230769231,0,1,1,1,5.0,0,1,1,4,0,0,0,0,1,0,0,0,0,1,0,0,0,0,1,1
51,9,5,9806,7.2,3,2,4,4,3,3,58,1,0,5,11,5,14,4,7,0,1,1,0.5,1,1,3.0,3268.666667,0.54197349,0,0.72,3.5,0.577350269,0,0.357142857,0.5,2,4,1.833333333,0,-2,0,0,0.7,0,1,0,2,1,1,0,0,1,0,0,0,0,1,0,0,1,0,0,0
28,0,0,10243,15.4,3,3,3,4,4,3,40,0,0,33,68,2,10,2,6,0,1,0,0.0,0,0,0.0,3414.333333,0.693161634,0,15.4,3.5,0.577350269,0,0.2,2.0,2,2,2.0,1,1,0,1,6.0,0,1,0,1,1,1,0,0,0,0,0,0,1,0,1,0,0,0,0,0
18,0,0,5960,15.4,2,3,3,3,5,3,36,1,0,15,50,5,5,4,11,0,1,0,0.0,0,0,0.0,2980.0,0.19254467,1,15.4,3.5,1.0,0,1.0,5.0,2,5,3.125,0,-1,0,0,11.0,1,2,0,2,1,1,0,0,0,0,0,1,1,0,0,0,0,0,1,0
35,5,4,13645,12.9,3,3,4,5,4,3,51,0,0,29,117,5,10,3,4,0,1,0,0.666666667,1,1,1.666666667,4548.333333,0.871134021,0,2.15,4.0,0.816496581,0,0.5,0.833333333,1,1,3.9,1,0,0,0,0.666666667,0,2,0,3,1,0,1,0,1,0,0,0,0,0,0,1,0,0,0,0
43,9,5,9979,11.3,3,5,3,4,3,4,43,0,0,5,22,4,9,4,8,1,1,0,0.5,1,0,3.0,3326.333333,0.841930116,0,1.13,3.5,0.577350269,0,0.444444444,0.4,2,2,3.666666667,0,1,1,1,0.8,1,1,0,2,0,1,0,0,0,0,1,0,1,0,0,1,0,0,0,0
30,2,1,7237,14.8,1,4,1,3,3,1,55,0,0,3,13,4,12,3,3,0,0,0,0.333333333,1,0,2.0,7237.0,0.515391015,0,4.933333333,2.0,1.154700538,1,0.333333333,1.333333333,1,1,3.25,0,1,1,1,1.0,0,1,0,4,1,1,0,0,0,0,1,0,1,0,1,0,0,0,0,0
41,2,1,11100,12.7,2,3,4,2,4,5,32,1,0,7,28,5,18,2,8,0,0,0,0.333333333,1,0,1.0,5550.0,0.690721649,0,4.233333333,3.75,1.258305739,0,0.277777778,1.666666667,0,2,3.5,0,1,0,1,2.666666667,1,1,0,4,0,0,0,0,1,0,0,0,1,0,0,1,0,0,0,0
32,2,2,11883,18.3,3,4,1,3,1,3,7,0,1,3,12,3,9,4,3,0,1,0,0.666666667,0,0,0.666666667,3961.0,0.765341188,0,6.1,2.0,1.154700538,1,0.333333333,1.0,1,1,3.0,0,0,1,0,1.0,0,1,0,2,0,1,0,0,1,0,0,0,0,0,1,0,0,0,1,0
18,0,0,4685,18.8,1,4,4,3,3,2,34,0,0,4,15,1,12,2,7,0,0,0,0.0,0,0,0.0,4685.0,0.086283186,1,18.8,3.0,0.816496581,0,0.083333333,1.0,0,0,3.0,0,2,1,1,7.0,0,1,0,2,0,1,0,0,0,1,0,0,1,0,0,0,0,0,1,0
40,2,2,7049,10.9,1,4,2,5,4,4,27,1,1,13,39,3,3,2,7,0,0,0,0.666666667,0,0,2.0,7049.0,0.175380461,1,3.633333333,3.75,1.258305739,0,1.0,1.0,1,4,2.785714286,0,2,1,1,2.333333333,0,1,0,2,0,1,0,0,1,0,0,0,1,0,0,1,0,0,1,1
41,2,1,6721,16.9,1,3,3,4,3,4,35,0,0,27,93,4,3,5,3,0,0,0,0.333333333,1,0,2.0,6721.0,0.422212978,1,5.633333333,3.5,0.577350269,0,1.333333333,1.333333333,2,3,3.321428571,1,-2,0,0,1.0,0,2,0,3,0,0,1,0,0,0,1,0,1,0,0,1,0,0,0,0
33,0,0,5591,17.4,1,3,2,3,3,2,0,0,1,7,34,2,15,4,5,0,0,0,0.0,0,0,0.0,5591.0,0.148182378,1,17.4,2.5,0.577350269,0,0.133333333,2.0,1,1,4.25,0,-1,0,0,5.0,0,1,0,2,1,1,0,0,0,0,0,1,0,0,1,0,0,0,0,0
30,0,0,5947,15.1,1,3,2,4,4,3,5,0,0,16,43,9,6,3,4,0,0,0,0.0,0,0,0.0,5947.0,0.356907895,1,15.1,3.25,0.957427108,0,1.5,9.0,1,2,2.529411765,0,0,0,0,4.0,0,1,0,3,1,1,0,1,0,0,0,0,1,0,1,0,0,0,1,0
28,1,0,5940,8.3,2,3,2,3,1,4,46,0,0,16,63,6,12,3,6,0,0,0,0.0,1,0,0.5,2970.0,0.301580699,1,4.15,2.5,1.290994449,0,0.5,3.0,1,1,3.705882353,1,0,0,0,3.0,0,2,0,2,0,1,0,0,0,0,1,0,1,0,1,0,0,0,0,1
42,2,0,8831,12.5,3,3,3,4,4,4,0,1,0,37,108,4,13,4,3,0,1,0,0.0,1,0,0.666666667,2943.666667,0.414825724,1,4.166666667,3.75,0.5,0,0.307692308,1.333333333,0,2,2.842105263,1,-1,0,0,1.0,0,2,0,1,1,0,1,0,1,0,0,0,0,1,0,1,0,0,0,0
44,24,0,13884,17.1,5,4,4,3,1,3,29,0,1,17,55,2,13,2,3,1,1,0,0.0,1,0,4.8,2776.8,0.952556993,0,0.684,2.75,1.258305739,0,0.153846154,0.08,1,1,3.055555556,0,2,1,1,0.12,0,0,0,1,0,1,0,0,0,0,0,1,1,0,0,1,0,0,0,0
34,0,0,6790,18.2,2,3,3,4,4,2,15,1,1,2,6,4,17,4,5,0,0,0,0.0,0,0,0.0,3395.0,0.433028286,1,18.2,3.25,0.957427108,0,0.235294118,4.0,1,3,2.0,0,-1,0,0,5.0,0,1,0,3,1,0,1,0,0,0,1,0,1,0,1,0,0,0,0,0
34,12,5,7708,13.7,3,2,3,3,4,3,28,1,0,9,28,5,8,4,6,0,1,0,0.384615385,1,1,4.0,2569.333333,0.591514143,0,1.053846154,3.25,0.5,0,0.625,0.384615385,1,4,2.8,0,-2,0,0,0.461538462,0,1,0,2,1,0,1,0,0,0,1,0,1,0,1,0,0,0,0,0
40,8,4,12849,16.0,4,3,3,2,4,2,58,0,1,7,26,1,4,3,5,0,1,0,0.444444444,1,1,2.0,3212.25,0.955752212,0,1.777777778,2.75,0.957427108,0,0.25,0.111111111,1,1,3.25,0,0,0,0,0.555555556,0,1,0,3,1,0,1,0,0,1,0,0,1,0,0,1,0,0,0,0
36,0,0,7650,10.5,2,2,3,4,3,5,48,0,1,17,51,6,5,2,10,0,0,0,0.0,0,0,0.0,3825.0,0.252086402,1,10.5,3.75,0.957427108,0,1.2,6.0,0,1,2.833333333,0,0,0,0,10.0,1,2,0,2,1,0,1,0,1,0,0,0,1,0,0,1,0,0,0,0
44,2,1,7234,12.6,2,2,5,3,2,2,25,1,0,31,66,1,7,3,10,0,0,0,0.333333333,1,0,1.0,3617.0,0.284191829,1,4.2,3.0,1.414213562,0,0.142857143,0.333333333,1,3,2.0625,1,-1,0,0,3.333333333,1,3,0,2,1,0,0,0,0,0,0,0,1,0,0,1,0,0,0,1
18,0,0,6575,13.8,1,3,3,3,3,4,67,0,0,6,19,4,7,3,2,0,0,0,0.0,0,0,0.0,6575.0,0.123956799,1,13.8,3.25,0.5,0,0.571428571,4.0,1,2,2.714285714,0,0,0,0,2.0,0,1,0,2,1,0,1,0,1,0,0,0,1,0,0,0,0,0,0,0
23,1,0,4555,15.2,1,3,5,2,3,4,9,1,0,7,21,2,4,3,5,0,0,0,0.0,1,0,1.0,4555.0,0.051447936,1,7.6,3.5,1.290994449,0,0.5,1.0,0,2,2.625,0,0,0,0,2.5,0,1,0,2,1,0,0,0,0,0,0,1,1,0,0,0,0,0,1,0
44,26,0,16003,10.3,5,3,1,5,1,2,28,0,1,25,78,3,11,4,3,0,1,0,0.0,1,0,5.2,3200.6,0.983980283,0,0.381481481,2.25,1.892969449,1,0.272727273,0.111111111,1,1,3.0,1,-1,0,0,0.111111111,0,2,0,2,0,1,0,0,0,0,0,1,0,1,0,1,0,0,1,1
28,4,4,8111,14.9,2,3,3,3,4,3,54,1,0,12,55,4,4,4,4,0,1,0,0.8,0,1,2.0,4055.5,0.651622296,0,2.98,3.25,0.5,0,1.0,0.8,1,4,4.230769231,0,-1,0,0,0.8,0,1,0,3,0,1,0,0,0,0,1,0,0,0,1,0,0,0,0,0
46,1,0,3998,10.0,1,3,3,3,5,3,36,1,0,6,16,4,3,1,5,0,0,0,0.0,1,0,1.0,3998.0,0.038163717,1,5.0,3.5,1.0,0,1.333333333,2.0,0,3,2.285714286,0,2,0,1,2.5,0,1,0,2,1,0,0,0,0,1,0,0,1,0,0,0,1,0,1,1
29,2,1,8893,8.6,2,3,5,3,3,3,46,1,0,9,27,1,9,5,8,0,0,0,0.333333333,1,0,1.0,4446.5,0.627079482,0,2.866666667,3.5,1.0,0,0.111111111,0.333333333,1,3,2.7,0,-2,0,0,2.666666667,1,1,0,3,0,0,1,0,0,0,0,1,1,0,1,0,0,0,0,0
35,3,3,9705,11.5,2,3,3,3,1,4,32,0,0,24,55,4,10,5,7,0,0,0,0.75,0,0,1.5,4852.5,0.528227786,0,2.875,2.75,1.258305739,0,0.4,1.0,1,1,2.2,0,-2,0,0,1.75,0,0,0,2,1,0,1,0,1,0,0,0,1,0,0,1,0,0,0,0
43,18,3,16816,14.2,5,3,2,3,3,3,31,1,1,11,37,3,2,4,2,0,1,0,0.157894737,1,0,3.6,3363.2,0.990449784,0,0.747368421,2.75,0.5,0,1.5,0.157894737,0,3,3.083333333,0,-1,0,0,0.105263158,0,0,0,3,1,0,1,0,0,0,0,1,1,0,0,1,0,0,0,0
34,10,3,9228,13.3,3,3,2,2,3,4,33,0,0,13,41,6,3,3,6,0,1,0,0.272727273,1,0,3.333333333,3076.0,0.669285274,0,1.209090909,2.75,0.957427108,0,2.0,0.545454545,0,1,2.928571429,0,0,0,0,0.545454545,0,0,0,2,0,0,1,0,0,0,0,1,1,0,1,0,0,0,0,0
32,4,4,8134,13.6,2,3,2,1,4,3,21,0,0,20,60,4,8,3,6,0,0,0,0.8,0,1,2.0,4067.0,0.40874778,1,2.72,2.5,1.290994449,0,0.5,0.8,0,0,2.857142857,0,0,0,0,1.2,0,2,0,2,0,1,0,0,0,0,0,0,1,0,1,0,0,0,1,0
42,1,0,8592,17.5,4,3,2,2,4,2,12,0,0,28,65,3,7,2,8,0,1,0,0.0,1,0,0.25,2148.0,0.771381579,0,8.75,2.5,1.0,0,0.428571429,1.5,1,1,2.24137931,1,1,0,1,4.0,1,2,0,2,0,0,1,1,0,0,0,0,1,0,0,1,0,0,1,1
46,7,4,9431,14.8,4,2,3,3,4,2,25,1,1,4,13,6,2,3,6,0,1,0,0.5,1,1,1.75,2357.75,0.837993421,0,1.85,3.0,0.816496581,0,3.0,0.75,1,4,2.6,0,-1,0,0,0.75,0,1,0,2,1,1,0,1,0,0,0,0,1,0,0,0,1,0,0,0
22,4,0,5523,19.2,1,3,2,1,2,4,2,0,1,46,120,7,9,2,4,0,0,0,0.0,1,0,4.0,5523.0,0.08259325,1,3.84,2.25,1.258305739,1,0.777777778,1.4,0,1,2.553191489,1,1,0,1,0.8,0,3,0,2,1,0,1,0,0,0,0,0,0,0,0,0,0,0,1,1
18,0,0,5098,17.5,1,4,1,4,4,4,20,1,1,3,6,3,8,3,8,0,1,0,0.0,0,0,0.0,5098.0,0.159109817,1,17.5,3.25,1.5,0,0.375,3.0,1,3,1.5,0,1,1,1,8.0,1,2,0,2,1,0,0,0,0,0,1,0,0,0,0,0,0,0,0,1
35,2,1,7922,21.3,2,3,3,3,3,4,71,0,0,24,47,3,5,3,5,0,0,0,0.333333333,1,0,1.0,3961.0,0.379662522,1,7.1,3.25,0.5,0,0.6,1.0,0,1,1.88,0,0,0,0,1.666666667,0,1,0,2,1,1,0,0,0,0,0,0,1,0,0,1,0,0,0,0
46,5,4,8550,13.8,2,4,3,5,1,4,35,0,0,26,71,7,11,2,3,0,1,0,0.666666667,1,1,2.5,4275.0,0.58271719,0,2.3,3.25,1.707825128,0,0.636363636,1.166666667,2,3,2.62962963,1,2,1,1,0.5,0,2,0,1,1,0,1,0,0,0,0,1,1,0,0,0,1,0,1,0
42,4,2,7853,10.4,3,3,3,3,2,5,50,1,0,38,107,5,2,4,10,0,1,0,0.4,1,0,1.333333333,2617.666667,0.667351974,0,2.08,3.25,1.258305739,0,2.5,1.0,1,4,2.743589744,1,-1,0,0,2.0,1,2,0,2,0,1,0,1,0,0,0,0,1,0,0,1,0,0,1,0
37,4,3,11341,13.8,2,3,3,2,5,4,56,1,1,13,44,5,11,3,5,0,0,0,0.6,1,0,2.0,5670.5,0.715758468,0,2.76,3.5,1.290994449,0,0.454545455,1.0,1,3,3.142857143,0,0,0,0,1.0,0,0,0,4,1,1,0,0,1,0,0,0,1,0,0,1,0,0,1,0
18,0,0,7068,9.0,1,3,4,3,5,3,41,1,0,18,60,2,7,4,9,0,0,0,0.0,0,0,0.0,7068.0,0.259991119,1,9.0,3.75,0.957427108,0,0.285714286,2.0,2,4,3.157894737,0,-1,0,0,9.0,1,2,0,2,1,0,0,0,0,0,0,0,1,0,0,0,0,0,1,0
38,3,3,7195,13.8,2,4,4,2,4,2,9,1,0,5,14,2,3,3,7,0,1,0,0.75,0,0,1.5,3597.5,0.509151414,0,3.45,3.0,1.154700538,0,0.666666667,0.5,0,3,2.333333333,0,1,1,1,1.75,0,0,0,2,1,1,0,0,0,0,1,0,1,0,0,1,0,0,0,0
29,6,3,4598,15.7,1,2,3,3,1,4,28,1,0,5,16,2,7,3,5,0,0,0,0.428571429,1,0,6.0,4598.0,0.093386023,1,2.242857143,2.75,1.258305739,0,0.285714286,0.285714286,0,2,2.666666667,0,-1,0,0,0.714285714,0,1,0,2,1,0,0,0,0,0,1,0,0,0,1,0,0,0,1,0
38,8,3,9623,11.9,2,2,4,2,3,3,53,0,1,18,64,6,11,5,6,0,0,0,0.333333333,1,0,4.0,4811.5,0.814475874,0,1.322222222,3.0,0.816496581,0,0.545454545,0.666666667,0,1,3.368421053,1,-3,0,0,0.666666667,0,1,0,3,1,0,0,0,0,0,1,0,0,1,0,1,0,0,0,0
34,1,0,6183,15.5,2,3,2,5,4,3,20,0,1,3,8,1,4,2,3,0,0,0,0.0,1,0,0.5,3091.5,0.221195317,1,7.75,3.5,1.290994449,0,0.25,0.5,2,2,2.0,0,1,0,1,1.5,0,1,0,1,1,1,0,0,0,0,0,1,1,0,1,0,0,0,1,1
41,6,5,9069,9.9,2,3,2,2,3,3,16,0,1,38,81,6,8,3,5,0,0,0,0.714285714,1,1,3.0,4534.5,0.448699067,1,1.414285714,2.5,0.577350269,0,0.75,0.857142857,1,2,2.076923077,1,0,0,0,0.714285714,0,3,0,2,0,1,0,0,1,0,0,0,0,1,0,1,0,0,1,1
31,6,6,11001,14.7,3,3,3,3,1,3,12,0,0,50,150,7,2,3,4,0,1,0,0.857142857,0,1,2.0,3667.0,0.678448699,0,2.1,2.5,1.0,0,3.5,1.0,2,3,2.941176471,1,0,0,0,0.571428571,0,2,0,2,1,1,0,0,1,0,0,0,1,0,1,0,0,0,0,0
29,2,2,6960,12.0,2,2,4,3,4,5,0,0,0,20,82,7,8,4,2,0,0,0,0.666666667,0,0,1.0,3480.0,0.242673179,1,4.0,4.0,0.816496581,0,0.875,2.333333333,1,2,3.904761905,1,-2,0,0,0.666666667,0,2,0,2,1,0,1,0,0,0,0,0,0,0,1,0,0,0,0,0
29,10,5,11454,15.9,3,3,5,2,4,3,0,1,0,9,27,5,11,3,8,0,1,0,0.454545455,1,1,3.333333333,3818.0,0.86814541,0,1.445454545,3.5,1.290994449,0,0.454545455,0.454545455,1,3,2.7,0,0,0,0,0.727272727,1,2,0,3,0,1,0,0,0,0,0,1,1,0,1,0,0,0,0,0
44,1,1,4922,13.4,1,2,3,3,5,5,12,0,0,9,19,4,7,4,5,0,0,0,0.5,0,0,1.0,4922.0,0.111172566,1,6.7,4.0,1.154700538,0,0.571428571,2.0,1,2,1.9,0,-2,0,0,2.5,0,1,0,1,0,1,0,0,0,1,0,0,0,1,0,1,0,0,0,0
48,3,1,5708,11.4,2,2,4,2,4,4,16,1,0,14,56,8,9,2,6,0,0,0,0.25,1,0,1.5,2854.0,0.162969809,1,2.85,3.5,1.0,0,0.888888889,2.0,1,4,3.733333333,0,0,0,0,1.5,0,1,0,2,0,1,0,0,0,0,0,1,1,0,0,0,1,0,1,1
39,0,0,7876,10.0,2,2,3,2,2,3,52,0,0,15,58,4,9,4,4,0,0,0,0.0,0,0,0.0,3938.0,0.483210105,1,10.0,2.5,0.577350269,0,0.444444444,4.0,1,1,3.625,0,-2,0,0,4.0,0,1,0,2,0,1,0,0,0,0,0,1,0,0,0,1,0,0,1,0
34,4,1,9030,16.5,3,4,1,3,4,3,7,1,1,21,76,5,8,3,5,0,1,0,0.2,1,0,1.333333333,3010.0,0.708794248,0,3.3,2.75,1.258305739,0,0.625,1.0,1,4,3.454545455,1,1,1,1,1.0,0,1,0,2,0,1,0,0,0,1,0,0,1,0,1,0,0,0,0,0
44,5,3,6408,15.7,2,3,3,3,4,3,36,0,0,38,127,5,5,5,5,0,1,0,0.5,1,0,2.5,3204.0,0.252464572,1,2.616666667,3.25,0.5,0,1.0,0.833333333,1,2,3.256410256,1,-2,0,0,0.833333333,0,2,0,2,0,1,0,0,0,0,0,1,1,0,0,1,0,0,0,0
36,6,4,7849,14.9,2,4,1,3,1,4,10,1,1,16,36,3,7,3,8,0,0,0,0.571428571,1,1,3.0,3924.5,0.367673179,1,2.128571429,2.25,1.5,1,0.428571429,0.428571429,1,3,2.117647059,0,1,1,1,1.142857143,1,4,1,2,0,0,1,0,0,0,0,0,0,0,0,1,0,0,1,1
41,0,0,8037,17.5,1,3,1,4,3,4,30,1,0,13,34,6,2,3,5,0,1,0,0.0,0,0,0.0,8037.0,0.303141875,1,17.5,3.0,1.414213562,0,3.0,6.0,0,3,2.428571429,0,0,0,0,5.0,0,1,0,4,1,0,1,0,1,0,0,0,1,0,0,1,0,0,1,1
34,1,0,8500,20.5,3,4,2,3,4,4,48,1,0,6,23,7,6,4,8,0,1,0,0.0,1,0,0.333333333,2833.333333,0.64380531,0,10.25,3.25,0.957427108,0,1.166666667,3.5,1,4,3.285714286,0,0,1,0,4.0,1,1,0,3,0,0,0,0,0,1,0,0,1,0,1,0,0,0,0,1
26,8,0,14909,12.5,4,2,3,3,3,5,64,1,0,14,41,3,10,3,7,0,1,0,0.0,1,0,2.0,3727.25,0.922189494,0,1.388888889,3.5,1.0,0,0.3,0.333333333,2,4,2.733333333,0,-1,0,0,0.777777778,0,0,0,3,0,0,1,0,1,0,0,0,1,0,1,0,0,0,1,0
44,8,6,9185,11.4,4,3,3,4,4,3,29,1,1,14,35,3,16,5,7,0,1,0,0.666666667,1,1,2.0,2296.25,0.728705752,0,1.266666667,3.5,0.577350269,0,0.1875,0.333333333,2,4,2.333333333,0,-2,0,0,0.777777778,0,1,0,2,0,1,0,0,0,1,0,0,1,0,0,1,0,0,0,0
41,1,1,8171,15.3,1,4,3,3,4,5,44,0,0,7,28,6,9,4,3,0,0,0,0.5,0,0,1.0,8171.0,0.325233186,1,7.65,3.75,0.957427108,0,0.666666667,3.0,0,1,3.5,0,0,1,0,1.5,0,1,0,3,1,1,0,0,1,0,0,0,0,1,0,1,0,0,0,0
42,14,7,9961,14.0,5,1,3,4,5,4,45,0,0,8,21,3,12,5,2,0,1,0,0.466666667,1,1,2.8,1992.2,0.839642263,0,0.933333333,4.0,0.816496581,0,0.25,0.2,0,0,2.333333333,0,-4,0,0,0.133333333,0,1,0,2,0,1,0,0,0,0,1,0,0,1,0,1,0,0,0,0
45,6,0,7801,13.8,4,3,3,5,5,5,20,0,1,47,150,2,2,2,4,0,1,0,0.0,1,0,1.5,1950.25,0.604617304,0,1.971428571,4.5,1.0,0,1.0,0.285714286,1,2,3.125,1,1,0,1,0.571428571,0,1,0,1,1,1,0,0,0,0,1,0,1,0,0,0,1,0,0,0
35,1,0,4723,18.3,1,4,3,3,3,1,38,0,0,18,51,7,10,3,4,0,0,0,0.0,1,0,1.0,4723.0,0.107737105,1,9.15,2.5,1.0,0,0.7,3.5,0,1,2.684210526,0,1,1,1,2.0,0,1,0,2,0,1,0,0,0,0,1,0,1,0,0,1,0,0,0,0
34,11,7,7106,14.0,3,2,4,3,4,1,44,0,1,19,39,8,5,4,3,0,1,0,0.583333333,1,1,3.666666667,2368.666667,0.573190789,0,1.166666667,3.0,1.414213562,0,1.6,0.666666667,1,2,1.95,0,-2,0,0,0.25,0,1,0,2,1,1,0,1,0,0,0,0,1,0,1,0,0,0,0,0
38,1,1,4280,13.7,1,4,4,2,3,3,27,0,0,29,114,5,14,3,4,0,0,0,0.5,0,0,1.0,4280.0,0.108552632,1,6.85,3.0,0.816496581,0,0.357142857,2.5,2,2,3.8,1,1,1,1,2.0,0,2,0,2,0,1,0,1,0,0,0,0,1,0,0,1,0,0,0,0
44,6,5,7991,18.4,1,4,3,4,3,3,20,0,0,5,16,3,5,4,4,0,0,0,0.714285714,1,1,6.0,7991.0,0.294796269,1,2.628571429,3.25,0.5,0,0.6,0.428571429,1,2,2.666666667,0,0,1,0,0.571428571,0,2,0,2,1,1,0,0,1,0,0,0,0,1,0,1,0,0,0,0
39,0,0,6907,8.5,2,2,3,3,3,5,56,0,1,17,44,3,5,3,9,0,1,0,0.0,0,0,0.0,3453.5,0.530427632,0,8.5,3.5,1.0,0,0.6,3.0,0,1,2.444444444,0,-1,0,0,9.0,1,1,0,2,0,0,1,1,0,0,0,0,0,1,0,1,0,0,0,0
31,1,0,9121,17.4,2,3,5,2,1,3,29,0,0,10,30,4,2,4,1,0,0,0,0.0,1,0,0.5,4560.5,0.773294509,0,8.7,2.75,1.707825128,0,2.0,2.0,0,1,2.727272727,0,-1,0,0,0.5,0,0,0,4,0,0,1,0,0,0,1,0,0,0,1,0,0,0,0,0
33,11,8,9945,13.9,3,3,3,5,2,2,46,0,1,19,68,3,13,3,2,0,1,0,0.666666667,1,1,3.666666667,3315.0,0.558910162,0,1.158333333,3.0,1.414213562,0,0.230769231,0.25,1,1,3.4,1,0,0,0,0.166666667,0,2,0,1,1,1,0,0,1,0,0,0,1,0,1,0,0,0,0,0
20,2,0,7837,17.1,3,4,3,4,2,3,47,0,1,27,57,4,13,3,4,0,1,0,0.0,1,0,0.666666667,2612.333333,0.477202711,1,5.7,3.0,0.816496581,0,0.307692308,1.333333333,1,1,2.035714286,0,1,1,1,1.333333333,0,1,0,1,0,0,0,0,0,0,0,1,0,0,0,0,0,0,0,0
38,2,1,5401,13.7,2,3,4,3,1,3,48,0,0,6,23,5,8,3,8,0,1,0,0.333333333,1,0,1.0,2700.5,0.205282862,1,4.566666667,2.75,1.258305739,0,0.625,1.666666667,1,2,3.285714286,0,0,0,0,2.666666667,1,2,0,2,0,1,0,0,0,0,1,0,1,0,0,1,0,0,0,0
44,5,2,7555,8.4,3,3,3,4,2,3,31,1,0,30,77,3,9,3,6,0,1,0,0.333333333,1,0,1.666666667,2518.333333,0.568219634,0,1.4,3.0,0.816496581,0,0.333333333,0.5,1,3,2.483870968,1,0,0,0,1.0,0,1,0,1,0,0,1,0,0,0,1,0,1,0,0,1,0,0,0,0
44,2,2,9712,16.4,2,4,3,4,3,4,31,0,1,25,51,3,3,4,4,0,0,0,0.666666667,0,0,1.0,4856.0,0.529945999,0,5.466666667,3.5,0.577350269,0,1.0,1.0,1,2,1.961538462,0,0,1,0,1.333333333,0,0,0,2,0,1,0,0,1,0,0,0,1,0,0,1,0,0,0,0
43,0,0,6773,17.0,1,4,1,1,2,3,48,0,0,16,52,3,2,4,7,0,0,0,0.0,0,0,0.0,6773.0,0.144329897,1,17.0,1.75,0.957427108,1,1.5,3.0,0,1,3.058823529,0,0,1,0,7.0,0,2,0,2,1,0,1,0,1,0,0,0,0,0,0,1,0,0,1,1
32,1,0,7966,11.9,1,3,2,5,1,5,27,0,0,6,16,5,9,4,5,0,0,0,0.0,1,0,1.0,7966.0,0.291605302,1,5.95,3.25,2.061552813,0,0.555555556,2.5,1,2,2.285714286,0,-1,0,0,2.5,0,1,0,2,0,1,0,0,1,0,0,0,1,0,1,0,0,0,1,0
54,27,17,11073,15.9,5,2,2,2,3,3,24,1,0,8,28,3,10,4,3,0,1,1,0.607142857,1,1,5.4,2214.6,0.932565789,0,0.567857143,2.5,0.577350269,0,0.3,0.107142857,0,2,3.111111111,0,-2,0,0,0.107142857,0,1,0,1,1,0,0,1,0,0,0,0,0,0,0,0,1,0,1,0
32,1,1,5101,15.4,1,5,3,1,2,2,56,0,0,44,148,5,12,2,7,0,0,0,0.5,0,0,1.0,5101.0,0.125,1,7.7,2.0,0.816496581,1,0.416666667,2.5,2,2,3.288888889,1,3,1,1,3.5,0,3,0,2,0,1,0,0,0,1,0,0,1,0,1,0,0,0,1,1
60,1,1,5321,14.4,3,3,4,2,3,3,31,1,1,22,53,4,13,3,11,0,1,1,0.5,0,0,0.333333333,1773.666667,0.191347754,1,7.2,3.0,0.816496581,0,0.307692308,2.0,1,3,2.304347826,0,0,0,0,5.5,1,2,0,1,0,0,1,0,0,0,1,0,1,0,0,0,0,1,0,0
18,0,0,7403,16.1,2,3,4,3,3,1,40,0,0,12,42,2,12,3,6,0,0,0,0.0,0,0,0.0,3701.5,0.617598684,0,16.1,2.75,1.258305739,0,0.166666667,2.0,1,1,3.230769231,0,0,0,0,6.0,0,0,0,3,0,0,1,1,0,0,0,0,0,1,0,0,0,0,0,0
20,1,0,5457,17.9,1,4,1,4,3,3,22,1,0,7,24,3,10,2,6,0,0,0,0.0,1,0,1.0,5457.0,0.167588496,1,8.95,2.75,1.258305739,0,0.3,1.5,0,2,3.0,0,2,1,1,3.0,0,1,0,2,0,1,0,0,0,1,0,0,1,0,0,0,0,0,1,1
55,6,0,11277,15.8,2,4,3,2,2,5,49,0,1,41,139,6,2,3,2,0,0,1,0.0,1,0,3.0,5638.5,0.709253805,0,2.257142857,3.0,1.414213562,0,3.0,0.857142857,1,2,3.30952381,1,1,1,1,0.285714286,0,1,0,3,1,1,0,0,1,0,0,0,1,0,0,0,0,1,0,0
43,2,1,4611,13.6,1,4,3,2,3,3,63,0,1,21,57,6,11,3,13,0,0,0,0.333333333,1,0,2.0,4611.0,0.021758437,1,4.533333333,2.75,0.5,0,0.545454545,2.0,1,2,2.590909091,0,1,1,1,4.333333333,1,2,0,1,1,1,0,0,0,0,0,0,0,1,0,1,0,0,1,0
30,1,1,5517,18.6,1,5,1,2,3,3,47,0,0,16,52,3,9,1,6,0,0,0,0.5,0,0,1.0,5517.0,0.276315789,1,9.3,2.25,0.957427108,1,0.333333333,1.5,0,0,3.058823529,0,4,1,1,3.0,0,2,0,2,1,0,1,1,0,0,0,0,1,0,1,0,0,0,1,1
24,6,2,8552,16.8,3,4,3,3,2,3,3,0,1,55,150,7,4,4,7,0,1,0,0.285714286,1,0,2.0,2850.666667,0.471136767,1,2.4,2.75,0.5,0,1.75,1.0,1,2,2.678571429,1,0,1,0,1.0,0,2,0,1,1,1,0,0,0,0,0,0,0,1,0,0,0,0,0,0
41,6,2,6486,17.3,2,3,1,2,2,3,47,0,0,10,21,4,4,3,5,0,1,0,0.285714286,1,0,3.0,3243.0,0.453125,1,2.471428571,2.0,0.816496581,1,1.0,0.571428571,1,2,1.909090909,0,0,0,0,0.714285714,0,2,0,2,0,0,1,1,0,0,0,0,0,1,0,1,0,0,0,1
43,6,1,12216,17.0,4,5,3,5,3,4,12,0,0,13,54,2,5,3,7,0,1,0,0.142857143,1,0,1.5,3054.0,0.936946903,0,2.428571429,3.75,0.957427108,0,0.4,0.285714286,0,0,3.857142857,0,2,1,1,1.0,0,0,0,2,1,1,0,0,0,1,0,0,1,0,0,1,0,0,0,0
39,1,1,7077,22.4,1,4,2,3,1,2,60,0,0,23,99,4,8,2,7,0,0,0,0.5,0,0,1.0,7077.0,0.179553265,1,11.2,2.0,0.816496581,1,0.5,2.0,1,1,4.125,1,2,1,1,3.5,0,3,0,2,0,1,0,0,1,0,0,0,1,0,0,1,0,0,1,1
56,19,16,13418,14.5,5,3,2,4,4,3,33,1,0,16,81,6,6,3,6,0,1,1,0.8,1,1,3.8,2683.6,0.906749556,0,0.725,3.25,0.957427108,0,1.0,0.3,2,5,4.764705882,1,0,0,0,0.3,0,2,0,2,1,1,0,0,0,0,0,0,0,0,0,0,0,1,1,1
33,1,1,8015,19.3,2,3,3,3,2,3,14,0,1,16,64,6,10,5,5,0,0,0,0.5,0,0,0.5,4007.5,0.298232695,1,9.65,2.75,0.5,0,0.6,3.0,0,1,3.764705882,1,-2,0,0,2.5,0,2,0,2,1,1,0,0,1,0,0,0,1,0,1,0,0,0,0,0
41,1,1,5790,7.3,1,1,3,2,4,3,11,1,0,5,12,5,9,5,5,0,0,0,0.5,0,0,1.0,5790.0,0.062101129,1,3.65,3.0,0.816496581,0,0.555555556,2.5,1,4,2.0,0,-4,0,0,2.5,0,1,0,2,0,1,0,0,1,0,0,0,1,0,0,1,0,0,1,1
42,7,7,8843,19.7,3,3,1,1,2,3,55,0,1,8,26,6,5,2,5,0,1,0,0.875,0,1,2.333333333,2947.666667,0.620147874,0,2.4625,1.75,0.957427108,1,1.2,0.75,1,2,2.888888889,0,1,0,1,0.625,0,2,0,2,1,0,1,0,0,0,0,1,1,0,0,1,0,0,0,1
33,3,3,7484,14.9,1,3,3,3,4,2,17,1,1,28,76,4,6,4,7,0,0,0,0.75,0,0,3.0,7484.0,0.494745575,1,3.725,3.0,0.816496581,0,0.666666667,1.0,1,4,2.620689655,1,-1,0,0,1.75,0,2,0,3,1,0,1,0,0,1,0,0,0,0,1,0,0,0,1,0
44,20,6,8828,13.2,5,3,3,3,2,4,38,0,0,8,24,1,8,2,2,0,1,0,0.285714286,1,1,4.0,1765.6,0.790296053,0,0.628571429,3.0,0.816496581,0,0.125,0.047619048,1,1,2.666666667,0,1,0,1,0.095238095,0,1,0,1,1,1,0,1,0,0,0,0,1,0,0,1,0,0,0,0
26,2,0,5730,16.6,1,4,2,3,3,5,54,1,0,27,93,4,6,2,7,0,1,0,0.0,1,0,2.0,5730.0,0.057437408,1,5.533333333,3.25,1.258305739,0,0.666666667,1.333333333,1,4,3.321428571,1,2,1,1,2.333333333,0,2,0,2,1,1,0,0,1,0,0,0,1,0,1,0,0,0,1,1
46,2,2,8157,19.0,2,4,5,3,3,3,42,0,1,19,65,1,2,4,5,0,0,0,0.666666667,0,0,1.0,4078.5,0.322042219,1,6.333333333,3.5,1.0,0,0.5,0.333333333,1,1,3.25,1,0,1,0,1.666666667,0,2,0,2,1,1,0,0,1,0,0,0,1,0,0,0,1,0,0,0
29,3,1,11200,15.5,4,4,5,4,4,3,29,1,0,28,87,1,9,5,2,0,1,0,0.25,1,0,0.75,2800.0,0.854282193,0,3.875,4.0,0.816496581,0,0.111111111,0.25,0,2,3.0,1,-1,1,0,0.5,0,1,0,2,0,1,0,0,0,0,0,1,1,0,1,0,0,0,1,0
33,4,0,9877,16.3,2,4,3,2,4,2,31,0,1,33,70,2,9,3,4,0,0,0,0.0,1,0,2.0,4938.5,0.647868561,0,3.26,2.75,0.957427108,0,0.222222222,0.4,1,1,2.058823529,1,1,1,1,0.8,0,1,0,1,1,0,0,0,0,0,0,0,1,0,1,0,0,0,1,0
30,5,5,9892,14.8,3,3,3,3,4,1,58,1,1,6,16,6,16,3,10,0,1,0,0.833333333,0,1,1.666666667,3297.333333,0.741065927,0,2.466666667,2.75,1.258305739,0,0.375,1.0,2,4,2.285714286,0,0,0,0,1.666666667,1,2,0,3,1,0,1,0,0,0,0,1,1,0,1,0,0,0,0,0
22,0,0,5134,20.8,1,4,2,2,3,3,19,0,0,31,75,2,9,4,11,0,0,0,0.0,0,0,0.0,5134.0,0.027736868,1,20.8,2.5,0.577350269,0,0.222222222,2.0,1,1,2.34375,1,0,1,0,11.0,1,3,0,1,1,0,1,0,1,0,0,0,1,0,0,0,0,0,0,1
37,10,7,12092,14.1,5,4,4,4,4,3,23,0,0,13,39,5,11,4,5,1,1,0,0.636363636,1,0,2.0,2418.4,0.946339434,0,1.281818182,3.75,0.5,0,0.454545455,0.454545455,1,1,2.785714286,0,0,1,0,0.454545455,0,0,0,2,0,0,0,0,0,0,1,0,1,0,0,1,0,0,0,0
37,2,2,10147,12.6,3,3,1,3,3,3,64,0,0,37,117,5,15,4,8,0,1,0,0.666666667,0,0,0.666666667,3382.333333,0.581492391,0,4.2,2.5,1.0,0,0.333333333,1.666666667,1,1,3.078947368,1,-1,0,0,2.666666667,1,2,0,2,0,0,1,0,1,0,0,0,1,0,0,1,0,0,0,1
32,2,1,6028,15.3,1,3,3,3,4,3,40,0,1,8,29,4,13,2,0,0,1,0,0.333333333,1,0,2.0,6028.0,0.130994671,1,5.1,3.25,0.5,0,0.307692308,1.333333333,1,1,3.222222222,0,1,0,1,0.0,0,1,0,1,0,0,0,0,0,0,0,0,1,0,1,0,0,0,0,0
42,5,5,4634,12.6,2,3,3,4,4,5,24,0,0,32,115,3,4,4,4,0,0,0,0.833333333,0,1,2.5,2317.0,0.099001664,1,2.1,4.0,0.816496581,0,0.75,0.5,1,2,3.484848485,1,-1,0,0,0.666666667,0,3,0,2,0,0,0,0,0,0,1,0,1,0,0,1,0,0,0,0
18,0,0,8283,12.2,2,3,3,4,3,1,20,1,1,4,13,7,4,2,8,0,1,0,0.0,0,0,0.0,4141.5,0.337506136,1,12.2,2.75,1.258305739,0,1.75,7.0,0,3,2.6,0,1,0,1,8.0,1,2,0,2,1,1,0,0,1,0,0,0,1,0,0,0,0,0,0,1
24,6,1,11097,19.8,4,2,3,4,4,3,33,0,0,16,42,3,4,3,5,0,1,0,0.142857143,1,0,1.5,2774.25,0.846272335,0,2.828571429,3.5,0.577350269,0,0.75,0.428571429,1,2,2.470588235,0,-1,0,0,0.714285714,0,0,0,2,0,1,0,0,0,0,0,1,1,0,0,0,0,0,0,0
37,3,1,5777,7.6,2,2,3,5,2,3,6,1,0,4,13,3,7,2,6,0,0,0,0.25,1,0,1.5,2888.5,0.327302632,1,1.9,3.25,1.258305739,0,0.428571429,0.75,1,3,2.6,0,0,0,0,1.5,0,1,0,2,1,1,0,1,0,0,0,0,1,0,0,1,0,0,0,1
38,9,4,9309,17.6,2,4,4,3,4,2,61,1,0,10,32,4,6,3,11,0,1,0,0.4,1,1,4.5,4654.5,0.573268206,0,1.76,3.25,0.957427108,0,0.666666667,0.4,1,4,2.909090909,0,1,1,1,1.1,1,2,0,2,0,0,1,0,0,0,0,0,1,0,0,1,0,0,0,0
36,4,0,8626,15.5,2,4,3,5,3,4,32,0,0,5,16,4,7,2,3,0,0,0,0.0,1,0,2.0,4313.0,0.385493373,1,3.1,3.75,0.957427108,0,0.571428571,0.8,2,3,2.666666667,0,2,1,1,0.6,0,1,0,2,1,0,0,0,1,0,0,0,1,0,0,1,0,0,0,0
31,2,2,7668,12.9,2,3,2,4,4,2,6,1,0,60,150,3,6,3,10,0,1,0,0.666666667,0,0,1.0,3834.0,0.451786815,1,4.3,3.0,1.154700538,0,0.5,1.0,1,3,2.459016393,1,0,0,0,3.333333333,1,3,0,3,1,0,0,0,0,0,0,1,1,0,1,0,0,0,1,1
36,3,2,8158,13.8,1,1,2,4,4,5,31,0,0,12,34,1,2,3,4,0,0,0,0.5,1,0,3.0,8158.0,0.322655866,1,3.45,3.75,1.258305739,0,0.5,0.25,0,0,2.615384615,0,-2,0,0,1.0,0,1,0,3,1,1,0,0,1,0,0,0,1,0,0,1,0,0,0,0
41,4,4,7552,8.7,3,1,1,4,5,1,35,0,0,20,87,1,11,4,7,0,1,0,0.8,0,1,1.333333333,2517.333333,0.567387687,0,1.74,2.75,2.061552813,0,0.090909091,0.2,0,0,4.142857143,1,-3,0,0,1.4,0,2,0,2,1,1,0,0,0,0,1,0,1,0,0,1,0,0,0,1
31,2,0,9078,18.0,2,4,2,1,3,3,33,0,1,7,17,2,3,4,3,0,0,0,0.0,1,0,1.0,4539.0,0.449435444,1,6.0,2.25,0.957427108,1,0.666666667,0.666666667,0,1,2.125,0,0,1,0,1.0,0,2,0,2,1,0,1,0,1,0,0,0,0,1,1,0,0,0,1,0
37,2,2,4955,9.5,1,3,2,2,1,5,82,0,1,11,33,8,8,4,7,0,0,0,0.666666667,0,0,2.0,4955.0,0.186677632,1,3.166666667,2.5,1.732050808,0,1.0,2.666666667,1,2,2.75,0,-1,0,0,2.333333333,0,1,0,1,0,0,1,1,0,0,0,0,0,1,0,1,0,0,1,1
23,3,3,8450,13.4,2,2,4,2,3,5,91,0,0,18,50,2,12,3,7,0,0,0,0.75,0,0,1.5,4225.0,0.638827434,0,3.35,3.5,1.290994449,0,0.166666667,0.5,1,1,2.631578947,0,-1,0,0,1.75,0,0,0,2,0,1,0,0,0,1,0,0,1,0,0,0,0,0,0,0
26,7,2,7510,18.1,3,4,1,5,3,3,55,1,1,9,25,6,6,3,7,0,1,0,0.25,1,0,2.333333333,2503.333333,0.5,1,2.2625,3.0,1.632993162,0,1.0,0.75,0,3,2.5,0,1,1,1,0.875,0,1,0,2,0,0,1,0,0,1,0,0,0,1,1,0,0,0,1,0
31,5,1,8472,12.9,3,3,1,2,4,4,15,0,0,26,56,2,5,1,3,0,1,0,0.166666667,1,0,1.666666667,2824.0,0.701747088,0,2.15,2.75,1.5,0,0.4,0.333333333,0,0,2.074074074,0,2,0,1,0.5,0,0,0,2,0,1,0,0,0,0,1,0,1,0,1,0,0,0,1,0
35,16,4,14476,21.6,5,4,5,5,4,4,16,0,0,26,81,8,3,4,6,0,1,0,0.235294118,1,1,3.2,2895.2,0.985619469,0,1.270588235,4.5,0.577350269,0,2.666666667,0.470588235,0,1,3.0,1,0,1,0,0.352941176,0,2,0,2,0,1,0,0,0,1,0,0,1,0,0,1,0,0,0,0
24,1,0,9009,14.5,3,3,2,3,2,3,63,0,0,4,14,6,3,4,3,0,1,0,0.0,1,0,0.333333333,3003.0,0.540186501,0,7.25,2.5,0.577350269,0,2.0,3.0,2,3,2.8,0,-1,0,0,1.5,0,0,0,1,1,1,0,0,0,0,0,0,1,0,0,0,0,0,1,0
42,2,1,5622,15.7,1,3,3,3,3,3,37,0,0,6,21,4,10,4,5,0,0,0,0.333333333,1,0,2.0,5622.0,0.151263093,1,5.233333333,3.0,0.0,0,0.4,1.333333333,1,1,3.0,0,-1,0,0,1.666666667,0,1,0,2,1,1,0,0,0,0,0,1,0,1,0,1,0,0,0,0
44,2,1,7572,13.8,2,3,1,5,3,3,31,0,1,16,78,4,10,5,6,0,1,0,0.333333333,1,0,1.0,3786.0,0.2425135,1,4.6,3.0,1.632993162,0,0.4,1.333333333,0,0,4.588235294,1,-2,0,0,2.0,0,2,0,2,0,0,1,0,1,0,0,0,1,0,0,1,0,0,0,0
53,5,0,5769,14.2,1,3,5,3,3,2,11,0,1,11,33,2,18,3,7,0,0,1,0.0,1,0,5.0,5769.0,0.099023091,1,2.366666667,3.25,1.258305739,0,0.111111111,0.333333333,0,0,2.75,0,0,0,0,1.166666667,0,1,0,2,0,1,0,0,0,0,0,0,1,0,0,0,1,0,0,0
33,3,0,7041,11.7,3,3,1,3,5,4,27,0,0,28,47,2,5,3,5,0,1,0,0.0,1,0,1.0,2347.0,0.481697171,1,2.925,3.25,1.707825128,0,0.4,0.5,0,0,1.620689655,0,0,0,0,1.25,0,1,0,2,0,1,0,0,0,0,1,0,1,0,1,0,0,0,0,0
29,11,6,12030,10.7,4,5,3,4,4,3,26,0,1,16,67,6,12,4,7,0,1,0,0.5,1,1,2.75,3007.5,0.83259325,0,0.891666667,3.5,0.577350269,0,0.5,0.5,1,1,3.941176471,1,1,1,1,0.583333333,0,2,0,2,0,0,1,0,0,0,0,0,0,1,1,0,0,0,0,0
39,5,1,7309,14.8,3,4,1,3,3,3,20,0,0,8,32,7,3,3,6,1,1,0,0.166666667,1,0,1.666666667,2436.333333,0.458517699,1,2.466666667,2.5,1.0,0,2.333333333,1.166666667,2,3,3.555555556,0,1,1,1,1.0,0,1,0,2,0,1,0,0,0,1,0,0,1,0,0,1,0,0,0,0
29,0,0,9311,17.8,2,5,3,4,3,2,55,0,0,19,68,4,4,4,6,0,0,0,0.0,0,0,0.0,4655.5,0.477417771,1,17.8,3.0,0.816496581,0,1.0,4.0,1,2,3.4,1,1,1,1,6.0,0,2,0,2,1,0,1,0,1,0,0,0,1,0,1,0,0,0,0,0
37,1,0,7510,16.4,2,4,5,1,5,3,28,0,0,17,56,4,12,4,3,0,0,0,0.0,1,0,0.5,3755.0,0.560732113,0,8.2,3.5,1.914854216,0,0.333333333,2.0,0,0,3.111111111,0,0,1,0,1.5,0,0,0,2,1,1,0,0,0,0,1,0,0,1,0,1,0,0,0,0
49,0,0,9742,20.9,2,4,3,3,4,4,34,1,0,6,29,4,5,4,8,0,0,0,0.0,0,0,0.0,4871.0,0.534364261,0,20.9,3.5,0.577350269,0,0.8,4.0,0,3,4.142857143,0,0,1,0,8.0,1,1,0,2,0,0,1,0,1,0,0,0,0,1,0,0,1,0,0,0
18,0,0,9461,16.3,3,4,2,4,2,3,19,0,0,7,17,6,5,5,6,0,1,0,0.0,0,0,0.0,3153.666667,0.596358792,0,16.3,2.75,0.957427108,0,1.2,6.0,1,2,2.125,0,-1,1,0,6.0,0,0,0,2,0,0,1,0,0,0,0,0,1,0,0,0,0,0,0,0
36,3,0,7664,17.8,2,4,4,2,4,2,35,0,0,5,19,2,6,4,4,0,0,0,0.0,1,0,1.5,3832.0,0.253313697,1,4.45,3.0,1.154700538,0,0.333333333,0.5,0,0,3.166666667,0,0,1,0,1.0,0,1,0,1,1,0,1,0,1,0,0,0,1,0,0,1,0,0,0,0
39,9,3,14640,13.5,3,3,5,4,3,5,34,0,0,18,71,7,11,4,6,0,1,0,0.3,1,0,3.0,4880.0,0.944937833,0,1.35,4.25,0.957427108,0,0.636363636,0.7,1,2,3.736842105,1,-1,0,0,0.6,0,1,0,4,0,1,0,0,0,0,0,0,1,0,0,1,0,0,0,0
38,1,0,3976,10.3,1,3,2,4,3,2,54,1,1,3,9,4,4,1,5,0,0,0,0.0,1,0,1.0,3976.0,0.003996448,1,5.15,2.75,0.957427108,0,1.0,2.0,1,4,2.25,0,2,0,1,2.5,0,1,0,2,1,0,1,0,0,0,0,0,1,0,0,1,0,0,1,1
46,4,2,5187,17.6,1,3,4,3,3,4,40,0,0,28,94,3,10,3,9,0,1,0,0.4,1,0,4.0,5187.0,0.056616341,1,3.52,3.5,0.577350269,0,0.3,0.6,1,1,3.24137931,1,0,0,0,1.8,1,3,0,2,1,0,1,0,0,0,0,0,1,0,0,0,1,0,0,0
34,5,5,11274,14.3,3,4,5,3,3,3,13,0,1,2,5,7,12,2,3,0,1,0,0.833333333,0,1,1.666666667,3758.0,0.787300178,0,2.383333333,3.5,1.0,0,0.583333333,1.166666667,1,2,1.666666667,0,2,1,1,0.5,0,1,0,2,0,1,0,0,0,0,0,0,1,0,1,0,0,0,1,0
36,6,3,12476,14.2,3,4,3,4,4,3,0,0,1,18,69,4,19,3,5,0,1,0,0.428571429,1,0,2.0,4158.666667,0.913431916,0,2.028571429,3.5,0.577350269,0,0.210526316,0.571428571,0,0,3.631578947,1,1,1,1,0.714285714,0,1,0,3,0,0,1,0,0,0,0,1,1,0,0,1,0,0,0,0
33,3,2,8937,14.8,2,3,4,3,5,3,39,0,1,8,24,6,17,3,2,0,0,0,0.5,1,0,1.5,4468.5,0.428448699,1,3.7,3.75,0.957427108,0,0.352941176,1.5,1,1,2.666666667,0,0,0,0,0.5,0,1,0,3,0,1,0,0,1,0,0,0,1,0,1,0,0,0,0,0
37,4,0,9246,13.8,4,3,1,2,3,4,50,1,1,10,29,5,3,3,8,0,1,0,0.0,1,0,1.0,2311.5,0.567939609,0,2.76,2.5,1.290994449,0,1.666666667,1.0,1,4,2.636363636,0,0,0,0,1.6,1,1,0,1,0,1,0,0,0,0,0,0,1,0,0,1,0,0,0,1
46,9,0,13649,16.3,5,5,2,4,4,4,0,0,0,33,92,4,9,3,4,0,1,0,0.0,1,0,1.8,2729.8,0.980449251,0,1.63,3.5,1.0,0,0.444444444,0.4,1,1,2.705882353,1,2,1,1,0.4,0,1,0,2,1,0,0,0,0,0,1,0,1,0,0,0,1,0,0,0
31,7,2,9124,10.9,3,1,3,2,3,2,41,1,0,15,47,4,5,3,3,0,1,0,0.25,1,0,2.333333333,3041.333333,0.773710483,0,1.3625,2.5,0.577350269,0,0.8,0.5,1,4,2.9375,0,-2,0,0,0.375,0,0,0,3,0,0,1,0,0,0,1,0,1,0,1,0,0,0,1,0
45,1,0,7439,10.5,3,1,3,3,3,4,38,0,0,17,63,5,2,3,2,0,1,0,0.0,1,0,0.333333333,2479.666667,0.48340708,1,5.25,3.25,0.5,0,2.5,2.5,1,2,3.5,1,-2,0,0,1.0,0,2,0,2,1,1,0,0,0,1,0,0,1,0,0,0,1,0,0,0
36,0,0,3789,9.6,1,2,3,4,4,3,29,1,0,5,17,2,12,3,6,0,1,0,0.0,0,0,0.0,3789.0,0.002945508,1,9.6,3.5,0.577350269,0,0.166666667,2.0,1,3,2.833333333,0,-1,0,0,6.0,0,1,0,1,1,1,0,0,1,0,0,0,1,0,0,1,0,0,0,0
41,3,1,6965,18.2,1,3,3,3,3,3,70,0,0,29,68,3,7,3,2,0,0,0,0.25,1,0,3.0,6965.0,0.245115453,1,4.55,3.0,0.0,0,0.428571429,0.75,2,2,2.266666667,1,0,0,0,0.5,0,2,0,2,0,0,1,0,0,0,0,0,0,1,0,1,0,0,0,0
43,8,7,7148,16.3,2,1,1,1,4,4,74,0,1,20,63,4,7,2,4,0,0,0,0.777777778,1,1,4.0,3574.0,0.430309735,1,1.811111111,2.5,1.732050808,0,0.571428571,0.444444444,1,2,3.0,1,-1,0,0,0.444444444,0,3,0,1,0,0,1,0,0,1,0,0,1,0,0,1,0,0,1,1
36,2,2,8758,14.9,3,2,5,2,4,2,23,1,1,19,62,4,10,3,8,0,1,0,0.666666667,0,0,0.666666667,2919.333333,0.608595194,0,4.966666667,3.25,1.5,0,0.4,1.333333333,1,3,3.1,1,-1,0,0,2.666666667,1,2,0,2,1,1,0,0,0,0,0,1,1,0,0,1,0,0,0,0
38,5,4,8337,17.9,1,4,3,3,4,4,19,1,0,20,76,4,2,3,2,1,0,0,0.666666667,1,0,5.0,8337.0,0.439165187,1,2.983333333,3.5,0.577350269,0,2.0,0.666666667,0,3,3.619047619,1,1,1,1,0.333333333,0,2,0,2,0,0,1,0,0,0,0,0,1,0,0,1,0,0,0,0
46,7,1,9966,12.0,3,3,2,4,3,5,59,1,0,30,82,4,11,2,7,0,1,0,0.125,1,0,2.333333333,3322.0,0.811946903,0,1.5,3.5,1.290994449,0,0.363636364,0.5,0,2,2.64516129,1,1,0,1,0.875,0,1,0,2,0,0,1,0,0,1,0,0,1,0,0,0,1,0,1,1
52,8,0,8520,18.0,4,3,3,3,5,3,16,1,0,23,41,5,5,4,4,0,1,1,0.0,1,0,2.0,2130.0,0.760690789,0,2.0,3.5,1.0,0,1.0,0.555555556,1,4,1.708333333,0,-1,0,0,0.444444444,0,0,0,1,1,1,0,1,0,0,0,0,1,0,0,0,1,0,0,0
42,5,4,11372,17.5,3,3,3,2,3,2,34,1,0,15,45,3,8,5,11,0,1,0,0.666666667,1,1,1.666666667,3790.666667,0.863216266,0,2.916666667,2.5,0.577350269,0,0.375,0.5,1,3,2.8125,0,-2,0,0,1.833333333,1,2,0,3,0,0,0,0,0,0,0,1,1,0,0,1,0,0,0,0
41,0,0,4319,20.4,1,3,1,4,2,4,6,0,1,10,37,4,15,4,2,0,0,0,0.0,0,0,0.0,4319.0,0.011545293,1,20.4,2.75,1.5,0,0.266666667,4.0,1,1,3.363636364,0,-1,0,0,2.0,0,1,0,1,1,1,0,0,0,0,0,0,1,0,0,1,0,0,0,0
38,3,2,7050,16.6,2,1,3,2,1,4,33,0,0,13,25,3,5,3,2,0,0,0,0.5,1,0,1.5,3525.0,0.343961799,1,4.15,2.5,1.290994449,0,0.6,0.75,0,1,1.785714286,0,-2,0,0,0.5,0,1,0,2,0,1,0,0,0,0,0,1,1,0,0,1,0,0,0,0
46,9,2,7516,19.4,3,3,4,2,3,1,50,0,0,17,33,4,8,3,4,0,1,0,0.2,1,0,3.0,2505.333333,0.427603204,1,1.94,2.5,1.290994449,0,0.5,0.4,2,2,1.833333333,0,0,0,0,0.4,0,1,0,1,0,1,0,0,0,0,0,1,1,0,0,0,1,0,0,0
34,7,3,11623,17.6,4,4,1,4,2,2,58,0,0,19,56,3,14,5,5,0,1,0,0.375,1,0,1.75,2905.75,0.933236273,0,2.2,2.25,1.258305739,1,0.214285714,0.375,1,1,2.8,0,-1,1,0,0.625,0,1,0,2,1,0,1,0,0,0,1,0,1,0,1,0,0,0,0,0
41,5,4,8633,17.2,2,4,3,2,1,4,29,1,0,12,40,5,9,3,12,0,1,0,0.666666667,1,1,2.5,4316.5,0.386352479,1,2.866666667,2.5,1.290994449,0,0.555555556,0.833333333,2,5,3.076923077,0,1,1,1,2.0,1,3,0,2,1,1,0,0,1,0,0,0,1,0,0,1,0,0,0,1
33,4,3,10779,13.6,3,3,5,4,4,3,16,0,1,7,26,7,9,3,5,0,1,0,0.6,1,0,1.333333333,3593.0,0.655130093,0,2.72,4.0,0.816496581,0,0.777777778,1.4,1,2,3.25,0,0,0,0,1.0,0,0,0,2,0,1,0,0,1,0,0,0,1,0,1,0,0,0,0,0
18,0,0,2950,16.7,1,3,2,4,1,4,28,1,0,13,44,2,7,2,4,0,0,0,0.0,0,0,0.0,2950.0,0.003871681,1,16.7,2.75,1.5,0,0.285714286,2.0,2,4,3.142857143,0,1,0,1,4.0,0,1,0,1,0,0,0,0,0,1,0,0,1,0,0,0,0,0,1,1
41,7,2,6603,12.2,2,4,3,3,4,3,37,0,1,2,6,5,8,4,4,0,1,0,0.25,1,0,3.5,3301.5,0.327986726,1,1.525,3.25,0.5,0,0.625,0.625,1,2,2.0,0,0,1,0,0.5,0,1,0,2,0,1,0,0,0,1,0,0,1,0,0,1,0,0,0,0
22,4,2,6145,15.3,2,3,4,3,3,4,35,0,1,6,15,6,9,3,2,0,0,0,0.4,1,0,2.0,3072.5,0.330490849,1,3.06,3.5,0.577350269,0,0.666666667,1.2,1,2,2.142857143,0,0,0,0,0.4,0,1,0,2,0,0,1,0,0,0,1,0,1,0,0,0,0,0,0,0
22,3,1,9405,15.9,3,3,3,4,5,2,26,1,0,13,37,6,16,2,7,0,1,0,0.25,1,0,1.0,3135.0,0.48772705,1,3.975,3.5,1.290994449,0,0.375,1.5,2,4,2.642857143,0,1,0,1,1.75,0,1,0,1,0,1,0,0,1,0,0,0,1,0,0,0,0,0,0,0
33,4,2,7643,12.6,2,3,4,4,4,3,19,0,1,10,36,4,6,4,12,0,0,0,0.4,1,0,2.0,3821.5,0.581530782,0,2.52,3.75,0.5,0,0.666666667,0.8,0,1,3.272727273,0,-1,0,0,2.4,1,1,0,3,0,0,1,0,0,0,1,0,0,1,1,0,0,0,0,0
37,3,0,7295,13.2,2,4,3,3,3,4,15,0,0,42,117,1,11,4,5,0,1,0,0.0,1,0,1.5,3647.5,0.205694649,1,3.3,3.25,0.5,0,0.090909091,0.25,0,0,2.720930233,1,0,1,0,1.25,0,2,0,1,1,1,0,0,1,0,0,0,1,0,0,1,0,0,0,0
40,6,3,7326,16.5,2,4,1,4,4,3,38,0,1,8,22,2,13,3,5,1,0,0,0.428571429,1,0,3.0,3663.0,0.52828619,0,2.357142857,3.0,1.414213562,0,0.153846154,0.285714286,1,1,2.444444444,0,1,1,1,0.714285714,0,0,0,2,0,0,1,0,0,0,1,0,0,1,0,1,0,0,0,0
21,0,0,5919,13.4,1,4,4,4,5,3,45,1,1,8,21,3,15,4,11,0,0,0,0.0,0,0,0.0,5919.0,0.226216814,1,13.4,4.0,0.816496581,0,0.2,3.0,1,3,2.333333333,0,0,1,0,11.0,1,2,0,2,1,0,1,0,0,1,0,0,1,0,0,0,0,0,0,0
46,9,9,5176,18.1,1,5,4,2,3,2,39,1,0,9,39,1,11,2,11,1,1,0,0.9,0,0,9.0,5176.0,0.103820086,1,1.81,2.75,0.957427108,0,0.090909091,0.1,1,3,3.9,0,3,1,1,1.1,1,2,0,1,1,0,1,0,0,0,0,1,1,0,0,0,1,0,0,0
34,1,0,6524,22.5,1,5,3,4,4,3,20,0,0,6,18,6,4,5,3,0,0,0,0.0,1,0,1.0,6524.0,0.271256932,1,11.25,3.5,0.577350269,0,1.5,3.0,1,2,2.571428571,0,0,1,0,1.5,0,1,0,2,1,1,0,0,0,0,0,1,0,1,1,0,0,0,0,0
21,3,1,7782,14.1,4,2,3,5,3,3,0,0,0,31,40,3,2,1,4,0,1,0,0.25,1,0,0.75,1945.5,0.65625,0,3.525,3.5,1.0,0,1.5,0.75,1,2,1.25,0,1,0,1,1.0,0,0,0,2,1,0,1,1,0,0,0,0,1,0,0,0,0,0,0,0
43,16,13,15457,16.5,5,3,4,3,3,3,10,1,1,26,81,6,10,3,4,0,1,0,0.764705882,1,1,3.2,3091.4,0.960923623,0,0.970588235,3.25,0.5,0,0.6,0.352941176,1,4,3.0,1,0,0,0,0.235294118,0,2,0,2,1,1,0,0,0,0,0,0,0,0,0,1,0,0,0,0
33,10,1,9569,13.6,3,1,3,4,2,4,18,0,1,23,47,4,2,3,10,0,1,0,0.090909091,1,0,3.333333333,3189.666667,0.76880531,0,1.236363636,3.25,0.957427108,0,2.0,0.363636364,0,1,1.958333333,0,-2,0,0,0.909090909,1,1,0,3,1,0,0,0,0,1,0,0,1,0,1,0,0,0,0,0
32,6,1,8442,14.1,3,3,4,2,3,3,14,0,1,25,83,4,9,3,3,0,1,0,0.142857143,1,0,2.0,2814.0,0.754111842,0,2.014285714,3.0,0.816496581,0,0.444444444,0.571428571,1,1,3.192307692,1,0,0,0,0.428571429,0,1,0,2,1,1,0,1,0,0,0,0,0,0,1,0,0,0,1,0
33,1,1,12194,15.8,3,3,3,3,2,2,9,1,0,3,5,10,4,3,5,0,1,0,0.5,0,0,0.333333333,4064.666667,0.9017252,0,7.9,2.5,0.577350269,0,2.5,5.0,1,4,1.25,0,0,0,0,2.5,0,0,0,3,1,1,0,0,0,0,0,1,0,1,1,0,0,0,0,0
25,7,7,13431,12.8,3,3,4,2,4,1,40,1,0,18,50,5,7,1,9,0,1,0,0.875,0,1,2.333333333,4477.0,0.942698706,0,1.6,2.75,1.5,0,0.714285714,0.625,2,5,2.631578947,0,2,0,1,1.125,1,2,0,3,1,0,1,0,0,0,0,1,1,0,1,0,0,0,1,0
19,1,1,7036,13.1,1,5,2,2,4,5,29,1,1,12,42,7,2,3,8,0,0,0,0.5,0,0,1.0,7036.0,0.34103512,1,6.55,3.25,1.5,0,3.5,3.5,1,4,3.230769231,0,2,1,1,4.0,1,2,0,3,1,0,1,0,0,0,0,1,1,0,0,0,0,0,0,1
51,1,1,11054,11.0,3,3,3,3,2,2,44,0,1,6,15,2,9,4,8,0,1,1,0.5,0,0,0.333333333,3684.666667,0.68556701,0,5.5,2.5,0.577350269,0,0.222222222,1.0,0,0,2.142857143,0,-1,0,0,4.0,1,1,0,2,1,1,0,0,1,0,0,0,0,1,0,0,1,0,0,0
45,0,0,4911,7.7,1,3,2,3,3,4,32,0,1,13,51,2,10,4,3,0,0,0,0.0,0,0,0.0,4911.0,0.018900344,1,7.7,3.0,0.816496581,0,0.2,2.0,0,0,3.642857143,0,-1,0,0,3.0,0,1,0,1,0,1,0,0,1,0,0,0,1,0,0,0,1,0,0,0
58,1,0,7450,13.0,1,3,1,3,3,3,28,1,0,17,50,5,11,4,9,0,0,1,0.0,1,0,1.0,7450.0,0.227540501,1,6.5,2.5,1.0,0,0.454545455,2.5,1,3,2.777777778,0,-1,0,0,4.5,1,2,0,2,1,1,0,0,1,0,0,0,1,0,0,0,0,1,1,1
46,13,1,9986,13.6,3,3,1,2,4,4,28,1,0,4,12,2,11,2,12,0,1,0,0.071428571,1,0,4.333333333,3328.666667,0.663410302,0,0.971428571,2.75,1.5,0,0.181818182,0.142857143,1,3,2.4,0,1,0,1,0.857142857,1,1,0,1,0,1,0,0,0,0,0,0,1,0,0,0,1,0,0,1
26,8,6,11742,13.7,3,3,5,3,3,1,38,0,0,12,47,2,7,2,1,0,1,0,0.666666667,1,1,2.666666667,3914.0,0.753068238,0,1.522222222,3.0,1.632993162,0,0.285714286,0.222222222,1,1,3.615384615,0,1,0,1,0.111111111,0,1,0,2,0,1,0,0,1,0,0,0,1,0,1,0,0,0,0,0
49,5,3,7122,15.3,2,5,3,2,4,5,26,0,1,10,36,3,5,5,7,1,1,0,0.5,1,0,2.5,3561.0,0.576480263,0,2.55,3.5,1.290994449,0,0.6,0.5,1,2,3.272727273,0,0,1,0,1.166666667,0,0,0,3,1,1,0,1,0,0,0,0,1,0,0,0,1,0,0,0
29,2,2,10024,20.5,2,5,3,4,2,3,61,0,1,7,22,2,9,1,6,0,0,0,0.666666667,0,0,1.0,5012.0,0.566273932,0,6.833333333,3.0,0.816496581,0,0.222222222,0.666666667,0,0,2.75,0,4,1,1,2.0,0,0,0,3,0,0,0,0,1,0,0,0,1,0,1,0,0,0,0,0
37,1,0,3845,16.8,1,3,3,2,4,3,57,0,1,27,53,2,11,4,1,0,0,0,0.0,1,0,1.0,3845.0,0.039933444,1,8.4,3.0,0.816496581,0,0.181818182,1.0,1,1,1.892857143,0,-1,0,0,0.5,0,1,0,1,0,0,0,0,0,0,1,0,1,0,0,1,0,0,0,0
33,3,3,8200,17.9,1,4,2,2,2,4,25,1,1,14,52,4,10,4,11,0,0,0,0.75,0,0,3.0,8200.0,0.328178694,1,4.475,2.5,1.0,0,0.4,1.0,1,3,3.466666667,0,0,1,0,2.75,1,2,0,3,1,1,0,0,1,0,0,0,1,0,1,0,0,0,0,1
27,2,1,6704,11.9,2,4,3,5,1,3,12,0,0,20,104,3,11,3,5,0,0,0,0.333333333,1,0,1.0,3352.0,0.495888158,1,3.966666667,3.0,1.632993162,0,0.272727273,1.0,1,1,4.952380952,1,1,1,1,1.666666667,0,2,0,2,1,0,1,1,0,0,0,0,1,0,1,0,0,0,0,0
23,1,0,3590,16.5,1,3,1,1,4,3,3,0,1,31,78,4,8,2,7,0,0,0,0.0,1,0,1.0,3590.0,0.011398644,1,8.25,2.25,1.5,1,0.5,2.0,0,0,2.4375,1,1,0,1,3.5,0,3,0,1,1,0,1,0,0,0,0,1,0,1,0,0,0,0,1,1
45,7,3,7939,17.5,2,4,4,5,4,1,56,0,0,11,28,4,4,3,3,1,0,0,0.375,1,0,3.5,3969.5,0.493684535,1,2.1875,3.5,1.732050808,0,1.0,0.5,1,2,2.333333333,0,1,1,1,0.375,0,1,0,3,0,1,0,0,0,0,0,1,0,0,0,0,1,0,0,0
31,4,1,4153,14.0,2,4,3,1,5,5,10,0,0,15,40,3,3,3,6,0,0,0,0.2,1,0,2.0,2076.5,0.095394737,1,2.8,3.5,1.914854216,0,1.0,0.6,1,2,2.5,0,1,1,1,1.2,0,1,0,1,0,0,1,1,0,0,0,0,1,0,1,0,0,0,0,0
46,4,4,6192,12.7,1,2,4,2,4,4,45,0,1,16,59,3,9,4,8,0,0,0,0.8,0,1,4.0,6192.0,0.149422735,1,2.54,3.5,1.0,0,0.333333333,0.6,0,0,3.470588235,0,-2,0,0,1.6,1,3,0,2,0,1,0,0,0,0,0,0,1,0,0,0,1,0,0,0
41,3,0,8494,14.4,2,3,3,5,2,2,34,0,1,7,29,3,6,2,2,0,0,0,0.0,1,0,1.5,4247.0,0.705490849,0,3.6,3.0,1.414213562,0,0.5,0.75,1,1,3.625,0,1,0,1,0.5,0,0,0,3,1,1,0,0,0,0,1,0,0,0,0,1,0,0,1,0
35,1,1,5048,5.3,1,3,4,1,5,3,42,0,1,6,20,4,2,3,5,0,0,0,0.5,0,0,1.0,5048.0,0.120575221,1,2.65,3.25,1.707825128,0,2.0,2.0,1,2,2.857142857,0,0,0,0,2.5,0,1,0,3,0,0,0,0,0,1,0,0,1,0,0,1,0,0,0,0
38,2,1,6806,19.6,1,5,3,5,3,2,18,0,1,15,41,6,2,3,1,0,0,0,0.333333333,1,0,2.0,6806.0,0.14862543,1,6.533333333,3.25,1.258305739,0,3.0,2.0,2,3,2.5625,0,2,1,1,0.333333333,0,1,0,2,1,1,0,0,1,0,0,0,1,0,0,1,0,0,0,0
31,4,0,2735,10.9,1,1,4,3,4,5,55,0,1,56,150,6,11,2,6,0,0,0,0.0,1,0,4.0,2735.0,0.005407654,1,2.18,4.0,0.816496581,0,0.545454545,1.2,1,2,2.631578947,1,-1,0,0,1.2,0,2,0,1,1,1,0,0,0,0,1,0,1,0,1,0,0,0,1,0
45,6,3,5562,20.2,2,4,1,4,2,2,18,1,1,11,27,6,2,2,7,0,0,0,0.428571429,1,0,3.0,2781.0,0.282894737,1,2.885714286,2.25,1.258305739,1,3.0,0.857142857,1,4,2.25,0,2,1,1,1.0,0,2,1,2,1,0,1,1,0,0,0,0,1,0,0,0,1,0,1,1
37,5,2,9295,14.0,3,3,4,3,2,4,32,1,0,15,44,12,3,3,8,0,1,0,0.333333333,1,0,1.666666667,3098.333333,0.788269551,0,2.333333333,3.25,0.957427108,0,4.0,2.0,2,5,2.75,0,0,0,0,1.333333333,1,1,0,3,0,1,0,0,0,0,1,0,1,0,0,1,0,0,1,0
35,1,0,7118,12.3,2,3,5,2,2,3,11,0,0,14,45,3,5,3,5,0,0,0,0.0,1,0,0.5,3559.0,0.184094256,1,6.15,3.0,1.414213562,0,0.6,1.5,1,2,3.0,0,0,0,0,2.5,0,1,0,2,1,0,1,0,1,0,0,0,1,0,0,1,0,0,1,0
18,0,0,2317,7.4,1,3,2,4,4,3,59,1,0,15,58,6,5,4,5,0,1,0,0.0,0,0,0.0,2317.0,0.004111842,1,7.4,3.25,0.957427108,0,1.2,6.0,2,5,3.625,0,-1,0,0,5.0,0,1,0,1,0,1,0,1,0,0,0,0,1,0,0,0,0,0,1,1
33,1,0,4399,14.3,1,2,2,1,3,4,10,0,0,5,18,2,12,4,6,0,0,0,0.0,1,0,1.0,4399.0,0.120065789,1,7.15,2.5,1.290994449,0,0.166666667,1.0,1,1,3.0,0,-2,0,0,3.0,0,1,0,2,0,0,0,1,0,0,0,0,1,0,1,0,0,0,1,1
33,5,1,7034,6.9,2,2,4,2,3,3,21,0,0,5,16,3,7,4,5,0,0,0,0.166666667,1,0,2.5,3517.0,0.256216696,1,1.15,3.0,0.816496581,0,0.428571429,0.5,2,2,2.666666667,0,-2,0,0,0.833333333,0,1,0,2,1,0,1,0,0,0,0,0,1,0,1,0,0,0,1,0
42,4,3,5681,16.8,2,4,2,1,4,4,20,0,0,13,39,6,2,4,2,0,0,0,0.6,1,0,2.0,2840.5,0.3046875,1,3.36,2.75,1.5,0,3.0,1.2,1,2,2.785714286,0,0,1,0,0.4,0,1,0,1,0,1,0,1,0,0,0,0,1,0,0,1,0,0,1,0
37,3,0,9201,18.2,2,4,2,3,3,3,30,1,0,9,21,5,14,5,10,0,1,0,0.0,1,0,1.5,4600.5,0.778702163,0,4.55,2.75,0.5,0,0.357142857,1.25,1,3,2.1,0,-1,1,0,2.5,1,1,0,3,0,0,1,0,0,0,1,0,1,0,0,1,0,0,0,0
29,8,3,10226,11.5,3,3,3,2,3,3,41,1,1,12,43,5,15,2,13,0,1,0,0.333333333,1,0,2.666666667,3408.666667,0.690053286,0,1.277777778,2.75,0.5,0,0.333333333,0.555555556,1,3,3.307692308,0,1,0,1,1.444444444,1,1,0,2,1,0,1,0,0,0,0,0,1,0,1,0,0,0,0,0
44,0,0,3465,12.3,1,2,4,1,3,3,0,0,1,26,72,5,3,3,4,0,0,0,0.0,0,0,0.0,3465.0,0.025790349,1,12.3,2.75,1.258305739,0,1.666666667,5.0,1,2,2.666666667,1,-1,0,0,4.0,0,2,0,2,1,0,0,0,0,0,1,0,1,0,0,1,0,0,1,1
31,1,0,7072,15.3,1,3,4,4,3,5,73,0,1,32,78,2,4,4,3,0,0,0,0.0,1,0,1.0,7072.0,0.260657194,1,7.65,4.0,0.816496581,0,0.5,1.0,0,0,2.363636364,1,-1,0,0,1.5,0,2,0,3,0,0,0,0,0,0,0,0,0,1,1,0,0,0,0,0
20,2,2,3842,13.5,1,3,4,2,2,5,23,0,0,13,63,5,5,5,7,0,0,0,0.666666667,0,0,2.0,3842.0,0.069078947,1,4.5,3.25,1.5,0,1.0,1.666666667,1,2,4.5,1,-2,0,0,2.333333333,0,2,0,1,1,1,0,1,0,0,0,0,1,0,0,0,0,0,0,0
45,7,3,8237,13.1,2,3,3,4,4,2,36,0,0,16,40,3,16,4,5,0,0,0,0.375,1,0,3.5,4118.5,0.606747788,0,1.6375,3.25,0.957427108,0,0.1875,0.375,1,1,2.352941176,0,-1,0,0,0.625,0,0,0,2,0,0,1,0,0,1,0,0,1,0,0,0,1,0,0,0
31,4,4,7998,13.2,3,1,1,3,4,4,28,0,1,14,49,4,10,2,3,0,1,0,0.8,0,1,1.333333333,2666.0,0.575221239,0,2.64,3.0,1.414213562,0,0.4,0.8,1,1,3.266666667,0,-1,0,0,0.6,0,1,0,2,0,1,0,0,0,1,0,0,1,0,1,0,0,0,1,0
34,0,0,6034,12.9,2,3,3,3,5,2,52,0,0,21,64,3,8,4,5,0,0,0,0.0,0,0,0.0,3017.0,0.2030191,1,12.9,3.25,1.258305739,0,0.375,3.0,1,1,2.909090909,1,-1,0,0,5.0,0,2,0,2,1,1,0,0,0,0,0,1,1,0,1,0,0,0,1,0
24,6,2,10508,19.7,3,5,2,3,2,4,27,0,0,10,36,5,9,3,4,0,1,0,0.285714286,1,0,2.0,3502.666667,0.721580817,0,2.814285714,2.75,0.957427108,0,0.555555556,0.714285714,1,2,3.272727273,0,2,1,1,0.571428571,0,0,0,2,1,1,0,0,0,0,0,0,1,0,0,0,0,0,0,0
30,2,1,5959,15.9,1,3,3,3,4,2,36,0,1,13,43,6,9,3,7,0,0,0,0.333333333,1,0,2.0,5959.0,0.191620456,1,5.3,3.0,0.816496581,0,0.666666667,2.0,1,2,3.071428571,0,0,0,0,2.333333333,0,1,0,2,1,0,1,0,0,0,0,1,1,0,1,0,0,0,0,0
30,4,4,14316,18.9,4,5,3,3,3,3,47,0,1,9,30,4,11,2,9,0,1,0,0.8,0,1,1.0,3579.0,0.936944938,0,3.78,3.0,0.0,0,0.363636364,0.8,1,1,3.0,0,3,1,1,1.8,1,2,0,3,0,1,0,0,0,0,0,0,1,0,1,0,0,0,0,0
41,23,9,14448,19.4,5,4,1,4,2,3,30,0,0,30,81,1,12,1,9,0,1,0,0.375,1,1,4.6,2889.6,0.965187924,0,0.808333333,2.5,1.290994449,0,0.083333333,0.041666667,0,0,2.612903226,1,3,1,1,0.375,1,3,0,2,0,0,0,0,0,0,0,1,1,0,0,1,0,0,1,0
43,6,1,6997,14.2,3,3,3,4,3,4,25,1,0,13,52,3,11,2,8,0,1,0,0.142857143,1,0,2.0,2332.333333,0.334257548,1,2.028571429,3.5,0.577350269,0,0.272727273,0.428571429,0,2,3.714285714,0,1,0,1,1.142857143,1,2,0,2,1,0,1,0,0,0,0,1,1,0,0,1,0,0,0,0
36,13,10,15753,9.7,4,3,4,1,4,5,64,0,0,40,110,3,7,4,5,0,1,0,0.714285714,1,1,3.25,3938.25,0.96669627,0,0.692857143,3.5,1.732050808,0,0.428571429,0.214285714,0,0,2.682926829,1,-1,0,0,0.357142857,0,2,0,3,1,0,1,0,0,0,0,0,0,0,0,1,0,0,0,0
37,1,1,10672,11.3,3,3,5,4,2,4,27,0,0,5,16,4,11,5,9,0,1,0,0.5,0,0,0.333333333,3557.333333,0.81792976,0,5.65,3.75,1.258305739,0,0.363636364,2.0,0,0,2.666666667,0,-2,0,0,4.5,1,1,0,3,0,0,1,0,0,0,0,1,1,0,0,1,0,0,0,0
37,10,9,11114,12.2,3,4,4,3,5,4,40,0,1,14,58,6,13,4,4,1,1,0,0.818181818,1,0,3.333333333,3704.666667,0.847812693,0,1.109090909,4.0,0.816496581,0,0.461538462,0.545454545,2,2,3.866666667,0,0,1,0,0.363636364,0,0,0,3,1,0,1,0,0,0,0,1,1,0,0,1,0,0,0,0
52,8,8,8534,17.7,3,3,4,3,4,3,28,0,1,11,39,7,8,3,6,0,1,1,0.888888889,0,1,2.666666667,2844.666667,0.762335526,0,1.966666667,3.5,0.577350269,0,0.875,0.777777778,1,2,3.25,0,0,0,0,0.666666667,0,1,0,3,1,1,0,1,0,0,0,0,1,0,0,0,1,0,0,0
29,1,0,9466,14.8,2,3,3,4,1,2,33,0,0,18,51,2,2,4,5,0,0,0,0.0,1,0,0.5,4733.0,0.494231713,1,7.4,2.5,1.290994449,0,1.0,1.0,0,1,2.684210526,0,-1,0,0,2.5,0,1,0,2,1,0,1,0,1,0,0,0,1,0,1,0,0,0,1,0
35,7,1,12173,14.1,3,4,2,5,4,1,61,0,1,18,47,3,11,3,5,1,1,0,0.125,1,0,2.333333333,4057.666667,0.900030807,0,1.7625,3.0,1.825741858,0,0.272727273,0.375,1,1,2.473684211,0,1,1,1,0.625,0,0,0,4,0,0,0,0,0,0,0,1,0,1,0,1,0,0,0,0
34,4,4,4485,17.2,1,3,4,3,3,3,34,1,0,19,67,10,13,3,8,0,1,0,0.8,0,1,4.0,4485.0,0.127467105,1,3.44,3.25,0.5,0,0.769230769,2.0,1,4,3.35,1,0,0,0,1.6,1,4,0,1,0,0,1,1,0,0,0,0,1,0,1,0,0,0,0,0
35,3,0,10691,9.7,3,3,2,2,3,4,0,0,0,13,46,5,11,5,3,0,1,0,0.0,1,0,1.0,3563.666667,0.818699938,0,2.425,2.75,0.957427108,0,0.454545455,1.25,0,0,3.285714286,0,-2,0,0,0.75,0,0,0,3,1,0,1,0,0,0,0,1,1,0,0,1,0,0,0,0
47,2,2,7433,13.8,1,4,3,3,3,4,47,0,1,23,65,8,10,3,4,0,0,0,0.666666667,0,0,2.0,7433.0,0.224963181,1,4.6,3.25,0.5,0,0.8,2.666666667,1,2,2.708333333,1,1,1,1,1.333333333,0,2,0,2,1,0,1,0,1,0,0,0,0,1,0,0,1,0,0,0
34,3,1,5914,19.6,2,5,5,4,3,3,27,0,0,26,85,2,2,3,3,0,1,0,0.25,1,0,1.5,2957.0,0.350328947,1,4.9,3.75,0.957427108,0,1.0,0.5,1,2,3.148148148,1,2,1,1,0.75,0,2,0,1,1,0,0,1,0,0,0,0,1,0,1,0,0,0,0,0
31,2,0,4215,13.8,2,1,3,3,3,4,39,0,1,11,24,4,10,3,3,0,0,0,0.0,1,0,1.0,2107.5,0.060732113,1,4.6,3.25,0.5,0,0.4,1.333333333,0,0,2.0,0,-2,0,0,1.0,0,1,0,1,0,0,1,0,0,0,1,0,0,0,1,0,0,0,0,0
28,2,2,7071,18.4,1,3,3,3,3,3,12,1,0,25,58,4,18,4,6,0,0,0,0.666666667,0,0,2.0,7071.0,0.17832597,1,6.133333333,3.0,0.0,0,0.222222222,1.333333333,1,3,2.230769231,0,-1,0,0,2.0,0,1,0,3,1,0,1,0,1,0,0,0,1,0,1,0,0,0,0,0
32,3,2,5932,8.1,2,2,4,2,4,2,54,1,1,13,50,7,11,2,4,0,0,0,0.5,1,0,1.5,2966.0,0.227876106,1,2.025,3.0,1.154700538,0,0.636363636,1.75,1,4,3.571428571,0,0,0,0,1.0,0,1,0,2,0,1,0,0,0,1,0,0,1,0,1,0,0,0,1,1
39,6,5,9688,12.8,2,3,2,2,4,4,16,0,0,28,62,4,11,3,6,0,1,0,0.714285714,1,1,3.0,4844.0,0.722119532,0,1.828571429,3.0,1.154700538,0,0.363636364,0.571428571,2,2,2.137931034,1,0,0,0,0.857142857,0,2,0,4,1,1,0,0,0,0,0,1,1,0,0,1,0,0,0,0
38,2,2,7541,18.9,2,5,3,5,2,1,59,0,1,8,21,4,12,3,5,0,0,0,0.666666667,0,0,1.0,3770.5,0.50414823,0,6.3,2.75,1.707825128,0,0.333333333,1.333333333,1,1,2.333333333,0,2,1,1,1.666666667,0,0,0,1,1,0,1,0,0,1,0,0,1,0,0,1,0,0,1,0
32,2,0,10030,10.1,2,3,3,3,5,3,25,1,0,9,33,5,9,3,10,0,0,0,0.0,1,0,1.0,5015.0,0.566642121,0,3.366666667,3.5,1.0,0,0.555555556,1.666666667,1,4,3.3,0,0,0,0,3.333333333,1,1,0,3,0,1,0,0,1,0,0,0,1,0,1,0,0,0,0,0
29,2,0,8486,14.3,2,4,4,2,4,3,53,0,0,6,20,3,13,3,6,0,0,0,0.0,1,0,1.0,4243.0,0.367329406,1,4.766666667,3.25,0.957427108,0,0.230769231,1.0,2,2,2.857142857,0,1,1,1,2.0,0,1,0,1,1,0,0,0,1,0,0,0,1,0,1,0,0,0,0,0
28,7,5,7020,13.0,2,4,2,5,4,2,34,1,0,10,25,2,8,4,4,1,0,0,0.625,1,0,3.5,3510.0,0.553865132,0,1.625,3.25,1.5,0,0.25,0.25,2,4,2.272727273,0,0,1,0,0.5,0,0,0,3,1,0,1,1,0,0,0,0,1,0,1,0,0,0,0,0
42,6,4,7421,12.3,2,3,2,1,3,3,48,0,1,11,30,2,7,1,3,0,0,0,0.571428571,1,1,3.0,3710.5,0.411737523,1,1.757142857,2.25,0.957427108,1,0.285714286,0.285714286,0,0,2.5,0,2,0,1,0.428571429,0,3,0,2,0,1,0,0,0,0,0,1,1,0,0,1,0,0,1,1
51,7,3,6577,13.0,2,4,3,4,4,3,15,0,1,9,15,4,7,3,3,0,0,1,0.375,1,0,3.5,3288.5,0.195381883,1,1.625,3.5,0.577350269,0,0.571428571,0.5,0,1,1.5,0,1,1,1,0.375,0,1,0,1,0,1,0,0,0,0,0,0,1,0,0,0,1,0,0,0
22,1,0,8442,13.3,1,3,2,2,3,2,40,0,0,10,30,6,6,3,5,0,0,0,0.0,1,0,1.0,8442.0,0.36143839,1,6.65,2.25,0.5,1,1.0,3.0,1,2,2.727272727,0,0,0,0,2.5,0,2,0,3,1,1,0,0,1,0,0,0,1,0,0,0,0,0,1,1
26,2,0,10288,14.2,3,4,4,2,2,5,41,0,0,2,6,5,2,3,8,0,1,0,0.0,1,0,0.666666667,3429.333333,0.597201767,0,4.733333333,3.25,1.5,0,2.5,1.666666667,1,2,2.0,0,1,1,1,2.666666667,1,1,0,2,1,0,1,0,1,0,0,0,1,0,1,0,0,0,0,0
29,3,1,16822,11.4,4,3,2,2,3,3,30,1,1,18,67,5,5,2,12,0,1,0,0.25,1,0,0.75,4205.5,0.962444772,0,2.85,2.5,0.577350269,0,1.0,1.25,1,4,3.526315789,1,1,0,1,3.0,1,2,0,4,1,1,0,0,1,0,0,0,1,0,1,0,0,0,1,1
34,4,4,6918,9.7,2,3,1,4,2,2,3,0,0,10,21,6,10,4,6,0,0,0,0.8,0,1,2.0,3459.0,0.162493864,1,1.94,2.25,1.258305739,1,0.6,1.2,0,1,1.909090909,0,-1,0,0,1.2,0,3,0,1,1,1,0,0,1,0,0,0,1,0,1,0,0,0,0,0
49,0,0,7151,14.2,2,2,4,3,3,4,33,0,0,27,106,4,8,2,5,0,0,0,0.0,0,0,0.0,3575.5,0.189862543,1,14.2,3.5,0.577350269,0,0.5,4.0,1,1,3.785714286,1,0,0,0,5.0,0,2,0,2,1,1,0,0,1,0,0,0,0,1,0,0,1,0,0,1
53,6,4,11954,22.0,4,5,3,3,3,2,44,1,0,15,46,6,10,4,4,0,1,1,0.571428571,1,1,1.5,2988.5,0.924778761,0,3.142857143,2.75,0.5,0,0.6,0.857142857,1,4,2.875,0,1,1,1,0.571428571,0,1,0,3,0,0,1,0,0,1,0,0,0,1,0,0,1,0,0,0
26,0,0,8567,10.7,1,3,1,4,3,3,37,0,1,7,20,3,4,4,6,0,0,0,0.0,0,0,0.0,8567.0,0.378988709,1,10.7,2.75,1.258305739,0,0.75,3.0,1,2,2.5,0,-1,0,0,6.0,0,1,0,3,0,1,0,0,1,0,0,0,1,0,1,0,0,0,0,0
45,2,2,9017,15.8,2,3,3,3,5,4,39,1,0,13,27,3,11,3,2,0,1,0,0.666666667,0,0,1.0,4508.5,0.441458027,1,5.266666667,3.75,0.957427108,0,0.272727273,1.0,1,3,1.928571429,0,0,0,0,0.666666667,0,1,0,2,1,0,1,0,1,0,0,0,0,0,0,0,1,0,0,0
21,3,3,7855,18.5,3,4,5,1,4,2,71,0,1,25,73,4,7,2,5,0,1,0,0.75,0,0,1.0,2618.333333,0.668585526,0,4.625,3.0,1.825741858,0,0.571428571,1.0,2,3,2.807692308,1,2,1,1,1.25,0,1,0,2,1,1,0,1,0,0,0,0,0,0,0,0,0,0,1,0
44,0,0,3209,14.3,1,3,1,5,1,3,9,0,1,32,105,1,5,3,3,0,1,0,0.0,0,0,0.0,3209.0,0.014975042,1,14.3,2.5,1.914854216,0,0.2,1.0,2,2,3.181818182,1,0,0,0,3.0,0,2,0,1,1,1,0,0,0,0,1,0,0,1,0,1,0,0,1,1
38,10,1,8794,17.5,3,4,2,4,4,3,21,1,0,24,78,3,6,3,5,1,1,0,0.090909091,1,0,3.333333333,2931.333333,0.741056572,0,1.590909091,3.25,0.957427108,0,0.5,0.272727273,1,3,3.12,1,1,1,1,0.454545455,0,1,0,2,0,0,0,0,0,0,1,0,1,0,0,1,0,0,0,0
25,4,3,13185,12.7,3,4,3,4,3,3,17,0,1,12,37,4,5,3,6,0,1,0,0.6,1,0,1.333333333,4395.0,0.848060874,0,2.54,3.25,0.5,0,0.8,0.8,1,2,2.846153846,0,1,1,1,1.2,0,0,0,3,1,0,1,0,1,0,0,0,1,0,1,0,0,0,0,0
31,1,0,8157,14.6,1,3,2,3,3,3,46,0,1,10,40,3,10,3,6,0,0,0,0.0,1,0,1.0,8157.0,0.322042219,1,7.3,2.75,0.5,0,0.3,1.5,1,1,3.636363636,0,0,0,0,3.0,0,1,0,3,0,1,0,0,1,0,0,0,1,0,1,0,0,0,0,0
47,10,8,16662,13.7,4,2,3,4,2,1,18,1,1,28,89,3,15,5,5,0,1,0,0.727272727,1,1,2.5,4165.5,0.960972018,0,1.245454545,2.5,1.290994449,0,0.2,0.272727273,1,3,3.068965517,1,-3,0,0,0.454545455,0,2,0,3,0,1,0,0,1,0,0,0,1,0,0,0,1,0,1,1
32,3,3,12687,15.8,3,4,5,2,2,3,40,0,0,4,12,5,8,4,3,0,1,0,0.75,0,0,1.0,4229.0,0.963810316,0,3.95,3.0,1.414213562,0,0.625,1.25,2,3,2.4,0,0,1,0,0.75,0,0,0,4,1,0,0,0,0,0,1,0,1,0,1,0,0,0,0,0
42,8,5,9109,20.2,2,3,2,3,4,4,34,0,0,24,86,3,9,3,6,0,0,0,0.555555556,1,1,4.0,4554.5,0.453853706,1,2.244444444,3.25,0.957427108,0,0.333333333,0.333333333,2,2,3.44,1,0,0,0,0.666666667,0,3,0,2,0,0,1,0,1,0,0,0,1,0,0,1,0,0,1,0
39,13,3,14019,17.9,3,5,1,5,3,5,39,1,1,27,119,6,4,2,5,1,1,0,0.214285714,1,0,4.333333333,4673.0,0.955945779,0,1.278571429,3.5,1.914854216,0,1.5,0.428571429,1,4,4.25,1,3,1,1,0.357142857,0,1,0,3,1,0,1,0,0,0,0,1,0,1,0,1,0,0,0,0
41,13,9,9728,15.5,3,3,3,3,3,2,30,0,0,32,117,5,12,2,7,0,1,0,0.642857143,1,1,4.333333333,3242.666667,0.783738938,0,1.107142857,2.75,0.5,0,0.416666667,0.357142857,0,0,3.545454545,1,1,0,1,0.5,0,2,0,1,0,1,0,0,0,1,0,0,1,0,0,1,0,0,1,0
25,6,3,11037,10.2,3,3,2,2,4,4,13,0,1,7,26,3,10,4,7,0,1,0,0.428571429,1,0,2.0,3679.0,0.84103512,0,1.457142857,3.0,1.154700538,0,0.3,0.428571429,1,1,3.25,0,-1,0,0,1.0,0,0,0,3,1,1,0,0,0,0,0,1,0,1,1,0,0,0,1,0
36,5,3,6595,12.3,3,3,4,3,4,3,25,0,1,3,9,1,11,3,9,0,1,0,0.5,1,0,1.666666667,2198.333333,0.472861842,1,2.05,3.5,0.577350269,0,0.090909091,0.166666667,1,1,2.25,0,0,0,0,1.5,1,2,0,2,0,1,0,1,0,0,0,0,1,0,0,1,0,0,0,0
33,15,3,10735,15.8,5,2,4,1,3,1,76,0,0,2,6,8,17,3,8,0,1,0,0.1875,1,0,3.0,2147.0,0.740230906,0,0.9875,2.25,1.5,1,0.470588235,0.5,1,1,2.0,0,-1,0,0,0.5,1,2,0,1,1,1,0,0,0,0,0,0,1,0,1,0,0,0,0,0
44,1,0,6675,14.5,1,4,3,4,4,3,28,1,1,11,27,4,11,3,10,0,1,0,0.0,1,0,1.0,6675.0,0.340154867,1,7.25,3.5,0.577350269,0,0.363636364,2.0,1,3,2.25,0,1,1,1,5.0,1,2,0,2,1,1,0,0,0,1,0,0,1,0,0,1,0,0,1,0
36,1,1,4078,12.4,1,3,3,2,2,4,13,1,1,22,62,3,9,4,9,0,0,0,0.5,0,0,1.0,4078.0,0.026186075,1,6.2,2.75,0.957427108,0,0.333333333,1.5,1,3,2.695652174,1,-1,0,0,4.5,1,3,0,3,1,0,1,0,0,0,0,1,1,0,0,1,0,0,1,1
37,2,0,7413,23.6,2,5,4,5,3,3,71,0,0,60,142,3,4,3,8,0,1,0,0.0,1,0,1.0,3706.5,0.544717138,0,7.866666667,3.75,0.957427108,0,0.75,1.0,0,1,2.327868852,1,2,1,1,2.666666667,1,2,0,3,1,0,1,0,0,0,1,0,1,0,0,1,0,0,0,0
52,2,2,11040,19.0,2,4,5,3,3,3,15,1,1,6,16,4,8,2,7,0,0,1,0.666666667,0,0,1.0,5520.0,0.681762396,0,6.333333333,3.5,1.0,0,0.5,1.333333333,1,3,2.285714286,0,2,1,1,2.333333333,0,0,0,2,0,1,0,0,1,0,0,0,1,0,0,0,1,0,0,0
50,5,4,7484,20.6,2,4,1,3,4,1,27,0,0,15,57,5,4,3,7,1,0,1,0.666666667,1,0,2.5,3742.0,0.494745575,1,3.433333333,2.25,1.5,1,1.25,0.833333333,2,3,3.5625,0,1,1,1,1.166666667,0,2,0,2,1,0,1,0,0,1,0,0,1,0,0,0,1,0,0,0
39,3,0,10816,19.7,2,4,5,3,3,4,38,1,1,4,7,3,2,4,4,0,0,0,0.0,1,0,1.5,5408.0,0.659180167,0,4.925,3.75,0.957427108,0,1.5,0.75,1,4,1.4,0,0,1,0,1.0,0,0,0,3,1,1,0,0,1,0,0,0,1,0,0,1,0,0,0,0
43,5,2,8102,8.7,3,4,3,5,5,5,6,1,0,12,37,6,12,3,9,1,1,0,0.333333333,1,0,1.666666667,2700.666667,0.650582363,0,1.45,4.5,1.0,0,0.5,1.0,0,2,2.846153846,0,1,1,1,1.5,1,1,0,2,1,1,0,0,0,0,1,0,1,0,0,1,0,0,0,0
31,2,1,5365,10.2,2,3,5,3,4,4,48,1,0,46,148,2,5,3,4,0,0,0,0.333333333,1,0,1.0,2682.5,0.251644737,1,3.4,4.0,0.816496581,0,0.4,0.666666667,1,3,3.14893617,1,0,0,0,1.333333333,0,2,0,2,1,0,1,1,0,0,0,0,1,0,1,0,0,0,1,0
34,3,0,6962,18.9,2,4,3,3,1,3,55,0,0,15,31,4,4,4,4,0,0,0,0.0,1,0,1.5,3481.0,0.328866297,1,4.725,2.5,1.0,0,1.0,1.0,0,1,1.9375,0,0,1,0,1.0,0,1,0,2,0,0,1,0,0,0,0,1,1,0,1,0,0,0,0,0
49,1,1,10108,20.0,3,3,2,4,4,4,38,0,0,7,23,4,12,2,4,0,1,0,0.5,0,0,0.333333333,3369.333333,0.821349558,0,10.0,3.5,1.0,0,0.333333333,2.0,1,1,2.875,0,1,0,1,2.0,0,0,0,3,0,0,0,0,0,1,0,0,0,1,0,0,1,0,0,0
28,3,2,5749,13.4,2,3,5,1,3,4,29,0,1,15,54,5,6,3,8,0,0,0,0.5,1,0,1.5,2874.5,0.321134868,1,3.35,3.25,1.707825128,0,0.833333333,1.25,0,1,3.375,0,0,0,0,2.0,1,2,0,2,1,1,0,1,0,0,0,0,1,0,1,0,0,0,0,0
39,0,0,5621,17.7,1,4,4,3,2,3,48,1,1,24,90,6,4,3,4,0,1,0,0.0,0,0,0.0,5621.0,0.087033748,1,17.7,3.0,0.816496581,0,1.5,6.0,1,4,3.6,1,1,1,1,4.0,0,2,0,2,1,0,0,0,0,0,0,0,1,0,0,1,0,0,0,0
40,10,7,9041,11.1,2,3,5,3,3,3,51,0,1,7,20,1,3,3,3,0,0,0,0.636363636,1,1,5.0,4520.5,0.445017182,1,1.009090909,3.5,1.0,0,0.333333333,0.090909091,1,1,2.5,0,0,0,0,0.272727273,0,2,0,1,0,0,1,0,1,0,0,0,1,0,0,1,0,0,0,0
40,0,0,7153,19.2,2,3,1,3,3,4,25,1,0,17,54,5,10,4,7,0,1,0,0.0,0,0,0.0,3576.5,0.190721649,1,19.2,2.75,1.258305739,0,0.5,5.0,0,2,3.0,0,-1,0,0,7.0,0,1,0,1,1,0,0,0,1,0,0,0,1,0,0,1,0,0,0,1
28,7,7,7604,18.2,3,3,3,5,4,4,36,0,1,7,23,5,5,5,11,0,1,0,0.875,0,1,2.333333333,2534.666667,0.638980263,0,2.275,4.0,0.816496581,0,1.0,0.625,1,2,2.875,0,-2,0,0,1.375,1,2,0,2,1,0,1,1,0,0,0,0,1,0,1,0,0,0,0,0
53,2,2,10407,16.1,3,4,4,2,2,3,4,1,0,13,35,1,11,3,2,0,1,1,0.666666667,0,0,0.666666667,3469.0,0.79297597,0,5.366666667,2.75,0.957427108,0,0.090909091,0.333333333,1,3,2.5,0,1,1,1,0.666666667,0,0,0,2,0,0,1,0,0,0,0,1,1,0,0,0,1,0,1,0
25,6,0,7451,14.7,2,4,4,3,3,5,71,1,0,20,75,6,10,4,5,0,0,0,0.0,1,0,3.0,3725.5,0.22778596,1,2.1,3.75,0.957427108,0,0.6,0.857142857,0,3,3.571428571,1,0,1,0,0.714285714,0,2,0,1,0,0,1,0,1,0,0,0,1,0,1,0,0,0,0,0
28,0,0,10413,21.1,2,3,4,3,3,2,52,1,0,19,58,4,11,4,7,0,0,0,0.0,0,0,0.0,5206.5,0.710923623,0,21.1,3.0,0.816496581,0,0.363636364,4.0,1,3,2.9,0,-1,0,0,7.0,0,0,0,4,0,1,0,0,0,0,0,0,1,0,1,0,0,0,0,0
49,2,0,5437,15.3,2,3,1,2,3,3,34,1,0,10,32,3,7,3,7,0,0,0,0.0,1,0,1.0,2718.5,0.210898502,1,5.1,2.25,0.957427108,1,0.428571429,1.0,1,3,2.909090909,0,0,0,0,2.333333333,0,2,1,1,0,1,0,0,0,0,1,0,0,0,0,0,1,0,1,1
18,0,0,8436,12.4,2,3,2,3,4,3,37,1,1,11,43,2,13,4,9,0,1,0,0.0,0,0,0.0,4218.0,0.360211095,1,12.4,3.0,0.816496581,0,0.153846154,2.0,1,3,3.583333333,0,-1,0,0,9.0,1,2,0,2,0,0,1,0,1,0,0,0,1,0,0,0,0,0,1,1
28,1,1,5149,11.2,1,3,3,3,3,5,30,0,0,8,25,1,8,3,6,0,0,0,0.5,0,0,1.0,5149.0,0.10150955,1,5.6,3.5,1.0,0,0.125,0.5,0,0,2.777777778,0,0,0,0,3.0,0,1,0,2,1,0,1,0,0,0,0,1,1,0,1,0,0,0,0,0
25,5,2,6543,12.0,3,3,3,5,3,4,71,0,0,5,10,3,5,4,8,0,1,0,0.333333333,1,0,1.666666667,2181.0,0.465460526,1,2.0,3.75,0.957427108,0,0.6,0.5,1,2,1.666666667,0,-1,0,0,1.333333333,1,2,0,2,0,1,0,1,0,0,0,0,1,0,1,0,0,0,0,0
34,16,14,15706,15.0,5,3,3,4,3,4,58,0,0,9,30,1,2,3,5,0,1,0,0.823529412,1,1,3.2,3141.2,0.998336106,0,0.882352941,3.5,0.577350269,0,0.5,0.058823529,0,0,3.0,0,0,0,0,0.294117647,0,1,0,3,1,1,0,0,0,0,1,0,1,0,1,0,0,0,0,0
34,4,3,4598,7.5,1,2,4,3,4,3,6,1,1,8,21,3,12,5,6,0,0,0,0.6,1,0,4.0,4598.0,0.139802632,1,1.5,3.5,0.577350269,0,0.25,0.6,1,3,2.333333333,0,-3,0,0,1.2,0,1,0,2,1,0,1,1,0,0,0,0,1,0,1,0,0,0,1,0
42,1,1,10783,15.9,3,3,2,4,4,4,28,1,0,17,56,5,13,4,9,0,1,0,0.5,0,0,0.333333333,3594.333333,0.655621011,0,7.95,3.5,1.0,0,0.384615385,2.5,1,3,3.111111111,0,-1,0,0,4.5,1,1,0,3,0,1,0,0,1,0,0,0,1,0,0,1,0,0,1,1
35,7,1,9535,15.5,4,2,4,4,5,4,36,1,1,4,17,1,4,4,8,0,1,0,0.125,1,0,1.75,2383.75,0.804908486,0,1.9375,4.25,0.5,0,0.25,0.125,0,2,3.4,0,-2,0,0,1.0,1,1,0,2,1,0,0,0,0,0,1,0,0,0,0,1,0,0,1,0
34,12,1,11176,16.8,4,3,3,3,2,5,4,1,0,12,44,4,11,4,8,0,1,0,0.076923077,1,0,3.0,2794.0,0.852279729,0,1.292307692,3.25,1.258305739,0,0.363636364,0.307692308,0,2,3.384615385,0,-1,0,0,0.615384615,1,1,0,2,1,1,0,0,0,0,0,1,1,0,1,0,0,0,0,0
33,0,0,5441,18.0,1,5,3,2,4,3,73,1,0,20,67,4,14,4,7,0,0,0,0.0,0,0,0.0,5441.0,0.164269912,1,18.0,3.0,0.816496581,0,0.285714286,4.0,1,3,3.19047619,1,1,1,1,7.0,0,2,0,2,1,1,0,0,0,1,0,0,1,0,1,0,0,0,1,1
25,7,0,8595,18.4,1,4,4,4,2,4,23,1,1,8,27,9,18,3,11,1,0,0,0.0,1,0,7.0,8595.0,0.478241563,1,2.3,3.5,1.0,0,0.5,1.125,1,3,3.0,0,1,1,1,1.375,1,2,0,2,1,1,0,0,0,0,0,0,0,0,1,0,0,0,0,0
20,2,1,8239,10.9,2,3,4,3,3,4,51,1,0,19,57,7,13,4,10,0,0,0,0.333333333,1,0,1.0,4119.5,0.333456063,1,3.633333333,3.5,0.577350269,0,0.538461538,2.333333333,0,3,2.85,0,-1,0,0,3.333333333,1,2,0,3,1,0,1,0,1,0,0,0,1,0,0,0,0,0,0,0
33,0,0,5377,17.9,1,3,4,5,3,3,63,0,1,17,56,1,9,3,1,0,0,0,0.0,0,0,0.0,5377.0,0.037555228,1,17.9,3.75,0.957427108,0,0.111111111,1.0,1,1,3.111111111,0,0,0,0,1.0,0,1,0,2,1,0,1,0,1,0,0,0,0,0,1,0,0,0,1,0
32,7,5,9964,16.1,3,4,4,3,3,4,61,0,0,4,12,2,2,4,3,0,1,0,0.625,1,1,2.333333333,3321.333333,0.840682196,0,2.0125,3.5,0.577350269,0,1.0,0.25,0,1,2.4,0,0,1,0,0.375,0,1,0,3,0,0,1,0,0,0,1,0,1,0,1,0,0,0,0,0
51,27,0,14493,16.6,5,3,3,4,4,2,32,0,0,29,92,2,5,4,4,0,1,1,0.0,1,0,5.4,2898.6,0.966112138,0,0.592857143,3.25,0.957427108,0,0.4,0.071428571,1,1,3.066666667,1,-1,0,0,0.142857143,0,1,0,2,0,1,0,0,0,0,0,1,0,1,0,0,1,0,0,0
43,11,7,12122,13.3,4,3,2,3,1,4,29,0,1,6,13,5,6,3,6,0,1,0,0.583333333,1,1,2.75,3030.5,0.838809947,0,1.108333333,2.5,1.290994449,0,0.833333333,0.416666667,1,2,1.857142857,0,0,0,0,0.5,0,1,0,2,0,1,0,0,0,0,0,0,1,0,0,1,0,0,0,0
40,20,13,14184,14.4,5,4,4,3,3,3,41,0,0,22,72,4,2,3,3,1,1,0,0.619047619,1,0,4.0,2836.8,0.959950709,0,0.685714286,3.25,0.5,0,2.0,0.19047619,2,3,3.130434783,1,1,1,1,0.142857143,0,1,0,2,0,1,0,0,0,0,0,1,1,0,0,1,0,0,0,0
18,0,0,8342,12.3,2,3,3,4,3,2,65,1,1,9,34,4,13,3,4,0,0,0,0.0,0,0,0.0,4171.0,0.555144794,0,12.3,3.0,0.816496581,0,0.307692308,4.0,0,2,3.4,0,0,0,0,4.0,0,0,0,2,1,0,1,0,0,0,0,1,0,1,0,0,0,0,1,1
44,2,2,10416,11.1,3,2,4,2,4,4,47,0,0,14,40,5,10,3,7,0,1,0,0.666666667,0,0,0.666666667,3472.0,0.794670364,0,3.7,3.5,1.0,0,0.5,1.666666667,1,1,2.666666667,0,-1,0,0,2.333333333,0,0,0,2,0,1,0,0,0,0,0,1,1,0,0,1,0,0,1,0
34,4,3,6337,15.0,2,3,4,3,4,3,46,0,0,13,37,2,15,3,6,0,0,0,0.6,1,0,2.0,3168.5,0.243684535,1,3.0,3.5,0.577350269,0,0.133333333,0.4,2,2,2.642857143,0,0,0,0,1.2,0,1,0,1,0,0,1,0,0,0,0,1,1,0,1,0,0,0,0,0
31,3,0,6714,9.0,1,3,2,3,2,4,0,0,0,18,75,5,12,3,4,0,0,0,0.0,1,0,3.0,6714.0,0.346792035,1,2.25,2.75,0.957427108,0,0.416666667,1.25,1,1,3.947368421,1,0,0,0,1.0,0,2,0,2,1,1,0,0,0,1,0,0,1,0,1,0,0,0,1,0
32,5,1,5947,15.0,2,3,3,3,1,3,40,0,1,15,49,5,9,3,8,0,0,0,0.166666667,1,0,2.5,2973.5,0.188847813,1,2.5,2.5,1.0,0,0.555555556,0.833333333,1,2,3.0625,0,0,0,0,1.333333333,1,2,0,2,0,1,0,0,0,0,0,1,1,0,1,0,0,0,0,0
51,9,3,8930,10.3,4,3,3,4,3,3,5,0,0,9,21,2,9,1,2,0,1,1,0.3,1,0,2.25,2232.5,0.630930376,0,1.03,3.25,0.5,0,0.222222222,0.2,0,0,2.1,0,2,0,1,0.2,0,0,0,2,1,0,1,0,0,0,0,1,1,0,0,0,1,0,0,0
30,12,1,11081,12.2,4,3,3,2,3,4,46,0,0,3,8,5,13,2,3,0,1,0,0.076923077,1,0,3.0,2770.25,0.843961799,0,0.938461538,3.0,0.816496581,0,0.384615385,0.384615385,1,1,2.0,0,1,0,1,0.230769231,0,0,0,1,0,1,0,0,0,0,0,1,1,0,1,0,0,0,1,0
39,1,0,6849,19.9,2,4,4,4,5,1,49,0,1,27,93,2,5,4,3,0,0,0,0.0,1,0,0.5,3424.5,0.374446903,1,9.95,3.5,1.732050808,0,0.4,1.0,1,1,3.321428571,1,0,1,0,1.5,0,2,0,2,1,1,0,0,0,1,0,0,1,0,0,1,0,0,0,0
43,5,3,11829,13.6,3,4,4,2,4,3,47,0,0,8,26,5,10,3,9,1,1,0,0.5,1,0,1.666666667,3943.0,0.760186549,0,2.266666667,3.25,0.957427108,0,0.5,0.833333333,2,2,2.888888889,0,1,1,1,1.5,1,1,0,2,1,1,0,0,1,0,0,0,1,0,0,1,0,0,0,0
24,0,0,8945,7.7,3,3,3,2,3,3,20,0,1,24,93,6,12,4,4,0,1,0,0.0,0,0,0.0,2981.666667,0.53374778,0,7.7,2.75,0.5,0,0.5,6.0,0,0,3.72,1,-1,0,0,4.0,0,1,0,1,0,1,0,0,0,0,0,0,1,0,0,0,0,0,0,0
38,2,2,8734,12.6,2,3,4,1,4,3,65,0,1,8,27,8,11,3,7,0,0,0,0.666666667,0,0,1.0,4367.0,0.606130622,0,4.2,3.0,1.414213562,0,0.727272727,2.666666667,0,1,3.0,0,0,0,0,2.333333333,0,0,0,3,1,1,0,0,0,0,0,1,1,0,0,1,0,0,0,0
55,2,1,5711,12.7,1,3,4,1,4,2,22,0,0,2,8,1,8,2,10,0,0,1,0.333333333,1,0,2.0,5711.0,0.055964654,1,4.233333333,2.75,1.5,0,0.125,0.333333333,1,1,2.666666667,0,1,0,1,3.333333333,1,2,0,2,1,1,0,0,1,0,0,0,1,0,0,0,0,1,1,0
25,0,0,7217,17.2,1,4,4,5,1,4,17,1,1,22,63,4,9,2,14,0,1,0,0.0,0,0,0.0,7217.0,0.590460526,0,17.2,3.5,1.732050808,0,0.444444444,4.0,1,3,2.739130435,1,2,1,1,14.0,1,2,0,4,0,0,0,1,0,0,0,0,1,0,1,0,0,0,0,1
41,2,0,9677,15.0,2,4,5,3,4,4,16,0,0,10,41,2,9,4,6,0,0,0,0.0,1,0,1.0,4838.5,0.622557726,0,5.0,4.0,0.816496581,0,0.222222222,0.666666667,2,2,3.727272727,0,0,1,0,2.0,0,0,0,2,1,0,1,0,0,0,0,0,1,0,0,1,0,0,0,0
57,6,2,9405,12.1,3,4,1,3,1,4,38,1,0,20,67,5,10,3,9,0,1,1,0.285714286,1,0,2.0,3135.0,0.835526316,0,1.728571429,2.25,1.5,1,0.5,0.714285714,1,3,3.19047619,1,1,1,1,1.285714286,1,3,1,3,0,0,0,1,0,0,0,0,0,0,0,0,0,1,1,1
57,2,1,8594,16.2,3,4,3,3,5,4,59,0,1,5,18,5,2,3,5,0,1,1,0.333333333,1,0,0.666666667,2864.666667,0.715058236,0,5.4,3.75,0.957427108,0,2.5,1.666666667,1,2,3.0,0,1,1,1,1.666666667,0,0,0,3,0,0,0,0,0,0,1,0,1,0,0,0,0,1,0,0
39,4,0,7247,10.4,1,2,3,2,2,3,40,0,0,5,11,2,8,1,3,0,1,0,0.0,1,0,4.0,7247.0,0.380468269,1,2.08,2.5,0.577350269,0,0.25,0.4,0,0,1.833333333,0,1,0,1,0.6,0,1,0,3,1,1,0,0,0,0,0,1,1,0,0,1,0,0,1,0
36,5,2,9959,15.0,4,3,2,2,3,3,29,0,0,23,90,3,3,4,8,0,1,0,0.333333333,1,0,1.25,2489.75,0.659413854,0,2.5,2.5,0.577350269,0,1.0,0.5,1,2,3.75,1,-1,0,0,1.333333333,1,2,0,1,1,1,0,0,0,0,0,0,1,0,0,1,0,0,1,1
40,10,8,12785,16.0,4,3,2,5,5,2,0,0,0,19,57,5,7,3,3,0,1,0,0.727272727,1,1,2.5,3196.25,0.96672213,0,1.454545455,3.5,1.732050808,0,0.714285714,0.454545455,1,2,2.85,0,0,0,0,0.272727273,0,1,0,3,0,0,1,0,0,0,1,0,0,1,0,1,0,0,0,0
27,1,1,7099,15.5,2,3,4,3,4,5,0,1,0,13,51,5,12,5,8,0,0,0,0.5,0,0,0.5,3549.5,0.491056572,1,7.75,4.0,0.816496581,0,0.416666667,2.5,1,3,3.642857143,0,-2,0,0,4.0,1,2,0,2,0,1,0,0,0,0,1,0,1,0,1,0,0,0,0,0
41,9,4,15273,16.8,4,4,2,2,3,2,54,0,0,15,39,4,5,1,3,0,1,0,0.4,1,1,2.25,3818.25,0.93323515,0,1.68,2.25,0.5,1,0.8,0.4,0,1,2.4375,0,3,1,1,0.3,0,2,0,2,0,0,1,0,1,0,0,0,1,0,0,1,0,0,0,0
31,3,1,3970,13.1,1,3,4,2,4,3,17,0,0,9,28,4,4,3,7,0,0,0,0.25,1,0,3.0,3970.0,0.021873075,1,3.275,3.25,0.957427108,0,1.0,1.0,0,1,2.8,0,0,0,0,1.75,0,1,0,1,1,1,0,0,0,0,0,1,1,0,1,0,0,0,0,0
19,1,0,6045,16.4,1,4,2,3,4,4,41,0,0,17,67,6,5,2,8,0,0,0,0.0,1,0,1.0,6045.0,0.314267887,1,8.2,3.25,0.957427108,0,1.2,3.0,1,2,3.722222222,1,2,1,1,4.0,1,3,0,3,1,1,0,0,0,0,1,0,1,0,0,0,0,0,1,0
18,0,0,5883,20.3,1,3,3,4,3,2,25,0,0,26,60,1,6,1,5,0,1,0,0.0,0,0,0.0,5883.0,0.113010657,1,20.3,3.0,0.816496581,0,0.166666667,1.0,1,1,2.222222222,0,2,0,1,5.0,0,1,0,2,1,1,0,0,0,0,0,0,1,0,0,0,0,0,1,0
36,0,0,5498,19.1,1,4,4,5,3,4,52,0,0,35,123,5,7,2,3,0,0,0,0.0,0,0,0.0,5498.0,0.176438053,1,19.1,4.0,0.816496581,0,0.714285714,5.0,1,2,3.416666667,1,2,1,1,3.0,0,2,0,3,0,1,0,0,0,1,0,0,1,0,0,1,0,0,0,0
33,2,1,10395,10.1,2,3,1,2,3,5,36,0,0,10,24,2,8,4,7,0,0,0,0.333333333,1,0,1.0,5197.5,0.709147425,0,3.366666667,2.75,1.707825128,0,0.25,0.666666667,1,1,2.181818182,0,-1,0,0,2.333333333,0,0,0,3,0,0,0,0,0,0,0,0,0,1,1,0,0,0,0,0
29,11,1,11766,15.2,4,3,5,3,3,3,31,0,0,9,27,5,5,4,1,0,1,0,0.083333333,1,0,2.75,2941.5,0.754663721,0,1.266666667,3.5,1.0,0,1.0,0.416666667,1,2,2.7,0,-1,0,0,0.083333333,0,0,0,1,1,0,1,0,1,0,0,0,1,0,1,0,0,0,0,0
45,10,5,7629,13.4,3,3,3,4,3,3,29,0,0,49,150,2,3,4,3,0,1,0,0.454545455,1,1,3.333333333,2543.0,0.578618968,0,1.218181818,3.25,0.5,0,0.666666667,0.181818182,1,2,3.0,1,-1,0,0,0.272727273,0,2,0,2,0,0,1,0,0,0,1,0,1,0,0,0,1,0,0,0
33,8,4,11661,15.4,3,5,3,3,4,1,65,1,0,7,23,3,9,4,5,0,1,0,0.444444444,1,1,2.666666667,3887.0,0.745704467,0,1.711111111,2.75,1.258305739,0,0.333333333,0.333333333,1,3,2.875,0,1,1,1,0.555555556,0,1,0,2,0,1,0,0,1,0,0,0,1,0,1,0,0,0,0,0
27,5,3,10600,13.2,3,3,5,1,4,5,24,1,1,14,54,4,13,3,5,0,1,0,0.5,1,0,1.666666667,3533.333333,0.638193422,0,2.2,3.75,1.892969449,0,0.307692308,0.666666667,1,3,3.6,0,0,0,0,0.833333333,0,0,0,2,1,1,0,0,1,0,0,0,1,0,1,0,0,0,1,0
54,26,17,13447,19.5,5,4,4,3,3,3,45,1,0,20,82,3,4,4,11,0,1,1,0.62962963,1,1,5.2,2689.4,0.908969805,0,0.722222222,3.25,0.5,0,0.75,0.111111111,1,4,3.904761905,1,0,1,0,0.407407407,1,3,0,1,0,1,0,0,0,0,0,0,1,0,0,0,1,0,0,0
51,2,2,7792,16.3,2,2,2,3,4,3,16,0,0,12,51,1,4,3,9,0,0,1,0.666666667,0,0,1.0,3896.0,0.602745424,0,5.433333333,3.0,0.816496581,0,0.25,0.333333333,0,0,3.923076923,0,-1,0,0,3.0,1,1,0,3,1,1,0,0,0,0,1,0,1,0,0,0,1,0,1,0
42,0,0,4700,11.0,1,4,3,4,4,2,32,0,0,21,54,4,9,3,9,0,0,0,0.0,0,0,0.0,4700.0,0.061460259,1,11.0,3.25,0.957427108,0,0.444444444,4.0,1,1,2.454545455,0,1,1,1,9.0,1,2,0,2,0,0,0,0,0,0,0,1,1,0,0,1,0,0,0,0
43,9,2,9165,11.0,4,1,2,3,2,2,9,0,1,21,48,2,7,3,4,0,1,0,0.2,1,0,2.25,2291.25,0.725110619,0,1.1,2.25,0.5,1,0.285714286,0.2,2,2,2.181818182,0,-2,0,0,0.4,0,1,0,2,0,0,1,0,0,1,0,0,0,0,0,1,0,0,1,0
31,1,0,4755,15.7,1,3,3,2,3,3,9,0,0,12,41,2,5,4,7,0,1,0,0.0,1,0,1.0,4755.0,0.063154652,1,7.85,2.75,0.5,0,0.4,1.0,1,1,3.153846154,0,-1,0,0,3.5,0,1,0,1,1,1,0,0,0,0,0,1,0,0,1,0,0,0,0,0
31,11,9,16887,11.8,4,2,3,2,3,3,26,0,0,35,136,5,10,2,4,0,1,0,0.75,1,1,2.75,4221.75,0.963917526,0,0.983333333,2.75,0.5,0,0.5,0.416666667,0,0,3.777777778,1,0,0,0,0.333333333,0,2,0,3,0,0,1,0,1,0,0,0,1,0,1,0,0,0,1,0
52,5,1,11944,14.8,2,3,4,5,4,4,38,0,1,11,42,5,14,2,6,0,0,1,0.166666667,1,0,2.5,5972.0,0.923119469,0,2.466666667,4.25,0.5,0,0.357142857,0.833333333,0,0,3.5,0,1,0,1,1.0,0,0,0,4,1,1,0,0,0,1,0,0,1,0,0,0,1,0,1,0
24,4,4,10829,7.4,3,3,3,5,5,2,0,1,0,47,150,4,2,3,6,0,1,0,0.8,0,1,1.333333333,3609.666667,0.829020333,0,1.48,3.75,1.5,0,2.0,0.8,2,5,3.125,1,0,0,0,1.2,0,2,0,3,1,1,0,0,0,0,0,1,1,0,0,0,0,0,1,0
38,9,5,8612,13.4,2,4,3,4,4,3,29,0,1,32,99,2,7,2,6,0,0,0,0.5,1,1,4.5,4306.0,0.48401421,1,1.34,3.5,0.577350269,0,0.285714286,0.2,0,0,3.0,1,2,1,1,0.6,0,3,0,2,0,1,0,0,0,0,0,0,1,0,0,1,0,0,0,0
37,7,6,10495,14.6,3,4,2,5,5,4,25,0,1,11,48,2,7,5,4,0,1,0,0.75,1,1,2.333333333,3498.333333,0.720692718,0,1.825,4.0,1.414213562,0,0.285714286,0.25,1,1,4.0,0,-1,1,0,0.5,0,1,0,2,0,0,1,0,0,0,0,0,1,0,0,1,0,0,1,0
47,2,2,7346,14.2,3,3,2,3,4,4,17,0,1,12,50,3,8,4,5,0,1,0,0.666666667,0,0,0.666666667,2448.666667,0.213794796,1,4.733333333,3.25,0.957427108,0,0.375,1.0,2,2,3.846153846,0,-1,0,0,1.666666667,0,1,0,1,0,0,1,0,1,0,0,0,1,0,0,0,1,0,0,0
31,0,0,8025,16.1,1,3,2,3,3,2,20,0,1,13,58,2,4,5,8,0,0,0,0.0,0,0,0.0,8025.0,0.300564556,1,16.1,2.5,0.577350269,0,0.5,2.0,1,1,4.142857143,0,-2,0,0,8.0,1,2,0,3,1,1,0,0,1,0,0,0,1,0,1,0,0,0,0,1
39,5,2,11669,21.6,3,4,4,3,2,2,41,1,1,12,28,4,22,4,9,1,1,0,0.333333333,1,0,1.666666667,3889.666667,0.877695625,0,3.6,2.75,0.957427108,0,0.181818182,0.666666667,1,3,2.153846154,0,0,1,0,1.5,1,1,0,3,1,0,1,0,0,0,0,1,1,0,0,1,0,0,0,0
34,6,5,8231,11.7,3,3,5,2,3,4,36,1,1,5,22,3,4,3,6,0,1,0,0.714285714,1,1,2.0,2743.666667,0.42517762,1,1.671428571,3.5,1.290994449,0,0.75,0.428571429,2,5,3.666666667,0,0,0,0,0.857142857,0,2,0,1,0,1,0,0,0,0,0,0,1,0,1,0,0,0,0,0
33,15,4,15394,18.5,5,3,5,5,3,3,22,0,0,10,45,2,6,1,7,0,1,0,0.25,1,1,3.0,3078.8,0.937162494,0,1.15625,4.0,1.154700538,0,0.333333333,0.125,1,1,4.090909091,0,2,0,1,0.4375,0,1,0,2,1,0,1,0,1,0,0,0,1,0,1,0,0,0,0,0
49,10,7,8417,19.1,5,4,3,2,3,3,49,1,1,15,53,4,17,5,5,1,1,0,0.636363636,1,0,2.0,1683.4,0.75,0,1.736363636,2.75,0.5,0,0.235294118,0.363636364,1,3,3.3125,0,-1,1,0,0.454545455,0,0,0,1,0,1,0,1,0,0,0,0,0,0,0,0,1,0,0,0
34,3,3,8228,12.6,2,4,4,3,3,3,42,0,0,7,27,2,6,3,9,0,0,0,0.75,0,0,1.5,4114.0,0.534349969,0,3.15,3.25,0.5,0,0.333333333,0.5,0,0,3.375,0,1,1,1,2.25,1,1,0,3,1,1,0,0,0,0,0,1,1,0,1,0,0,0,0,0
40,1,1,2440,14.2,1,3,2,5,3,4,50,0,0,15,52,5,2,4,8,0,0,0,0.5,0,0,1.0,2440.0,0.001848429,1,7.1,3.5,1.290994449,0,2.5,2.5,1,2,3.25,0,-1,0,0,4.0,1,2,0,1,1,0,1,0,0,0,0,1,1,0,0,1,0,0,1,0
40,4,1,9545,11.4,2,3,4,3,5,3,36,1,1,10,39,4,4,2,6,0,0,0,0.2,1,0,2.0,4772.5,0.708256315,0,2.28,3.75,0.957427108,0,1.0,0.8,1,4,3.545454545,0,1,0,1,1.2,0,0,0,3,1,0,1,0,0,0,0,1,1,0,0,1,0,0,0,0
31,8,6,9323,13.0,3,3,2,1,4,2,71,1,1,12,41,2,6,4,8,0,1,0,0.666666667,1,1,2.666666667,3107.666667,0.576598579,0,1.444444444,2.25,1.258305739,1,0.333333333,0.222222222,2,4,3.153846154,0,-1,0,0,0.888888889,1,3,1,2,0,1,0,0,0,0,0,0,1,0,1,0,0,0,1,1
54,1,1,5107,16.9,1,3,2,5,4,5,29,1,0,37,110,1,4,2,10,0,0,1,0.5,0,0,1.0,5107.0,0.161397671,1,8.45,4.0,1.414213562,0,0.25,0.5,2,4,2.894736842,1,1,0,1,5.0,1,3,0,2,0,0,0,0,0,0,1,0,0,0,0,0,1,0,0,1
37,14,6,11646,18.2,4,4,4,3,4,5,74,0,1,7,9,5,11,4,2,0,1,0,0.4,1,1,3.5,2911.5,0.743986254,0,1.213333333,4.0,0.816496581,0,0.454545455,0.333333333,0,0,1.125,0,0,1,0,0.133333333,0,1,0,1,1,1,0,0,1,0,0,0,1,0,0,1,0,0,0,0
25,0,0,5694,14.9,1,4,2,4,2,1,60,1,0,1,5,3,12,3,10,0,0,0,0.0,0,0,0.0,5694.0,0.255615641,1,14.9,2.25,1.258305739,1,0.25,3.0,1,3,2.5,0,1,1,1,10.0,1,3,1,2,1,1,0,0,0,0,1,0,0,0,1,0,0,0,1,1
35,1,0,7912,13.9,3,4,3,3,3,1,42,0,1,11,37,5,15,3,3,0,1,0,0.0,1,0,0.333333333,2637.333333,0.675164474,0,6.95,2.5,1.0,0,0.333333333,2.5,0,0,3.083333333,0,1,1,1,1.5,0,0,0,1,0,1,0,1,0,0,0,0,1,0,0,1,0,0,0,0
32,1,1,5299,14.9,1,3,4,2,2,3,10,0,0,17,37,5,12,3,5,0,0,0,0.5,0,0,1.0,5299.0,0.237664474,1,7.45,2.75,0.957427108,0,0.416666667,2.5,2,2,2.055555556,0,0,0,0,2.5,0,1,0,2,1,1,0,1,0,0,0,0,1,0,1,0,0,0,1,0
42,7,2,9190,16.1,2,4,4,4,3,4,26,0,0,58,123,5,13,4,2,1,1,0,0.25,1,0,3.5,4595.0,0.463181149,1,2.0125,3.75,0.5,0,0.384615385,0.625,0,0,2.084745763,1,0,1,0,0.25,0,2,0,2,1,1,0,0,1,0,0,0,0,1,0,1,0,0,0,0
49,17,3,13544,12.1,5,4,3,4,2,4,32,1,0,14,41,3,9,4,6,0,1,0,0.166666667,1,0,3.4,2708.8,0.977953411,0,0.672222222,3.25,0.957427108,0,0.333333333,0.166666667,2,4,2.733333333,0,0,1,0,0.333333333,0,0,0,3,1,1,0,0,0,0,1,0,1,0,0,0,1,0,0,0
30,12,2,13728,21.7,3,4,4,3,4,5,57,1,0,12,42,7,8,4,10,1,1,0,0.153846154,1,0,4.0,4576.0,0.873588611,0,1.669230769,4.0,0.816496581,0,0.875,0.538461538,0,3,3.230769231,0,0,1,0,0.769230769,1,1,0,3,1,1,0,0,1,0,0,0,0,1,1,0,0,0,0,0
20,2,2,6595,21.4,1,5,1,5,1,5,50,1,1,11,25,1,6,3,9,0,0,0,0.666666667,0,0,2.0,6595.0,0.126902307,1,7.133333333,3.0,2.309401077,0,0.166666667,0.333333333,1,3,2.083333333,0,2,1,1,3.0,1,2,0,2,0,0,1,0,1,0,0,0,0,0,0,0,0,0,0,1
37,3,1,8873,9.7,1,4,3,3,1,4,40,0,1,9,27,2,13,4,6,0,1,0,0.25,1,0,3.0,8873.0,0.519760213,0,2.425,2.75,1.258305739,0,0.153846154,0.5,1,1,2.7,0,0,1,0,1.5,0,0,0,4,1,0,1,0,0,0,0,0,1,0,0,1,0,0,0,0
44,3,3,8969,18.2,2,4,1,4,5,4,29,0,1,17,50,6,4,3,7,0,1,0,0.75,0,0,1.5,4484.5,0.433726068,1,4.55,3.5,1.732050808,0,1.5,1.5,0,1,2.777777778,0,1,1,1,1.75,0,1,0,2,0,0,1,0,1,0,0,0,1,0,0,1,0,0,0,0
39,2,0,5651,16.6,1,5,1,3,4,4,38,0,1,5,14,4,7,4,6,0,0,0,0.0,1,0,2.0,5651.0,0.248960067,1,5.533333333,3.0,1.414213562,0,0.571428571,1.333333333,2,3,2.333333333,0,1,1,1,2.0,0,1,0,2,0,0,0,0,0,0,1,0,1,0,0,1,0,0,0,0
50,2,0,11273,15.6,3,3,3,4,5,3,63,0,0,8,29,7,3,4,5,0,1,1,0.0,1,0,0.666666667,3757.666667,0.708762887,0,5.2,3.75,0.957427108,0,2.333333333,2.333333333,1,2,3.222222222,0,-1,0,0,1.666666667,0,0,0,2,0,0,1,0,1,0,0,0,1,0,0,0,1,0,0,0
32,14,8,11610,15.9,3,4,3,3,5,4,35,0,0,6,23,4,9,5,8,1,1,0,0.533333333,1,0,4.666666667,3870.0,0.874922982,0,1.06,3.75,0.957427108,0,0.444444444,0.266666667,1,1,3.285714286,0,-1,1,0,0.533333333,1,1,0,2,0,0,1,0,0,0,0,1,1,0,1,0,0,0,0,0
36,17,16,12350,8.4,5,1,3,3,3,3,13,0,1,22,85,5,7,4,8,0,1,0,0.888888889,1,1,3.4,2470.0,0.952995008,0,0.466666667,3.0,0.0,0,0.714285714,0.277777778,1,2,3.695652174,1,-3,0,0,0.444444444,1,3,0,2,1,1,0,0,0,0,1,0,1,0,0,1,0,0,0,0
34,1,0,5347,10.2,1,2,3,5,3,3,2,1,1,28,64,7,12,3,10,0,0,0,0.0,1,0,1.0,5347.0,0.247532895,1,5.1,3.5,1.0,0,0.583333333,3.5,2,5,2.206896552,1,-1,0,0,5.0,1,3,0,1,1,0,1,1,0,0,0,0,1,0,1,0,0,0,1,1
36,6,2,9528,12.8,3,1,3,3,4,3,9,1,1,19,43,2,6,3,5,0,1,0,0.285714286,1,0,2.0,3176.0,0.707178065,0,1.828571429,3.25,0.5,0,0.333333333,0.285714286,1,3,2.15,0,-2,0,0,0.714285714,0,0,0,2,1,0,1,0,0,0,0,1,1,0,0,1,0,0,0,0
40,0,0,6104,12.3,1,1,3,3,5,5,22,1,0,7,26,5,12,3,14,0,0,0,0.0,0,0,0.0,6104.0,0.085910653,1,12.3,4.0,1.154700538,0,0.416666667,5.0,2,4,3.25,0,-2,0,0,14.0,1,2,0,2,0,0,1,0,1,0,0,0,1,0,0,1,0,0,1,1
41,1,0,8226,19.6,1,5,4,5,5,4,15,1,0,4,14,3,4,4,10,0,0,0,0.0,1,0,1.0,8226.0,0.42428952,1,9.8,4.5,0.577350269,0,0.75,1.5,1,4,2.8,0,1,1,1,5.0,1,2,0,3,1,0,1,0,0,0,0,0,1,0,0,1,0,0,0,0
29,4,4,7123,10.8,2,2,1,2,5,3,71,1,1,19,49,6,9,3,6,0,0,0,0.8,0,1,2.0,3561.5,0.359211337,1,2.16,2.75,1.707825128,0,0.666666667,1.2,1,4,2.45,0,-1,0,0,1.2,0,2,0,2,1,0,0,0,0,0,0,1,0,1,1,0,0,0,0,1
45,3,0,10237,10.7,3,2,1,4,3,2,22,0,1,10,41,2,10,4,5,0,1,0,0.0,1,0,1.0,3412.333333,0.69249556,0,2.675,2.5,1.290994449,0,0.2,0.5,1,1,3.727272727,0,-2,0,0,1.25,0,0,0,2,1,1,0,0,0,0,0,0,1,0,0,0,1,0,1,0
33,1,0,7671,15.5,2,3,4,4,3,3,17,0,1,22,100,3,3,3,3,0,0,0,0.0,1,0,0.5,3835.5,0.452711029,1,7.75,3.5,0.577350269,0,1.0,1.5,0,1,4.347826087,1,0,0,0,1.5,0,2,0,2,1,0,1,0,0,0,0,1,1,0,1,0,0,0,0,0
36,6,4,12817,17.6,3,5,3,1,3,3,33,0,1,3,15,9,7,3,8,0,1,0,0.571428571,1,1,2.0,4272.333333,0.827442317,0,2.514285714,2.5,1.0,0,1.285714286,1.285714286,2,3,3.75,0,2,1,1,1.142857143,1,2,0,3,1,1,0,0,1,0,0,0,1,0,0,1,0,0,0,0
21,3,2,4224,13.5,1,3,3,4,2,3,58,1,0,7,25,4,15,3,6,0,0,0,0.5,1,0,3.0,4224.0,0.061148087,1,3.375,3.0,0.816496581,0,0.266666667,1.0,1,3,3.125,0,0,0,0,1.5,0,1,0,1,1,1,0,0,0,0,1,0,1,0,0,0,0,0,1,0
36,2,0,6091,11.5,1,3,3,3,3,4,30,0,1,2,9,5,6,4,4,0,0,0,0.0,1,0,2.0,6091.0,0.08419244,1,3.833333333,3.25,0.5,0,0.833333333,1.666666667,2,3,3.0,0,-1,0,0,1.333333333,0,1,0,1,1,0,1,0,1,0,0,0,0,0,0,1,0,0,1,0
31,2,1,10636,12.8,2,1,4,4,3,3,35,0,1,6,17,5,6,4,3,0,0,0,0.333333333,1,0,1.0,5318.0,0.64113893,0,4.266666667,3.5,0.577350269,0,0.833333333,1.666666667,1,2,2.428571429,0,-3,0,0,1.0,0,0,0,4,0,0,1,0,1,0,0,0,1,0,1,0,0,0,1,0
60,2,2,3900,10.2,1,3,2,3,2,4,25,0,0,1,5,7,10,3,3,0,0,1,0.666666667,0,0,2.0,3900.0,0.073190789,1,3.4,2.75,0.957427108,0,0.7,2.333333333,1,2,2.5,0,0,0,0,1.0,0,1,0,1,1,0,1,1,0,0,0,0,1,0,0,0,0,1,1,0
34,15,5,12717,15.2,5,3,3,3,5,1,0,0,1,9,23,3,11,3,3,0,1,0,0.3125,1,1,3.0,2543.4,0.951327434,0,0.95,3.0,1.632993162,0,0.272727273,0.1875,2,2,2.3,0,0,0,0,0.1875,0,1,0,2,1,0,0,0,0,1,0,0,0,1,1,0,0,0,0,0
37,0,0,6462,15.2,1,3,2,3,4,3,41,0,1,16,52,3,9,3,3,0,0,0,0.0,0,0,0.0,6462.0,0.181616341,1,15.2,3.0,0.816496581,0,0.333333333,3.0,2,2,3.058823529,0,0,0,0,3.0,0,1,0,3,0,0,1,0,0,0,0,0,1,0,0,1,0,0,1,0
41,0,0,6542,20.5,1,5,1,3,4,3,39,1,1,14,37,7,13,3,8,0,1,0,0.0,0,0,0.0,6542.0,0.391846922,1,20.5,2.75,1.258305739,0,0.538461538,7.0,2,5,2.466666667,0,2,1,1,8.0,1,2,0,3,1,0,1,0,0,0,1,0,1,0,0,1,0,0,1,1
26,1,0,6649,14.6,1,4,3,4,4,3,24,0,1,24,78,3,11,3,5,0,0,0,0.0,1,0,1.0,6649.0,0.130706922,1,7.3,3.5,0.577350269,0,0.272727273,1.5,2,2,3.12,1,1,1,1,2.5,0,2,0,2,1,0,0,0,1,0,0,0,1,0,1,0,0,0,0,0
53,13,3,11655,9.7,3,4,2,2,3,3,43,0,0,13,44,6,8,3,2,1,1,1,0.214285714,1,0,4.333333333,3885.0,0.812166963,0,0.692857143,2.5,0.577350269,0,0.75,0.428571429,0,1,3.142857143,0,1,1,1,0.142857143,0,0,0,2,0,1,0,0,0,0,0,0,1,0,0,0,1,0,0,0
60,14,11,12768,9.8,5,3,4,5,4,3,19,1,1,25,90,6,10,3,7,0,1,1,0.733333333,1,1,2.8,2553.6,0.823760432,0,0.653333333,4.0,0.816496581,0,0.6,0.4,1,4,3.461538462,1,0,0,0,0.466666667,0,2,0,1,1,0,1,0,1,0,0,0,0,0,0,0,0,1,0,0
32,5,2,5449,18.7,1,3,4,2,3,4,39,1,0,12,41,3,10,3,3,0,0,0,0.333333333,1,0,5.0,5449.0,0.213810316,1,3.116666667,3.25,0.957427108,0,0.3,0.5,2,4,3.153846154,0,0,0,0,0.5,0,1,0,2,0,0,1,0,0,0,1,0,1,0,1,0,0,0,1,0
18,0,0,9903,14.5,3,3,4,2,3,3,35,0,0,18,38,5,8,4,6,0,1,0,0.0,0,0,0.0,3301.0,0.650976909,0,14.5,3.0,0.816496581,0,0.625,5.0,1,2,2.0,0,-1,0,0,6.0,0,0,0,2,1,0,0,0,0,0,0,0,0,0,0,0,0,0,0,0
32,4,1,9339,13.8,3,4,3,3,3,3,22,1,1,16,41,2,2,2,7,0,1,0,0.2,1,0,1.333333333,3113.0,0.580373002,0,2.76,3.0,0.0,0,1.0,0.4,1,4,2.411764706,0,2,1,1,1.4,0,0,0,2,1,0,1,0,0,0,0,0,1,0,1,0,0,0,0,0
39,4,0,6801,5.7,3,3,3,1,2,5,27,0,0,10,35,2,13,5,8,0,1,0,0.0,1,0,1.333333333,2267.0,0.435524126,1,1.14,2.75,1.707825128,0,0.153846154,0.4,0,0,3.181818182,0,-2,0,0,1.6,1,2,0,1,1,1,0,0,0,0,1,0,1,0,0,1,0,0,0,0
38,4,4,8790,14.6,2,3,3,3,4,5,30,0,1,2,7,3,12,3,3,0,1,0,0.8,0,1,2.0,4395.0,0.787006579,0,2.92,3.75,0.957427108,0,0.25,0.6,1,1,2.333333333,0,0,0,0,0.6,0,1,0,4,1,1,0,1,0,0,0,0,1,0,0,1,0,0,0,0
34,8,7,14811,14.3,4,1,4,3,1,5,38,0,0,4,12,2,9,1,8,0,1,0,0.777777778,1,1,2.0,3702.75,0.918753068,0,1.588888889,3.25,1.707825128,0,0.222222222,0.222222222,1,1,2.4,0,0,0,0,0.888888889,1,2,0,3,1,1,0,0,1,0,0,0,0,0,1,0,0,0,1,0
42,9,7,8581,13.3,2,1,2,2,4,4,38,0,1,20,62,3,2,3,4,0,1,0,0.7,1,1,4.5,4290.5,0.475133215,1,1.33,3.0,1.154700538,0,1.5,0.3,1,2,2.952380952,1,-2,0,0,0.4,0,3,0,2,1,1,0,0,0,0,0,0,1,0,0,1,0,0,0,0
34,16,5,12819,18.1,4,4,2,4,2,5,29,0,0,8,26,2,3,3,3,0,1,0,0.294117647,1,1,4.0,3204.75,0.827810506,0,1.064705882,3.25,1.5,0,0.666666667,0.117647059,0,1,2.888888889,0,1,1,1,0.176470588,0,1,0,1,0,0,1,0,1,0,0,0,1,0,1,0,0,0,0,0
25,7,4,7561,14.2,3,3,4,5,5,3,49,1,0,16,49,2,16,3,8,0,1,0,0.5,1,1,2.333333333,2520.333333,0.435921134,1,1.775,4.25,0.957427108,0,0.125,0.25,2,4,2.882352941,0,0,0,0,1.0,1,3,0,1,1,1,0,0,0,0,0,1,1,0,1,0,0,0,0,0
36,10,2,11779,14.6,3,3,4,2,5,1,34,0,0,25,60,4,11,4,4,0,1,0,0.181818182,1,0,3.333333333,3926.333333,0.756259205,0,1.327272727,3.0,1.825741858,0,0.363636364,0.363636364,2,2,2.307692308,0,-1,0,0,0.363636364,0,0,0,2,0,1,0,0,1,0,0,0,1,0,0,1,0,0,0,0
35,3,2,6433,16.1,3,3,2,1,4,3,35,0,0,15,65,4,7,4,4,0,1,0,0.5,1,0,1.0,2144.333333,0.444490132,1,4.025,2.5,1.290994449,0,0.571428571,1.0,1,2,4.0625,1,-1,0,0,1.0,0,2,0,2,1,1,0,1,0,0,0,0,0,0,0,1,0,0,0,0
34,3,0,6781,16.3,2,3,1,4,2,4,32,0,1,5,16,2,10,4,3,0,1,0,0.0,1,0,1.5,3390.5,0.302834258,1,4.075,2.75,1.5,0,0.2,0.5,0,0,2.666666667,0,-1,0,0,0.75,0,1,0,2,0,0,1,0,0,0,0,1,0,0,1,0,0,0,0,0
39,3,3,14744,12.6,3,3,3,2,3,3,54,0,0,22,60,1,10,3,6,0,1,0,0.75,0,0,1.0,4914.666667,0.917525773,0,3.15,2.75,0.5,0,0.1,0.25,1,1,2.608695652,0,0,0,0,1.5,0,0,0,4,1,1,0,0,1,0,0,0,0,0,0,1,0,0,0,0
25,3,0,8789,16.4,3,3,3,3,1,4,40,0,0,9,21,1,6,4,3,0,1,0,0.0,1,0,1.0,2929.666667,0.409425626,1,4.1,2.75,1.258305739,0,0.166666667,0.25,1,1,2.1,0,-1,0,0,0.75,0,1,0,2,1,1,0,0,1,0,0,0,1,0,1,0,0,0,0,0
51,0,0,3526,5.5,1,2,4,3,4,2,30,0,0,5,15,7,6,4,6,0,0,1,0.0,0,0,0.0,3526.0,0.009858287,1,5.5,3.25,0.957427108,0,1.166666667,7.0,1,2,2.5,0,-2,0,0,6.0,0,1,0,1,1,0,1,0,0,0,0,1,1,0,0,0,1,0,0,0
44,5,3,13215,21.7,2,4,3,2,4,2,39,1,0,19,77,7,11,4,4,0,0,0,0.5,1,0,2.5,6607.5,0.849779087,0,3.616666667,2.75,0.957427108,0,0.636363636,1.166666667,2,5,3.85,1,0,1,0,0.666666667,0,1,0,4,1,0,1,0,1,0,0,0,1,0,0,1,0,0,1,0
44,6,2,11790,16.3,2,4,5,3,5,5,10,0,0,11,33,4,9,5,2,0,0,0,0.285714286,1,0,3.0,5895.0,0.818383659,0,2.328571429,4.5,1.0,0,0.444444444,0.571428571,1,1,2.75,0,-1,1,0,0.285714286,0,0,0,3,1,1,0,0,0,0,0,0,1,0,0,1,0,0,0,0
33,1,1,6796,11.3,1,4,3,5,1,5,45,1,1,23,77,2,3,4,5,0,0,0,0.5,0,0,1.0,6796.0,0.147643594,1,5.65,3.5,1.914854216,0,0.666666667,1.0,0,3,3.208333333,1,0,1,0,2.5,0,2,0,3,1,0,1,0,1,0,0,0,1,0,1,0,0,0,0,1
36,2,1,6047,17.0,2,4,4,3,3,4,68,0,1,7,15,3,6,3,5,0,0,0,0.333333333,1,0,1.0,3023.5,0.314891847,1,5.666666667,3.5,0.577350269,0,0.5,1.0,1,1,1.875,0,1,1,1,1.666666667,0,1,0,2,1,0,1,0,0,0,1,0,1,0,0,1,0,0,0,0
41,3,2,4423,16.5,1,3,1,4,4,3,51,0,0,4,17,7,2,2,6,0,0,0,0.5,1,0,3.0,4423.0,0.079450915,1,4.125,3.0,1.414213562,0,3.5,1.75,0,1,3.4,0,1,0,1,1.5,0,1,0,1,1,1,0,0,0,0,1,0,1,0,0,1,0,0,1,0
18,0,0,6268,17.1,1,4,4,5,4,3,39,0,1,14,35,6,10,3,12,0,1,0,0.0,0,0,0.0,6268.0,0.159857904,1,17.1,4.0,0.816496581,0,0.6,6.0,1,2,2.333333333,0,1,1,1,12.0,1,2,0,2,1,0,1,0,0,0,0,0,1,0,0,0,0,0,0,0
38,13,5,18070,15.5,5,4,3,3,3,3,40,0,0,8,26,6,10,3,7,0,1,0,0.357142857,1,1,2.6,3614.0,0.978645066,0,1.107142857,3.0,0.0,0,0.6,0.428571429,0,1,2.888888889,0,1,1,1,0.5,0,1,0,2,0,1,0,0,1,0,0,0,1,0,0,1,0,0,0,0
28,10,9,9886,10.8,3,3,3,3,4,3,31,0,0,19,55,10,9,3,4,0,1,0,0.818181818,1,1,3.333333333,3295.333333,0.550810015,0,0.981818182,3.25,0.5,0,1.111111111,0.909090909,0,1,2.75,0,0,0,0,0.363636364,0,1,0,1,1,1,0,0,1,0,0,0,1,0,1,0,0,0,0,0
32,5,3,10309,17.3,4,3,3,3,3,5,15,0,0,8,19,4,4,1,5,0,1,0,0.5,1,0,1.25,2577.25,0.865224626,0,2.883333333,3.5,1.0,0,1.0,0.666666667,0,1,2.111111111,0,2,0,1,0.833333333,0,0,0,2,1,0,1,0,0,0,1,0,1,0,1,0,0,0,0,0
40,4,1,6435,17.1,2,4,2,3,4,3,33,0,0,12,39,3,10,3,8,0,0,0,0.2,1,0,2.0,3217.5,0.376455907,1,3.42,3.0,0.816496581,0,0.3,0.6,1,1,3.0,0,1,1,1,1.6,1,2,0,2,1,0,1,0,0,0,1,0,0,1,0,1,0,0,0,0
38,2,2,4752,10.4,1,2,3,2,1,3,67,0,1,5,14,1,6,2,9,0,0,0,0.666666667,0,0,2.0,4752.0,0.111480865,1,3.466666667,2.25,0.957427108,1,0.166666667,0.333333333,1,1,2.333333333,0,0,0,0,3.0,1,3,0,2,0,1,0,0,0,0,1,0,1,0,0,1,0,0,1,1
41,1,0,5100,16.8,2,4,3,5,4,2,33,0,0,16,56,6,19,2,6,0,0,0,0.0,1,0,0.5,2550.0,0.204769737,1,8.4,3.5,1.290994449,0,0.315789474,3.0,1,1,3.294117647,0,2,1,1,3.0,0,1,0,1,1,1,0,1,0,0,0,0,1,0,0,1,0,0,1,0
46,0,0,7201,13.4,2,3,2,4,3,4,0,1,1,26,55,4,6,3,7,0,0,0,0.0,0,0,0.0,3600.5,0.195876289,1,13.4,3.25,0.957427108,0,0.666666667,4.0,1,4,2.037037037,0,0,0,0,7.0,0,1,0,2,0,0,1,0,1,0,0,0,0,0,0,0,1,0,1,1
36,13,6,10669,12.7,3,4,3,3,3,2,63,0,0,18,53,6,8,4,5,1,1,0,0.428571429,1,0,4.333333333,3556.333333,0.643348061,0,0.907142857,2.75,0.5,0,0.75,0.428571429,2,3,2.789473684,0,0,1,0,0.357142857,0,0,0,1,0,1,0,0,1,0,0,0,0,0,0,1,0,0,0,0
39,0,0,6429,20.7,2,4,1,2,5,5,45,1,0,2,8,7,5,4,10,0,1,0,0.0,0,0,0.0,3214.5,0.256623537,1,20.7,3.25,2.061552813,0,1.4,7.0,1,4,2.666666667,0,0,1,0,10.0,1,2,0,2,0,0,1,0,0,0,0,1,1,0,0,1,0,0,1,1
33,2,1,8504,16.3,2,3,3,3,5,2,22,1,0,21,56,6,7,2,6,0,0,0,0.333333333,1,0,1.0,4252.0,0.577634011,0,5.433333333,3.25,1.258305739,0,0.857142857,2.0,0,3,2.545454545,0,1,0,1,2.0,0,0,0,3,1,1,0,0,0,0,0,1,1,0,1,0,0,0,0,0
34,4,4,10568,12.8,3,4,3,3,3,5,31,1,1,3,9,4,4,2,9,0,1,0,0.8,0,1,1.333333333,3522.666667,0.633284242,0,2.56,3.5,1.0,0,1.0,0.8,2,5,2.25,0,2,1,1,1.8,1,2,0,2,1,1,0,0,1,0,0,0,1,0,1,0,0,0,1,0
30,2,0,4382,12.9,2,3,2,4,4,3,39,0,1,4,16,8,5,4,7,0,1,0,0.0,1,0,1.0,2191.0,0.040203327,1,4.3,3.25,0.957427108,0,1.6,2.666666667,1,2,3.2,0,-1,0,0,2.333333333,0,1,0,1,1,1,0,0,0,0,0,1,0,1,1,0,0,0,0,0
44,5,5,7385,8.8,1,3,2,3,3,2,39,0,0,8,26,6,2,3,5,0,0,0,0.833333333,0,1,5.0,7385.0,0.219194894,1,1.466666667,2.5,0.577350269,0,3.0,1.0,1,2,2.888888889,0,0,0,0,0.833333333,0,2,0,2,0,0,1,0,1,0,0,0,1,0,0,1,0,0,0,0
48,7,5,8421,14.8,3,3,3,3,3,5,60,0,0,28,54,6,9,2,4,0,1,0,0.625,1,1,2.333333333,2807.0,0.694259567,0,1.85,3.5,1.0,0,0.666666667,0.75,2,3,1.862068966,0,1,0,1,0.5,0,1,0,2,0,1,0,0,0,0,1,0,1,0,0,0,1,0,0,0
20,2,2,5166,9.4,1,2,3,1,3,3,3,0,1,3,11,3,7,3,5,0,0,0,0.666666667,0,0,2.0,5166.0,0.053285968,1,3.133333333,2.5,1.0,0,0.428571429,1.0,1,1,2.75,0,-1,0,0,1.666666667,0,1,0,2,1,1,0,0,0,0,0,0,0,1,0,0,0,0,0,0
23,5,4,11222,10.0,2,3,4,3,4,3,41,0,1,14,40,4,13,3,3,0,0,0,0.666666667,1,1,2.5,5611.0,0.704712813,0,1.666666667,3.5,0.577350269,0,0.307692308,0.666666667,1,1,2.666666667,0,0,0,0,0.5,0,1,0,3,1,0,0,0,1,0,0,0,1,0,0,0,0,0,0,0
38,13,10,9560,15.4,4,2,3,3,3,3,10,0,1,11,35,4,12,2,3,0,1,0,0.714285714,1,1,3.25,2390.0,0.808652246,0,1.1,3.0,0.0,0,0.333333333,0.285714286,2,2,2.916666667,0,0,0,0,0.214285714,0,1,0,1,1,0,0,0,0,0,1,0,1,0,0,1,0,0,0,0
34,8,1,6751,9.3,2,3,2,3,2,4,74,1,0,2,5,4,10,3,9,0,0,0,0.111111111,1,0,4.0,3375.5,0.426372712,1,1.033333333,2.75,0.957427108,0,0.4,0.444444444,1,3,1.666666667,0,0,0,0,1.0,1,2,0,2,0,0,1,0,0,0,1,0,1,0,1,0,0,0,0,1
46,5,5,6712,20.7,3,3,4,3,4,3,18,0,1,40,150,4,4,3,3,0,1,0,0.833333333,0,1,1.666666667,2237.333333,0.420549085,1,3.45,3.5,0.577350269,0,1.0,0.666666667,2,3,3.658536585,1,0,0,0,0.5,0,3,0,1,0,0,1,0,0,0,1,0,1,0,0,0,1,0,0,0
33,3,1,7787,16.6,3,3,2,4,5,2,19,1,1,5,10,1,10,4,7,0,1,0,0.25,1,0,1.0,2595.666667,0.601081531,0,4.15,3.25,1.5,0,0.1,0.25,1,3,1.666666667,0,-1,0,0,1.75,0,0,0,2,0,1,0,0,0,0,1,0,1,0,1,0,0,0,1,0
31,10,3,15574,14.4,5,3,4,5,5,4,51,1,0,2,6,1,5,3,5,0,1,0,0.272727273,1,0,2.0,3114.8,0.939862543,0,1.309090909,4.5,0.577350269,0,0.2,0.090909091,1,3,2.0,0,0,0,0,0.454545455,0,0,0,2,1,0,1,0,1,0,0,0,1,0,1,0,0,0,0,0
50,2,2,9754,13.3,3,2,4,1,3,3,46,0,1,10,27,7,7,5,6,0,1,1,0.666666667,0,0,0.666666667,3251.333333,0.728897104,0,4.433333333,2.75,1.258305739,0,1.0,2.333333333,0,1,2.454545455,0,-3,0,0,2.0,0,0,0,3,1,0,1,0,0,0,0,1,1,0,0,0,1,0,0,0
39,5,2,14445,16.9,4,4,2,1,5,4,10,0,0,2,9,7,10,5,5,0,1,0,0.333333333,1,0,1.25,3611.25,0.904516446,0,2.816666667,3.0,1.825741858,0,0.7,1.166666667,1,2,3.0,0,-1,1,0,0.833333333,0,0,0,3,1,1,0,0,1,0,0,0,1,0,0,1,0,0,0,0
32,9,7,7323,13.6,3,3,4,2,3,4,16,1,0,9,29,5,12,4,10,0,1,0,0.7,1,1,3.0,2441.0,0.394947628,1,1.36,3.25,0.957427108,0,0.416666667,0.5,1,3,2.9,0,-1,0,0,1.0,1,3,0,1,1,1,0,0,0,0,0,1,1,0,1,0,0,0,0,0
20,2,0,6331,13.0,1,4,2,1,4,5,30,0,1,3,9,4,11,3,4,0,0,0,0.0,1,0,2.0,6331.0,0.100638193,1,4.333333333,3.0,1.825741858,0,0.363636364,1.333333333,2,2,2.25,0,1,1,1,1.333333333,0,1,0,2,1,0,0,0,1,0,0,0,1,0,0,0,0,0,1,0
36,3,0,8444,21.0,2,4,3,5,1,3,14,1,1,13,37,2,11,4,9,0,0,0,0.0,1,0,1.5,4222.0,0.570856439,0,5.25,3.0,1.632993162,0,0.181818182,0.5,0,2,2.642857143,0,0,1,0,2.25,1,1,0,2,1,1,0,0,0,0,0,1,1,0,0,1,0,0,0,0
38,10,4,7701,16.3,2,3,2,3,3,5,0,0,0,14,44,6,2,2,4,0,0,0,0.363636364,1,1,5.0,3850.5,0.457486137,1,1.481818182,3.25,1.258305739,0,3.0,0.545454545,1,2,2.933333333,0,1,0,1,0.363636364,0,2,0,1,0,1,0,0,0,0,0,1,1,0,0,1,0,0,1,0
18,0,0,4665,14.1,1,3,5,4,4,4,19,0,0,8,31,2,12,3,2,0,1,0,0.0,0,0,0.0,4665.0,0.084623894,1,14.1,4.25,0.5,0,0.166666667,2.0,1,1,3.444444444,0,0,0,0,2.0,0,1,0,2,1,1,0,0,0,1,0,0,1,0,0,0,0,0,0,0
22,4,3,6829,14.5,2,4,5,4,3,2,48,0,0,28,60,2,14,1,6,0,0,0,0.6,1,0,2.0,3414.5,0.441763727,1,2.9,3.5,1.290994449,0,0.142857143,0.4,1,1,2.068965517,0,3,1,1,1.2,0,1,0,2,1,0,1,0,0,0,1,0,1,0,0,0,0,0,1,0
44,11,4,6817,20.0,2,4,2,4,5,5,6,1,0,13,39,6,8,2,8,0,1,0,0.333333333,1,1,5.5,3408.5,0.514802632,0,1.666666667,4.0,1.414213562,0,0.75,0.5,1,4,2.785714286,0,2,1,1,0.666666667,1,2,0,2,0,1,0,1,0,0,0,0,1,0,0,1,0,0,0,1
32,11,9,11828,11.1,4,3,3,4,3,5,23,0,0,12,48,4,5,2,5,0,1,0,0.75,1,1,2.75,2957.0,0.91869469,0,0.925,3.75,0.957427108,0,0.8,0.333333333,0,1,3.692307692,0,1,0,1,0.416666667,0,1,0,3,1,1,0,0,0,1,0,0,1,0,1,0,0,0,0,0
25,4,4,5574,13.2,1,3,4,1,3,4,28,0,1,37,120,2,10,4,6,0,1,0,0.8,0,1,4.0,5574.0,0.185564159,1,2.64,3.0,1.414213562,0,0.2,0.4,2,2,3.157894737,1,-1,0,0,1.2,0,3,0,2,1,0,0,0,0,1,0,0,1,0,1,0,0,0,1,0
23,4,1,8213,12.1,3,3,2,4,3,3,28,0,1,60,150,4,8,3,4,0,1,0,0.2,1,0,1.333333333,2737.666667,0.531269254,0,2.42,3.0,0.816496581,0,0.5,0.8,1,1,2.459016393,1,0,0,0,0.8,0,1,0,2,0,1,0,0,0,0,0,1,1,0,0,0,0,0,0,0
48,5,1,9613,14.4,2,2,1,1,4,2,66,0,1,6,20,3,9,3,8,0,0,0,0.166666667,1,0,2.5,4806.5,0.514727541,0,2.4,2.0,1.414213562,1,0.333333333,0.5,1,1,2.857142857,0,-1,0,0,1.333333333,1,2,0,2,1,0,1,0,1,0,0,0,1,0,0,0,1,0,1,1
37,14,12,12011,9.6,5,2,5,3,3,4,16,0,0,10,14,4,6,4,5,0,1,0,0.8,1,1,2.8,2402.2,0.92920354,0,0.64,3.75,0.957427108,0,0.666666667,0.266666667,0,1,1.272727273,0,-2,0,0,0.333333333,0,1,0,2,1,0,1,0,0,1,0,0,1,0,0,1,0,0,0,0
38,1,0,5548,18.6,2,4,3,2,3,1,29,0,0,31,93,8,2,3,6,0,0,0,0.0,1,0,0.5,2774.0,0.231697171,1,9.3,2.25,0.957427108,1,4.0,4.0,1,2,2.90625,1,1,1,1,3.0,0,3,0,1,0,0,1,0,0,0,1,0,0,0,0,1,0,0,1,1
58,6,4,8401,13.4,3,4,4,4,1,3,34,0,1,5,16,3,2,3,4,1,1,1,0.571428571,1,0,2.0,2800.333333,0.564540974,0,1.914285714,3.0,1.414213562,0,1.5,0.428571429,1,2,2.666666667,0,1,1,1,0.571428571,0,0,0,1,1,1,0,0,0,0,0,1,1,0,0,0,0,1,0,0
28,3,3,6735,8.3,2,1,2,4,3,3,41,1,1,23,69,6,6,2,7,0,1,0,0.75,0,0,1.5,3367.5,0.139543446,1,2.075,3.0,0.816496581,0,1.0,1.5,0,3,2.875,1,-1,0,0,1.75,0,2,0,2,0,0,1,0,1,0,0,0,1,0,1,0,0,0,1,1
32,9,4,12384,21.3,4,3,3,3,3,4,35,1,1,15,52,5,12,4,8,0,1,0,0.4,1,1,2.25,3096.0,0.800441826,0,2.13,3.25,0.5,0,0.416666667,0.5,0,2,3.25,0,-1,0,0,0.8,1,2,0,2,1,0,1,0,1,0,0,0,0,0,1,0,0,0,0,0
27,9,1,10451,17.7,3,4,2,5,2,3,38,1,1,15,42,7,9,1,8,1,1,0,0.1,1,0,3.0,3483.666667,0.617452135,0,1.77,3.0,1.414213562,0,0.777777778,0.7,1,4,2.625,0,3,1,1,0.8,1,1,0,2,0,1,0,0,1,0,0,0,0,1,1,0,0,0,0,0
21,3,2,6054,13.9,1,3,2,3,4,2,10,0,1,8,31,5,16,4,1,0,0,0,0.5,1,0,3.0,6054.0,0.133436945,1,3.475,2.75,0.957427108,0,0.3125,1.25,0,0,3.444444444,0,-1,0,0,0.25,0,1,0,3,0,1,0,0,0,0,0,0,1,0,0,0,0,0,0,0
40,4,2,9299,10.0,2,4,1,2,1,4,37,0,0,5,22,2,9,4,2,0,0,0,0.4,1,0,2.0,4649.5,0.572380107,0,2.0,2.0,1.414213562,1,0.222222222,0.4,1,1,3.666666667,0,0,1,0,0.4,0,1,0,2,1,0,1,0,0,0,0,0,1,0,0,1,0,0,0,0
44,5,3,12558,15.6,3,2,3,5,4,3,34,0,0,7,23,2,4,3,7,0,1,0,0.5,1,0,1.666666667,4186.0,0.812469318,0,2.6,3.75,0.957427108,0,0.5,0.333333333,1,1,2.875,0,-1,0,0,1.166666667,0,0,0,3,1,0,1,0,1,0,0,0,1,0,0,1,0,0,0,0
47,8,3,11024,13.6,3,3,5,4,5,4,54,0,0,3,13,3,6,3,7,0,1,0,0.333333333,1,0,2.666666667,3674.666667,0.76598579,0,1.511111111,4.5,0.577350269,0,0.5,0.333333333,1,1,3.25,0,0,0,0,0.777777778,0,0,0,3,0,1,0,0,0,0,0,0,0,1,0,0,1,0,0,0
45,13,4,9510,16.3,4,3,3,3,3,4,68,0,0,12,28,2,7,4,3,0,1,0,0.285714286,1,1,3.25,2377.5,0.845394737,0,1.164285714,3.25,0.5,0,0.285714286,0.142857143,1,1,2.153846154,0,-1,0,0,0.214285714,0,1,0,2,0,0,1,1,0,0,0,0,1,0,0,0,1,0,0,0
38,15,7,17555,10.1,5,4,3,3,4,3,48,0,1,13,41,2,9,2,6,1,1,0,0.4375,1,0,3.0,3511.0,0.973490427,0,0.63125,3.25,0.5,0,0.222222222,0.125,1,1,2.928571429,0,2,1,1,0.375,0,0,0,2,1,1,0,0,1,0,0,0,1,0,0,1,0,0,0,0
44,2,2,3267,14.6,1,4,4,1,5,4,31,0,1,12,46,1,9,4,7,0,1,0,0.666666667,0,0,2.0,3267.0,0.015806988,1,4.866666667,3.5,1.732050808,0,0.111111111,0.333333333,1,1,3.538461538,0,0,1,0,2.333333333,0,1,0,1,1,1,0,0,0,0,1,0,1,0,0,1,0,0,0,0
44,1,1,5196,16.1,2,3,4,2,4,3,23,0,0,3,10,2,12,5,6,0,0,0,0.5,0,0,0.5,2598.0,0.135232301,1,8.05,3.25,0.957427108,0,0.166666667,1.0,1,1,2.5,0,-2,0,0,3.0,0,1,0,2,1,0,0,0,0,1,0,0,0,0,0,1,0,0,0,0
37,0,0,6938,14.2,2,3,5,2,3,4,46,0,0,8,29,7,2,2,4,0,0,0,0.0,0,0,0.0,3469.0,0.324707332,1,14.2,3.5,1.290994449,0,3.5,7.0,1,2,3.222222222,0,1,0,1,4.0,0,1,0,1,0,0,0,0,0,0,0,1,1,0,0,1,0,0,0,0
38,4,0,7314,14.6,3,3,2,4,1,3,43,0,1,12,15,2,14,4,5,0,1,0,0.0,1,0,1.333333333,2438.0,0.393099199,1,2.92,2.5,1.290994449,0,0.142857143,0.4,1,1,1.153846154,0,-1,0,0,1.0,0,1,0,1,1,0,0,0,0,0,0,1,1,0,0,1,0,0,0,0
30,10,2,15948,19.1,5,3,3,3,2,2,25,1,0,28,86,3,10,1,10,0,1,0,0.181818182,1,0,2.0,3189.6,0.950171821,0,1.736363636,2.5,0.577350269,0,0.3,0.272727273,2,4,2.965517241,1,2,0,1,0.909090909,1,2,0,2,0,1,0,0,1,0,0,0,1,0,1,0,0,0,1,0
49,0,0,4287,12.3,1,3,1,2,2,4,52,0,1,19,60,4,5,4,8,0,0,0,0.0,0,0,0.0,4287.0,0.034195933,1,12.3,2.25,1.258305739,1,0.8,4.0,0,1,3.0,0,-1,0,0,8.0,1,3,0,1,1,0,1,0,0,0,0,1,1,0,0,0,1,0,1,1
43,2,1,8632,14.2,2,3,3,1,2,2,48,1,0,13,41,1,7,2,13,0,0,0,0.333333333,1,0,1.0,4316.0,0.592729513,0,4.733333333,2.0,0.816496581,1,0.142857143,0.333333333,0,2,2.928571429,0,1,0,1,4.333333333,1,2,1,3,0,0,1,0,0,0,0,1,0,0,0,1,0,0,1,1
60,0,0,9206,16.0,2,3,2,3,3,3,47,1,0,11,36,5,7,2,5,0,1,1,0.0,0,0,0.0,4603.0,0.464408444,1,16.0,2.75,0.5,0,0.714285714,5.0,0,3,3.0,0,1,0,1,5.0,0,1,0,2,0,0,1,0,1,0,0,0,1,0,0,0,0,1,1,1
40,13,0,12045,12.4,4,4,1,4,3,3,20,0,0,24,52,2,11,5,8,0,1,0,0.0,1,0,3.25,3011.25,0.930862832,0,0.885714286,2.75,1.258305739,0,0.181818182,0.142857143,2,2,2.08,0,-1,1,0,0.571428571,1,1,0,2,1,1,0,0,0,1,0,0,1,0,0,1,0,0,0,0
28,10,4,7509,13.5,3,3,2,2,1,3,70,0,0,31,83,5,2,3,3,0,1,0,0.363636364,1,1,3.333333333,2503.0,0.499446903,1,1.227272727,2.0,0.816496581,1,2.5,0.454545455,1,2,2.59375,1,0,0,0,0.272727273,0,4,0,1,1,0,0,0,0,1,0,0,0,1,1,0,0,0,1,1
42,14,13,9891,12.6,3,4,4,2,4,3,29,1,0,5,24,4,2,2,6,1,1,0,0.866666667,1,0,4.666666667,3297.0,0.803926991,0,0.84,3.25,0.957427108,0,2.0,0.266666667,0,3,4.0,0,2,1,1,0.4,0,0,0,2,0,1,0,0,0,1,0,0,1,0,0,1,0,0,0,0
31,2,2,4567,23.6,1,4,2,1,4,3,26,0,1,4,10,5,8,4,3,0,0,0,0.666666667,0,0,2.0,4567.0,0.05237215,1,7.866666667,2.5,1.290994449,0,0.625,1.666666667,1,2,2.0,0,0,1,0,1.0,0,1,0,2,0,1,0,0,0,0,0,1,1,0,1,0,0,0,0,0
34,16,16,14858,12.3,4,3,4,1,4,4,59,1,0,7,21,3,10,2,9,0,1,0,0.941176471,0,1,4.0,3714.5,0.920962199,0,0.723529412,3.25,1.5,0,0.3,0.176470588,0,2,2.625,0,1,0,1,0.529411765,1,2,0,2,1,1,0,0,1,0,0,0,1,0,1,0,0,0,1,0
27,4,4,13260,16.3,3,4,3,4,5,4,37,1,1,11,37,8,5,4,8,0,1,0,0.8,0,1,1.333333333,4420.0,0.936691312,0,3.26,4.0,0.816496581,0,1.6,1.6,1,4,3.083333333,0,0,1,0,1.6,1,2,0,4,0,1,0,0,0,0,0,1,0,1,1,0,0,0,0,0
19,1,1,7578,14.1,2,5,5,3,4,3,23,0,1,34,131,3,8,4,8,0,0,0,0.5,0,0,0.5,3789.0,0.438693777,1,7.05,3.75,0.957427108,0,0.375,1.5,1,1,3.742857143,1,1,1,1,4.0,1,3,0,1,1,1,0,0,0,0,0,1,1,0,0,0,0,0,0,0
30,9,7,7431,13.2,2,3,5,2,3,4,34,0,0,4,8,1,3,4,8,0,1,0,0.7,1,1,4.5,3715.5,0.414664202,1,1.32,3.5,1.290994449,0,0.333333333,0.1,1,1,1.6,0,-1,0,0,0.8,1,3,0,2,1,1,0,0,0,0,0,1,1,0,1,0,0,0,0,0
44,2,0,6921,23.2,1,4,5,4,2,4,3,0,0,22,77,4,5,4,3,0,1,0,0.0,1,0,2.0,6921.0,0.462146423,1,7.733333333,3.75,1.258305739,0,0.8,1.333333333,2,3,3.347826087,1,0,1,0,1.0,0,2,0,3,0,1,0,0,0,0,1,0,1,0,0,1,0,0,0,0
47,2,0,10020,16.0,2,4,1,4,2,5,28,1,0,26,99,2,2,2,7,0,0,0,0.0,1,0,1.0,5010.0,0.566028473,0,5.333333333,3.0,1.825741858,0,1.0,0.666666667,2,5,3.666666667,1,2,1,1,2.333333333,0,1,0,3,1,1,0,0,1,0,0,0,0,1,0,0,1,0,1,1
26,3,3,4050,17.5,1,4,3,3,2,4,56,1,1,3,9,4,4,4,7,0,0,0,0.75,0,0,3.0,4050.0,0.051164725,1,4.375,3.0,0.816496581,0,1.0,1.0,0,3,2.25,0,0,1,0,1.75,0,1,0,1,0,1,0,0,0,0,1,0,0,1,1,0,0,0,0,0
33,3,3,8100,12.4,2,3,3,4,5,3,36,0,1,17,51,4,12,3,4,0,0,0,0.75,0,0,1.5,4050.0,0.312469318,1,3.1,3.75,0.957427108,0,0.333333333,1.0,0,0,2.833333333,0,0,0,0,1.0,0,1,0,2,1,0,1,0,1,0,0,0,1,0,1,0,0,0,0,0
26,2,2,9490,10.1,3,2,5,3,4,1,25,0,0,24,90,1,9,3,4,0,1,0,0.666666667,0,0,0.666666667,3163.333333,0.49742268,1,3.366666667,3.25,1.707825128,0,0.111111111,0.333333333,2,2,3.6,1,-1,0,0,1.333333333,0,2,0,2,0,1,0,0,1,0,0,0,1,0,1,0,0,0,1,0
33,1,1,7329,14.3,2,4,3,1,5,4,49,0,0,9,31,7,6,4,3,0,0,0,0.5,0,0,0.5,3664.5,0.209744723,1,7.15,3.25,1.707825128,0,1.166666667,3.5,1,2,3.1,0,0,1,0,1.5,0,1,0,2,1,1,0,0,1,0,0,0,1,0,1,0,0,0,0,0
33,5,3,6779,18.1,2,4,2,3,5,1,16,0,1,12,38,5,13,3,4,0,0,0,0.5,1,0,2.5,3389.5,0.21625222,1,3.016666667,2.75,1.707825128,0,0.384615385,0.833333333,0,0,2.923076923,0,1,1,1,0.666666667,0,1,0,1,0,1,0,0,0,0,0,0,1,0,1,0,0,0,0,0
26,5,1,5744,14.5,1,2,3,3,3,2,48,0,0,18,71,3,7,3,8,0,0,0,0.166666667,1,0,5.0,5744.0,0.264559068,1,2.416666667,2.75,0.5,0,0.428571429,0.5,1,1,3.736842105,1,-1,0,0,1.333333333,1,3,0,3,1,0,1,0,0,0,1,0,1,0,1,0,0,0,0,0
40,2,0,6642,11.3,2,2,3,5,3,2,15,1,0,20,55,3,11,3,5,0,0,0,0.0,1,0,1.0,3321.0,0.40702995,1,3.766666667,3.25,1.258305739,0,0.272727273,1.0,1,3,2.619047619,0,-1,0,0,1.666666667,0,1,0,3,1,1,0,0,0,0,1,0,1,0,0,1,0,0,0,0
46,1,0,6381,15.3,2,3,3,4,4,5,41,0,0,17,54,5,7,2,7,0,0,0,0.0,1,0,0.5,3190.5,0.248767714,1,7.65,4.0,0.816496581,0,0.714285714,2.5,2,3,3.0,0,1,0,1,3.5,0,1,0,1,1,1,0,0,0,0,0,1,0,1,0,0,1,0,0,0
35,0,0,6256,11.5,2,2,2,4,3,3,27,0,1,20,66,5,6,3,5,0,0,0,0.0,0,0,0.0,3128.0,0.275442478,1,11.5,3.0,0.816496581,0,0.833333333,5.0,1,2,3.142857143,1,-1,0,0,5.0,0,2,0,2,0,0,0,0,0,1,0,0,1,0,0,1,0,0,0,1
38,1,1,5385,17.3,2,4,4,2,2,3,45,1,1,5,21,6,17,2,9,0,1,0,0.5,0,0,0.5,2692.5,0.12754159,1,8.65,2.75,0.957427108,0,0.352941176,3.0,1,3,3.5,0,2,1,1,4.5,1,2,0,1,0,1,0,0,0,0,0,1,1,0,0,1,0,0,1,1
33,2,1,6846,11.3,2,3,1,2,1,2,82,0,1,6,20,2,12,4,4,0,0,0,0.333333333,1,0,1.0,3423.0,0.31069008,1,3.766666667,1.5,0.577350269,1,0.166666667,0.666666667,1,1,2.857142857,0,-1,0,0,1.333333333,0,2,0,2,1,1,0,0,0,0,0,1,1,0,1,0,0,0,1,1
43,2,2,6194,15.6,1,1,4,2,3,2,14,0,1,11,45,2,6,4,5,0,1,0,0.666666667,0,0,2.0,6194.0,0.223351818,1,5.2,2.75,0.957427108,0,0.333333333,0.666666667,2,2,3.75,0,-3,0,0,1.666666667,0,1,0,2,0,1,0,0,0,0,0,1,1,0,0,1,0,0,0,0
23,5,3,9266,14.6,2,3,3,4,3,4,36,0,0,18,28,3,2,2,3,0,0,0,0.5,1,0,2.5,4633.0,0.471158567,1,2.433333333,3.5,0.577350269,0,1.5,0.5,0,1,1.473684211,0,1,0,1,0.5,0,1,0,1,1,1,0,0,1,0,0,0,1,0,0,0,0,0,0,0
33,2,0,11545,6.3,3,1,2,3,5,4,16,1,0,24,99,3,5,4,6,0,1,0,0.0,1,0,0.666666667,3848.333333,0.735395189,0,2.1,3.5,1.290994449,0,0.6,1.0,0,3,3.96,1,-3,0,0,2.0,0,1,0,3,0,0,1,0,1,0,0,0,1,0,1,0,0,0,0,1
35,5,1,14582,20.2,4,3,2,3,2,4,28,0,1,13,36,5,9,3,6,0,1,0,0.166666667,1,0,1.25,3645.5,0.912125675,0,3.366666667,2.75,0.957427108,0,0.555555556,0.833333333,1,2,2.571428571,0,0,0,0,1.0,0,0,0,2,1,1,0,0,1,0,0,0,1,0,0,1,0,0,0,0
32,2,2,6389,12.3,2,1,3,4,4,4,54,0,0,26,91,4,11,2,7,0,0,0,0.666666667,0,0,1.0,3194.5,0.174067496,1,4.1,3.75,0.5,0,0.363636364,1.333333333,1,1,3.37037037,1,-1,0,0,2.333333333,0,2,0,2,1,1,0,0,0,0,0,0,1,0,1,0,0,0,0,0
41,2,1,5381,17.5,1,5,5,4,3,3,28,0,0,33,119,5,12,3,7,0,0,0,0.333333333,1,0,2.0,5381.0,0.126617375,1,5.833333333,3.75,0.957427108,0,0.416666667,1.666666667,0,0,3.5,1,2,1,1,2.333333333,0,2,0,1,1,0,0,0,0,0,0,1,1,0,0,1,0,0,0,0
26,4,3,8822,19.7,1,5,2,2,5,2,67,0,1,23,80,5,2,4,7,0,0,0,0.6,1,0,4.0,8822.0,0.512877442,0,3.94,2.75,1.5,0,2.5,1.0,0,1,3.333333333,1,1,1,1,1.4,0,1,0,3,0,0,1,0,0,0,0,0,1,0,1,0,0,0,1,0
39,7,7,8742,18.6,3,4,4,5,2,2,52,1,0,3,7,4,6,4,8,1,1,0,0.875,0,0,2.333333333,2914.0,0.731697171,0,2.325,3.25,1.5,0,0.666666667,0.5,1,4,1.75,0,0,1,0,1.0,1,1,0,2,0,0,1,0,0,0,1,0,1,0,0,1,0,0,1,0
43,4,4,9786,10.7,2,2,3,1,2,5,42,0,0,26,89,6,13,3,10,0,0,0,0.8,0,1,2.0,4893.0,0.639875666,0,2.14,2.75,1.707825128,0,0.461538462,1.2,0,0,3.296296296,1,-1,0,0,2.0,1,3,0,2,0,0,1,0,0,0,0,0,1,0,0,1,0,0,1,0
44,3,0,7019,16.5,2,3,5,3,4,2,30,1,0,22,83,1,4,3,7,0,0,0,0.0,1,0,1.5,3509.5,0.337954405,1,4.125,3.5,1.290994449,0,0.25,0.25,1,3,3.608695652,1,0,0,0,1.75,0,2,0,2,1,0,1,0,0,0,0,1,1,0,0,1,0,0,0,0
43,3,0,7680,10.6,2,2,2,3,4,5,45,0,0,21,47,8,5,3,2,0,0,0,0.0,1,0,1.5,3840.0,0.255522828,1,2.65,3.5,1.290994449,0,1.6,2.0,1,2,2.136363636,0,-1,0,0,0.5,0,1,0,2,0,1,0,0,1,0,0,0,1,0,0,1,0,0,0,0
36,3,2,4726,18.5,1,3,3,5,3,1,61,0,0,16,45,4,4,3,4,0,1,0,0.5,1,0,3.0,4726.0,0.090154867,1,4.625,3.0,1.632993162,0,1.0,1.0,0,1,2.647058824,0,0,0,0,1.0,0,1,0,1,0,1,0,0,0,1,0,0,1,0,0,1,0,0,0,0
33,13,10,13667,19.5,4,3,4,2,2,3,20,0,1,14,43,3,9,4,7,0,1,0,0.714285714,1,1,3.25,3416.75,0.947935921,0,1.392857143,2.75,0.957427108,0,0.333333333,0.214285714,1,1,2.866666667,0,-1,0,0,0.5,0,1,0,3,1,1,0,0,0,0,0,1,1,0,1,0,0,0,0,0
39,16,14,11850,9.8,5,1,4,5,4,5,35,0,1,15,42,2,11,3,6,0,1,0,0.823529412,1,1,3.2,2370.0,0.940515807,0,0.576470588,4.5,0.577350269,0,0.181818182,0.117647059,0,0,2.625,0,-2,0,0,0.352941176,0,1,0,2,0,1,0,0,0,0,1,0,0,1,0,1,0,0,0,0
28,10,8,12221,10.3,3,3,2,4,3,4,60,0,1,11,39,5,2,3,9,0,1,0,0.727272727,1,1,3.333333333,4073.666667,0.788905253,0,0.936363636,3.25,0.957427108,0,2.5,0.454545455,1,2,3.25,0,0,0,0,0.818181818,1,2,0,2,0,0,0,0,1,0,0,0,1,0,1,0,0,0,0,0
46,2,1,7474,14.9,2,3,5,2,1,3,8,0,1,4,16,8,6,4,8,0,0,0,0.333333333,1,0,1.0,3737.0,0.556156406,0,4.966666667,2.75,1.707825128,0,1.333333333,2.666666667,1,2,3.2,0,-1,0,0,2.666666667,1,1,0,3,0,0,1,0,0,0,1,0,1,0,0,0,1,0,0,0
44,5,3,6926,18.6,2,4,4,2,3,5,67,0,0,15,45,5,6,4,9,1,0,0,0.5,1,0,2.5,3463.0,0.537006579,0,3.1,3.5,1.290994449,0,0.833333333,0.833333333,2,3,2.8125,0,0,1,0,1.5,1,1,0,2,1,1,0,1,0,0,0,0,0,0,0,1,0,0,0,0
28,5,4,12198,10.6,2,3,1,5,2,5,48,1,1,19,47,5,8,3,8,0,0,0,0.666666667,1,1,2.5,6099.0,0.78718704,0,1.766666667,3.25,2.061552813,0,0.625,0.833333333,1,4,2.35,0,0,0,0,1.333333333,1,2,0,3,0,1,0,0,1,0,0,0,1,0,1,0,0,0,0,1
49,1,1,5430,13.4,1,4,3,3,2,4,73,0,0,25,98,6,9,4,4,0,0,0,0.5,0,0,1.0,5430.0,0.208818636,1,6.7,3.0,0.816496581,0,0.666666667,3.0,1,2,3.769230769,1,0,1,0,2.0,0,2,0,2,0,1,0,0,0,0,1,0,0,0,0,0,1,0,1,0
28,2,2,3525,18.1,1,3,3,3,3,4,34,0,0,16,55,4,7,4,4,0,0,0,0.666666667,0,0,2.0,3525.0,0.043585526,1,6.033333333,3.25,0.5,0,0.571428571,1.333333333,1,2,3.235294118,0,-1,0,0,1.333333333,0,1,0,1,0,0,0,1,0,0,0,0,1,0,1,0,0,0,1,0
30,1,1,4899,12.9,1,3,1,3,3,5,26,0,0,13,40,3,8,3,3,0,0,0,0.5,0,0,1.0,4899.0,0.130615641,1,6.45,3.0,1.632993162,0,0.375,1.5,2,2,2.857142857,0,0,0,0,1.5,0,1,0,3,0,1,0,0,0,0,1,0,0,1,1,0,0,0,0,0
35,17,8,12347,19.6,5,3,3,3,3,4,51,0,1,16,43,1,14,3,5,0,1,0,0.444444444,1,1,3.4,2469.4,0.952579035,0,1.088888889,3.25,0.5,0,0.071428571,0.055555556,1,1,2.529411765,0,0,0,0,0.277777778,0,1,0,2,0,0,1,0,0,0,1,0,1,0,0,1,0,0,0,0
28,2,2,9167,16.7,3,4,5,4,3,1,43,1,0,13,54,4,4,4,9,0,1,0,0.666666667,0,0,0.666666667,3055.666667,0.558170515,0,5.566666667,3.25,1.707825128,0,1.0,1.333333333,2,5,3.857142857,0,0,1,0,3.0,1,1,0,1,1,1,0,0,0,0,0,0,1,0,1,0,0,0,0,0
51,1,1,5873,12.8,2,3,3,3,4,2,39,1,1,20,65,4,8,2,8,0,0,1,0.5,0,0,0.5,2936.5,0.181454097,1,6.4,3.0,0.816496581,0,0.5,2.0,1,3,3.095238095,1,1,0,1,4.0,1,3,0,2,0,1,0,0,0,0,0,1,1,0,0,0,1,0,1,1
23,5,3,7387,13.3,1,3,2,2,4,4,32,0,1,16,58,6,4,3,2,0,0,0,0.5,1,0,5.0,7387.0,0.539517471,0,2.216666667,3.0,1.154700538,0,1.5,1.0,2,3,3.411764706,0,0,0,0,0.333333333,0,0,0,4,1,0,1,0,0,0,1,0,1,0,0,0,0,0,0,0
20,1,1,6026,17.3,2,3,2,4,4,4,50,0,0,19,89,7,7,4,3,0,0,0,0.5,0,0,0.5,3013.0,0.201478743,1,8.65,3.5,1.0,0,1.0,3.5,2,3,4.45,1,-1,0,0,1.5,0,2,0,1,1,0,1,0,0,0,0,1,0,1,0,0,0,0,1,1
25,1,1,4404,11.2,1,3,3,3,3,4,50,1,1,8,24,3,2,2,7,0,1,0,0.5,0,0,1.0,4404.0,0.041281577,1,5.6,3.25,0.5,0,1.5,1.5,2,5,2.666666667,0,1,0,1,3.5,0,1,0,1,0,1,0,0,0,0,0,1,1,0,1,0,0,0,0,1
37,0,0,5122,13.3,1,4,4,2,3,3,50,0,1,2,5,6,10,3,5,0,0,0,0.0,0,0,0.0,5122.0,0.127212389,1,13.3,3.0,0.816496581,0,0.6,6.0,2,3,1.666666667,0,1,1,1,5.0,0,1,0,2,0,1,0,0,0,1,0,0,1,0,0,1,0,0,0,0
37,9,7,13024,18.1,3,4,3,5,2,3,34,0,0,12,38,5,3,3,9,0,1,0,0.7,1,1,3.0,4341.333333,0.840451645,0,1.81,3.25,1.258305739,0,1.666666667,0.5,0,1,2.923076923,0,1,1,1,0.9,1,2,0,3,1,0,1,0,1,0,0,0,1,0,0,1,0,0,0,0
45,5,3,11285,15.4,3,3,3,2,4,5,40,0,0,25,107,6,11,5,9,0,1,0,0.5,1,0,1.666666667,3761.666667,0.709744723,0,2.566666667,3.5,1.290994449,0,0.545454545,1.0,1,2,4.115384615,1,-2,0,0,1.5,1,2,0,2,0,0,0,0,1,0,0,0,1,0,0,0,1,0,0,0
30,3,0,9084,13.5,2,4,3,4,5,5,85,0,1,24,77,1,15,3,2,0,0,0,0.0,1,0,1.5,4542.0,0.549955595,0,3.375,4.25,0.957427108,0,0.066666667,0.25,2,2,3.08,1,1,1,1,0.5,0,1,0,3,0,1,0,0,0,0,0,0,1,0,1,0,0,0,0,0
47,5,2,5525,15.1,1,3,2,4,3,2,17,0,1,7,17,8,8,4,4,0,0,0,0.333333333,1,0,5.0,5525.0,0.227537438,1,2.516666667,2.75,0.957427108,0,1.0,1.333333333,2,3,2.125,0,-1,0,0,0.666666667,0,1,0,2,0,1,0,0,0,0,1,0,1,0,0,0,1,0,1,0
28,10,1,11331,15.2,4,3,3,3,3,4,15,0,0,7,23,2,11,4,6,0,1,0,0.090909091,1,0,2.5,2832.75,0.921797005,0,1.381818182,3.25,0.5,0,0.181818182,0.181818182,0,0,2.875,0,-1,0,0,0.545454545,0,0,0,2,0,0,0,0,0,0,1,0,1,0,1,0,0,0,0,0
43,4,1,9338,15.3,3,5,4,2,4,3,41,0,1,9,37,1,6,5,1,0,1,0,0.2,1,0,1.333333333,3112.666667,0.682840419,0,3.06,3.25,0.957427108,0,0.166666667,0.2,0,0,3.7,0,0,1,0,0.2,0,0,0,2,0,1,0,0,0,0,0,1,0,0,0,1,0,0,0,0
45,12,12,12391,14.5,5,3,4,2,5,3,61,0,1,7,23,1,8,3,5,0,1,0,0.923076923,0,1,2.4,2478.2,0.91004313,0,1.115384615,3.5,1.290994449,0,0.125,0.076923077,1,1,2.875,0,0,0,0,0.384615385,0,1,0,2,0,0,1,0,0,0,0,1,0,1,0,0,1,0,0,0
36,0,0,9139,16.3,3,3,5,4,5,3,44,1,0,33,82,4,2,4,5,0,1,0,0.0,0,0,0.0,3046.333333,0.657424522,0,16.3,4.25,0.957427108,0,2.0,4.0,1,4,2.411764706,1,-1,0,0,5.0,0,1,0,2,1,0,0,0,0,0,0,1,1,0,0,1,0,0,0,0
35,4,2,7334,14.7,2,3,4,2,1,3,43,0,0,13,25,5,7,2,2,0,1,0,0.4,1,0,2.0,3667.0,0.464048673,1,2.94,2.5,1.290994449,0,0.714285714,1.0,0,1,1.785714286,0,1,0,1,0.4,0,1,0,2,1,0,1,0,0,1,0,0,0,0,0,1,0,0,1,0
41,2,2,6815,11.9,2,3,2,3,2,3,64,0,0,40,138,2,8,4,3,0,0,0,0.666666667,0,0,1.0,3407.5,0.513980263,0,3.966666667,2.5,0.577350269,0,0.25,0.666666667,1,1,3.365853659,1,-1,0,0,1.0,0,1,0,3,0,1,0,1,0,0,0,0,1,0,0,1,0,0,0,1
35,7,3,10102,8.0,4,1,3,4,2,5,44,0,0,12,40,4,14,3,2,0,1,0,0.375,1,0,1.75,2525.5,0.883223684,0,1.0,3.5,1.290994449,0,0.285714286,0.5,2,2,3.076923077,0,-2,0,0,0.25,0,0,0,3,1,0,0,1,0,0,0,0,1,0,0,1,0,0,1,0
39,4,0,12278,16.3,3,4,4,5,4,4,34,0,1,6,16,1,14,3,6,0,1,0,0.0,1,0,1.333333333,4092.666667,0.793691703,0,3.26,4.25,0.5,0,0.071428571,0.2,2,2,2.285714286,0,1,1,1,1.2,0,0,0,2,1,0,1,0,1,0,0,0,1,0,0,1,0,0,0,0
42,2,2,7307,14.1,2,2,3,4,3,4,51,0,1,7,17,5,8,5,4,0,0,0,0.666666667,0,0,1.0,3653.5,0.457964602,1,4.7,3.5,0.577350269,0,0.625,1.666666667,2,3,2.125,0,-3,0,0,1.333333333,0,1,0,3,1,1,0,0,0,1,0,0,1,0,0,1,0,0,0,0
20,2,1,7914,14.8,2,3,2,3,3,2,20,0,0,5,10,4,10,3,5,0,1,0,0.333333333,1,0,1.0,3957.0,0.378552398,1,4.933333333,2.5,0.577350269,0,0.4,1.333333333,0,0,1.666666667,0,0,0,0,1.666666667,0,1,0,2,1,1,0,0,0,0,0,0,0,0,0,0,0,0,1,0
32,0,0,8837,17.4,2,4,5,1,3,4,0,1,0,17,42,5,12,3,3,0,0,0,0.0,0,0,0.0,4418.5,0.514209591,0,17.4,3.25,1.707825128,0,0.416666667,5.0,1,3,2.333333333,0,1,1,1,3.0,0,0,0,2,1,0,1,0,0,0,0,0,0,0,1,0,0,0,0,1
30,4,4,10795,19.9,3,5,4,3,5,3,33,0,0,12,44,2,13,4,2,0,1,0,0.8,0,1,1.333333333,3598.333333,0.825631547,0,3.98,3.75,0.957427108,0,0.153846154,0.4,1,1,3.384615385,0,1,1,1,0.4,0,1,0,3,1,0,0,0,0,0,0,1,1,0,1,0,0,0,0,0
38,2,0,6586,15.9,2,3,4,3,4,4,38,0,1,5,17,3,6,3,8,0,0,0,0.0,1,0,1.0,3293.0,0.398086522,1,5.3,3.75,0.5,0,0.5,1.0,1,1,2.833333333,0,0,0,0,2.666666667,1,2,0,2,1,0,0,0,0,0,1,0,0,1,0,1,0,0,0,0
22,4,0,11498,18.5,2,4,4,1,4,5,33,0,0,22,77,1,7,3,9,0,1,0,0.0,1,0,2.0,5749.0,0.730608738,0,3.7,3.5,1.732050808,0,0.142857143,0.2,2,2,3.347826087,1,1,1,1,1.8,1,2,0,3,1,1,0,0,1,0,0,0,1,0,0,0,0,0,0,0
43,2,0,7217,17.9,1,4,3,2,3,2,39,0,1,17,59,7,4,3,3,0,1,0,0.0,1,0,2.0,7217.0,0.197594502,1,5.966666667,2.5,0.577350269,0,1.75,2.333333333,0,1,3.277777778,0,1,1,1,1.0,0,1,0,2,0,1,0,0,1,0,0,0,0,1,0,1,0,0,0,0
42,5,2,11169,14.3,3,4,5,3,3,2,44,1,0,7,33,4,9,2,10,1,1,0,0.333333333,1,0,1.666666667,3723.0,0.851201479,0,2.383333333,3.25,1.258305739,0,0.444444444,0.666666667,0,2,4.125,0,2,1,1,1.666666667,1,1,0,3,0,0,1,0,0,0,0,1,0,1,0,1,0,0,0,0
48,7,0,12899,5.4,4,3,5,1,3,3,1,1,0,7,24,5,7,2,4,0,1,0,0.0,1,0,1.75,3224.75,0.95824115,0,0.675,3.0,1.632993162,0,0.714285714,0.625,1,4,3.0,0,1,0,1,0.5,0,0,0,3,1,1,0,0,0,1,0,0,1,0,0,0,1,0,1,0
25,7,5,8062,16.1,3,4,1,3,4,4,9,1,1,10,36,5,11,4,6,1,1,0,0.625,1,0,2.333333333,2687.333333,0.642262895,0,2.0125,3.0,1.414213562,0,0.454545455,0.625,1,3,3.272727273,0,0,1,0,0.75,0,0,0,2,1,1,0,0,0,0,1,0,1,0,1,0,0,0,0,0
49,8,7,18525,17.3,4,4,4,2,3,3,23,0,0,9,34,4,12,3,9,1,1,0,0.777777778,1,0,2.0,4631.25,0.985027,0,1.922222222,3.0,0.816496581,0,0.333333333,0.444444444,0,0,3.4,0,1,1,1,1.0,1,1,0,4,0,0,0,0,1,0,0,0,1,0,0,0,1,0,0,0
25,1,1,7397,15.7,1,4,4,3,3,2,44,0,0,17,42,2,14,3,2,0,0,0,0.5,0,0,1.0,7397.0,0.541181364,0,7.85,3.0,0.816496581,0,0.142857143,1.0,1,1,2.333333333,0,1,1,1,1.0,0,0,0,4,1,1,0,0,0,0,1,0,1,0,1,0,0,0,0,0
32,4,4,13365,11.5,4,2,2,3,3,3,22,0,1,8,24,6,13,3,2,0,1,0,0.8,0,1,1.0,3341.25,0.903641208,0,2.3,2.75,0.5,0,0.461538462,1.2,0,0,2.666666667,0,-1,0,0,0.4,0,1,0,3,0,1,0,0,0,0,0,0,1,0,1,0,0,0,0,0
24,6,1,8555,17.8,2,4,5,5,4,2,19,0,1,22,76,3,8,4,3,1,0,0,0.142857143,1,0,3.0,4277.5,0.765625,0,2.542857143,4.0,1.414213562,0,0.375,0.428571429,1,1,3.304347826,1,0,1,0,0.428571429,0,1,0,4,1,1,0,1,0,0,0,0,1,0,0,0,0,0,0,0
25,2,1,6312,15.3,2,3,3,5,4,3,35,1,0,10,34,3,12,3,2,0,0,0,0.333333333,1,0,1.0,3156.0,0.351705491,1,5.1,3.75,0.957427108,0,0.25,1.0,1,3,3.090909091,0,0,0,0,0.666666667,0,1,0,1,1,1,0,0,0,0,1,0,1,0,1,0,0,0,0,0
32,3,0,9014,14.1,2,2,1,3,4,3,57,0,1,16,64,4,14,5,7,0,0,0,0.0,1,0,1.5,4507.0,0.440967108,1,3.525,2.75,1.258305739,0,0.285714286,1.0,0,0,3.764705882,1,-3,0,0,1.75,0,2,0,2,0,0,0,0,1,0,0,0,1,0,1,0,0,0,1,0
34,9,6,11028,16.0,4,3,4,5,3,3,0,0,0,15,49,9,12,3,4,0,1,0,0.6,1,1,2.25,2757.0,0.680412371,0,1.6,3.75,0.957427108,0,0.75,0.9,1,2,3.0625,0,0,0,0,0.4,0,1,0,1,0,1,0,0,1,0,0,0,1,0,1,0,0,0,0,0
49,6,6,9460,18.6,3,3,2,2,5,4,76,0,0,11,46,7,3,4,8,0,1,0,0.857142857,0,1,2.0,3153.333333,0.699938386,0,2.657142857,3.25,1.5,0,2.333333333,1.0,2,3,3.833333333,0,-1,0,0,1.142857143,1,2,0,2,1,0,1,0,0,0,0,1,1,0,0,0,1,0,1,0
18,0,0,4685,15.5,1,5,1,2,3,3,52,0,1,12,44,2,8,3,3,0,1,0,0.0,0,0,0.0,4685.0,0.060073937,1,15.5,2.25,0.957427108,1,0.25,2.0,1,1,3.384615385,0,2,1,1,3.0,0,2,0,1,1,0,1,0,0,0,0,1,1,0,0,0,0,0,0,1
26,7,4,11890,13.4,2,3,3,1,4,2,32,0,0,8,21,3,5,3,5,0,0,0,0.5,1,1,3.5,5945.0,0.765832106,0,1.675,2.5,1.290994449,0,0.6,0.375,2,3,2.333333333,0,0,0,0,0.625,0,1,0,3,0,0,1,0,1,0,0,0,1,0,1,0,0,0,0,0
24,4,1,5689,16.6,2,3,1,3,3,4,25,0,0,14,30,6,12,2,5,0,0,0,0.2,1,0,2.0,2844.5,0.25374376,1,3.32,2.75,1.258305739,0,0.5,1.2,1,1,2.0,0,1,0,1,1.0,0,1,0,1,0,0,1,0,0,0,1,0,1,0,0,0,0,0,0,0
24,6,4,12860,17.5,4,3,2,3,4,2,44,0,1,9,29,1,7,2,7,0,1,0,0.571428571,1,1,1.5,3215.0,0.956858407,0,2.5,2.75,0.957427108,0,0.142857143,0.142857143,1,1,2.9,0,1,0,1,1.0,0,1,0,3,1,0,1,0,0,1,0,0,1,0,0,0,0,0,0,0
33,1,0,4950,15.5,2,3,1,5,2,3,53,1,1,6,20,3,12,4,10,0,0,0,0.0,1,0,0.5,2475.0,0.079174368,1,7.75,2.75,1.707825128,0,0.25,1.5,0,2,2.857142857,0,-1,0,0,5.0,1,2,0,1,0,1,0,0,0,0,0,1,1,0,1,0,0,0,1,1
36,4,4,7910,16.7,2,4,4,3,3,5,43,1,0,17,51,5,6,5,7,0,0,0,0.8,0,1,2.0,3955.0,0.62437604,0,3.34,3.75,0.957427108,0,0.833333333,1.0,0,3,2.833333333,0,-1,1,0,1.4,0,1,0,2,0,1,0,0,0,0,1,0,1,0,0,1,0,0,0,0
34,2,1,4977,16.0,1,3,4,4,4,4,23,1,0,17,37,1,17,3,10,0,0,0,0.333333333,1,0,2.0,4977.0,0.141014975,1,5.333333333,4.0,0.0,0,0.058823529,0.333333333,1,3,2.055555556,0,0,0,0,3.333333333,1,2,0,2,1,1,0,0,0,0,1,0,1,0,1,0,0,0,0,0
39,7,7,10714,11.2,3,3,5,3,4,3,58,1,0,7,22,3,5,4,14,0,1,0,0.875,0,1,2.333333333,3571.333333,0.648257241,0,1.4,3.75,0.957427108,0,0.6,0.375,1,4,2.75,0,-1,0,0,1.75,1,2,0,3,1,0,1,0,1,0,0,0,0,0,0,1,0,0,0,0
47,2,2,5698,13.1,2,3,5,2,1,3,57,0,0,4,17,1,16,4,5,0,0,0,0.666666667,0,0,1.0,2849.0,0.309210526,1,4.366666667,2.75,1.707825128,0,0.0625,0.333333333,1,1,3.4,0,-1,0,0,1.666666667,0,1,0,1,1,0,1,1,0,0,0,0,0,0,0,0,1,0,0,0
38,7,7,10208,18.8,3,3,2,4,3,5,29,0,0,17,51,2,8,4,7,0,1,0,0.875,0,1,2.333333333,3402.666667,0.588487973,0,2.35,3.5,1.290994449,0,0.25,0.25,1,1,2.833333333,0,-1,0,0,0.875,0,1,0,2,0,1,0,0,1,0,0,0,1,0,0,1,0,0,0,0
43,7,3,6179,11.8,2,3,4,4,4,3,69,1,0,10,34,5,2,3,4,0,0,0,0.375,1,0,3.5,3089.5,0.399671053,1,1.475,3.75,0.5,0,2.5,0.625,0,3,3.090909091,0,0,0,0,0.5,0,1,0,2,0,1,0,1,0,0,0,0,0,1,0,1,0,0,0,0
34,2,1,8338,19.1,3,3,2,3,3,2,19,0,0,13,27,4,11,4,4,0,1,0,0.333333333,1,0,0.666666667,2779.333333,0.554836722,0,6.366666667,2.5,0.577350269,0,0.363636364,1.333333333,1,1,1.928571429,0,-1,0,0,1.333333333,0,0,0,3,1,0,1,0,0,0,0,1,0,1,1,0,0,0,0,0
42,7,1,8883,17.8,3,4,3,3,5,3,35,0,1,21,67,3,14,4,4,0,1,0,0.125,1,0,2.333333333,2961.0,0.522424512,0,2.225,3.5,1.0,0,0.214285714,0.375,1,1,3.045454545,1,0,1,0,0.5,0,1,0,2,0,1,0,0,0,0,0,0,1,0,0,1,0,0,0,0
37,4,0,6440,12.7,2,3,5,4,3,4,54,0,1,8,29,1,13,3,4,0,1,0,0.0,1,0,2.0,3220.0,0.259088108,1,2.54,4.0,0.816496581,0,0.076923077,0.2,1,1,3.222222222,0,0,0,0,0.8,0,1,0,2,0,0,1,0,0,0,0,1,1,0,0,1,0,0,0,0
41,0,0,9690,11.5,2,4,4,4,4,4,32,0,0,9,30,4,2,5,6,0,1,0,0.0,0,0,0.0,4845.0,0.624777975,0,11.5,4.0,0.0,0,2.0,4.0,1,2,3.0,0,-1,1,0,6.0,0,0,0,3,0,1,0,0,0,0,0,0,1,0,0,1,0,0,0,0
32,14,4,11253,13.7,3,4,2,2,2,5,17,1,0,1,5,6,4,3,5,1,1,0,0.266666667,1,0,4.666666667,3751.0,0.85767098,0,0.913333333,2.75,1.5,0,1.5,0.4,1,4,2.5,0,1,1,1,0.333333333,0,0,0,3,1,1,0,0,0,0,0,1,1,0,1,0,0,0,0,0
23,2,2,6767,25.3,1,5,5,4,5,3,24,0,1,11,34,8,5,4,3,0,0,0,0.666666667,0,0,2.0,6767.0,0.143716249,1,8.433333333,4.25,0.957427108,0,1.6,2.666666667,1,2,2.833333333,0,1,1,1,1.0,0,1,0,3,1,0,1,0,1,0,0,0,0,1,0,0,0,0,0,0
34,5,2,8443,19.8,2,5,4,4,2,2,36,0,1,11,33,6,5,3,8,1,1,0,0.333333333,1,0,2.5,4221.5,0.455150977,1,3.3,3.0,1.154700538,0,1.2,1.0,0,1,2.75,0,2,1,1,1.333333333,1,2,0,2,0,1,0,0,0,0,0,0,0,1,1,0,0,0,0,0
47,3,1,5967,18.8,1,4,3,5,3,5,54,0,0,22,49,3,5,3,5,0,0,0,0.25,1,0,3.0,5967.0,0.193468885,1,4.7,4.0,1.154700538,0,0.6,0.75,1,2,2.130434783,0,1,1,1,1.25,0,1,0,2,0,0,0,0,0,0,0,1,1,0,0,0,1,0,0,0
59,4,4,9862,17.4,3,4,3,5,4,5,41,0,0,16,36,2,7,3,3,0,1,1,0.8,0,1,1.333333333,3287.333333,0.73736907,0,3.48,4.25,0.957427108,0,0.285714286,0.4,0,0,2.117647059,0,1,1,1,0.6,0,1,0,3,0,1,0,0,0,0,0,1,0,1,0,0,0,1,0,0
33,4,3,6263,18.5,3,5,2,4,5,3,4,1,0,25,104,4,12,2,11,0,1,0,0.6,1,0,1.333333333,2087.666667,0.276272124,1,3.7,3.5,1.290994449,0,0.333333333,0.8,1,3,4.0,1,3,1,1,2.2,1,3,0,1,0,0,1,0,0,1,0,0,1,0,1,0,0,0,1,1
26,6,1,6598,9.9,1,1,1,5,2,4,88,0,0,12,43,7,9,2,3,0,1,0,0.142857143,1,0,6.0,6598.0,0.28034504,1,1.414285714,3.0,1.825741858,0,0.777777778,1.0,0,1,3.307692308,0,-1,0,0,0.428571429,0,1,0,2,1,0,1,0,0,0,0,1,0,0,1,0,0,0,1,0
28,4,2,4777,3.8,1,2,3,3,1,1,42,0,0,16,38,4,14,2,7,0,0,0,0.4,1,0,4.0,4777.0,0.115224626,1,0.76,2.0,1.154700538,1,0.285714286,0.8,1,1,2.235294118,0,0,0,0,1.4,0,2,0,2,0,0,0,0,0,0,1,0,1,0,1,0,0,0,0,1
47,2,2,4736,17.0,1,3,2,4,1,3,48,1,0,27,103,3,2,4,8,0,0,0,0.666666667,0,0,2.0,4736.0,0.015218459,1,5.666666667,2.5,1.290994449,0,1.5,1.0,1,4,3.678571429,1,-1,0,0,2.666666667,1,3,0,1,0,0,1,0,1,0,0,0,0,1,0,0,1,0,0,1
32,3,3,8500,16.9,3,4,5,3,2,4,23,1,0,22,82,3,7,3,6,0,1,0,0.75,0,0,1.0,2833.333333,0.577017868,0,4.225,3.5,1.290994449,0,0.428571429,0.75,1,3,3.565217391,1,1,1,1,1.5,0,1,0,2,1,1,0,0,0,0,0,1,0,1,1,0,0,0,0,0
37,2,0,11324,21.4,3,5,4,4,1,3,45,1,1,5,13,5,7,3,8,0,1,0,0.0,1,0,0.666666667,3774.666667,0.860443623,0,7.133333333,3.0,1.414213562,0,0.714285714,1.666666667,0,3,2.166666667,0,2,1,1,2.666666667,1,1,0,3,0,1,0,0,0,0,0,1,1,0,0,1,0,0,0,0
38,1,1,8261,16.6,2,3,3,3,3,5,17,0,0,11,26,2,8,4,4,0,1,0,0.5,0,0,0.5,4130.5,0.335419735,1,8.3,3.5,1.0,0,0.25,1.0,2,2,2.166666667,0,-1,0,0,2.0,0,1,0,2,0,0,1,0,1,0,0,0,1,0,0,1,0,0,0,0
25,2,2,9970,16.8,4,3,2,2,3,4,34,1,0,1,5,5,10,2,6,0,1,0,0.666666667,0,0,0.5,2492.5,0.750154036,0,5.6,2.75,0.957427108,0,0.5,1.666666667,0,2,2.5,0,1,0,1,2.0,0,0,0,2,1,0,1,0,0,0,0,1,1,0,1,0,0,0,1,1
36,1,0,7662,15.1,2,3,3,3,3,1,30,0,0,9,30,3,7,4,8,0,0,0,0.0,1,0,0.5,3831.0,0.647203947,0,7.55,2.5,1.0,0,0.428571429,1.5,0,0,3.0,0,-1,0,0,4.0,1,1,0,3,1,1,0,1,0,0,0,0,0,1,0,1,0,0,0,0
53,5,4,12451,18.1,3,3,3,3,3,2,37,0,1,20,54,9,10,2,7,0,1,1,0.666666667,1,1,1.666666667,4150.333333,0.91219963,0,3.016666667,2.75,0.5,0,0.9,1.5,1,2,2.571428571,0,1,0,1,1.166666667,0,1,0,4,1,1,0,0,0,0,0,1,1,0,0,0,1,0,0,0
32,4,1,9743,10.5,3,2,4,5,1,4,79,0,1,23,86,5,7,3,6,0,1,0,0.2,1,0,1.333333333,3247.666667,0.63321492,0,2.1,3.5,1.732050808,0,0.714285714,1.0,1,2,3.583333333,1,-1,0,0,1.2,0,1,0,3,1,0,1,0,0,0,0,0,1,0,1,0,0,0,0,0
42,0,0,5781,18.6,1,4,5,2,4,5,41,0,0,6,18,4,13,5,5,0,1,0,0.0,0,0,0.0,5781.0,0.061119293,1,18.6,4.0,1.414213562,0,0.307692308,4.0,1,1,2.571428571,0,-1,1,0,5.0,0,1,0,2,1,1,0,0,1,0,0,0,1,0,0,1,0,0,0,0
18,0,0,4640,6.8,1,2,3,3,3,2,45,0,0,30,85,4,5,4,5,0,0,0,0.0,0,0,0.0,4640.0,0.145970395,1,6.8,2.75,0.5,0,0.8,4.0,1,2,2.741935484,1,-2,0,0,5.0,0,2,0,1,0,1,0,1,0,0,0,0,0,0,0,0,0,0,0,0
26,8,3,7329,14.5,2,4,2,3,2,3,26,1,1,16,35,4,4,4,3,0,0,0,0.333333333,1,0,4.0,3664.5,0.462665929,1,1.611111111,2.5,0.577350269,0,1.0,0.444444444,1,4,2.058823529,0,0,1,0,0.333333333,0,1,0,2,0,1,0,0,0,1,0,0,0,1,1,0,0,0,0,1
42,3,1,11041,14.8,2,3,3,2,1,2,15,1,0,12,48,4,5,3,5,0,0,0,0.25,1,0,1.5,5520.5,0.682130584,0,3.7,2.0,0.816496581,1,0.8,1.0,0,3,3.692307692,0,0,0,0,1.25,0,1,1,4,1,1,0,0,1,0,0,0,0,0,0,1,0,0,1,1
29,1,1,4340,13.1,2,3,3,3,1,3,41,1,0,5,20,2,6,3,12,0,0,0,0.5,0,0,0.5,2170.0,0.013765542,1,6.55,2.5,1.0,0,0.333333333,1.0,1,3,3.333333333,0,0,0,0,6.0,1,2,0,1,0,1,0,0,0,0,0,0,0,0,1,0,0,0,1,1
32,14,14,13277,16.0,5,2,3,3,2,4,39,0,0,15,52,3,4,3,2,0,1,0,0.933333333,0,1,2.8,2655.4,0.938077634,0,1.066666667,3.0,0.816496581,0,0.75,0.2,1,2,3.25,0,-1,0,0,0.133333333,0,1,0,2,1,0,1,0,0,0,0,1,1,0,1,0,0,0,0,0
31,0,0,5501,13.2,1,3,4,4,2,3,3,0,0,7,25,1,7,2,6,0,0,0,0.0,0,0,0.0,5501.0,0.272615132,1,13.2,3.25,0.957427108,0,0.142857143,1.0,1,1,3.125,0,1,0,1,6.0,0,1,0,3,1,1,0,1,0,0,0,0,1,0,1,0,0,0,1,0
40,4,3,4709,14.0,1,1,4,3,4,3,32,1,1,6,26,2,5,3,8,0,0,0,0.6,1,0,4.0,4709.0,0.014236622,1,2.8,3.5,0.577350269,0,0.4,0.4,0,2,3.714285714,0,-2,0,0,1.6,1,2,0,1,0,1,0,0,1,0,0,0,0,1,0,1,0,0,1,0
42,1,1,5900,13.2,2,3,5,3,3,3,36,0,1,8,24,5,9,4,4,0,1,0,0.5,0,0,0.5,2950.0,0.292013311,1,6.6,3.5,1.0,0,0.555555556,2.5,1,2,2.666666667,0,-1,0,0,2.0,0,1,0,3,1,1,0,0,0,0,1,0,1,0,0,1,0,0,0,0
28,10,5,10028,17.8,4,4,4,4,3,3,33,0,0,2,8,6,9,3,5,1,1,0,0.454545455,1,0,2.5,2507.0,0.754775108,0,1.618181818,3.5,0.577350269,0,0.666666667,0.545454545,2,3,2.666666667,0,1,1,1,0.454545455,0,0,0,1,0,0,1,0,0,0,0,1,1,0,1,0,0,0,0,0
28,0,0,5452,11.5,1,3,2,5,3,4,62,0,0,21,45,3,8,3,5,0,1,0,0.0,0,0,0.0,5452.0,0.214642263,1,11.5,3.5,1.290994449,0,0.375,3.0,2,2,2.045454545,0,0,0,0,5.0,0,1,0,2,1,0,0,0,0,0,1,0,0,1,1,0,0,0,0,0
31,1,0,5274,16.3,2,3,3,4,2,5,33,0,0,13,50,3,7,4,8,0,1,0,0.0,1,0,0.5,2637.0,0.233552632,1,8.15,3.5,1.290994449,0,0.428571429,1.5,1,1,3.571428571,0,-1,0,0,4.0,1,2,0,2,1,1,0,1,0,0,0,0,0,0,1,0,0,0,0,0
36,1,1,6915,17.7,2,4,3,3,4,4,21,0,1,11,44,1,10,4,4,0,0,0,0.5,0,0,0.5,3457.5,0.533717105,0,8.85,3.5,0.577350269,0,0.1,0.5,0,0,3.666666667,0,0,1,0,2.0,0,0,0,3,1,1,0,1,0,0,0,0,0,1,0,1,0,0,0,0
25,7,2,8568,14.4,2,4,4,1,4,3,66,0,1,30,108,5,12,3,6,0,1,0,0.25,1,0,3.5,4284.0,0.584565619,0,1.8,3.0,1.414213562,0,0.416666667,0.625,0,0,3.483870968,1,1,1,1,0.75,0,1,0,2,0,0,0,0,0,0,0,1,1,0,1,0,0,0,0,0
39,1,1,7671,16.7,3,3,3,1,2,2,0,1,0,21,56,5,2,2,6,0,1,0,0.5,0,0,0.333333333,2557.0,0.452711029,1,8.35,2.0,0.816496581,1,2.5,2.5,1,4,2.545454545,0,1,0,1,3.0,0,2,1,2,0,1,0,0,0,0,0,1,0,0,0,1,0,0,1,1
38,3,1,13326,15.5,4,4,4,5,3,3,30,0,1,22,86,4,13,3,13,0,1,0,0.25,1,0,0.75,3331.5,0.856651939,0,3.875,3.75,0.957427108,0,0.307692308,1.0,1,1,3.739130435,1,1,1,1,3.25,1,2,0,2,0,0,1,0,1,0,0,0,1,0,0,1,0,0,0,0
36,2,0,5444,12.1,2,3,3,1,4,2,57,1,1,3,5,5,11,5,5,0,0,0,0.0,1,0,1.0,2722.0,0.212146423,1,4.033333333,2.5,1.290994449,0,0.454545455,1.666666667,1,3,1.25,0,-2,0,0,1.666666667,0,1,0,1,1,1,0,0,0,0,1,0,1,0,0,1,0,0,1,1
38,1,1,6169,12.1,2,3,3,5,1,3,19,1,0,1,5,7,7,2,8,0,0,0,0.5,0,0,0.5,3084.5,0.220271103,1,6.05,3.0,1.632993162,0,1.0,3.5,2,5,2.5,0,1,0,1,4.0,1,2,0,2,1,0,0,0,0,0,0,1,1,0,0,1,0,0,1,1
25,0,0,7921,15.7,2,3,3,3,3,5,34,1,0,20,64,2,6,4,6,0,1,0,0.0,0,0,0.0,3960.5,0.287432499,1,15.7,3.5,1.0,0,0.333333333,2.0,1,3,3.047619048,1,-1,0,0,6.0,0,2,0,1,1,1,0,0,1,0,0,0,0,1,1,0,0,0,0,0
36,1,0,14234,16.6,3,4,4,2,5,4,29,0,0,8,28,9,8,3,6,0,1,0,0.0,1,0,0.333333333,4744.666667,0.896907216,0,8.3,3.75,1.258305739,0,1.125,4.5,1,2,3.111111111,0,1,1,1,3.0,0,0,0,4,0,0,1,0,1,0,0,0,1,0,0,1,0,0,0,0
40,6,0,11187,13.5,3,3,4,4,2,1,31,0,0,9,39,2,6,3,2,0,1,0,0.0,1,0,2.0,3729.0,0.700294551,0,1.928571429,2.75,1.5,0,0.333333333,0.285714286,1,1,3.9,0,0,0,0,0.285714286,0,0,0,2,1,0,1,0,1,0,0,0,1,0,0,1,0,0,0,0
23,5,0,11965,16.0,2,3,3,3,5,3,39,1,0,18,72,4,4,4,10,0,1,0,0.0,1,0,2.5,5982.5,0.771723122,0,2.666666667,3.5,1.0,0,1.0,0.666666667,0,3,3.789473684,1,-1,0,0,1.666666667,1,2,0,4,1,1,0,0,1,0,0,0,1,0,0,0,0,0,0,0
39,1,0,6261,16.4,1,4,2,3,4,2,36,0,0,39,147,11,10,3,4,0,0,0,0.0,1,0,1.0,6261.0,0.096097202,1,8.2,2.75,0.957427108,0,1.1,5.5,1,2,3.675,1,1,1,1,2.0,0,2,0,2,1,1,0,0,1,0,0,0,1,0,0,1,0,0,0,1
41,2,0,8127,17.7,2,3,3,2,4,3,12,1,0,9,24,7,7,2,8,0,0,0,0.0,1,0,1.0,4063.5,0.516173752,0,5.9,3.0,0.816496581,0,1.0,2.333333333,1,4,2.4,0,1,0,1,2.666666667,1,1,0,3,1,1,0,0,0,0,0,1,1,0,0,1,0,0,1,1
26,8,2,9751,11.3,3,5,3,3,4,3,62,0,0,11,33,7,10,3,4,1,1,0,0.222222222,1,0,2.666666667,3250.333333,0.635213144,0,1.255555556,3.25,0.5,0,0.7,0.777777778,1,2,2.75,0,2,1,1,0.444444444,0,0,0,2,1,0,1,0,0,0,0,0,0,0,1,0,0,0,0,0
53,16,11,11495,16.4,5,4,3,4,3,3,37,0,1,12,46,5,2,4,3,0,1,1,0.647058824,1,1,3.2,2299.0,0.905973451,0,0.964705882,3.25,0.5,0,2.5,0.294117647,2,3,3.538461538,0,0,1,0,0.176470588,0,1,0,1,0,1,0,0,0,1,0,0,1,0,0,0,1,0,0,0
21,3,3,7009,18.7,1,5,3,2,4,3,32,0,0,22,82,4,5,4,5,0,0,0,0.75,0,0,3.0,7009.0,0.402654867,1,4.675,3.0,0.816496581,0,0.8,1.0,1,2,3.565217391,1,1,1,1,1.25,0,2,0,3,1,1,0,0,0,1,0,0,1,0,0,0,0,0,0,0
38,5,1,7520,16.2,3,3,3,4,3,2,5,1,1,18,79,4,11,3,10,0,1,0,0.166666667,1,0,1.666666667,2506.666667,0.319271758,1,2.7,3.0,0.816496581,0,0.363636364,0.666666667,1,3,4.157894737,1,0,0,0,1.666666667,1,3,0,1,1,1,0,0,0,0,0,0,1,0,0,1,0,0,1,0
27,3,1,6873,14.2,1,3,5,2,3,3,50,1,0,3,5,1,7,3,5,0,0,0,0.25,1,0,3.0,6873.0,0.157584683,1,3.55,3.25,1.258305739,0,0.142857143,0.25,0,2,1.25,0,0,0,0,1.25,0,1,0,3,1,1,0,0,1,0,0,0,0,0,1,0,0,0,1,0
43,1,0,5463,16.5,1,5,1,4,3,3,5,0,1,5,22,6,10,3,6,0,0,0,0.0,1,0,1.0,5463.0,0.041482572,1,8.25,2.75,1.258305739,0,0.6,3.0,2,3,3.666666667,0,2,1,1,3.0,0,1,0,1,0,0,1,0,1,0,0,0,1,0,0,1,0,0,0,1
30,1,1,8934,12.4,3,2,3,3,4,2,32,0,1,3,11,2,8,4,3,0,1,0,0.5,0,0,0.333333333,2978.0,0.427589593,1,6.2,3.0,0.816496581,0,0.25,1.0,1,1,2.75,0,-2,0,0,1.5,0,1,0,1,1,0,0,0,1,0,0,0,1,0,1,0,0,0,1,0
23,5,1,11398,14.2,3,3,1,3,2,3,0,0,0,24,74,3,9,4,6,0,1,0,0.166666667,1,0,1.666666667,3799.333333,0.721772214,0,2.366666667,2.25,0.957427108,1,0.333333333,0.5,1,1,2.96,1,-1,0,0,1.0,0,2,0,2,1,1,0,0,1,0,0,0,1,0,0,0,0,0,0,0
25,6,5,9980,16.0,4,3,4,4,3,4,33,0,0,8,23,5,5,5,4,0,1,0,0.714285714,1,1,1.5,2495.0,0.662300178,0,2.285714286,3.75,0.5,0,1.0,0.714285714,0,1,2.555555556,0,-2,0,0,0.571428571,0,1,0,2,0,1,0,0,0,0,0,0,1,0,1,0,0,0,0,0
38,1,0,4776,19.0,1,3,3,2,5,3,40,1,1,12,44,7,9,3,4,0,0,0,0.0,1,0,1.0,4776.0,0.114808652,1,9.5,3.25,1.258305739,0,0.777777778,3.5,1,4,3.384615385,0,0,0,0,2.0,0,1,0,2,1,0,0,0,0,0,1,0,1,0,0,1,0,0,1,0
34,12,0,13428,16.9,4,3,4,4,1,4,30,0,0,16,51,5,9,4,5,0,1,0,0.0,1,0,3.0,3357.0,0.861561119,0,1.3,3.25,1.5,0,0.555555556,0.384615385,1,2,3.0,0,-1,0,0,0.384615385,0,0,0,2,1,1,0,0,1,0,0,0,1,0,1,0,0,0,0,0
40,3,2,7388,12.9,2,3,2,1,2,3,20,1,0,18,46,5,7,2,8,0,0,0,0.5,1,0,1.5,3694.0,0.40680838,1,3.225,2.0,0.816496581,1,0.714285714,1.25,0,3,2.421052632,0,1,0,1,2.0,1,3,1,2,0,0,1,0,0,0,0,1,1,0,0,1,0,0,1,1
41,0,0,5764,15.4,2,3,4,3,3,3,57,1,1,12,43,1,6,2,2,0,1,0,0.0,0,0,0.0,2882.0,0.209070796,1,15.4,3.25,0.5,0,0.166666667,1.0,0,2,3.307692308,0,1,0,1,2.0,0,1,0,2,1,0,1,0,0,1,0,0,1,0,0,1,0,0,0,0
20,2,2,5798,16.4,2,3,4,3,4,3,12,0,0,32,132,3,17,4,6,0,0,0,0.666666667,0,0,1.0,2899.0,0.171903882,1,5.466666667,3.5,0.577350269,0,0.176470588,1.0,2,2,4.0,1,-1,0,0,2.0,0,2,0,2,1,1,0,0,0,0,0,1,1,0,0,0,0,0,0,0
43,14,5,9590,9.9,4,2,3,3,4,3,21,1,1,23,51,3,11,3,7,0,1,0,0.333333333,1,1,3.5,2397.5,0.715033888,0,0.66,3.25,0.5,0,0.272727273,0.2,1,3,2.125,0,-1,0,0,0.466666667,0,1,0,1,1,0,0,0,0,0,0,1,1,0,0,1,0,0,0,0
36,8,5,11206,12.8,2,3,3,2,2,4,48,1,0,20,53,2,2,3,5,0,0,0,0.555555556,1,1,4.0,5603.0,0.702258223,0,1.422222222,2.75,0.957427108,0,1.0,0.222222222,1,4,2.523809524,0,0,0,0,0.555555556,0,1,0,3,1,0,1,0,1,0,0,0,1,0,0,1,0,0,1,0
45,4,0,7613,18.0,3,3,2,3,4,2,52,1,1,3,11,3,9,3,11,0,1,0,0.0,1,0,1.333333333,2537.666667,0.576331115,0,3.6,2.75,0.957427108,0,0.333333333,0.6,2,4,2.75,0,0,0,0,2.2,1,1,0,1,1,0,1,0,0,0,1,0,0,0,0,0,1,0,1,0
49,5,0,7279,19.7,1,5,3,2,2,4,79,1,0,7,15,3,6,2,3,0,0,0,0.0,1,0,5.0,7279.0,0.203976436,1,3.283333333,2.75,0.957427108,0,0.5,0.5,0,2,1.875,0,3,1,1,0.5,0,1,0,2,1,1,0,0,1,0,0,0,1,0,0,0,1,0,1,0
41,1,1,6430,11.2,1,2,1,5,3,4,20,1,1,25,90,7,2,3,6,0,0,0,0.5,0,0,1.0,6430.0,0.108001964,1,5.6,3.25,1.707825128,0,3.5,3.5,1,4,3.461538462,1,-1,0,0,3.0,0,2,0,2,1,0,1,0,1,0,0,0,1,0,0,1,0,0,0,1
43,11,10,10489,11.4,4,2,2,2,3,3,32,0,0,2,5,5,8,3,6,0,1,0,0.833333333,1,1,2.75,2622.25,0.719360568,0,0.95,2.5,0.577350269,0,0.625,0.416666667,1,2,1.666666667,0,-1,0,0,0.5,0,1,0,1,1,1,0,0,0,0,0,0,1,0,0,1,0,0,0,0
27,8,1,8205,9.8,2,3,2,4,1,4,41,1,1,12,37,3,15,2,7,0,0,0,0.111111111,1,0,4.0,4102.5,0.419626998,1,1.088888889,2.75,1.5,0,0.2,0.333333333,1,3,2.846153846,0,1,0,1,0.777777778,0,1,0,2,1,1,0,0,0,0,0,0,1,0,1,0,0,0,0,1
39,6,5,13652,20.7,4,5,3,4,3,2,36,0,1,19,57,7,8,3,6,0,1,0,0.714285714,1,1,1.5,3413.0,0.871747668,0,2.957142857,3.0,0.816496581,0,0.875,1.0,1,2,2.85,0,2,1,1,0.857142857,0,1,0,2,1,1,0,0,1,0,0,0,1,0,0,1,0,0,0,0
32,11,3,12621,16.9,5,4,4,5,4,5,39,0,1,11,27,4,6,3,8,1,1,0,0.25,1,0,2.2,2524.2,0.919285274,0,1.408333333,4.5,0.577350269,0,0.666666667,0.333333333,1,2,2.25,0,1,1,1,0.666666667,1,1,0,2,0,0,0,0,0,0,0,1,1,0,1,0,0,0,0,0
39,8,0,12031,17.5,4,3,2,3,4,3,45,0,0,14,54,2,4,5,6,0,1,0,0.0,1,0,2.0,3007.75,0.8330373,0,1.944444444,3.0,0.816496581,0,0.5,0.222222222,1,1,3.6,0,-2,0,0,0.666666667,0,0,0,2,1,0,1,0,0,0,0,0,1,0,0,1,0,0,0,0
40,4,4,10604,16.2,2,3,4,4,3,3,37,0,0,5,22,1,5,2,2,0,1,0,0.8,0,1,2.0,5302.0,0.638438881,0,3.24,3.5,0.577350269,0,0.2,0.2,1,1,3.666666667,0,1,0,1,0.4,0,1,0,4,1,0,1,0,1,0,0,0,1,0,0,1,0,0,0,0
48,0,0,4525,11.9,1,3,2,4,3,4,35,0,0,19,41,2,7,4,4,0,1,0,0.0,0,0,0.0,4525.0,0.011536573,1,11.9,3.25,0.957427108,0,0.285714286,2.0,1,1,2.05,0,-1,0,0,4.0,0,1,0,1,0,0,1,0,1,0,0,0,1,0,0,0,1,0,0,0
38,2,2,3084,15.7,2,3,4,3,5,4,62,1,1,21,56,6,7,4,10,0,0,0,0.666666667,0,0,1.0,1542.0,0.005530973,1,5.233333333,4.0,0.816496581,0,0.857142857,2.0,1,4,2.545454545,0,-1,0,0,3.333333333,1,2,0,1,1,1,0,0,0,1,0,0,1,0,0,1,0,0,0,0
29,1,1,4159,17.0,1,4,4,2,3,3,40,0,1,15,53,7,9,1,2,0,0,0,0.5,0,0,1.0,4159.0,0.005891016,1,8.5,3.0,0.816496581,0,0.777777778,3.5,1,2,3.3125,0,3,1,1,1.0,0,1,0,1,1,0,1,0,1,0,0,0,0,0,1,0,0,0,0,0
46,0,0,3723,12.1,1,2,4,3,2,3,28,0,0,8,24,3,7,2,6,0,0,0,0.0,0,0,0.0,3723.0,0.055098684,1,12.1,3.0,0.816496581,0,0.428571429,3.0,0,0,2.666666667,0,0,0,0,6.0,0,1,0,2,0,0,0,1,0,0,0,0,1,0,0,0,1,0,0,0
39,8,3,10519,17.1,3,3,2,4,3,3,1,1,1,2,6,2,2,4,8,0,1,0,0.333333333,1,0,2.666666667,3506.333333,0.8034504,0,1.9,3.0,0.816496581,0,1.0,0.222222222,0,3,2.0,0,-1,0,0,0.888888889,1,1,0,3,0,1,0,0,0,0,0,1,1,0,0,1,0,0,1,0
35,3,2,12410,16.3,2,5,1,3,5,5,22,0,0,8,29,4,5,4,10,0,0,0,0.5,1,0,1.5,6205.0,0.856571936,0,4.075,3.5,1.914854216,0,0.8,1.0,1,2,3.222222222,0,1,1,1,2.5,1,1,0,4,1,0,1,0,0,0,0,0,1,0,0,1,0,0,0,0
36,1,1,12630,10.9,3,4,4,3,4,4,30,0,0,14,33,3,7,4,5,0,1,0,0.5,0,0,0.333333333,4210.0,0.816396662,0,5.45,3.75,0.5,0,0.428571429,1.5,1,1,2.2,0,0,1,0,2.5,0,0,0,3,1,0,0,0,1,0,0,0,0,0,0,1,0,0,0,0
45,4,0,14329,12.1,3,4,4,3,3,4,49,0,1,6,22,4,2,3,1,0,1,0,0.0,1,0,1.333333333,4776.333333,0.90108002,0,2.42,3.5,0.577350269,0,2.0,0.8,0,1,3.142857143,0,1,1,1,0.2,0,0,0,3,0,0,0,0,1,0,0,0,0,1,0,0,1,0,0,0
28,5,0,5368,10.8,3,3,4,3,2,3,52,0,0,5,18,6,7,4,5,0,1,0,0.0,1,0,1.666666667,1789.333333,0.252467105,1,1.8,3.0,0.816496581,0,0.857142857,1.0,1,2,3.0,0,-1,0,0,0.833333333,0,1,0,1,1,0,1,1,0,0,0,0,1,0,1,0,0,0,0,0
30,3,2,9702,10.9,3,3,3,3,4,4,34,0,1,11,42,4,9,4,5,0,1,0,0.5,1,0,1.0,3234.0,0.783185841,0,2.725,3.5,0.577350269,0,0.444444444,1.0,1,1,3.5,0,-1,0,0,1.25,0,0,0,2,1,0,1,0,0,1,0,0,1,0,1,0,0,0,0,0
26,1,0,5782,14.8,2,3,2,3,5,4,2,0,0,14,23,4,10,3,2,0,0,0,0.0,1,0,0.5,2891.0,0.211836283,1,7.4,3.5,1.290994449,0,0.4,2.0,0,0,1.533333333,0,0,0,0,1.0,0,1,0,3,0,0,1,0,0,1,0,0,1,0,1,0,0,0,0,0
40,4,2,7044,10.0,1,5,3,5,1,3,33,0,0,23,73,4,6,3,4,0,0,0,0.4,1,0,4.0,7044.0,0.341651263,1,2.0,3.0,1.632993162,0,0.666666667,0.8,1,2,3.041666667,1,2,1,1,0.8,0,2,0,3,0,0,0,0,0,0,0,1,1,0,0,1,0,0,0,0
24,1,0,4981,19.4,1,3,5,4,5,4,30,0,1,9,27,3,2,4,6,0,0,0,0.0,1,0,1.0,4981.0,0.043072824,1,9.7,4.5,0.577350269,0,1.5,1.5,0,1,2.7,0,-1,0,0,3.0,0,1,0,1,1,1,0,0,0,0,0,0,1,0,0,0,0,0,0,0
36,11,9,8731,18.9,3,3,1,2,4,4,60,0,0,29,83,9,10,1,4,0,1,0,0.75,1,1,3.666666667,2910.333333,0.605360444,0,1.575,2.75,1.5,0,0.9,0.75,1,2,2.766666667,1,2,0,1,0.333333333,0,2,0,2,0,1,0,0,0,0,0,1,1,0,0,1,0,0,1,0
45,0,0,8883,14.0,3,3,4,1,3,5,58,0,1,6,24,3,13,4,4,0,1,0,0.0,0,0,0.0,2961.0,0.522424512,0,14.0,3.25,1.707825128,0,0.230769231,3.0,2,2,3.428571429,0,-1,0,0,4.0,0,0,0,1,0,1,0,0,0,0,0,0,1,0,0,0,1,0,0,0
37,16,1,15433,15.8,4,4,4,3,3,3,0,1,1,6,22,7,5,2,8,1,1,0,0.058823529,1,0,4.0,3858.25,0.979359211,0,0.929411765,3.25,0.5,0,1.4,0.411764706,0,3,3.142857143,0,2,1,1,0.470588235,1,1,0,3,0,0,1,0,0,0,0,1,0,1,0,1,0,0,0,0
36,3,3,9767,9.0,2,3,4,2,3,3,35,0,1,9,35,7,9,4,5,0,0,0,0.75,0,0,1.5,4883.5,0.53706431,0,2.25,3.0,0.816496581,0,0.777777778,1.75,0,1,3.5,0,-1,0,0,1.25,0,0,0,2,1,1,0,0,1,0,0,0,1,0,0,1,0,0,0,0
31,7,1,10205,19.2,3,4,3,3,4,2,7,0,0,13,48,8,18,2,7,0,1,0,0.125,1,0,2.333333333,3401.666667,0.774799754,0,2.4,3.0,0.816496581,0,0.444444444,1.0,2,2,3.428571429,0,2,1,1,0.875,0,0,0,2,0,0,1,0,0,0,0,1,1,0,1,0,0,0,0,0
40,1,1,11245,19.5,3,4,4,4,3,3,49,1,1,15,37,9,10,2,7,0,1,0,0.5,0,0,0.333333333,3748.333333,0.857362908,0,9.75,3.5,0.577350269,0,0.9,4.5,1,4,2.3125,0,2,1,1,3.5,0,0,0,3,1,0,1,0,0,0,0,1,0,1,0,1,0,0,0,0
21,1,0,7433,14.6,3,4,1,3,5,3,41,0,0,6,12,3,12,4,4,0,1,0,0.0,1,0,0.333333333,2477.666667,0.621710526,0,7.3,3.0,1.632993162,0,0.25,1.5,2,2,1.714285714,0,0,1,0,2.0,0,0,0,1,0,1,0,1,0,0,0,0,1,0,0,0,0,0,0,0
41,0,0,8566,18.1,2,4,1,3,3,4,23,0,0,20,85,1,9,4,9,0,0,0,0.0,0,0,0.0,4283.0,0.37874325,1,18.1,2.75,1.258305739,0,0.111111111,1.0,0,0,4.047619048,1,0,1,0,9.0,1,3,0,2,1,0,1,0,1,0,0,0,1,0,0,1,0,0,0,1
28,3,3,12408,14.3,3,4,5,3,1,3,43,1,1,12,49,4,10,4,5,0,1,0,0.75,0,0,1.0,4136.0,0.801669121,0,3.575,3.0,1.632993162,0,0.4,1.0,2,4,3.769230769,0,0,1,0,1.25,0,0,0,3,0,0,1,0,1,0,0,0,1,0,1,0,0,0,0,0
60,2,2,5097,16.6,2,3,3,3,3,5,25,0,1,17,61,5,2,2,3,0,1,1,0.666666667,0,0,1.0,2548.5,0.158485857,1,5.533333333,3.5,1.0,0,2.5,1.666666667,1,2,3.388888889,1,1,0,1,1.0,0,2,0,2,1,0,1,0,0,0,1,0,1,0,0,0,0,1,0,0
49,4,4,6318,15.2,1,2,4,4,3,3,37,1,0,21,68,2,12,3,5,0,0,0,0.8,0,1,4.0,6318.0,0.1669627,1,3.04,3.5,0.577350269,0,0.166666667,0.4,0,2,3.090909091,1,-1,0,0,1.0,0,3,0,3,1,1,0,0,0,0,0,0,1,0,0,0,1,0,0,0
38,1,1,7307,8.0,1,3,2,3,2,3,41,1,1,14,40,5,16,3,9,0,0,0,0.5,0,0,1.0,7307.0,0.207167403,1,4.0,2.5,0.577350269,0,0.3125,2.5,1,3,2.666666667,0,0,0,0,4.5,1,2,0,3,0,1,0,0,1,0,0,0,1,0,0,1,0,0,1,1
37,0,0,7675,16.4,1,3,1,2,4,2,30,0,1,10,28,5,10,3,5,0,0,0,0.0,0,0,0.0,7675.0,0.254540992,1,16.4,2.25,1.258305739,1,0.5,5.0,0,0,2.545454545,0,0,0,0,5.0,0,2,0,3,0,1,0,0,1,0,0,0,1,0,0,1,0,0,1,1
45,4,1,8373,14.4,3,2,2,2,2,4,23,0,0,14,43,4,8,4,4,0,1,0,0.2,1,0,1.333333333,2791.0,0.56069008,0,2.88,2.5,1.0,0,0.5,0.8,0,0,2.866666667,0,-2,0,0,0.8,0,0,0,1,1,1,0,0,0,0,0,1,1,0,0,0,1,0,0,0
35,1,1,4691,18.4,1,3,4,3,4,1,38,0,1,19,47,4,9,2,4,0,0,0,0.5,0,0,1.0,4691.0,0.104825291,1,9.2,3.0,1.414213562,0,0.444444444,2.0,1,1,2.35,0,1,0,1,2.0,0,1,0,2,0,1,0,0,0,0,1,0,1,0,0,1,0,0,1,0
33,1,0,5368,7.3,1,3,4,4,2,5,61,1,0,10,40,4,10,4,8,0,1,0,0.0,1,0,1.0,5368.0,0.124768946,1,3.65,3.75,1.258305739,0,0.4,2.0,0,2,3.636363636,0,-1,0,0,4.0,1,2,0,2,0,1,0,0,0,0,0,1,1,0,1,0,0,0,1,0
25,6,3,5211,9.1,2,3,3,3,3,2,19,0,0,35,128,9,16,3,11,0,0,0,0.428571429,1,0,3.0,2605.5,0.175956739,1,1.3,2.75,0.5,0,0.5625,1.285714286,1,2,3.555555556,1,0,0,0,1.571428571,1,3,0,1,0,1,0,0,0,0,1,0,1,0,1,0,0,0,0,0
55,1,1,7637,12.2,3,4,2,4,1,4,30,0,1,14,38,7,13,4,2,0,1,1,0.5,0,0,0.333333333,2545.666667,0.522400442,0,6.1,2.75,1.5,0,0.538461538,3.5,1,2,2.533333333,0,0,1,0,1.0,0,0,0,2,1,0,1,0,0,1,0,0,1,0,0,0,0,1,0,0
21,0,0,4169,15.5,1,3,5,3,3,5,47,1,1,38,150,5,5,3,5,0,0,0,0.0,0,0,0.0,4169.0,0.097861842,1,15.5,4.0,1.154700538,0,1.0,5.0,0,3,3.846153846,1,0,0,0,5.0,0,2,0,2,1,1,0,1,0,0,0,0,0,0,0,0,0,0,1,1
48,1,1,6954,11.6,2,1,3,2,4,5,16,0,0,9,41,1,4,3,8,0,0,0,0.5,0,0,0.5,3477.0,0.165684831,1,5.8,3.5,1.290994449,0,0.25,0.5,1,1,4.1,0,-2,0,0,4.0,1,2,0,1,0,1,0,0,1,0,0,0,0,0,0,0,1,0,1,0
37,5,0,12455,15.7,4,4,3,4,4,5,14,1,1,10,40,4,11,4,2,0,1,0,0.0,1,0,1.25,3113.75,0.859236234,0,2.616666667,4.0,0.816496581,0,0.363636364,0.666666667,1,3,3.636363636,0,0,1,0,0.333333333,0,0,0,2,0,1,0,0,0,0,0,0,0,1,0,1,0,0,0,0
35,14,0,18266,13.1,4,4,5,3,4,4,43,0,1,7,21,4,6,4,4,0,1,0,0.0,1,0,3.5,4566.5,0.982081492,0,0.873333333,4.0,0.816496581,0,0.666666667,0.266666667,1,2,2.625,0,0,1,0,0.266666667,0,0,0,4,0,0,0,0,1,0,0,0,1,0,0,1,0,0,0,0
36,11,11,10420,13.2,4,2,4,5,3,4,1,0,1,7,30,4,15,4,4,0,1,0,0.916666667,0,1,2.75,2605.0,0.902138158,0,1.1,4.0,0.816496581,0,0.266666667,0.333333333,1,1,3.75,0,-2,0,0,0.333333333,0,1,0,2,1,0,1,1,0,0,0,0,1,0,0,1,0,0,0,0
37,17,6,11910,18.6,4,3,1,3,3,5,22,0,0,11,44,3,11,5,11,0,1,0,0.333333333,1,1,4.25,2977.5,0.943427621,0,1.033333333,3.0,1.632993162,0,0.272727273,0.166666667,1,1,3.666666667,0,-2,0,0,0.611111111,1,2,0,3,1,1,0,0,0,0,1,0,1,0,0,1,0,0,0,0
24,1,1,5764,11.7,2,4,4,3,3,4,22,0,1,9,27,4,4,4,13,0,0,0,0.5,0,0,0.5,2882.0,0.267886855,1,5.85,3.5,0.577350269,0,1.0,2.0,0,1,2.7,0,0,1,0,6.5,1,2,0,2,0,1,0,0,0,0,1,0,1,0,0,0,0,0,0,0
43,4,4,11306,16.0,3,3,3,2,4,4,31,0,1,5,17,4,7,2,9,0,1,0,0.8,0,1,1.333333333,3768.666667,0.712444772,0,3.2,3.25,0.957427108,0,0.571428571,0.8,1,2,2.833333333,0,1,0,1,1.8,1,2,0,2,0,1,0,0,1,0,0,0,1,0,0,1,0,0,0,0
52,1,0,8772,14.1,2,3,1,2,2,3,0,0,1,7,22,2,4,2,3,0,0,1,0.0,1,0,0.5,4386.0,0.406725577,1,7.05,2.0,0.816496581,1,0.5,1.0,1,1,2.75,0,1,0,1,1.5,0,2,0,2,1,1,0,0,1,0,0,0,1,0,0,0,1,0,1,1
45,1,0,6497,17.0,1,3,4,3,3,4,7,1,0,34,104,7,3,4,1,0,0,0,0.0,1,0,1.0,6497.0,0.185168739,1,8.5,3.5,0.577350269,0,2.333333333,3.5,1,4,2.971428571,1,-1,0,0,0.5,0,2,0,2,1,1,0,0,0,0,0,0,0,1,0,0,1,0,0,0
27,6,3,10739,17.8,4,4,1,2,3,2,9,0,0,14,43,3,8,3,1,0,1,0,0.428571429,1,0,1.5,2684.75,0.919407895,0,2.542857143,2.0,0.816496581,1,0.375,0.428571429,2,2,2.866666667,0,1,1,1,0.142857143,0,1,0,2,0,1,0,1,0,0,0,0,1,0,1,0,0,0,1,0
26,1,0,5930,12.7,2,3,4,3,4,3,9,1,0,13,39,4,14,2,8,0,0,0,0.0,1,0,0.5,2965.0,0.120115453,1,6.35,3.5,0.577350269,0,0.285714286,2.0,2,4,2.785714286,0,1,0,1,4.0,1,2,0,1,0,1,0,0,0,0,0,0,1,0,1,0,0,0,1,1
42,1,1,3893,15.6,1,3,2,3,2,3,15,0,1,16,45,3,10,3,9,0,0,0,0.5,0,0,1.0,3893.0,0.041181364,1,7.8,2.5,0.577350269,0,0.3,1.5,1,1,2.647058824,0,0,0,0,4.5,1,2,0,2,0,0,1,0,0,0,1,0,1,0,0,1,0,0,0,1
32,12,7,11131,14.3,4,3,2,5,3,3,38,1,0,8,18,8,10,2,6,0,1,0,0.538461538,1,1,3.0,2782.75,0.84935305,0,1.1,3.25,1.258305739,0,0.8,0.615384615,1,4,2.0,0,1,0,1,0.461538462,0,1,0,2,1,1,0,0,0,0,0,1,1,0,1,0,0,0,0,0
20,2,2,8510,19.0,2,4,5,2,2,3,28,1,0,3,8,7,2,4,9,0,1,0,0.666666667,0,0,1.0,4255.0,0.370888562,1,6.333333333,3.0,1.414213562,0,3.5,2.333333333,1,4,2.0,0,0,1,0,3.0,1,2,0,2,0,0,0,0,1,0,0,0,1,0,0,0,0,0,1,0
36,8,3,13051,11.2,5,2,3,3,4,2,15,0,0,7,28,5,11,3,7,0,1,0,0.333333333,1,0,1.6,2610.2,0.890763766,0,1.244444444,3.0,0.816496581,0,0.454545455,0.555555556,1,1,3.5,0,-1,0,0,0.777777778,0,0,0,2,1,1,0,0,0,0,0,0,1,0,0,1,0,0,1,0
56,10,4,10385,14.8,4,5,4,4,3,5,32,0,0,26,73,4,2,1,4,0,1,1,0.363636364,1,1,2.5,2596.25,0.790511399,0,1.345454545,4.0,0.816496581,0,2.0,0.363636364,1,2,2.703703704,1,4,1,1,0.363636364,0,2,0,1,1,0,1,0,0,0,0,1,0,0,0,0,0,1,0,0
47,8,7,13165,18.6,3,3,4,3,3,3,52,1,0,9,27,3,5,1,4,0,1,0,0.777777778,1,1,2.666666667,4388.333333,0.847569956,0,2.066666667,3.25,0.5,0,0.6,0.333333333,2,5,2.7,0,2,0,1,0.444444444,0,1,0,3,0,1,0,0,1,0,0,0,1,0,0,0,1,0,0,0
44,0,0,6858,17.0,3,4,3,4,2,4,23,1,0,13,35,4,6,2,3,0,1,0,0.0,0,0,0.0,2286.0,0.447587354,1,17.0,3.25,0.957427108,0,0.666666667,4.0,1,4,2.5,0,2,1,1,3.0,0,1,0,2,1,1,0,0,0,0,1,0,1,0,0,1,0,0,0,0
46,2,1,6957,19.7,2,3,4,1,5,3,46,1,0,2,5,4,12,2,3,0,0,0,0.333333333,1,0,1.0,3478.5,0.46609817,1,6.566666667,3.25,1.707825128,0,0.333333333,1.333333333,1,3,1.666666667,0,1,0,1,1.0,0,1,0,2,1,0,1,0,0,0,1,0,1,0,0,0,1,0,1,0
51,5,3,8477,16.3,3,3,3,4,4,2,56,0,0,13,40,6,11,3,6,0,1,1,0.5,1,0,1.666666667,2825.666667,0.702579035,0,2.716666667,3.25,0.957427108,0,0.545454545,1.0,1,2,2.857142857,0,0,0,0,1.0,0,0,0,2,0,1,0,0,0,0,1,0,1,0,0,0,1,0,0,0
31,6,2,6968,16.5,2,4,4,2,5,3,37,0,1,10,28,12,7,3,6,0,0,0,0.285714286,1,0,3.0,3484.0,0.329636476,1,2.357142857,3.5,1.290994449,0,1.714285714,1.714285714,2,3,2.545454545,0,1,1,1,0.857142857,0,1,0,2,0,1,0,0,0,0,0,1,1,0,1,0,0,0,0,0
27,3,0,5298,12.0,1,3,4,3,3,2,49,1,0,6,21,6,7,3,9,0,0,0,0.0,1,0,3.0,5298.0,0.18843594,1,3.0,3.0,0.816496581,0,0.857142857,1.5,1,4,3.0,0,0,0,0,2.25,1,2,0,3,0,1,0,0,0,0,1,0,1,0,1,0,0,0,1,0
28,8,1,7755,13.2,3,3,3,2,3,2,28,0,1,42,115,3,7,2,4,0,1,0,0.111111111,1,0,2.666666667,2585.0,0.537887168,0,1.466666667,2.5,0.577350269,0,0.428571429,0.333333333,2,2,2.674418605,1,1,0,1,0.444444444,0,1,0,1,1,1,0,0,0,1,0,0,1,0,1,0,0,0,0,0
41,2,1,5846,10.0,2,2,4,2,3,2,58,0,1,8,33,2,12,4,3,0,1,0,0.333333333,1,0,1.0,2923.0,0.17775724,1,3.333333333,2.75,0.957427108,0,0.166666667,0.666666667,0,0,3.666666667,0,-2,0,0,1.0,0,1,0,2,1,1,0,0,0,0,0,1,1,0,0,1,0,0,1,0
42,1,1,7893,14.2,2,4,3,3,3,2,20,0,1,1,5,5,9,3,2,0,0,0,0.5,0,0,0.5,3946.5,0.283014237,1,7.1,2.75,0.5,0,0.555555556,2.5,2,3,2.5,0,1,1,1,1.0,0,1,0,2,1,0,1,0,1,0,0,0,0,0,0,1,0,0,1,0
27,8,5,7034,9.9,2,4,2,3,3,1,60,0,1,3,11,4,5,4,3,1,0,0,0.555555556,1,0,4.0,3517.0,0.556743421,0,1.1,2.25,0.957427108,1,0.8,0.444444444,1,2,2.75,0,0,1,0,0.333333333,0,1,0,3,1,1,0,1,0,0,0,0,1,0,1,0,0,0,0,0
33,2,2,6145,20.0,1,4,4,1,3,5,20,0,0,21,47,4,2,3,7,0,0,0,0.666666667,0,0,2.0,6145.0,0.257466814,1,6.666666667,3.25,1.707825128,0,2.0,1.333333333,0,1,2.136363636,0,1,1,1,2.333333333,0,1,0,2,1,1,0,0,0,1,0,0,1,0,1,0,0,0,0,0
21,3,0,10784,18.3,3,4,2,3,2,4,29,1,0,15,48,4,10,4,7,0,1,0,0.0,1,0,1.0,3594.666667,0.65586647,0,4.575,2.75,0.957427108,0,0.4,1.0,1,3,3.0,0,0,1,0,1.75,0,0,0,2,1,0,0,0,1,0,0,0,1,0,0,0,0,0,0,0
59,2,2,7986,20.8,3,3,3,4,2,3,25,0,0,20,85,5,7,3,7,0,1,1,0.666666667,0,0,0.666666667,2662.0,0.634151414,0,6.933333333,3.0,0.816496581,0,0.714285714,1.666666667,1,2,4.047619048,1,0,0,0,2.333333333,0,1,0,1,0,0,0,0,0,0,1,0,1,0,0,0,0,1,0,0
36,7,6,5261,13.7,2,3,2,3,3,3,30,1,1,39,94,4,9,1,8,0,0,0,0.75,1,1,3.5,2630.5,0.182196339,1,1.7125,2.75,0.5,0,0.444444444,0.5,1,3,2.35,1,2,0,1,1.0,1,4,0,2,1,1,0,0,0,0,1,0,1,0,0,1,0,0,0,1
40,6,6,9351,16.5,2,2,5,2,1,3,82,0,1,8,24,7,9,4,2,0,0,0,0.857142857,0,1,3.0,4675.5,0.481345115,1,2.357142857,2.75,1.707825128,0,0.777777778,1.0,1,2,2.666666667,0,-2,0,0,0.285714286,0,2,0,2,0,1,0,0,1,0,0,0,1,0,0,1,0,0,0,0
53,4,3,5172,12.7,2,3,1,3,3,4,9,1,1,2,6,5,6,3,7,0,0,1,0.6,1,0,2.0,2586.0,0.132190265,1,2.54,2.75,1.258305739,0,0.833333333,1.0,0,3,2.0,0,0,0,0,1.4,0,1,0,1,1,1,0,0,0,1,0,0,1,0,0,0,1,0,0,1
18,0,0,9187,12.5,1,4,3,2,3,3,65,1,1,13,49,3,2,2,12,0,1,0,0.0,0,0,0.0,9187.0,0.462444772,1,12.5,2.75,0.5,0,1.5,3.0,2,5,3.5,0,2,1,1,12.0,1,2,0,4,1,1,0,0,1,0,0,0,1,0,0,0,0,0,1,1
32,0,0,6928,13.9,1,4,2,3,4,3,54,0,0,24,79,4,4,4,3,0,0,0,0.0,0,0,0.0,6928.0,0.163721159,1,13.9,3.0,0.816496581,0,1.0,4.0,2,3,3.16,1,0,1,0,3.0,0,2,0,3,0,1,0,0,1,0,0,0,1,0,1,0,0,0,0,1
24,6,2,9591,14.0,3,5,2,4,1,3,41,0,0,1,5,11,12,4,2,1,1,0,0.285714286,1,0,2.0,3197.0,0.715650031,0,2.0,2.5,1.290994449,0,0.916666667,1.571428571,0,1,2.5,0,1,1,1,0.285714286,0,0,0,2,0,1,0,0,0,0,0,1,0,0,0,0,0,0,0,0
19,1,0,9601,13.8,3,3,3,5,2,2,31,0,1,8,26,5,14,3,5,0,1,0,0.0,1,0,0.333333333,3200.333333,0.513009327,0,6.9,3.0,1.414213562,0,0.357142857,2.5,1,1,2.888888889,0,0,0,0,2.5,0,0,0,2,1,0,1,0,1,0,0,0,0,0,0,0,0,0,0,0
25,1,0,7515,17.6,1,5,3,2,3,3,16,1,1,22,82,1,7,3,5,0,0,0,0.0,1,0,1.0,7515.0,0.236745214,1,8.8,2.75,0.5,0,0.142857143,0.5,1,3,3.565217391,1,2,1,1,2.5,0,2,0,2,1,0,1,0,1,0,0,0,0,0,1,0,0,0,1,1
44,7,0,7131,10.3,3,3,3,3,4,2,51,1,1,6,16,8,11,4,6,0,1,0,0.0,1,0,2.333333333,2377.0,0.186057928,1,1.2875,3.0,0.816496581,0,0.727272727,1.0,2,5,2.285714286,0,-1,0,0,0.75,0,1,0,1,0,1,0,0,1,0,0,0,0,0,0,1,0,0,1,0
48,14,8,17765,18.6,5,5,1,4,3,5,43,1,0,21,84,5,11,2,7,1,1,0,0.533333333,1,0,2.8,3553.0,0.97520864,0,1.24,3.25,1.707825128,0,0.454545455,0.333333333,0,2,3.818181818,1,3,1,1,0.466666667,0,1,0,2,1,1,0,0,1,0,0,0,0,0,0,0,1,0,1,0
43,4,1,7246,15.1,2,3,3,3,3,4,12,0,0,17,53,4,5,2,6,0,0,0,0.2,1,0,2.0,3623.0,0.380160197,1,3.02,3.25,0.5,0,0.8,0.8,0,1,2.944444444,0,1,0,1,1.2,0,1,0,2,0,1,0,0,0,0,0,1,0,0,0,1,0,0,0,0
45,0,0,5707,13.4,2,3,3,5,4,3,63,0,0,13,40,2,7,3,3,0,1,0,0.0,0,0,0.0,2853.5,0.311677632,1,13.4,3.75,0.957427108,0,0.285714286,2.0,2,2,2.857142857,0,0,0,0,3.0,0,1,0,2,1,0,1,1,0,0,0,0,1,0,0,0,1,0,0,0
42,2,1,5147,17.6,1,5,1,2,4,2,41,1,0,29,87,6,2,4,7,0,0,0,0.333333333,1,0,2.0,5147.0,0.167429285,1,5.866666667,2.25,1.258305739,1,3.0,2.0,1,4,2.9,1,1,1,1,2.333333333,0,3,1,1,0,0,1,0,0,0,1,0,1,0,0,1,0,0,1,1
39,0,0,8287,13.7,2,3,2,1,2,3,29,0,1,2,6,6,11,3,9,0,0,0,0.0,0,0,0.0,4143.5,0.615044248,0,13.7,2.0,0.816496581,1,0.545454545,6.0,1,2,2.0,0,0,0,0,9.0,1,2,0,2,0,1,0,0,0,1,0,0,1,0,0,1,0,0,1,1
28,6,1,6392,18.0,2,4,3,3,3,3,45,0,1,20,64,5,10,4,6,0,0,0,0.142857143,1,0,3.0,3196.0,0.368552413,1,2.571428571,3.0,0.0,0,0.5,0.714285714,2,2,3.047619048,1,0,1,0,0.857142857,0,2,0,2,0,0,1,0,0,0,1,0,1,0,1,0,0,0,0,0
47,2,0,11206,14.6,3,3,4,2,3,3,44,0,0,21,66,4,2,2,3,0,1,0,0.0,1,0,0.666666667,3735.333333,0.702258223,0,4.866666667,3.0,0.816496581,0,2.0,1.333333333,0,1,3.0,1,1,0,1,1.0,0,1,0,2,1,0,1,0,1,0,0,0,0,1,0,0,1,0,0,0
60,6,3,10512,13.4,3,3,4,2,4,5,20,0,0,21,47,3,5,4,3,0,1,1,0.428571429,1,0,2.0,3504.0,0.841814159,0,1.914285714,3.75,1.258305739,0,0.6,0.428571429,2,3,2.136363636,0,-1,0,0,0.428571429,0,0,0,2,0,0,1,0,0,1,0,0,1,0,0,0,0,1,0,0
49,4,4,7349,22.9,2,3,3,4,3,1,35,0,0,13,42,4,9,3,7,0,0,0,0.8,0,1,2.0,3674.5,0.53202995,0,4.58,2.75,1.258305739,0,0.444444444,0.8,1,1,3.0,0,0,0,0,1.4,0,1,0,3,0,0,0,0,0,0,1,0,1,0,0,0,1,0,0,0
32,4,4,7860,15.4,2,3,3,5,4,3,27,0,0,15,68,4,10,4,7,0,1,0,0.8,0,1,2.0,3930.0,0.613352745,0,3.08,3.75,0.957427108,0,0.4,0.8,1,1,4.25,1,-1,0,0,1.4,0,2,0,2,0,1,0,0,0,0,1,0,1,0,1,0,0,0,0,0
28,0,0,6636,15.3,1,4,4,4,4,3,42,0,0,7,19,3,7,4,4,0,0,0,0.0,0,0,0.0,6636.0,0.129111438,1,15.3,3.75,0.5,0,0.428571429,3.0,1,1,2.375,0,0,1,0,4.0,0,1,0,2,0,1,0,0,1,0,0,0,1,0,1,0,0,0,0,0
35,4,0,8451,15.9,2,3,2,3,5,3,22,0,1,11,43,1,6,3,3,0,0,0,0.0,1,0,2.0,4225.5,0.455595027,1,3.18,3.25,1.258305739,0,0.166666667,0.2,2,2,3.583333333,0,0,0,0,0.6,0,1,0,2,1,1,0,0,0,0,0,0,0,1,0,1,0,0,0,0
45,7,4,10268,14.4,4,3,4,5,3,3,53,0,1,22,60,3,4,4,2,0,1,0,0.5,1,1,1.75,2567.0,0.861896839,0,1.8,3.75,0.957427108,0,0.75,0.375,1,2,2.608695652,0,-1,0,0,0.25,0,1,0,2,0,1,0,0,0,0,1,0,0,0,0,0,1,0,0,0
26,1,0,4567,13.5,2,4,3,2,2,3,32,0,0,18,36,3,8,3,10,0,0,0,0.0,1,0,0.5,2283.5,0.076050885,1,6.75,2.5,0.577350269,0,0.375,1.5,1,1,1.894736842,0,1,1,1,5.0,1,2,0,1,1,1,0,0,0,1,0,0,1,0,1,0,0,0,0,0
39,2,1,12387,16.1,3,2,3,3,3,3,58,1,0,10,24,1,15,4,8,0,1,0,0.333333333,1,0,0.666666667,4129.0,0.853907638,0,5.366666667,3.0,0.0,0,0.066666667,0.333333333,1,3,2.181818182,0,-2,0,0,2.666666667,1,1,0,3,1,0,1,0,0,0,0,0,1,0,0,1,0,0,0,0
40,4,0,10129,14.3,3,4,2,3,4,3,25,0,0,10,27,5,10,3,5,0,1,0,0.0,1,0,1.333333333,3376.333333,0.854201331,0,2.86,3.0,0.816496581,0,0.5,1.0,1,1,2.454545455,0,1,1,1,1.0,0,0,0,3,1,0,1,0,0,0,1,0,1,0,0,1,0,0,0,0
49,1,1,3767,14.1,1,4,4,1,3,3,19,0,0,10,36,2,12,4,9,0,0,0,0.5,0,0,1.0,3767.0,0.025442478,1,7.05,2.75,1.258305739,0,0.166666667,1.0,1,1,3.272727273,0,0,1,0,4.5,1,2,0,1,1,0,0,0,0,1,0,0,1,0,0,0,1,0,0,0
46,1,0,7222,15.5,2,3,3,3,5,3,22,1,1,9,36,4,10,3,7,0,0,0,0.0,1,0,0.5,3611.0,0.444137168,1,7.75,3.5,1.0,0,0.4,2.0,0,2,3.6,0,0,0,0,3.5,0,1,0,2,1,1,0,0,0,1,0,0,1,0,0,0,1,0,0,0
26,5,2,6241,6.6,3,3,1,2,2,3,66,0,0,15,35,4,6,3,4,0,1,0,0.333333333,1,0,1.666666667,2080.333333,0.34109817,1,1.1,2.0,0.816496581,1,0.666666667,0.666666667,0,1,2.1875,0,0,0,0,0.666666667,0,2,0,1,0,0,1,0,0,0,1,0,1,0,1,0,0,0,0,1
42,15,11,11929,22.0,5,4,4,2,3,3,40,0,0,26,55,3,5,3,7,0,1,0,0.6875,1,1,3.0,2385.8,0.950657895,0,1.375,3.0,0.816496581,0,0.6,0.1875,1,2,2.037037037,0,1,1,1,0.4375,0,1,0,2,1,0,1,1,0,0,0,0,0,0,0,1,0,0,0,0
38,4,0,8959,12.2,3,4,3,4,3,3,32,0,0,10,35,3,11,2,4,0,1,0,0.0,1,0,1.333333333,2986.333333,0.431516937,1,2.44,3.25,0.5,0,0.272727273,0.6,1,1,3.181818182,0,2,1,1,0.8,0,1,0,1,1,1,0,0,1,0,0,0,1,0,0,1,0,0,0,0
44,1,1,10962,19.0,2,3,3,3,3,3,30,0,1,3,7,5,8,3,6,0,0,0,0.5,0,0,0.5,5481.0,0.674275896,0,9.5,3.0,0.0,0,0.625,2.5,1,2,1.75,0,0,0,0,3.0,0,0,0,3,0,1,0,0,1,0,0,0,0,0,0,1,0,0,0,0
22,1,1,10292,8.0,4,3,3,2,3,3,46,0,0,3,10,4,10,5,2,0,1,0,0.5,0,0,0.25,2573.0,0.784041898,0,4.0,2.75,0.5,0,0.4,2.0,0,0,2.5,0,-2,0,0,1.0,0,0,0,3,1,0,0,0,0,0,0,1,0,0,0,0,0,0,0,0
21,3,3,10307,16.1,2,3,4,4,2,3,3,1,0,4,12,4,10,4,4,0,1,0,0.75,0,0,1.5,5153.5,0.600147275,0,4.025,3.25,0.957427108,0,0.4,1.0,0,2,2.4,0,-1,0,0,1.0,0,0,0,3,1,1,0,0,1,0,0,0,1,0,0,0,0,0,0,0
35,9,6,9890,17.5,3,3,5,3,4,2,22,0,1,22,111,5,5,3,5,0,1,0,0.6,1,1,3.0,3296.666667,0.739987677,0,1.75,3.5,1.290994449,0,1.0,0.5,1,2,4.826086957,1,0,0,0,0.5,0,2,0,2,1,0,1,0,0,0,0,1,1,0,0,1,0,0,0,0
39,1,0,6849,15.8,1,4,1,3,2,1,51,0,0,15,56,4,7,4,4,0,0,0,0.0,1,0,1.0,6849.0,0.153780069,1,7.9,1.75,0.957427108,1,0.571428571,2.0,1,2,3.5,0,0,1,0,2.0,0,2,0,2,0,1,0,0,1,0,0,0,1,0,0,1,0,0,0,1
28,9,4,11313,13.0,3,3,5,2,3,3,40,0,0,17,41,7,2,1,10,0,1,0,0.4,1,1,3.0,3771.0,0.859211337,0,1.3,3.25,1.258305739,0,3.5,0.7,1,2,2.277777778,0,2,0,1,1.0,1,2,0,3,0,0,1,0,0,0,0,1,0,0,1,0,0,0,0,0
34,2,1,6502,18.8,1,3,3,4,1,2,33,0,1,8,26,4,6,4,1,0,0,0,0.333333333,1,0,2.0,6502.0,0.115488463,1,6.266666667,2.5,1.290994449,0,0.666666667,1.333333333,1,2,2.888888889,0,-1,0,0,0.333333333,0,1,0,2,0,0,1,0,1,0,0,0,0,0,1,0,0,0,1,0
32,1,1,7724,13.4,2,4,3,4,1,4,15,1,1,32,67,2,7,5,6,0,0,0,0.5,0,0,0.5,3862.0,0.259450172,1,6.7,3.0,1.414213562,0,0.285714286,1.0,1,3,2.03030303,1,-1,1,0,3.0,0,2,0,2,0,0,1,0,1,0,0,0,0,1,1,0,0,0,1,1
23,2,0,7794,9.1,1,3,2,4,5,2,0,1,0,16,51,8,6,2,10,0,0,0,0.0,1,0,2.0,7794.0,0.268286696,1,3.033333333,3.25,1.5,0,1.333333333,2.666666667,0,3,3.0,0,1,0,1,3.333333333,1,2,0,2,1,0,0,0,1,0,0,0,1,0,0,0,0,0,1,1
32,4,3,7273,12.6,2,4,4,3,4,4,77,0,1,11,30,4,9,4,5,0,0,0,0.6,1,0,2.0,3636.5,0.386629698,1,2.52,3.75,0.5,0,0.444444444,0.8,0,0,2.5,0,0,1,0,1.0,0,1,0,2,0,0,0,0,0,0,0,1,1,0,1,0,0,0,0,0
48,17,3,12465,16.6,3,3,5,4,3,3,32,0,0,12,39,2,8,3,9,0,1,0,0.166666667,1,0,5.666666667,4155.0,0.806332842,0,0.922222222,3.75,0.957427108,0,0.25,0.111111111,0,0,3.0,0,0,0,0,0.5,1,1,0,2,1,0,1,0,1,0,0,0,1,0,0,0,1,0,0,0
34,5,0,6623,18.3,1,4,2,2,4,4,45,0,1,3,9,1,2,3,4,1,1,0,0.0,1,0,5.0,6623.0,0.198490231,1,3.05,3.0,1.154700538,0,0.5,0.166666667,1,1,2.25,0,1,1,1,0.666666667,0,1,0,2,1,0,1,0,0,0,0,0,0,1,1,0,0,0,0,0
26,3,3,8213,18.9,2,3,1,3,3,3,37,1,0,12,41,6,10,4,8,0,0,0,0.75,0,0,1.5,4106.5,0.329774178,1,4.725,2.5,1.0,0,0.6,1.5,2,5,3.153846154,0,-1,0,0,2.0,1,2,0,2,1,0,1,0,1,0,0,0,1,0,1,0,0,0,1,1
41,10,5,10962,14.5,4,4,3,5,2,5,66,0,1,6,21,9,14,3,2,0,1,0,0.454545455,1,1,2.5,2740.5,0.878318584,0,1.318181818,3.75,1.5,0,0.642857143,0.818181818,0,1,3.0,0,1,1,1,0.181818182,0,1,0,2,0,1,0,0,0,1,0,0,1,0,0,1,0,0,0,0
36,0,0,8535,17.2,2,4,5,3,4,2,30,0,1,13,44,3,12,4,1,0,1,0,0.0,0,0,0.0,4267.5,0.374447717,1,17.2,3.5,1.290994449,0,0.25,3.0,1,1,3.142857143,0,0,1,0,1.0,0,1,0,2,1,0,1,0,1,0,0,0,1,0,0,1,0,0,1,0
43,1,0,3739,14.3,1,3,3,2,3,4,50,0,1,3,9,5,9,4,5,0,0,0,0.0,1,0,1.0,3739.0,0.035357737,1,7.15,3.0,0.816496581,0,0.555555556,2.5,0,1,2.25,0,-1,0,0,2.5,0,1,0,1,0,0,0,0,0,0,1,0,1,0,0,1,0,0,1,0
41,1,1,5295,21.3,2,4,3,3,2,3,32,1,1,16,54,6,13,4,7,0,0,0,0.5,0,0,0.5,2647.5,0.063943162,1,10.65,2.75,0.5,0,0.461538462,3.0,1,3,3.176470588,0,0,1,0,3.5,0,1,0,1,1,1,0,0,0,0,0,0,1,0,0,1,0,0,0,0
33,0,0,8215,16.0,3,3,5,2,3,3,46,0,0,18,81,4,9,4,1,0,1,0,0.0,0,0,0.0,2738.333333,0.667845258,0,16.0,3.25,1.258305739,0,0.444444444,4.0,1,1,4.263157895,1,-1,0,0,1.0,0,1,0,3,0,0,1,0,0,0,1,0,0,0,1,0,0,0,0,0
45,3,3,8657,24.1,2,5,3,4,4,4,47,0,0,52,117,6,15,3,4,0,0,0,0.75,0,0,1.5,4328.5,0.389297987,1,6.025,3.75,0.5,0,0.4,1.5,1,1,2.20754717,1,2,1,1,1.0,0,2,0,2,1,0,1,0,1,0,0,0,1,0,0,0,1,0,0,0
40,4,2,7223,15.7,2,4,4,4,5,3,27,0,0,29,126,5,2,3,4,0,0,0,0.4,1,0,2.0,3611.5,0.375693161,1,3.14,4.0,0.816496581,0,2.5,1.0,1,2,4.2,1,1,1,1,0.8,0,2,0,3,0,1,0,0,0,0,0,1,0,0,0,1,0,0,0,0
44,5,0,8257,14.5,3,2,3,3,4,3,62,1,0,11,38,4,5,5,5,0,1,0,0.0,1,0,1.666666667,2752.333333,0.611172566,0,2.416666667,3.25,0.5,0,0.8,0.666666667,1,4,3.166666667,0,-3,0,0,0.833333333,0,0,0,2,0,1,0,0,0,1,0,0,1,0,0,1,0,0,0,0
41,5,0,9377,13.7,2,2,2,4,2,4,48,1,1,23,80,3,9,4,6,0,0,0,0.0,1,0,2.5,4688.5,0.585701599,0,2.283333333,3.0,1.154700538,0,0.333333333,0.5,1,3,3.333333333,1,-2,0,0,1.0,0,1,0,3,1,1,0,0,0,0,0,0,0,0,0,1,0,0,1,1
28,10,5,14062,21.2,5,5,4,3,2,3,47,1,1,5,14,7,10,3,12,0,1,0,0.454545455,1,1,2.0,2812.4,0.956869994,0,1.927272727,3.0,0.816496581,0,0.7,0.636363636,1,4,2.333333333,0,2,1,1,1.090909091,1,2,0,2,1,0,1,0,0,0,0,1,1,0,1,0,0,0,0,0
32,2,1,10010,21.7,3,5,2,4,3,3,12,1,1,12,37,8,6,2,8,0,1,0,0.333333333,1,0,0.666666667,3336.666667,0.668294849,0,7.233333333,3.0,0.816496581,0,1.333333333,2.666666667,2,5,2.846153846,0,3,1,1,2.666666667,1,1,0,2,0,0,1,0,0,0,0,0,1,0,1,0,0,0,1,1
46,2,2,5843,17.4,1,3,4,4,4,4,20,0,0,38,100,4,2,3,3,0,0,0,0.666666667,0,0,2.0,5843.0,0.108792185,1,5.8,4.0,0.0,0,2.0,1.333333333,1,2,2.564102564,1,0,0,0,1.0,0,2,0,1,0,1,0,0,0,0,0,0,1,0,0,0,1,0,0,0
35,1,1,6513,11.5,2,3,3,2,4,4,15,0,0,8,26,4,5,4,4,0,0,0,0.5,0,0,0.5,3256.5,0.117083947,1,5.75,3.25,0.957427108,0,0.8,2.0,2,3,2.888888889,0,-1,0,0,2.0,0,1,0,1,1,1,0,0,1,0,0,0,1,0,0,1,0,0,0,0
34,2,0,5746,15.3,1,3,1,2,4,4,38,0,0,9,32,5,5,2,9,0,0,0,0.0,1,0,2.0,5746.0,0.207411504,1,5.1,2.75,1.5,0,1.0,1.666666667,0,1,3.2,0,1,0,1,3.0,1,2,0,2,1,1,0,0,0,1,0,0,1,0,1,0,0,0,1,1
28,5,4,9891,7.6,3,1,3,3,3,4,29,0,0,9,33,3,2,2,3,0,1,0,0.666666667,1,1,1.666666667,3297.0,0.740449784,0,1.266666667,3.25,0.5,0,1.5,0.5,2,3,3.3,0,-1,0,0,0.5,0,1,0,4,0,0,1,0,0,0,0,1,1,0,1,0,0,0,0,0
32,1,1,7465,15.2,2,1,4,3,2,3,47,1,1,16,40,5,7,3,10,0,1,0,0.5,0,0,0.5,3732.5,0.418977203,1,7.6,3.0,0.816496581,0,0.714285714,2.5,1,4,2.352941176,0,-2,0,0,5.0,1,2,0,3,0,0,1,0,0,0,0,1,0,0,1,0,0,0,0,0
30,0,0,5117,19.7,1,2,3,3,2,2,30,0,1,4,12,2,8,2,2,0,1,0,0.0,0,0,0.0,5117.0,0.206414474,1,19.7,2.5,0.577350269,0,0.25,2.0,1,1,2.4,0,0,0,0,2.0,0,1,0,3,1,0,0,1,0,0,0,0,1,0,1,0,0,0,0,0
43,18,10,13083,15.8,3,5,1,2,3,3,66,1,1,9,34,6,10,4,10,1,1,0,0.526315789,1,0,6.0,4361.0,0.893428064,0,0.831578947,2.25,0.957427108,1,0.6,0.315789474,0,3,3.4,0,1,1,1,0.526315789,1,2,1,2,0,1,0,0,0,0,0,0,1,0,0,1,0,0,1,1
29,0,0,6638,15.4,1,4,4,4,4,4,63,0,0,36,101,2,8,3,8,0,1,0,0.0,0,0,0.0,6638.0,0.200488455,1,15.4,4.0,0.0,0,0.25,2.0,0,0,2.72972973,1,1,1,1,8.0,1,3,0,3,1,1,0,0,0,0,0,0,1,0,1,0,0,0,0,0
40,1,0,9728,13.8,3,3,3,4,1,5,21,0,0,14,31,1,8,4,3,0,1,0,0.0,1,0,0.333333333,3242.666667,0.725508318,0,6.9,3.25,1.707825128,0,0.125,0.5,2,2,2.066666667,0,-1,0,0,1.5,0,0,0,2,0,1,0,0,0,0,0,1,1,0,0,1,0,0,1,0
34,0,0,5059,20.3,1,3,4,3,2,3,39,0,0,19,60,4,2,3,9,0,0,0,0.0,0,0,0.0,5059.0,0.08995687,1,20.3,3.0,0.816496581,0,2.0,4.0,0,1,3.0,0,0,0,0,9.0,1,2,0,2,1,1,0,0,0,0,0,1,1,0,1,0,0,0,0,0
33,4,3,8663,17.0,3,3,4,4,3,4,55,0,1,10,33,2,2,3,3,0,1,0,0.6,1,0,1.333333333,2887.666667,0.659845133,0,3.4,3.75,0.5,0,1.0,0.4,0,1,3.0,0,0,0,0,0.6,0,0,0,2,1,0,1,0,0,1,0,0,1,0,1,0,0,0,0,0
31,9,5,8825,14.6,3,3,3,3,4,4,31,1,0,12,42,4,10,3,9,0,1,0,0.5,1,1,3.0,2941.666667,0.4134757,1,1.46,3.5,0.577350269,0,0.4,0.4,1,3,3.230769231,0,0,0,0,0.9,1,3,0,1,1,0,1,0,1,0,0,0,0,0,1,0,0,0,0,0
40,2,1,6923,5.5,2,1,3,4,4,3,42,0,0,4,13,4,11,3,7,0,0,0,0.333333333,1,0,1.0,3461.5,0.386615044,1,1.833333333,3.5,0.577350269,0,0.363636364,1.333333333,2,2,2.6,0,-2,0,0,2.333333333,0,1,0,4,0,1,0,0,0,1,0,0,1,0,0,1,0,0,0,0
31,0,0,5998,17.6,1,4,2,4,4,4,8,0,1,2,8,7,7,3,1,0,0,0,0.0,0,0,0.0,5998.0,0.308652246,1,17.6,3.5,1.0,0,1.0,7.0,1,2,2.666666667,0,1,1,1,1.0,0,1,0,2,1,1,0,0,0,0,1,0,1,0,1,0,0,0,0,0
36,1,0,6357,16.3,1,4,1,3,2,3,0,0,0,7,26,7,12,5,5,0,0,0,0.0,1,0,1.0,6357.0,0.102356406,1,8.15,2.25,0.957427108,1,0.583333333,3.5,1,2,3.25,0,-1,1,0,2.5,0,2,0,2,1,1,0,0,1,0,0,0,1,0,0,1,0,0,0,1
36,3,3,9242,13.0,3,3,1,3,5,3,63,0,0,12,38,4,6,5,2,0,1,0,0.75,0,0,1.0,3080.666667,0.783069884,0,3.25,3.0,1.632993162,0,0.666666667,1.0,0,1,2.923076923,0,-2,0,0,0.5,0,0,0,3,1,0,1,0,0,0,1,0,1,0,0,1,0,0,0,0
43,3,0,6330,15.9,2,3,5,2,3,3,52,1,0,8,24,1,3,3,4,0,1,0,0.0,1,0,1.5,3165.0,0.288440265,1,3.975,3.25,1.258305739,0,0.333333333,0.25,1,3,2.666666667,0,0,0,0,1.0,0,1,0,2,1,1,0,0,0,1,0,0,1,0,0,1,0,0,1,0
32,1,0,8085,22.2,2,3,3,2,4,5,35,0,0,35,118,6,5,5,3,0,0,0,0.0,1,0,0.5,4042.5,0.510628466,0,11.1,3.5,1.290994449,0,1.2,3.0,1,2,3.277777778,1,-2,0,0,1.5,0,1,0,2,1,1,0,0,0,0,0,1,1,0,1,0,0,0,0,0
30,3,0,6946,16.0,2,4,3,3,5,4,67,0,1,11,37,6,11,4,4,0,0,0,0.0,1,0,1.5,3473.0,0.325323475,1,4.0,3.75,0.957427108,0,0.545454545,1.5,1,2,3.083333333,0,0,1,0,1.0,0,1,0,1,1,0,0,0,0,0,0,1,1,0,1,0,0,0,0,0
32,6,4,10514,19.6,3,3,4,5,4,2,64,1,0,12,31,4,9,4,10,0,1,0,0.571428571,1,1,2.0,3504.666667,0.842367257,0,2.8,3.75,1.258305739,0,0.444444444,0.571428571,0,2,2.384615385,0,-1,0,0,1.428571429,1,2,0,3,1,1,0,0,0,1,0,0,1,0,1,0,0,0,0,0
24,6,1,10751,16.3,3,3,4,2,3,3,45,0,0,3,11,1,7,3,5,0,1,0,0.142857143,1,0,2.0,3583.666667,0.863384956,0,2.328571429,3.0,0.816496581,0,0.142857143,0.142857143,0,0,2.75,0,0,0,0,0.714285714,0,0,0,3,0,0,0,0,0,1,0,0,1,0,0,0,0,0,0,0
27,1,1,5547,5.2,1,2,4,3,3,5,26,0,1,16,48,3,11,3,3,0,0,0,0.5,0,0,1.0,5547.0,0.231281198,1,2.6,3.75,0.957427108,0,0.272727273,1.5,1,1,2.823529412,0,-1,0,0,1.5,0,1,0,2,0,1,0,0,0,0,1,0,1,0,1,0,0,0,0,0
34,9,5,12133,14.7,3,3,5,2,3,3,21,0,1,7,18,5,3,2,4,0,1,0,0.5,1,1,3.0,4044.333333,0.932522124,0,1.47,3.25,1.258305739,0,1.666666667,0.5,1,2,2.25,0,1,0,1,0.4,0,1,0,3,1,0,1,0,0,1,0,0,1,0,1,0,0,0,0,0
32,14,14,17080,18.3,4,4,3,3,4,4,51,0,0,3,10,3,9,4,2,1,1,0,0.933333333,0,0,3.5,4270.0,0.966617575,0,1.22,3.5,0.577350269,0,0.333333333,0.2,1,1,2.5,0,0,1,0,0.133333333,0,0,0,3,0,0,1,0,1,0,0,0,1,0,1,0,0,0,0,0
33,6,0,12175,14.2,3,3,3,3,3,3,20,0,0,34,125,8,10,1,6,0,1,0,0.0,1,0,2.0,4058.333333,0.784977909,0,2.028571429,3.0,0.0,0,0.8,1.142857143,0,1,3.571428571,1,2,0,1,0.857142857,0,1,0,2,1,1,0,0,1,0,0,0,0,0,1,0,0,0,1,0
32,10,10,8619,16.6,3,3,5,2,4,4,53,0,1,31,76,3,3,2,4,0,1,0,0.909090909,0,1,3.333333333,2873.0,0.655696903,0,1.509090909,3.75,1.258305739,0,1.0,0.272727273,1,2,2.375,1,1,0,1,0.363636364,0,2,0,1,0,0,1,0,0,1,0,0,1,0,1,0,0,0,0,0
39,2,1,5518,9.7,2,1,1,4,3,3,37,0,1,8,26,7,6,3,8,0,0,0,0.333333333,1,0,1.0,2759.0,0.082149201,1,3.233333333,2.75,1.258305739,0,1.166666667,2.333333333,1,2,2.888888889,0,-2,0,0,2.666666667,1,2,0,2,1,1,0,0,0,0,0,0,1,0,0,1,0,0,0,0
55,3,2,8026,14.6,2,4,4,1,3,3,42,1,0,20,50,4,17,2,3,0,0,1,0.5,1,0,1.5,4013.0,0.397424512,1,3.65,2.75,1.258305739,0,0.235294118,1.0,0,2,2.380952381,0,2,1,1,0.75,0,1,0,2,1,1,0,0,0,0,0,0,1,0,0,0,0,1,0,0
21,3,2,6937,19.7,2,3,4,4,3,2,46,0,1,20,62,7,6,2,3,0,0,0,0.5,1,0,1.5,3468.5,0.238454707,1,4.925,3.25,0.957427108,0,1.166666667,1.75,0,1,2.952380952,1,1,0,1,0.75,0,2,0,2,1,0,1,0,0,0,0,0,1,0,0,0,0,0,1,0
35,2,0,10229,19.6,3,4,4,4,4,2,27,1,1,30,134,3,13,3,6,0,1,0,0.0,1,0,0.666666667,3409.666667,0.777264325,0,6.533333333,3.5,1.0,0,0.230769231,1.0,2,4,4.322580645,1,1,1,1,2.0,0,1,0,2,1,1,0,0,0,0,0,1,0,0,0,1,0,0,0,0
41,1,1,6644,16.8,1,5,4,3,1,3,75,0,1,31,88,2,4,5,7,0,0,0,0.5,0,0,1.0,6644.0,0.287738755,1,8.4,2.75,1.258305739,0,0.5,1.0,1,1,2.75,1,0,1,0,3.5,0,2,0,2,1,1,0,0,0,0,0,1,1,0,0,1,0,0,0,0
31,13,5,14697,15.8,5,3,5,2,2,3,39,1,1,5,15,5,2,3,5,0,1,0,0.357142857,1,1,2.6,2939.4,0.915562101,0,1.128571429,3.0,1.414213562,0,2.5,0.357142857,1,4,2.5,0,0,0,0,0.357142857,0,1,0,1,0,1,0,0,1,0,0,0,1,0,1,0,0,0,1,0
45,6,3,10584,20.3,3,4,3,4,3,2,39,0,1,26,84,1,17,3,4,1,1,0,0.428571429,1,0,2.0,3528.0,0.882695507,0,2.9,3.0,0.816496581,0,0.058823529,0.142857143,1,1,3.111111111,1,1,1,1,0.571428571,0,1,0,4,0,0,1,0,0,0,1,0,1,0,0,0,1,0,0,0
31,1,0,4844,17.2,2,4,1,3,2,3,27,0,0,13,33,6,14,1,5,0,0,0,0.0,1,0,0.5,2422.0,0.122296173,1,8.6,2.25,0.957427108,1,0.428571429,3.0,1,1,2.357142857,0,3,1,1,2.5,0,2,0,1,0,1,0,0,0,0,1,0,1,0,1,0,0,0,0,1
20,2,0,5202,10.9,1,4,3,2,4,2,20,0,0,15,52,5,5,2,5,0,0,0,0.0,1,0,2.0,5202.0,0.136615044,1,3.633333333,2.75,0.957427108,0,1.0,1.666666667,2,3,3.25,0,2,1,1,1.666666667,0,1,0,3,0,1,0,0,0,1,0,0,0,0,0,0,0,0,1,0
37,0,0,4378,16.5,2,3,4,3,3,4,53,1,1,7,22,5,14,4,8,0,0,0,0.0,0,0,0.0,2189.0,0.072587354,1,16.5,3.5,0.577350269,0,0.357142857,5.0,1,3,2.75,0,-1,0,0,8.0,1,2,0,2,1,1,0,0,0,0,1,0,1,0,0,1,0,0,0,0
42,0,0,7728,13.0,2,4,4,2,4,4,24,1,0,5,15,3,10,3,3,0,0,0,0.0,0,0,0.0,3864.0,0.59359401,0,13.0,3.5,1.0,0,0.3,3.0,0,2,2.5,0,1,1,1,3.0,0,0,0,2,1,0,0,0,0,0,1,0,1,0,0,1,0,0,1,0
38,8,1,10052,15.3,3,3,4,3,3,5,29,1,0,17,52,5,7,4,4,0,1,0,0.111111111,1,0,2.666666667,3350.666667,0.75723968,0,1.7,3.75,0.957427108,0,0.714285714,0.555555556,2,5,2.888888889,0,-1,0,0,0.444444444,0,0,0,2,1,1,0,0,0,0,0,1,1,0,0,1,0,0,0,0
24,6,3,12747,14.8,3,3,2,4,5,4,22,0,0,7,21,8,5,2,3,0,1,0,0.428571429,1,0,2.0,4249.0,0.822287678,0,2.114285714,3.75,1.258305739,0,1.6,1.142857143,0,1,2.625,0,1,0,1,0.428571429,0,0,0,3,1,0,0,0,1,0,0,0,1,0,0,0,0,0,0,0
43,11,7,11126,16.7,3,4,4,2,2,4,20,0,0,9,27,5,2,3,1,1,1,0,0.583333333,1,0,3.666666667,3708.666667,0.935855263,0,1.391666667,3.0,1.154700538,0,2.5,0.416666667,1,2,2.7,0,1,1,1,0.083333333,0,0,0,3,0,0,1,1,0,0,0,0,1,0,0,1,0,0,0,0
32,6,5,5666,12.6,2,2,1,2,2,3,43,0,0,12,52,4,15,3,5,0,0,0,0.714285714,1,1,3.0,2833.0,0.197455752,1,1.8,2.0,0.816496581,1,0.266666667,0.571428571,0,0,4.0,0,-1,0,0,0.714285714,0,3,0,2,0,1,0,0,0,1,0,0,1,0,1,0,0,0,1,1
30,1,0,6837,13.8,1,4,3,4,5,4,57,1,0,23,50,4,8,3,9,0,0,0,0.0,1,0,1.0,6837.0,0.224245115,1,6.9,4.0,0.816496581,0,0.5,2.0,0,2,2.083333333,0,1,1,1,4.5,1,2,0,3,1,1,0,0,0,0,0,0,1,0,1,0,0,0,1,0
37,11,5,12301,11.1,5,4,3,3,4,1,31,0,1,12,37,3,13,5,4,1,1,0,0.416666667,1,0,2.2,2460.2,0.961348684,0,0.925,2.75,1.258305739,0,0.230769231,0.25,1,1,2.846153846,0,-1,1,0,0.333333333,0,0,0,2,0,1,0,1,0,0,0,0,1,0,0,1,0,0,0,0
31,0,0,8207,14.1,3,1,3,3,3,3,19,0,1,22,65,5,10,1,7,0,1,0,0.0,0,0,0.0,2735.666667,0.529420826,0,14.1,3.0,0.0,0,0.5,5.0,1,1,2.826086957,1,0,0,0,7.0,0,1,0,2,0,0,1,0,0,0,0,1,1,0,1,0,0,0,1,0
34,1,1,7051,16.9,2,3,3,4,3,3,46,1,1,10,21,2,10,3,7,0,0,0,0.5,0,0,0.5,3525.5,0.344577942,1,8.45,3.25,0.5,0,0.2,1.0,1,3,1.909090909,0,0,0,0,3.5,0,1,0,2,1,0,1,0,0,0,0,1,1,0,1,0,0,0,1,0
35,7,0,9672,13.8,4,4,4,2,5,4,0,0,1,9,33,6,11,1,2,0,1,0,0.0,1,0,1.75,2418.0,0.819051581,0,1.725,3.75,1.258305739,0,0.545454545,0.75,0,1,3.3,0,3,1,1,0.25,0,0,0,1,0,0,0,0,0,0,1,0,1,0,0,1,0,0,0,0
36,0,0,8117,12.4,2,3,3,3,5,3,32,0,0,8,24,3,4,3,5,0,0,0,0.0,0,0,0.0,4058.5,0.653702163,0,12.4,3.5,1.0,0,0.75,3.0,1,2,2.666666667,0,0,0,0,5.0,0,0,0,3,1,0,1,0,0,0,1,0,1,0,0,1,0,0,0,0
35,2,1,5622,14.9,1,3,2,4,5,3,18,0,0,9,23,5,9,2,6,0,0,0,0.333333333,1,0,2.0,5622.0,0.296052632,1,4.966666667,3.5,1.290994449,0,0.555555556,1.666666667,1,2,2.3,0,1,0,1,2.0,0,1,0,3,0,1,0,1,0,0,0,0,0,0,0,1,0,0,0,0
42,6,0,11536,14.5,4,3,4,1,5,4,36,0,0,27,84,4,12,3,8,0,1,0,0.0,1,0,1.5,2884.0,0.734413353,0,2.071428571,3.5,1.732050808,0,0.333333333,0.571428571,1,1,3.0,1,0,0,0,1.142857143,1,2,0,2,1,0,1,0,1,0,0,0,1,0,0,1,0,0,1,0
34,2,2,4234,11.3,1,2,4,3,2,1,34,0,0,15,38,4,3,3,5,0,1,0,0.666666667,0,0,2.0,4234.0,0.031731362,1,3.766666667,2.5,1.290994449,0,1.333333333,1.333333333,1,2,2.375,0,-1,0,0,1.666666667,0,1,0,2,1,0,0,0,0,0,0,1,1,0,1,0,0,0,0,0
57,0,0,5313,16.8,1,5,2,3,3,3,7,0,1,5,17,3,2,4,5,0,1,1,0.0,0,0,0.0,5313.0,0.116759088,1,16.8,2.75,0.5,0,1.5,3.0,1,2,2.833333333,0,1,1,1,5.0,0,1,0,1,1,1,0,0,0,0,0,1,0,1,0,0,0,1,0,0
41,6,1,10511,12.6,3,2,2,4,4,4,15,0,0,18,69,7,5,3,8,0,1,0,0.142857143,1,0,2.0,3503.666667,0.722024867,0,1.8,3.5,1.0,0,1.4,1.0,0,1,3.631578947,1,-1,0,0,1.142857143,1,2,0,2,1,1,0,0,0,0,0,0,1,0,0,1,0,0,0,0
48,0,0,4955,18.4,1,4,1,3,3,1,52,0,0,33,95,9,5,2,5,0,0,0,0.0,0,0,0.0,4955.0,0.020864016,1,18.4,2.0,1.154700538,1,1.8,9.0,0,1,2.794117647,1,2,1,1,5.0,0,3,0,1,0,1,0,0,1,0,0,0,1,0,0,0,1,0,1,1
38,4,0,5347,18.1,2,3,3,2,3,2,22,0,0,5,16,6,8,1,5,0,0,0,0.0,1,0,2.0,2673.5,0.153207965,1,3.62,2.5,0.577350269,0,0.75,1.2,1,2,2.666666667,0,2,0,1,1.0,0,1,0,1,0,0,1,0,0,1,0,0,1,0,0,1,0,0,0,0
57,6,5,7538,19.1,2,4,5,4,5,5,39,1,0,23,92,5,10,4,6,0,0,1,0.714285714,1,1,3.0,3769.0,0.323268206,1,2.728571429,4.75,0.5,0,0.5,0.714285714,2,4,3.833333333,1,0,1,0,0.857142857,0,3,0,3,1,0,1,0,0,0,0,0,1,0,0,0,0,1,1,0
30,5,5,11607,10.3,4,1,3,4,3,3,7,1,0,14,49,2,11,3,5,0,1,0,0.833333333,0,1,1.25,2901.75,0.74018164,0,1.716666667,3.25,0.5,0,0.181818182,0.333333333,1,3,3.266666667,0,-2,0,0,0.833333333,0,1,0,2,0,0,1,0,1,0,0,0,1,0,1,0,0,0,1,0
45,27,24,12470,11.5,4,3,2,2,3,4,54,0,1,10,37,2,11,4,3,0,1,0,0.857142857,1,1,6.75,3117.5,0.913123845,0,0.410714286,2.75,0.957427108,0,0.181818182,0.071428571,0,0,3.363636364,0,-1,0,0,0.107142857,0,1,0,2,1,0,1,0,0,0,0,1,1,0,0,0,1,0,0,0
18,0,0,8791,15.8,2,2,4,3,4,3,31,0,1,18,40,2,5,4,6,0,0,0,0.0,0,0,0.0,4395.5,0.409916544,1,15.8,3.5,0.577350269,0,0.4,2.0,1,1,2.105263158,0,-2,0,0,6.0,0,1,0,3,0,0,1,0,1,0,0,0,1,0,0,0,0,0,0,0
45,7,1,10559,21.4,2,3,2,4,3,2,33,1,1,23,63,5,12,4,10,0,1,0,0.125,1,0,3.5,5279.5,0.806685151,0,2.675,2.75,0.957427108,0,0.416666667,0.625,1,3,2.625,1,-1,0,0,1.25,1,2,0,4,0,1,0,0,0,0,0,1,0,0,0,0,1,0,1,1
23,5,1,13328,15.1,3,4,5,3,2,3,39,1,1,19,33,3,15,3,10,0,1,0,0.166666667,1,0,1.666666667,4442.666667,0.856897398,0,2.516666667,3.25,1.258305739,0,0.2,0.5,0,2,1.65,0,1,1,1,1.666666667,1,1,0,3,1,0,0,0,1,0,0,0,1,0,0,0,0,0,1,0
50,8,0,6407,8.9,2,3,4,4,5,4,41,0,0,7,24,3,9,3,7,0,0,1,0.0,1,0,4.0,3203.5,0.441611842,1,0.988888889,4.25,0.5,0,0.333333333,0.333333333,1,1,3.0,0,0,0,0,0.777777778,0,1,0,2,1,1,0,1,0,0,0,0,1,0,0,0,1,0,0,0
46,1,0,6292,16.7,2,3,3,1,1,2,48,0,0,33,117,4,4,5,2,0,0,0,0.0,1,0,0.5,3146.0,0.236290819,1,8.35,1.75,0.957427108,1,1.0,2.0,2,3,3.441176471,1,-2,0,0,1.0,0,3,0,2,0,0,1,0,0,0,0,1,1,0,0,0,1,0,1,1
35,7,4,9822,15.5,3,2,1,3,3,2,38,1,1,14,40,7,7,4,7,0,1,0,0.5,1,1,2.333333333,3274.0,0.865953947,0,1.9375,2.25,0.957427108,1,1.0,0.875,1,4,2.666666667,0,-2,0,0,0.875,0,2,1,4,0,0,1,1,0,0,0,0,1,0,0,1,0,0,0,1
36,5,2,8426,15.4,2,4,2,3,4,3,24,1,1,5,19,9,3,3,8,1,0,0,0.333333333,1,0,2.5,4213.0,0.568083795,0,2.566666667,3.0,0.816496581,0,3.0,1.5,2,5,3.166666667,0,1,1,1,1.333333333,1,1,0,2,1,0,1,0,0,0,0,1,1,0,0,1,0,0,1,0
23,0,0,5176,14.0,2,2,3,5,3,3,18,1,0,15,54,6,4,3,5,0,0,0,0.0,0,0,0.0,2588.0,0.054618117,1,14.0,3.5,1.0,0,1.5,6.0,2,5,3.375,0,-1,0,0,5.0,0,1,0,1,1,0,1,0,0,0,0,0,1,0,0,0,0,0,0,1
41,16,16,14460,14.8,5,3,3,3,2,2,42,0,1,11,30,5,15,1,5,0,1,0,0.941176471,0,1,3.2,2892.0,0.905007364,0,0.870588235,2.5,0.577350269,0,0.333333333,0.294117647,1,1,2.5,0,2,0,1,0.294117647,0,1,0,1,0,0,0,0,1,0,0,0,1,0,0,1,0,0,0,0
22,1,1,3796,15.6,1,3,5,5,2,2,25,0,0,25,102,4,13,3,3,0,0,0,0.5,0,0,1.0,3796.0,0.026548673,1,7.8,3.5,1.732050808,0,0.307692308,2.0,0,0,3.923076923,1,0,0,0,1.5,0,2,0,2,1,1,0,0,0,1,0,0,1,0,0,0,0,0,1,0
36,3,3,3281,9.8,1,1,4,3,4,3,38,0,0,9,23,4,8,4,3,0,0,0,0.75,0,0,3.0,3281.0,0.016222962,1,2.45,3.5,0.577350269,0,0.5,1.0,1,1,2.3,0,-3,0,0,0.75,0,1,0,2,0,1,0,0,0,0,1,0,1,0,0,1,0,0,0,0
40,14,5,14121,11.7,4,3,4,3,5,3,48,0,0,14,50,5,11,3,9,0,1,0,0.333333333,1,1,3.5,3530.25,0.891261659,0,0.78,3.75,0.957427108,0,0.454545455,0.333333333,1,1,3.333333333,0,0,0,0,0.6,1,2,0,2,1,1,0,0,1,0,0,0,1,0,0,1,0,0,0,0
24,6,0,7888,11.3,3,3,3,4,1,4,50,0,1,16,55,9,7,1,11,0,1,0,0.0,1,0,2.0,2629.333333,0.618760399,0,1.614285714,3.0,1.414213562,0,1.285714286,1.285714286,1,2,3.235294118,0,2,0,1,1.571428571,1,1,0,2,1,0,1,0,0,0,1,0,0,0,0,0,0,0,1,0
43,3,2,12199,14.8,3,3,3,4,4,3,39,0,0,37,130,4,17,3,6,0,1,0,0.5,1,0,1.0,4066.333333,0.902033272,0,3.7,3.5,0.577350269,0,0.235294118,1.0,1,1,3.421052632,1,0,0,0,1.5,0,1,0,3,0,0,1,0,0,0,0,1,1,0,0,1,0,0,0,0
45,2,1,9479,14.9,3,3,2,4,3,3,15,0,0,21,63,7,4,3,2,0,1,0,0.333333333,1,0,0.666666667,3159.666667,0.701478743,0,4.966666667,3.0,0.816496581,0,1.75,2.333333333,1,2,2.863636364,1,0,0,0,0.666666667,0,1,0,1,1,1,0,0,0,0,0,1,1,0,0,0,1,0,0,0
41,3,0,11398,17.7,2,3,1,5,2,5,59,0,1,24,89,3,15,4,9,0,0,0,0.0,1,0,1.5,5699.0,0.721772214,0,4.425,3.25,2.061552813,0,0.2,0.75,1,1,3.56,1,-1,0,0,2.25,1,2,0,3,1,0,1,0,1,0,0,0,0,0,0,1,0,0,1,0
31,4,1,9228,14.1,2,3,3,3,3,3,40,0,0,6,21,2,7,3,4,0,0,0,0.2,1,0,2.0,4614.0,0.669285274,0,2.82,3.0,0.0,0,0.285714286,0.4,2,2,3.0,0,0,0,0,0.8,0,0,0,4,1,1,0,0,0,0,0,1,0,1,1,0,0,0,0,0
31,1,1,8591,9.6,2,4,3,2,3,3,34,0,0,6,24,3,10,3,4,0,0,0,0.5,0,0,0.5,4295.5,0.380952381,1,4.8,2.75,0.5,0,0.3,1.5,1,1,3.428571429,0,1,1,1,2.0,0,1,0,2,0,1,0,0,1,0,0,0,1,0,1,0,0,0,0,0
36,4,1,10481,19.6,3,3,5,2,3,4,61,0,0,26,68,4,14,4,8,0,1,0,0.2,1,0,1.333333333,3493.666667,0.620520373,0,3.92,3.5,1.290994449,0,0.285714286,0.8,2,2,2.518518519,1,-1,0,0,1.6,1,2,0,2,0,1,0,0,1,0,0,0,1,0,0,1,0,0,0,0
37,8,5,10778,19.3,2,5,2,4,4,2,46,0,1,24,58,8,4,4,9,0,0,0,0.555555556,1,1,4.0,5389.0,0.824091189,0,2.144444444,3.0,1.154700538,0,2.0,0.888888889,0,1,2.32,0,1,1,1,1.0,1,2,0,3,1,0,1,0,0,0,0,1,1,0,0,1,0,0,0,0
25,4,4,8157,12.2,2,3,2,4,3,4,47,0,0,27,61,5,14,3,7,0,0,0,0.8,0,1,2.0,4078.5,0.322042219,1,2.44,3.25,0.957427108,0,0.357142857,1.0,1,1,2.178571429,1,0,0,0,1.4,0,3,0,2,0,1,0,0,1,0,0,0,1,0,1,0,0,0,1,0
33,1,0,6425,13.0,2,3,4,5,3,3,29,1,0,15,66,1,10,3,4,0,0,0,0.0,1,0,0.5,3212.5,0.255391251,1,6.5,3.75,0.957427108,0,0.1,0.5,2,4,4.125,1,0,0,0,2.0,0,2,0,1,1,0,1,0,0,0,0,1,1,0,1,0,0,0,1,0
54,3,3,9535,11.5,3,3,4,3,4,3,7,1,1,24,89,4,6,1,12,0,1,1,0.75,0,0,1.0,3178.333333,0.764380531,0,2.875,3.5,0.577350269,0,0.666666667,1.0,0,3,3.56,1,2,0,1,3.0,1,2,0,2,1,1,0,0,0,1,0,0,1,0,0,0,1,0,1,0
19,1,0,6321,12.5,1,3,3,2,4,3,11,1,0,9,27,3,12,1,6,0,0,0,0.0,1,0,1.0,6321.0,0.353785358,1,6.25,3.0,0.816496581,0,0.25,1.5,0,2,2.7,0,2,0,1,3.0,0,1,0,3,1,1,0,0,0,0,1,0,1,0,0,0,0,0,1,1
40,2,2,5909,21.8,2,3,1,4,3,4,58,0,0,12,42,5,6,3,4,0,0,0,0.666666667,0,0,1.0,2954.5,0.293053245,1,7.266666667,3.0,1.414213562,0,0.833333333,1.666666667,2,3,3.230769231,0,0,0,0,1.333333333,0,1,0,2,0,1,0,0,0,0,1,0,1,0,0,1,0,0,0,0
38,0,0,4339,18.1,1,5,5,4,4,2,16,0,0,4,20,7,8,3,4,0,0,0,0.0,0,0,0.0,4339.0,0.037276648,1,18.1,3.75,1.258305739,0,0.875,7.0,1,2,4.0,0,2,1,1,4.0,0,1,0,2,1,0,1,0,0,0,0,1,0,0,0,1,0,0,0,0
45,8,3,12079,15.0,3,4,2,5,2,4,27,1,0,48,129,4,9,4,4,0,1,0,0.333333333,1,0,2.666666667,4026.333333,0.778841433,0,1.666666667,3.25,1.5,0,0.444444444,0.444444444,1,3,2.632653061,1,0,1,0,0.444444444,0,1,0,2,1,0,1,0,1,0,0,0,1,0,0,0,1,0,1,0
26,3,1,7677,12.3,1,1,5,3,3,5,52,1,0,1,5,1,4,2,6,0,0,0,0.25,1,0,3.0,7677.0,0.453635243,1,3.075,4.0,1.154700538,0,0.25,0.25,0,2,2.5,0,-1,0,0,1.5,0,1,0,4,1,0,0,0,0,0,0,1,1,0,1,0,0,0,0,0
24,6,2,7233,20.0,2,4,4,4,3,2,14,0,0,31,77,1,14,4,4,0,0,0,0.285714286,1,0,3.0,3616.5,0.446349558,1,2.857142857,3.25,0.957427108,0,0.071428571,0.142857143,1,1,2.40625,1,0,1,0,0.571428571,0,2,0,2,0,0,1,0,0,1,0,0,1,0,0,0,0,0,1,0
37,2,2,7209,12.8,2,3,3,3,2,4,30,0,0,5,23,3,8,2,3,0,0,0,0.666666667,0,0,1.0,3604.5,0.373690696,1,4.266666667,3.0,0.816496581,0,0.375,1.0,0,0,3.833333333,0,1,0,1,1.0,0,1,0,3,0,1,0,0,0,0,0,1,1,0,0,1,0,0,0,0
27,1,1,4656,18.6,1,3,2,4,4,3,33,0,1,7,20,8,13,2,4,0,0,0,0.5,0,0,1.0,4656.0,0.083517699,1,9.3,3.25,0.957427108,0,0.615384615,4.0,2,3,2.5,0,1,0,1,2.0,0,1,0,2,1,0,1,0,0,1,0,0,0,1,1,0,0,0,0,1
31,7,2,12188,13.0,3,2,5,2,3,1,35,0,1,8,30,6,6,5,6,0,1,0,0.25,1,0,2.333333333,4062.666667,0.842806394,0,1.625,2.75,1.707825128,0,1.0,0.75,2,3,3.333333333,0,-3,0,0,0.75,0,0,0,3,0,0,1,0,0,0,0,0,0,0,1,0,0,0,1,0
44,7,5,10242,17.0,3,2,3,3,3,3,31,0,0,24,76,2,10,2,5,0,1,0,0.625,1,1,2.333333333,3414.0,0.592660776,0,2.125,3.0,0.0,0,0.2,0.25,2,2,3.04,1,0,0,0,0.625,0,2,0,2,1,0,1,0,1,0,0,0,1,0,0,1,0,0,0,0
38,0,0,5394,16.1,2,2,4,3,3,3,69,0,1,17,54,2,15,3,3,0,1,0,0.0,0,0,0.0,2697.0,0.038537064,1,16.1,3.25,0.5,0,0.133333333,2.0,1,1,3.0,0,-1,0,0,3.0,0,1,0,1,0,1,0,0,1,0,0,0,1,0,0,1,0,0,0,0
35,4,0,7367,15.4,2,3,4,3,5,2,30,1,1,19,56,7,2,3,8,0,0,0,0.0,1,0,2.0,3683.5,0.216372116,1,3.08,3.5,1.290994449,0,3.5,1.4,2,5,2.8,0,0,0,0,1.6,1,2,0,1,0,0,0,0,1,0,0,0,1,0,0,1,0,0,1,0
18,0,0,4320,14.5,1,2,4,1,2,4,69,0,0,45,150,5,9,4,7,0,1,0,0.0,0,0,0.0,4320.0,0.011989343,1,14.5,2.75,1.5,0,0.555555556,5.0,1,2,3.260869565,1,-2,0,0,7.0,0,2,0,2,1,0,1,0,0,0,0,0,1,0,0,0,0,0,0,0
30,5,3,14393,14.4,4,3,3,3,4,4,42,0,1,16,38,2,2,4,3,0,1,0,0.5,1,0,1.25,3598.25,0.902798233,0,2.4,3.5,0.577350269,0,1.0,0.333333333,2,3,2.235294118,0,-1,0,0,0.5,0,0,0,2,1,1,0,0,1,0,0,0,1,0,1,0,0,0,0,0
51,10,3,13193,13.2,4,3,1,3,3,2,1,0,1,13,50,6,6,4,6,0,1,1,0.272727273,1,0,2.5,3298.25,0.848429062,0,1.2,2.25,0.957427108,1,1.0,0.545454545,1,2,3.571428571,0,-1,0,0,0.545454545,0,1,0,2,0,0,1,0,1,0,0,0,0,1,0,0,1,0,0,0
41,6,0,6068,13.4,2,3,3,4,1,3,57,0,0,8,25,4,13,4,5,0,1,0,0.0,1,0,3.0,3034.0,0.319883527,1,1.914285714,2.75,1.258305739,0,0.307692308,0.571428571,2,2,2.777777778,0,-1,0,0,0.714285714,0,1,0,2,1,0,1,0,0,0,1,0,1,0,0,1,0,0,0,0
52,11,11,9279,12.7,5,3,3,3,2,2,53,0,0,13,45,7,4,2,7,0,1,1,0.916666667,0,1,2.2,1855.8,0.825657895,0,1.058333333,2.5,0.577350269,0,1.75,0.583333333,0,1,3.214285714,0,1,0,1,0.583333333,0,1,0,1,0,0,1,1,0,0,0,0,1,0,0,0,1,0,0,0
47,19,11,18486,15.7,5,4,5,4,2,5,52,1,1,6,15,4,18,3,8,0,1,0,0.55,1,1,3.8,3697.2,0.984536082,0,0.785,4.0,1.414213562,0,0.222222222,0.2,1,3,2.142857143,0,1,1,1,0.4,1,2,0,2,0,1,0,0,1,0,0,0,1,0,0,0,1,0,0,0
34,0,0,6551,14.1,1,3,2,3,3,3,14,1,0,16,54,3,2,5,8,0,0,0,0.0,0,0,0.0,6551.0,0.121011291,1,14.1,2.75,0.5,0,1.5,3.0,1,4,3.176470588,0,-2,0,0,8.0,1,2,0,2,1,1,0,0,1,0,0,0,1,0,1,0,0,0,1,1
54,10,8,12375,15.1,4,5,4,3,3,3,44,1,0,36,114,2,15,1,9,1,1,1,0.727272727,1,0,2.5,3093.75,0.941924779,0,1.372727273,3.25,0.5,0,0.133333333,0.181818182,2,4,3.081081081,1,4,1,1,0.818181818,1,2,0,2,1,1,0,0,0,1,0,0,1,0,0,0,1,0,0,0
37,1,1,9226,17.6,3,4,5,3,4,3,0,0,0,14,27,4,11,3,1,0,1,0,0.5,0,0,0.333333333,3075.333333,0.565719361,0,8.8,3.75,0.957427108,0,0.363636364,2.0,1,1,1.8,0,1,1,1,0.5,0,0,0,3,1,0,1,0,0,0,0,0,0,0,0,1,0,0,0,0
47,2,2,7268,18.3,2,4,5,4,2,4,36,0,1,3,11,5,9,3,4,0,0,0,0.666666667,0,0,1.0,3634.0,0.384627234,1,6.1,3.75,1.258305739,0,0.555555556,1.666666667,1,2,2.75,0,1,1,1,1.333333333,0,1,0,1,1,1,0,0,0,0,0,1,1,0,0,0,1,0,1,0
48,0,0,8129,8.0,3,2,1,2,3,5,18,1,0,25,65,3,13,4,10,0,1,0,0.0,0,0,0.0,2709.666667,0.317869416,1,8.0,2.75,1.707825128,0,0.230769231,3.0,1,3,2.5,1,-2,0,0,10.0,1,3,0,2,1,1,0,0,1,0,0,0,0,0,0,0,1,0,1,1
29,2,2,10954,15.9,3,3,2,2,4,5,56,1,1,23,77,3,11,2,3,0,1,0,0.666666667,0,0,0.666666667,3651.333333,0.673048601,0,5.3,3.25,1.5,0,0.272727273,1.0,1,3,3.208333333,1,1,0,1,1.0,0,1,0,2,0,1,0,0,1,0,0,0,1,0,1,0,0,0,0,1
33,2,2,6865,13.9,3,2,3,3,1,3,44,0,0,3,11,1,11,4,7,0,1,0,0.666666667,0,0,0.666666667,2288.333333,0.311922366,1,4.633333333,2.5,1.0,0,0.090909091,0.333333333,2,2,2.75,0,-2,0,0,2.333333333,0,1,0,1,0,0,1,0,0,0,0,1,1,0,1,0,0,0,0,0
36,1,0,8443,18.4,3,4,4,3,1,5,29,0,1,28,137,3,2,3,7,0,1,0,0.0,1,0,0.333333333,2814.333333,0.697795341,0,9.2,3.25,1.707825128,0,1.5,1.5,2,3,4.724137931,1,1,1,1,3.5,0,1,0,2,0,1,0,0,0,0,1,0,1,0,0,1,0,0,0,0
42,8,3,9306,16.9,2,4,2,2,2,3,47,1,0,12,40,6,11,4,8,1,0,0,0.333333333,1,0,4.0,4653.0,0.788685524,0,1.877777778,2.25,0.5,1,0.545454545,0.666666667,0,3,3.076923077,0,0,1,0,0.888888889,1,2,1,3,0,0,1,0,0,0,1,0,0,1,0,1,0,0,1,1
28,1,0,5405,15.0,1,3,1,4,5,5,21,0,1,19,49,5,3,4,8,0,1,0,0.0,1,0,1.0,5405.0,0.128773876,1,7.5,3.75,1.892969449,0,1.666666667,2.5,2,3,2.45,0,-1,0,0,4.0,1,2,0,3,1,0,0,0,0,0,0,1,0,0,1,0,0,0,1,0
30,1,0,7190,13.3,3,4,1,4,5,4,3,0,0,12,40,3,9,3,4,0,1,0,0.0,1,0,0.333333333,2396.666667,0.371534196,1,6.65,3.5,1.732050808,0,0.333333333,1.5,1,1,3.076923077,0,1,1,1,2.0,0,1,0,2,1,0,1,0,0,0,0,1,1,0,1,0,0,0,0,0
26,2,1,10352,9.3,3,2,3,2,5,3,62,1,1,13,30,2,4,3,9,0,1,0,0.333333333,1,0,0.666666667,3450.666667,0.605301915,0,3.1,3.25,1.258305739,0,0.5,0.666666667,2,4,2.142857143,0,-1,0,0,3.0,1,1,0,2,1,0,0,0,1,0,0,0,1,0,1,0,0,0,1,0
47,1,0,6939,18.6,2,2,3,3,2,3,51,1,0,29,100,3,5,4,6,0,0,0,0.0,1,0,0.5,3469.5,0.541118421,0,9.3,2.75,0.5,0,0.6,1.5,1,4,3.333333333,1,-2,0,0,3.0,0,1,0,3,1,0,1,1,0,0,0,0,1,0,0,0,1,0,1,1
26,6,0,9607,16.9,3,3,4,4,2,1,29,1,1,53,150,6,2,3,9,0,1,0,0.0,1,0,2.0,3202.333333,0.615452931,0,2.414285714,2.75,1.5,0,3.0,0.857142857,1,4,2.777777778,1,0,0,0,1.285714286,1,2,0,1,0,0,1,0,0,0,0,0,1,0,1,0,0,0,0,0
41,4,2,11666,10.6,3,4,4,2,2,3,35,1,0,14,51,3,12,3,7,0,1,0,0.4,1,0,1.333333333,3888.666667,0.746195385,0,2.12,2.75,0.957427108,0,0.25,0.6,1,3,3.4,0,1,1,1,1.4,0,0,0,2,1,0,1,0,1,0,0,0,1,0,0,1,0,0,0,0
31,3,1,6400,16.9,2,4,3,4,3,3,48,0,0,13,53,5,9,4,4,0,0,0,0.25,1,0,1.5,3200.0,0.303650442,1,4.225,3.25,0.5,0,0.555555556,1.25,0,1,3.785714286,0,0,1,0,1.0,0,1,0,1,1,0,0,0,0,1,0,0,1,0,1,0,0,0,0,0
42,5,0,6798,20.2,2,4,3,3,4,4,42,1,0,12,48,7,8,3,8,0,0,0,0.0,1,0,2.5,3399.0,0.435108153,1,3.366666667,3.5,0.577350269,0,0.875,1.166666667,1,4,3.692307692,0,1,1,1,1.333333333,1,2,0,2,0,0,0,0,0,0,1,0,1,0,0,1,0,0,0,0
37,1,1,9266,13.6,2,2,1,5,5,3,35,0,1,6,13,2,5,4,5,0,0,0,0.5,0,0,0.5,4633.0,0.471158567,1,6.8,3.5,1.914854216,0,0.4,1.0,1,1,1.857142857,0,-2,0,0,2.5,0,1,0,3,1,1,0,0,1,0,0,0,1,0,0,1,0,0,1,0
39,0,0,6492,18.9,1,5,2,4,1,3,71,0,0,12,48,2,2,4,5,0,1,0,0.0,0,0,0.0,6492.0,0.26663586,1,18.9,2.5,1.290994449,0,1.0,2.0,1,2,3.692307692,0,1,1,1,5.0,0,1,0,2,1,0,1,0,0,0,0,1,1,0,0,1,0,0,1,0
36,4,2,5093,13.1,2,2,2,3,3,3,28,1,1,3,6,7,2,3,9,0,0,0,0.4,1,0,2.0,2546.5,0.157237937,1,2.62,2.75,0.5,0,3.5,1.4,1,4,1.5,0,-1,0,0,1.8,1,2,0,1,1,1,0,0,0,0,1,0,1,0,0,1,0,0,1,1
35,8,3,7548,16.5,4,3,5,3,4,3,11,0,0,7,20,1,8,4,8,0,1,0,0.333333333,1,0,2.0,1887.0,0.566763727,0,1.833333333,3.75,0.957427108,0,0.125,0.111111111,2,2,2.5,0,-1,0,0,0.888888889,1,1,0,1,0,0,0,0,0,0,1,0,1,0,0,1,0,0,0,0
18,0,0,6906,21.7,1,5,5,2,2,3,49,1,0,3,14,5,9,3,8,0,0,0,0.0,0,0,0.0,6906.0,0.23401421,1,21.7,3.0,1.414213562,0,0.555555556,5.0,1,4,3.5,0,2,1,1,8.0,1,2,0,2,0,0,1,0,0,0,0,0,1,0,0,0,0,0,1,1
21,2,0,9053,16.0,2,4,4,2,3,5,51,1,1,16,43,1,11,4,5,0,1,0,0.0,1,0,1.0,4526.5,0.546625222,0,5.333333333,3.5,1.290994449,0,0.090909091,0.333333333,1,3,2.529411765,0,0,1,0,1.666666667,0,0,0,3,0,0,1,0,0,0,0,0,1,0,0,0,0,0,0,0
32,6,4,8940,17.2,3,4,3,4,5,5,13,1,1,20,53,2,8,3,4,1,1,0,0.571428571,1,0,2.0,2980.0,0.69579646,0,2.457142857,4.25,0.957427108,0,0.25,0.285714286,0,2,2.523809524,0,1,1,1,0.571428571,0,0,0,1,1,1,0,0,0,1,0,0,1,0,1,0,0,0,0,0
39,2,0,6971,20.8,2,4,1,2,4,3,13,0,0,19,43,5,7,3,4,0,0,0,0.0,1,0,1.0,3485.5,0.46921797,1,6.933333333,2.5,1.290994449,0,0.714285714,1.666666667,0,1,2.15,0,1,1,1,1.333333333,0,1,0,3,0,0,0,0,0,0,1,0,0,1,0,1,0,0,0,0
32,1,1,5727,17.1,1,4,3,4,3,4,65,1,0,15,48,1,10,2,11,0,1,0,0.5,0,0,1.0,5727.0,0.164664202,1,8.55,3.5,0.577350269,0,0.1,0.5,1,3,3.0,0,2,1,1,5.5,1,2,0,2,1,0,1,0,0,0,0,1,1,0,1,0,0,0,1,0
53,4,1,7562,12.9,2,3,2,2,4,4,34,1,1,10,28,2,17,3,13,0,0,1,0.2,1,0,2.0,3781.0,0.569883527,0,2.58,3.0,1.154700538,0,0.117647059,0.4,0,2,2.545454545,0,0,0,0,2.6,1,1,0,3,1,0,1,0,0,0,1,0,0,1,0,0,1,0,1,1
18,0,0,7379,18.4,1,2,3,5,5,1,24,1,1,19,66,4,8,3,8,0,0,0,0.0,0,0,0.0,7379.0,0.218458517,1,18.4,3.5,1.914854216,0,0.5,4.0,1,3,3.3,1,-1,0,0,8.0,1,3,0,2,1,1,0,0,1,0,0,0,1,0,0,0,0,0,0,1
32,1,0,5044,9.1,2,3,1,2,3,3,32,0,1,10,32,1,7,4,6,0,0,0,0.0,1,0,0.5,2522.0,0.045515098,1,4.55,2.25,0.957427108,1,0.142857143,0.5,1,1,2.909090909,0,-1,0,0,3.0,0,2,0,1,0,0,1,0,0,0,0,0,0,1,1,0,0,0,0,1
38,8,2,14833,9.8,3,3,1,3,4,4,50,1,0,18,58,4,6,3,7,0,1,0,0.222222222,1,0,2.666666667,4944.333333,0.948046181,0,1.088888889,3.0,1.414213562,0,0.666666667,0.444444444,1,4,3.052631579,0,0,0,0,0.777777778,0,0,0,4,0,1,0,0,0,0,0,0,1,0,0,1,0,0,0,0
35,12,9,12870,16.2,5,3,2,3,1,3,18,0,1,15,43,5,10,4,11,0,1,0,0.692307692,1,1,2.4,2574.0,0.974506579,0,1.246153846,2.25,0.957427108,1,0.5,0.384615385,0,0,2.6875,0,-1,0,0,0.846153846,1,3,0,2,0,0,0,1,0,0,0,0,1,0,0,1,0,0,0,0
30,3,2,6222,11.9,1,1,3,3,4,4,10,0,0,14,49,3,8,2,6,0,1,0,0.5,1,0,3.0,6222.0,0.272123894,1,2.975,3.5,0.577350269,0,0.375,0.75,1,1,3.266666667,0,-1,0,0,1.5,0,1,0,3,1,0,0,0,0,1,0,0,1,0,1,0,0,0,0,0
50,7,6,8910,15.0,3,3,2,3,3,4,39,0,0,17,59,7,13,2,2,0,1,1,0.75,1,1,2.333333333,2970.0,0.752703827,0,1.875,3.0,0.816496581,0,0.538461538,0.875,1,2,3.277777778,0,1,0,1,0.25,0,1,0,2,0,1,0,0,0,0,1,0,0,0,0,0,1,0,0,0
43,7,7,8993,22.3,2,4,4,4,4,2,76,0,0,24,76,1,14,3,8,0,0,0,0.875,0,1,3.5,4496.5,0.639556377,0,2.7875,3.5,1.0,0,0.071428571,0.125,1,1,3.04,1,1,1,1,1.0,1,3,0,3,0,0,1,0,0,0,0,1,0,0,0,1,0,0,1,0
46,5,0,5834,11.9,2,4,2,3,2,2,50,0,0,7,14,8,9,4,6,0,0,0,0.0,1,0,2.5,2917.0,0.175600739,1,1.983333333,2.25,0.5,1,0.888888889,1.333333333,1,2,1.75,0,0,1,0,1.0,0,2,0,2,1,0,0,0,0,0,0,1,0,0,0,0,1,0,0,0
36,1,1,10933,13.0,3,3,3,3,1,4,32,0,1,27,107,5,3,4,4,0,1,0,0.5,0,0,0.333333333,3644.333333,0.758880995,0,6.5,2.75,1.258305739,0,1.666666667,2.5,0,1,3.821428571,1,-1,0,0,2.0,0,1,0,2,0,1,0,0,0,0,0,0,1,0,0,1,0,0,0,0
23,5,3,10505,18.5,3,3,3,3,4,4,27,0,1,30,102,3,7,4,2,0,1,0,0.5,1,0,1.666666667,3501.666667,0.802526186,0,3.083333333,3.5,0.577350269,0,0.428571429,0.5,2,2,3.290322581,1,-1,0,0,0.333333333,0,1,0,3,1,1,0,0,0,0,0,1,1,0,0,0,0,0,0,0
56,6,4,10647,20.4,3,4,3,5,2,5,41,0,0,9,27,6,12,4,3,0,1,1,0.571428571,1,1,2.0,3549.0,0.887063228,0,2.914285714,3.75,1.5,0,0.5,0.857142857,0,0,2.7,0,0,1,0,0.428571429,0,1,0,3,0,0,1,0,0,0,1,0,1,0,0,0,0,1,0,0
29,11,2,15282,18.5,4,4,4,5,3,1,19,0,1,24,102,7,8,3,4,0,1,0,0.166666667,1,0,2.75,3820.5,0.934216986,0,1.541666667,3.25,1.707825128,0,0.875,0.583333333,0,1,4.08,1,1,1,1,0.333333333,0,1,0,2,0,1,0,0,1,0,0,0,1,0,1,0,0,0,0,0
42,24,21,24412,19.6,5,4,3,4,2,3,62,1,0,8,28,5,9,3,13,1,1,0,0.84,1,0,4.8,4882.4,1.0,0,0.784,3.0,0.816496581,0,0.555555556,0.2,1,4,3.111111111,0,1,1,1,0.52,1,1,0,4,1,0,1,0,1,0,0,0,0,0,0,1,0,0,0,0
37,3,0,7223,14.5,2,4,1,2,2,3,67,0,0,14,29,5,2,2,5,0,0,0,0.0,1,0,1.5,3611.5,0.281305506,1,3.625,2.0,0.816496581,1,2.5,1.25,1,2,1.933333333,0,2,1,1,1.25,0,2,0,2,0,0,1,0,0,0,0,0,1,0,0,1,0,0,1,1
32,1,1,5267,12.8,1,3,3,5,4,4,34,0,0,10,22,1,2,4,0,0,0,0,0.5,0,0,1.0,5267.0,0.062166963,1,6.4,4.0,0.816496581,0,0.5,0.5,0,0,2.0,0,-1,0,0,0.0,0,1,0,1,0,0,1,0,0,0,0,0,1,0,1,0,0,0,0,0
47,2,0,8601,13.6,2,2,3,5,4,3,29,1,0,18,56,4,14,4,8,0,0,0,0.0,1,0,1.0,4300.5,0.382056946,1,4.533333333,3.75,0.957427108,0,0.285714286,1.333333333,1,3,2.947368421,0,-2,0,0,2.666666667,1,2,0,2,1,1,0,0,1,0,0,0,1,0,0,0,1,0,0,0
29,1,1,4022,19.8,1,3,4,5,3,2,50,0,1,28,81,8,8,2,1,0,0,0,0.5,0,0,1.0,4022.0,0.049500832,1,9.9,3.5,1.290994449,0,1.0,4.0,1,2,2.793103448,1,1,0,1,0.5,0,2,0,2,0,0,1,0,0,0,1,0,1,0,1,0,0,0,1,0
26,5,1,9937,16.0,3,2,3,3,3,4,32,0,0,12,39,5,11,2,8,0,1,0,0.166666667,1,0,1.666666667,3312.333333,0.747073321,0,2.666666667,3.25,0.5,0,0.454545455,0.833333333,1,1,3.0,0,0,0,0,1.333333333,1,1,0,2,1,1,0,0,0,0,0,1,1,0,1,0,0,0,0,0
36,3,1,9999,12.3,2,2,3,2,2,3,66,1,1,9,41,4,15,3,10,0,0,0,0.25,1,0,1.5,4999.5,0.562837506,0,3.075,2.5,0.577350269,0,0.266666667,1.0,1,3,4.1,0,-1,0,0,2.5,1,1,0,2,1,1,0,0,1,0,0,0,1,0,0,1,0,0,1,1
27,2,1,7239,8.1,2,3,3,4,5,3,55,0,1,9,23,5,13,3,4,0,0,0,0.333333333,1,0,1.0,3619.5,0.199803633,1,2.7,3.75,0.957427108,0,0.384615385,1.666666667,1,1,2.3,0,0,0,0,1.333333333,0,1,0,1,1,1,0,0,1,0,0,0,0,0,1,0,0,0,0,0
40,6,2,11860,13.1,3,4,4,2,3,4,83,0,0,32,89,4,7,4,5,1,1,0,0.285714286,1,0,2.0,3953.333333,0.821492007,0,1.871428571,3.25,0.957427108,0,0.571428571,0.571428571,1,2,2.696969697,1,0,1,0,0.714285714,0,1,0,3,1,1,0,0,0,0,0,0,1,0,0,1,0,0,1,0
20,1,1,7174,13.4,2,3,3,3,2,2,67,0,1,8,25,1,4,1,7,0,0,0,0.5,0,0,0.5,3587.0,0.368453481,1,6.7,2.5,0.577350269,0,0.25,0.5,1,1,2.777777778,0,2,0,1,3.5,0,1,0,3,1,0,1,0,0,0,0,1,1,0,0,0,0,0,1,1
30,1,0,4968,16.5,1,3,3,1,4,2,18,0,1,21,66,3,12,4,3,0,0,0,0.0,1,0,1.0,4968.0,0.139559068,1,8.25,2.5,1.290994449,0,0.25,1.5,2,2,3.0,1,-1,0,0,1.5,0,2,0,2,0,1,0,0,0,0,1,0,1,0,1,0,0,0,1,0
43,4,3,6962,15.9,2,2,3,4,1,5,60,0,0,46,140,3,10,3,5,0,0,0,0.6,1,0,2.0,3481.0,0.243561279,1,3.18,3.25,1.707825128,0,0.3,0.6,0,0,2.978723404,1,-1,0,0,1.0,0,2,0,1,0,1,0,0,0,0,0,0,1,0,0,1,0,0,0,0
31,3,3,8256,15.8,3,4,4,4,1,4,55,0,1,6,15,7,10,3,8,0,1,0,0.75,0,0,1.0,2752.0,0.610619469,0,3.95,3.25,1.5,0,0.7,1.75,1,2,2.142857143,0,1,1,1,2.0,1,1,0,2,0,1,0,0,0,1,0,0,1,0,1,0,0,0,0,0
18,0,0,5840,14.0,2,3,1,3,4,3,13,0,1,12,33,6,5,4,4,0,1,0,0.0,0,0,0.0,2920.0,0.176062847,1,14.0,2.75,1.258305739,0,1.2,6.0,1,2,2.538461538,0,-1,0,0,4.0,0,1,0,1,0,0,1,0,0,0,0,1,1,0,0,0,0,0,0,0
41,12,8,14972,20.7,4,4,3,2,2,3,62,0,0,23,60,4,8,3,3,1,1,0,0.615384615,1,0,3.0,3743.0,0.972273567,0,1.592307692,2.5,0.577350269,0,0.5,0.307692308,0,0,2.5,0,1,1,1,0.230769231,0,0,0,3,1,0,1,0,0,0,0,1,1,0,0,1,0,0,0,0
48,4,1,7236,18.4,1,3,4,4,3,2,32,0,0,10,21,9,4,3,5,0,0,0,0.2,1,0,4.0,7236.0,0.446902655,1,3.68,3.25,0.957427108,0,2.25,1.8,1,2,1.909090909,0,0,0,0,1.0,0,1,0,3,0,1,0,0,0,1,0,0,1,0,0,0,1,0,0,0
28,0,0,7593,12.2,3,1,3,4,3,3,42,0,0,28,72,4,6,2,4,0,1,0,0.0,0,0,0.0,2531.0,0.439926063,1,12.2,3.25,0.5,0,0.666666667,4.0,1,2,2.482758621,1,-1,0,0,4.0,0,2,0,2,1,0,1,0,0,0,0,1,1,0,1,0,0,0,1,0
28,6,0,6783,10.5,2,2,4,3,3,1,45,1,0,13,53,3,12,5,5,0,0,0,0.0,1,0,3.0,3391.5,0.146293569,1,1.5,2.75,1.258305739,0,0.25,0.428571429,0,2,3.785714286,0,-3,0,0,0.714285714,0,1,0,1,0,0,0,0,1,0,0,0,0,1,1,0,0,0,1,0
50,9,9,12301,19.9,4,4,3,4,4,2,0,1,1,21,60,5,7,5,11,1,1,1,0.9,0,0,2.25,3075.25,0.904189772,0,1.99,3.25,0.957427108,0,0.714285714,0.5,1,4,2.727272727,0,-1,1,0,1.1,1,1,0,2,0,0,1,0,0,0,0,1,1,0,0,0,1,0,0,0
37,1,0,4248,15.1,1,3,2,2,3,4,14,1,1,14,41,3,4,4,2,0,0,0,0.0,1,0,1.0,4248.0,0.106085526,1,7.55,2.75,0.957427108,0,0.75,1.5,2,5,2.733333333,0,-1,0,0,1.0,0,1,0,2,1,0,1,1,0,0,0,0,1,0,0,1,0,0,1,1
34,2,0,6691,14.2,1,3,4,3,4,5,50,1,1,5,13,7,5,5,7,0,1,0,0.0,1,0,2.0,6691.0,0.415973378,1,4.733333333,4.0,0.816496581,0,1.4,2.333333333,1,4,2.166666667,0,-2,0,0,2.333333333,0,1,0,3,0,1,0,0,0,0,1,0,1,0,1,0,0,0,0,0
49,7,4,14810,17.6,5,4,3,2,1,5,55,1,0,10,32,4,2,3,4,0,1,0,0.5,1,1,1.4,2962.0,0.990044248,0,2.2,2.75,1.707825128,0,2.0,0.5,2,5,2.909090909,0,1,1,1,0.5,0,1,0,3,0,1,0,0,0,1,0,0,0,0,0,0,1,0,1,0
36,11,4,14190,14.3,5,3,4,3,3,3,43,1,0,7,23,4,5,3,4,0,1,0,0.333333333,1,1,2.2,2838.0,0.982300885,0,1.191666667,3.25,0.5,0,0.8,0.333333333,1,4,2.875,0,0,0,0,0.333333333,0,1,0,3,1,0,0,0,0,1,0,0,0,0,0,1,0,0,0,0
30,1,1,9391,14.3,3,3,4,1,3,3,45,1,1,12,39,3,3,2,7,0,1,0,0.5,0,0,0.333333333,3130.333333,0.69254467,0,7.15,2.75,1.258305739,0,1.0,1.5,2,5,3.0,0,1,0,1,3.5,0,0,0,2,1,1,0,0,0,0,0,1,1,0,1,0,0,0,1,1
24,6,0,9581,14.7,3,3,5,3,3,4,18,1,1,8,24,2,11,4,7,0,1,0,0.0,1,0,2.0,3193.666667,0.712877388,0,2.1,3.75,0.957427108,0,0.181818182,0.285714286,1,3,2.666666667,0,-1,0,0,1.0,0,0,0,2,1,0,1,0,0,0,0,1,1,0,0,0,0,0,0,0
33,7,5,11209,15.5,2,4,3,4,3,3,40,1,0,11,42,7,9,3,5,0,1,0,0.625,1,1,3.5,5604.5,0.702749141,0,1.9375,3.25,0.5,0,0.777777778,0.875,1,4,3.5,0,1,1,1,0.625,0,1,0,3,1,1,0,0,1,0,0,0,1,0,1,0,0,0,0,0
37,15,11,11172,16.3,4,3,2,5,5,5,14,0,0,11,42,3,6,5,5,0,1,0,0.6875,1,1,3.75,2793.0,0.778863233,0,1.01875,4.25,1.5,0,0.5,0.1875,0,0,3.5,0,-2,0,0,0.3125,0,1,0,2,0,0,1,0,0,0,0,0,1,0,0,1,0,0,0,0
31,5,4,9389,18.9,2,5,3,2,1,3,33,0,1,6,17,3,5,2,2,1,0,0,0.666666667,1,0,2.5,4694.5,0.587033748,0,3.15,2.25,0.957427108,1,0.6,0.5,0,1,2.428571429,0,3,1,1,0.333333333,0,1,0,3,0,1,0,0,0,0,0,0,1,0,1,0,0,0,0,0
55,1,0,6844,18.9,1,4,5,5,1,4,28,1,1,7,21,1,4,4,10,0,1,1,0.0,1,0,1.0,6844.0,0.372234513,1,9.45,3.75,1.892969449,0,0.25,0.5,0,2,2.625,0,0,1,0,5.0,1,2,0,3,1,1,0,0,0,1,0,0,1,0,0,0,0,1,0,0
30,1,1,5708,17.6,1,2,1,2,5,2,36,0,0,18,51,4,10,3,8,0,0,0,0.5,0,0,1.0,5708.0,0.162969809,1,8.8,2.5,1.732050808,0,0.4,2.0,2,2,2.684210526,0,-1,0,0,4.0,1,2,0,3,0,1,0,0,0,0,0,1,1,0,1,0,0,0,1,1
40,2,1,10124,7.0,3,1,3,2,3,4,50,0,0,21,73,5,7,2,4,0,1,0,0.333333333,1,0,0.666666667,3374.666667,0.578301424,0,2.333333333,3.0,0.816496581,0,0.714285714,1.666666667,1,2,3.318181818,1,-1,0,0,1.333333333,0,1,0,2,0,0,1,0,1,0,0,0,0,0,0,1,0,0,0,0
26,8,4,13374,14.6,3,4,4,3,4,3,19,1,1,17,62,3,9,2,4,1,1,0,0.444444444,1,0,2.666666667,4458.0,0.85886107,0,1.622222222,3.5,0.577350269,0,0.333333333,0.333333333,2,4,3.444444444,1,2,1,1,0.444444444,0,1,0,3,0,1,0,0,1,0,0,0,0,0,1,0,0,0,0,0
32,5,4,7935,9.8,3,3,3,3,3,4,29,1,1,9,23,11,15,4,8,0,1,0,0.666666667,1,1,1.666666667,2645.0,0.627287854,0,1.633333333,3.25,0.5,0,0.733333333,1.833333333,2,5,2.3,0,-1,0,0,1.333333333,1,2,0,2,1,0,1,0,0,0,1,0,1,0,1,0,0,0,1,0
26,8,0,10934,17.8,4,4,3,3,5,3,32,0,0,9,26,6,9,4,6,0,1,0,0.0,1,0,2.0,2733.5,0.875553097,0,1.977777778,3.5,1.0,0,0.666666667,0.666666667,1,2,2.6,0,0,1,0,0.666666667,0,0,0,2,0,1,0,0,0,1,0,0,1,0,1,0,0,0,0,0
32,3,1,7465,16.0,2,3,2,3,3,4,66,1,1,4,11,5,5,5,6,0,1,0,0.25,1,0,1.5,3732.5,0.312166963,1,4.0,3.0,0.816496581,0,1.0,1.25,1,4,2.2,0,-2,0,0,1.5,0,1,0,2,0,1,0,0,0,0,0,0,1,0,1,0,0,0,0,0
31,12,11,13966,16.3,4,4,3,1,3,4,33,1,0,1,5,6,13,3,9,0,1,0,0.846153846,1,1,3.0,3491.5,0.884388807,0,1.253846154,2.75,1.258305739,0,0.461538462,0.461538462,0,2,2.5,0,1,1,1,0.692307692,1,2,0,2,1,1,0,0,1,0,0,0,1,0,1,0,0,0,0,0
29,3,2,10309,6.8,2,3,3,5,3,5,53,0,0,4,15,5,5,2,6,0,1,0,0.5,1,0,1.5,5154.5,0.70026643,0,1.7,4.0,1.154700538,0,1.0,1.25,1,2,3.0,0,1,0,1,1.5,0,0,0,3,1,0,1,0,0,0,0,0,0,0,1,0,0,0,0,0
31,10,6,11851,11.8,3,3,3,1,3,4,17,0,0,11,38,5,2,3,1,0,1,0,0.545454545,1,1,3.333333333,3950.333333,0.763132057,0,1.072727273,2.75,1.258305739,0,2.5,0.454545455,1,2,3.166666667,0,0,0,0,0.090909091,0,1,0,2,1,1,0,0,1,0,0,0,1,0,1,0,0,0,0,0
52,1,1,6079,19.1,3,3,5,3,4,4,31,0,0,25,75,2,2,3,2,0,1,1,0.5,0,0,0.333333333,2026.333333,0.207640173,1,9.55,4.0,0.816496581,0,1.0,1.0,2,3,2.884615385,1,0,0,0,1.0,0,2,0,1,0,0,1,0,0,0,0,1,1,0,0,0,1,0,0,0
26,7,7,9481,24.0,2,4,4,3,4,4,46,0,0,20,82,5,15,3,2,1,1,0,0.875,0,0,3.5,4740.5,0.495949926,1,3.0,3.75,0.5,0,0.333333333,0.625,1,1,3.904761905,1,1,1,1,0.25,0,2,0,2,0,1,0,0,1,0,0,0,1,0,1,0,0,0,0,0
41,9,9,12187,8.8,4,2,1,1,3,3,36,1,1,14,27,3,5,2,10,0,1,0,0.9,0,1,2.25,3046.75,0.900800986,0,0.88,2.0,1.154700538,1,0.6,0.3,1,4,1.8,0,0,0,0,1.0,1,3,1,3,1,1,0,0,0,0,0,1,1,0,0,1,0,0,1,1
28,1,0,6382,17.0,2,3,3,3,3,3,57,0,0,13,44,6,10,5,4,0,0,0,0.0,1,0,0.5,3191.0,0.365640599,1,8.5,3.0,0.0,0,0.6,3.0,2,3,3.142857143,0,-2,0,0,2.0,0,1,0,2,0,1,0,0,0,0,1,0,1,0,1,0,0,0,0,0
32,1,1,5622,14.5,1,4,3,3,3,4,19,1,0,7,26,3,20,5,5,0,0,0,0.5,0,0,1.0,5622.0,0.050564556,1,7.25,3.25,0.5,0,0.15,1.5,2,4,3.25,0,-1,1,0,2.5,0,1,0,2,1,1,0,0,1,0,0,0,1,0,1,0,0,0,0,0
29,0,0,6985,12.6,2,4,5,4,4,3,35,0,1,18,53,5,12,3,4,0,0,0,0.0,0,0,0.0,3492.5,0.247335702,1,12.6,4.0,0.816496581,0,0.416666667,5.0,1,1,2.789473684,0,1,1,1,4.0,0,1,0,1,1,0,1,0,0,0,0,0,1,0,1,0,0,0,0,0
40,7,4,7130,16.6,3,3,4,3,5,2,54,0,0,2,7,5,2,3,9,0,1,0,0.5,1,1,2.333333333,2376.666667,0.360751694,1,2.075,3.5,1.290994449,0,2.5,0.625,1,2,2.333333333,0,0,0,0,1.125,1,3,0,1,1,1,0,0,0,0,0,1,1,0,0,1,0,0,0,0
50,6,5,15947,12.6,4,3,3,3,2,2,3,0,1,12,55,6,6,4,4,0,1,1,0.714285714,1,1,1.5,3986.75,0.949926362,0,1.8,2.5,0.577350269,0,1.0,0.857142857,0,1,4.230769231,0,-1,0,0,0.571428571,0,1,0,3,1,1,0,0,1,0,0,0,1,0,0,0,1,0,0,0
29,1,0,7203,19.1,1,4,3,4,2,2,23,0,0,23,87,5,4,5,4,0,0,0,0.0,1,0,1.0,7203.0,0.276865009,1,9.55,2.75,0.957427108,0,1.25,2.5,0,1,3.625,1,-1,1,0,2.0,0,2,0,2,0,0,0,0,0,0,0,0,1,0,1,0,0,0,1,0
28,10,5,13629,17.3,4,3,3,3,3,4,22,0,0,6,17,1,7,3,4,0,1,0,0.454545455,1,1,2.5,3407.25,0.869415808,0,1.572727273,3.25,0.5,0,0.142857143,0.090909091,0,0,2.428571429,0,0,0,0,0.363636364,0,1,0,2,1,0,1,0,1,0,0,0,1,0,1,0,0,0,0,0
18,0,0,5195,10.3,2,1,4,3,3,4,35,1,0,23,126,4,13,3,5,0,0,0,0.0,0,0,0.0,2597.5,0.173460899,1,10.3,3.5,0.577350269,0,0.307692308,4.0,1,3,5.25,1,-2,0,0,5.0,0,2,0,2,1,1,0,0,0,0,1,0,1,0,0,0,0,0,1,1
46,13,1,14109,12.3,4,4,5,3,4,3,30,0,0,21,82,7,13,3,6,1,1,0,0.071428571,1,0,3.25,3527.25,0.890525282,0,0.878571429,3.75,0.957427108,0,0.538461538,0.5,2,3,3.727272727,1,1,1,1,0.428571429,0,1,0,2,1,0,1,0,1,0,0,0,1,0,0,0,1,0,0,0
41,1,1,5371,15.7,1,3,2,5,4,2,49,0,1,24,52,6,6,4,6,0,0,0,0.5,0,0,1.0,5371.0,0.125077018,1,7.85,3.25,1.5,0,1.0,3.0,1,2,2.08,0,-1,0,0,3.0,0,1,0,2,0,0,1,0,0,0,0,1,0,1,0,1,0,0,1,0
34,9,3,12664,19.4,3,3,4,4,5,4,39,0,0,24,63,4,10,2,4,0,1,0,0.3,1,0,3.0,4221.333333,0.921133703,0,1.94,4.25,0.5,0,0.4,0.4,0,0,2.52,1,1,0,1,0.4,0,1,0,4,0,0,0,0,0,0,0,1,0,0,1,0,0,0,0,0
37,6,3,11736,8.7,4,1,2,4,4,3,42,1,0,5,17,3,2,4,8,0,1,0,0.428571429,1,0,1.5,2934.0,0.948190789,0,1.242857143,3.25,0.957427108,0,1.5,0.428571429,0,3,2.833333333,0,-3,0,0,1.142857143,1,1,0,4,1,1,0,1,0,0,0,0,1,0,0,1,0,0,0,0
26,6,4,10968,12.8,3,1,2,5,3,3,32,0,1,28,121,4,11,3,6,0,1,0,0.571428571,1,1,2.0,3656.0,0.675257732,0,1.828571429,3.25,1.258305739,0,0.363636364,0.571428571,1,1,4.172413793,1,-2,0,0,0.857142857,0,2,0,2,0,0,1,0,1,0,0,0,1,0,1,0,0,0,1,0
39,11,9,12002,13.4,4,2,4,1,3,3,23,1,0,8,22,7,8,3,6,0,1,0,0.75,1,1,2.75,3000.5,0.773686794,0,1.116666667,2.75,1.258305739,0,0.875,0.583333333,2,5,2.444444444,0,-1,0,0,0.5,0,1,0,1,1,1,0,0,1,0,0,0,0,1,0,1,0,0,1,0
40,1,0,5131,7.4,1,2,3,1,2,4,44,0,0,17,42,4,2,3,5,0,0,0,0.0,1,0,1.0,5131.0,0.0982748,1,3.7,2.5,1.290994449,0,2.0,2.0,1,2,2.333333333,0,-1,0,0,2.5,0,1,0,2,1,1,0,0,0,0,0,1,1,0,0,1,0,0,1,0
40,2,1,9422,12.5,2,5,3,3,3,3,30,0,0,16,54,4,7,3,3,0,0,0,0.333333333,1,0,1.0,4711.0,0.590142096,0,4.166666667,3.0,0.0,0,0.571428571,1.333333333,0,1,3.176470588,0,2,1,1,1.0,0,0,0,3,0,1,0,0,0,0,0,0,1,0,0,1,0,0,0,0
44,4,0,6188,13.7,2,2,4,2,5,3,22,1,0,14,46,6,7,4,9,0,0,0,0.0,1,0,2.0,3094.0,0.265486726,1,2.74,3.5,1.290994449,0,0.857142857,1.2,1,4,3.066666667,0,-2,0,0,1.8,1,2,0,2,0,1,0,0,0,1,0,0,1,0,0,1,0,0,0,0
44,7,7,9784,8.6,3,1,2,3,2,3,19,0,1,18,57,2,8,4,2,0,1,0,0.875,0,1,2.333333333,3261.333333,0.73012939,0,1.075,2.5,0.577350269,0,0.25,0.25,2,2,3.0,0,-3,0,0,0.25,0,1,0,2,1,0,1,0,0,0,0,1,1,0,0,1,0,0,0,0
40,1,1,5189,16.2,2,2,4,3,3,3,20,0,1,8,28,6,6,3,2,0,1,0,0.5,0,0,0.5,2594.5,0.217105263,1,8.1,3.25,0.5,0,1.0,3.0,1,2,3.111111111,0,-1,0,0,1.0,0,1,0,2,1,0,1,1,0,0,0,0,1,0,0,1,0,0,1,0
44,9,0,8638,19.6,3,4,1,3,3,4,37,0,1,4,18,3,14,1,5,1,1,0,0.0,1,0,3.0,2879.333333,0.488454707,1,1.96,2.75,1.258305739,0,0.214285714,0.3,2,2,3.6,0,3,1,1,0.5,0,1,0,1,1,1,0,0,0,0,0,0,1,0,0,1,0,0,0,0
49,10,10,13420,18.5,4,5,3,2,3,5,20,0,0,26,80,5,2,3,5,1,1,0,0.909090909,0,0,2.5,3355.0,0.907193606,0,1.681818182,3.25,1.258305739,0,2.5,0.454545455,1,2,2.962962963,1,2,1,1,0.454545455,0,1,0,2,1,0,1,0,0,0,0,0,1,0,0,0,1,0,0,0
44,11,8,11740,16.6,4,3,3,3,4,4,36,1,1,13,38,5,3,4,13,0,1,0,0.666666667,1,1,2.75,2935.0,0.815719361,0,1.383333333,3.5,0.577350269,0,1.666666667,0.416666667,1,4,2.714285714,0,-1,0,0,1.083333333,1,2,0,1,0,0,1,0,0,0,0,0,1,0,0,1,0,0,0,0
31,1,0,3549,14.7,1,3,4,4,2,1,44,0,0,23,84,5,3,4,7,0,0,0,0.0,1,0,1.0,3549.0,0.001472754,1,7.35,2.75,1.5,0,1.666666667,2.5,0,1,3.5,1,-1,0,0,3.5,0,2,0,1,1,0,1,0,1,0,0,0,1,0,1,0,0,0,1,0
26,7,5,9225,13.3,3,3,2,4,4,4,44,0,1,15,43,1,4,4,7,0,1,0,0.625,1,1,2.333333333,3075.0,0.668669131,0,1.6625,3.5,1.0,0,0.25,0.125,1,1,2.6875,0,-1,0,0,0.875,0,1,0,1,1,1,0,0,0,0,0,1,1,0,1,0,0,0,0,0
47,1,1,11309,17.0,4,3,2,2,4,4,44,1,1,20,79,2,10,1,4,0,1,0,0.5,0,0,0.25,2827.25,0.713181149,0,8.5,3.0,1.154700538,0,0.2,1.0,0,2,3.761904762,1,2,0,1,2.0,0,1,0,1,1,0,1,0,1,0,0,0,0,1,0,0,1,0,1,1
35,15,4,11503,12.8,4,4,3,3,4,2,38,0,1,16,63,7,11,4,1,0,1,0,0.25,1,1,3.75,2875.75,0.803285968,0,0.8,3.0,0.816496581,0,0.636363636,0.4375,0,1,3.705882353,1,0,1,0,0.0625,0,2,0,1,0,1,0,0,0,0,0,0,0,1,0,1,0,0,0,0
29,11,4,11888,13.4,3,3,3,3,2,1,47,0,1,24,71,8,10,3,6,0,1,0,0.333333333,1,1,3.666666667,3962.666667,0.889402341,0,1.116666667,2.25,0.957427108,1,0.8,0.666666667,1,2,2.84,1,0,0,0,0.5,0,3,0,3,0,1,0,0,0,0,0,1,0,1,1,0,0,0,0,0
42,4,1,8880,15.4,4,3,4,3,3,5,55,0,0,21,57,5,5,4,3,0,1,0,0.2,1,0,1.0,2220.0,0.521092362,0,3.08,3.75,0.957427108,0,1.0,1.0,0,1,2.590909091,0,-1,0,0,0.6,0,0,0,1,1,0,1,0,0,0,0,0,0,1,0,1,0,0,0,0
26,2,1,6697,17.9,2,4,3,2,1,5,59,1,1,22,89,2,6,2,3,0,0,0,0.333333333,1,0,1.0,3348.5,0.207815275,1,5.966666667,2.75,1.707825128,0,0.333333333,0.666666667,0,2,3.869565217,1,2,1,1,1.0,0,2,0,2,0,1,0,0,0,0,0,0,1,0,1,0,0,0,1,1
22,1,1,5085,18.9,1,3,3,3,5,3,47,1,0,11,28,2,5,4,5,0,0,0,0.5,0,0,1.0,5085.0,0.092883549,1,9.45,3.5,1.0,0,0.4,1.0,1,3,2.333333333,0,-1,0,0,2.5,0,1,0,2,0,0,1,0,0,0,0,1,0,1,0,0,0,0,0,0
31,3,0,6665,13.9,3,4,4,3,5,3,19,0,1,8,26,7,6,1,5,0,1,0,0.0,1,0,1.0,2221.666667,0.412853577,1,3.475,3.75,0.957427108,0,1.166666667,1.75,1,2,2.888888889,0,3,1,1,1.25,0,1,0,1,1,0,1,0,0,0,1,0,1,0,1,0,0,0,0,0
36,6,2,6229,13.1,2,3,4,1,4,3,56,1,0,31,72,4,7,4,4,0,0,0,0.285714286,1,0,3.0,3114.5,0.339018303,1,1.871428571,3.0,1.414213562,0,0.571428571,0.571428571,0,3,2.25,1,-1,0,0,0.571428571,0,2,0,2,1,1,0,0,0,0,1,0,0,1,0,1,0,0,0,1
32,1,1,8820,16.3,2,3,4,3,3,5,43,0,1,15,47,7,9,4,6,0,0,0,0.5,0,0,0.5,4410.0,0.617375231,0,8.15,3.75,0.957427108,0,0.777777778,3.5,0,1,2.9375,0,-1,0,0,3.0,0,0,0,4,1,0,1,0,0,0,0,1,1,0,1,0,0,0,0,0
42,7,5,5954,10.9,3,2,4,3,3,3,29,0,0,11,53,7,9,4,6,0,1,0,0.625,1,1,2.333333333,1984.666667,0.358552632,1,1.3625,3.25,0.5,0,0.777777778,0.875,1,2,4.416666667,0,-2,0,0,0.75,0,2,0,2,1,1,0,1,0,0,0,0,1,0,0,1,0,0,0,0
38,10,3,16217,17.8,4,2,4,2,1,3,15,0,0,7,25,4,6,4,2,0,1,0,0.272727273,1,0,2.5,4054.25,0.973357016,0,1.618181818,2.5,1.290994449,0,0.666666667,0.363636364,2,3,3.125,0,-2,0,0,0.181818182,0,0,0,4,0,0,1,0,0,0,0,0,1,0,0,1,0,0,0,0
41,0,0,3046,17.7,1,4,2,4,3,4,6,0,0,10,20,5,6,2,6,0,0,0,0.0,0,0,0.0,3046.0,0.011023295,1,17.7,3.25,0.957427108,0,0.833333333,5.0,2,3,1.818181818,0,2,1,1,6.0,0,1,0,1,1,1,0,0,0,0,1,0,0,0,0,1,0,0,0,1
30,11,5,8358,10.7,5,3,4,4,3,3,88,0,1,6,25,10,8,5,8,0,1,0,0.416666667,1,1,2.2,1671.6,0.625553097,0,0.891666667,3.5,0.577350269,0,1.25,0.833333333,1,2,3.571428571,0,-2,0,0,0.666666667,1,2,0,1,0,0,1,0,0,1,0,0,1,0,1,0,0,0,0,0
42,1,0,6704,11.5,1,4,2,2,5,4,42,0,0,13,52,2,12,4,5,0,0,0,0.0,1,0,1.0,6704.0,0.294208256,1,5.75,3.25,1.5,0,0.166666667,1.0,0,0,3.714285714,0,0,1,0,2.5,0,1,0,2,1,1,0,0,0,0,0,1,1,0,0,1,0,0,0,0
46,4,0,10741,6.2,3,1,3,3,5,3,25,0,0,24,70,3,2,1,5,0,1,0,0.0,1,0,1.333333333,3580.333333,0.650711831,0,1.24,3.5,1.0,0,1.5,0.6,0,1,2.8,1,0,0,0,1.0,0,1,0,2,0,0,1,0,1,0,0,0,1,0,0,0,1,0,0,0
42,12,10,9639,13.7,2,3,5,3,5,4,40,0,0,15,44,2,18,3,4,0,1,0,0.769230769,1,1,6.0,4819.5,0.618117229,0,1.053846154,4.25,0.957427108,0,0.111111111,0.153846154,1,1,2.75,0,0,0,0,0.307692308,0,1,0,2,1,1,0,0,0,0,0,0,1,0,0,1,0,0,0,0
27,6,1,9918,16.5,3,4,3,2,1,4,20,0,1,9,19,4,7,4,7,1,1,0,0.142857143,1,0,2.0,3306.0,0.743530499,0,2.357142857,2.5,1.290994449,0,0.571428571,0.571428571,0,1,1.9,0,0,1,0,1.0,0,0,0,2,1,1,0,0,0,0,0,1,1,0,1,0,0,0,0,0
47,10,2,11211,18.9,4,4,3,5,5,2,49,1,1,7,22,4,7,2,5,1,1,0,0.181818182,1,0,2.5,2802.75,0.855668515,0,1.718181818,3.75,1.5,0,0.571428571,0.363636364,2,5,2.75,0,2,1,1,0.454545455,0,0,0,2,1,0,1,0,0,0,0,1,1,0,0,0,1,0,0,0
37,13,1,8637,8.7,3,3,3,2,3,3,47,1,1,11,32,5,8,4,5,0,1,0,0.071428571,1,0,4.333333333,2879.0,0.720881864,0,0.621428571,2.75,0.5,0,0.625,0.357142857,0,3,2.666666667,0,-1,0,0,0.357142857,0,0,0,2,1,1,0,0,0,0,1,0,1,0,0,1,0,0,0,0
43,12,7,9072,16.2,4,4,4,3,2,3,45,1,0,8,25,4,6,3,7,1,1,0,0.538461538,1,0,3.0,2268.0,0.806743421,0,1.246153846,3.0,0.816496581,0,0.666666667,0.307692308,1,4,2.777777778,0,1,1,1,0.538461538,0,0,0,2,0,0,1,1,0,0,0,0,1,0,0,1,0,0,0,0
40,3,1,5131,19.8,1,3,2,3,1,1,41,1,0,5,20,7,7,1,6,0,0,0,0.25,1,0,3.0,5131.0,0.209292763,1,4.95,1.75,0.957427108,1,1.0,1.75,1,4,3.333333333,0,2,0,1,1.5,0,2,1,2,1,1,0,1,0,0,0,0,1,0,0,1,0,0,1,1
22,0,0,3686,14.1,1,3,4,1,4,1,45,1,1,15,46,1,2,4,8,0,0,0,0.0,0,0,0.0,3686.0,0.002700049,1,14.1,2.5,1.732050808,0,0.5,1.0,0,2,2.875,0,-1,0,0,8.0,1,2,0,1,0,1,0,0,1,0,0,0,1,0,0,0,0,0,0,1
25,7,5,8494,16.7,1,3,4,5,2,2,61,1,0,5,13,6,11,3,10,0,0,0,0.625,1,1,7.0,8494.0,0.368679431,1,2.0875,3.25,1.5,0,0.545454545,0.75,1,4,2.166666667,0,0,0,0,1.25,1,3,0,2,1,0,1,0,1,0,0,0,1,0,1,0,0,0,0,0
43,3,3,5091,13.9,2,2,3,4,4,3,15,1,1,2,7,1,2,4,3,0,0,0,0.75,0,0,1.5,2545.5,0.156198003,1,3.475,3.5,0.577350269,0,0.5,0.25,0,2,2.333333333,0,-2,0,0,0.75,0,1,0,2,0,1,0,0,0,0,1,0,0,0,0,1,0,0,1,0
39,4,2,8975,14.8,2,3,3,3,4,5,40,0,0,29,61,5,5,2,2,0,1,0,0.4,1,0,2.0,4487.5,0.433971527,1,2.96,3.75,0.957427108,0,1.0,1.0,1,2,2.033333333,1,1,0,1,0.4,0,2,0,2,0,0,1,0,1,0,0,0,1,0,0,1,0,0,1,0
31,2,2,6159,12.4,2,3,3,5,5,3,62,0,1,34,150,4,10,3,1,0,0,0,0.666666667,0,0,1.0,3079.5,0.218730746,1,4.133333333,4.0,1.154700538,0,0.4,1.333333333,1,1,4.285714286,1,0,0,0,0.333333333,0,2,0,1,1,1,0,0,0,0,0,1,1,0,1,0,0,0,0,0
45,6,5,4968,6.5,1,2,3,5,4,4,39,1,1,2,6,3,4,3,5,0,1,0,0.714285714,1,1,6.0,4968.0,0.081330869,1,0.928571429,4.0,0.816496581,0,0.75,0.428571429,1,4,2.0,0,-1,0,0,0.714285714,0,2,0,1,1,1,0,0,0,0,0,1,1,0,0,0,1,0,0,0
39,3,3,9155,15.9,2,3,2,4,4,2,2,0,0,15,49,5,7,3,2,0,1,0,0.75,0,0,1.5,4577.5,0.659889094,0,3.975,3.0,1.154700538,0,0.714285714,1.25,2,3,3.0625,0,0,0,0,0.5,0,0,0,4,0,1,0,0,0,0,0,1,1,0,0,1,0,0,1,0
29,11,8,15383,12.8,5,3,3,2,4,4,26,1,1,9,28,6,11,4,9,0,1,0,0.666666667,1,1,2.2,3076.6,0.936671576,0,1.066666667,3.25,0.957427108,0,0.545454545,0.5,1,4,2.8,0,-1,0,0,0.75,1,2,0,2,0,0,0,0,1,0,0,0,1,0,1,0,0,0,0,0
49,1,0,6660,16.0,1,3,4,2,1,3,40,0,0,14,46,1,9,4,4,0,0,0,0.0,1,0,1.0,6660.0,0.132056946,1,8.0,2.5,1.290994449,0,0.111111111,0.5,1,1,3.066666667,0,-1,0,0,2.0,0,1,0,2,1,1,0,0,1,0,0,0,0,0,0,0,1,0,0,0
28,10,4,9688,16.4,3,5,5,4,2,4,15,0,1,4,13,3,3,5,7,1,1,0,0.363636364,1,0,3.333333333,3229.333333,0.781526549,0,1.490909091,3.75,1.258305739,0,1.0,0.272727273,0,1,2.6,0,0,1,0,0.636363636,0,0,0,2,0,1,0,0,0,1,0,0,1,0,1,0,0,0,0,0
36,5,4,8829,15.2,3,3,4,2,4,3,11,0,0,15,49,1,5,4,3,0,1,0,0.666666667,1,1,1.666666667,2943.0,0.618607517,0,2.533333333,3.25,0.957427108,0,0.2,0.166666667,0,0,3.0625,0,-1,0,0,0.5,0,1,0,2,1,1,0,0,0,0,0,1,1,0,0,1,0,0,0,0
38,11,4,9657,16.7,3,3,1,4,4,4,12,0,1,8,29,4,6,2,4,0,1,0,0.333333333,1,1,3.666666667,3219.0,0.520864016,0,1.391666667,3.25,1.5,0,0.666666667,0.333333333,2,3,3.222222222,0,1,0,1,0.333333333,0,1,0,1,0,1,0,0,1,0,0,0,1,0,0,1,0,0,0,0
42,8,2,7952,13.9,2,3,4,3,3,3,13,0,0,18,56,8,2,4,3,0,0,0,0.222222222,1,0,4.0,3976.0,0.628951747,0,1.544444444,3.25,0.5,0,4.0,0.888888889,1,2,2.947368421,0,-1,0,0,0.333333333,0,0,0,2,0,1,0,0,0,0,1,0,1,0,0,1,0,0,0,0
44,0,0,5489,16.5,1,2,2,2,4,3,28,1,1,15,45,6,14,1,11,0,0,0,0.0,0,0,0.0,5489.0,0.220881864,1,16.5,2.75,0.957427108,0,0.428571429,6.0,1,3,2.8125,0,1,0,1,11.0,1,2,0,3,1,0,0,0,0,0,1,0,1,0,0,1,0,0,1,1
53,10,10,11495,13.9,3,4,3,3,2,3,33,1,1,6,13,4,2,1,4,0,1,1,0.909090909,0,1,3.333333333,3831.666667,0.802841918,0,1.263636364,2.75,0.5,0,2.0,0.363636364,2,5,1.857142857,0,3,1,1,0.363636364,0,1,0,2,1,0,1,0,0,0,0,0,1,0,0,0,1,0,0,0
46,4,4,8428,18.5,3,5,3,3,3,4,45,0,0,52,150,3,12,3,3,0,1,0,0.8,0,1,1.333333333,2809.333333,0.694675541,0,3.7,3.25,0.5,0,0.25,0.6,0,0,2.830188679,1,2,1,1,0.6,0,2,0,2,1,0,0,0,0,0,1,0,1,0,0,0,1,0,0,0
35,17,16,11047,11.0,4,1,3,5,2,4,60,1,1,4,13,3,4,4,4,0,1,0,0.888888889,1,1,4.25,2761.75,0.683603338,0,0.611111111,3.5,1.290994449,0,0.75,0.166666667,1,4,2.6,0,-3,0,0,0.222222222,0,1,0,1,0,1,0,0,1,0,0,0,1,0,0,1,0,0,0,0
38,20,17,11284,16.3,4,3,2,2,3,3,43,1,0,18,46,3,8,3,6,0,1,0,0.80952381,1,1,5.0,2821.0,0.919717138,0,0.776190476,2.5,0.577350269,0,0.375,0.142857143,0,2,2.421052632,0,0,0,0,0.285714286,0,1,0,2,0,0,1,0,0,0,1,0,1,0,0,1,0,0,0,0
33,1,1,8053,14.2,2,2,3,5,3,2,51,1,1,13,53,4,6,4,4,0,0,0,0.5,0,0,0.5,4026.5,0.580752212,0,7.1,3.25,1.258305739,0,0.666666667,2.0,1,4,3.785714286,0,-2,0,0,2.0,0,0,0,2,1,1,0,0,0,1,0,0,1,0,1,0,0,0,1,0
35,13,5,8596,17.7,3,3,4,4,2,3,46,0,0,19,41,2,9,3,3,0,1,0,0.357142857,1,1,4.333333333,2865.333333,0.653207965,0,1.264285714,3.25,0.957427108,0,0.222222222,0.142857143,0,0,2.05,0,0,0,0,0.214285714,0,1,0,2,1,1,0,0,0,1,0,0,1,0,0,1,0,0,0,0
44,4,4,5132,14.0,1,4,5,2,3,2,57,1,1,9,34,4,13,3,9,0,0,0,0.8,0,1,4.0,5132.0,0.098582871,1,2.8,3.0,1.414213562,0,0.307692308,0.8,0,2,3.4,0,1,1,1,1.8,1,3,0,2,0,0,0,0,0,0,0,1,1,0,0,1,0,0,1,0
45,13,6,13362,13.3,5,3,1,4,2,3,36,0,0,15,55,2,7,3,3,0,1,0,0.428571429,1,1,2.6,2672.4,0.976289517,0,0.95,2.5,1.290994449,0,0.285714286,0.142857143,1,1,3.4375,0,0,0,0,0.214285714,0,1,0,3,1,0,0,0,0,0,1,0,1,0,0,0,1,0,1,0
43,3,0,7018,16.0,1,2,3,4,3,4,30,0,0,12,32,4,9,4,2,0,0,0,0.0,1,0,3.0,7018.0,0.337646334,1,4.0,3.5,0.577350269,0,0.444444444,1.0,0,0,2.461538462,0,-2,0,0,0.5,0,1,0,2,1,0,1,0,0,0,0,1,1,0,0,1,0,0,0,0
40,5,3,5926,11.7,1,3,3,3,5,4,46,1,1,8,28,4,11,4,3,0,0,0,0.5,1,0,5.0,5926.0,0.187307455,1,1.95,3.75,0.957427108,0,0.363636364,0.666666667,1,3,3.111111111,0,-1,0,0,0.5,0,1,0,2,1,1,0,0,0,0,0,1,0,0,0,1,0,0,1,0
32,1,0,7693,17.2,2,4,5,4,3,4,16,0,1,11,36,4,11,3,8,0,0,0,0.0,1,0,0.5,3846.5,0.456869994,1,8.6,4.0,0.816496581,0,0.363636364,2.0,1,1,3.0,0,1,1,1,4.0,1,2,0,2,1,1,0,0,0,0,0,1,1,0,1,0,0,0,0,0
52,9,1,10569,12.1,3,3,1,3,3,5,31,0,1,15,37,6,2,3,4,0,1,1,0.1,1,0,3.0,3523.0,0.63377516,0,1.21,3.0,1.632993162,0,3.0,0.6,1,2,2.3125,0,0,0,0,0.4,0,0,0,2,1,1,0,0,1,0,0,0,1,0,0,0,1,0,0,0
42,0,0,5965,18.3,2,4,1,3,3,1,10,0,1,5,12,7,3,4,4,0,0,0,0.0,0,0,0.0,2982.5,0.233960177,1,18.3,2.0,1.154700538,1,2.333333333,7.0,1,2,2.0,0,0,1,0,4.0,0,2,0,2,0,0,0,0,0,1,0,0,0,0,0,1,0,0,1,1
49,2,1,6933,8.0,1,2,3,2,3,4,33,1,0,5,14,7,8,3,9,0,1,0,0.333333333,1,0,2.0,6933.0,0.387721239,1,2.666666667,3.0,0.816496581,0,0.875,2.333333333,2,5,2.333333333,0,-1,0,0,3.0,1,2,0,3,1,1,0,0,0,1,0,0,1,0,0,0,1,0,1,0
35,1,1,5893,15.2,2,2,3,3,2,3,20,1,0,16,62,2,8,3,9,0,0,0,0.5,0,0,0.5,2946.5,0.225110619,1,7.6,2.75,0.5,0,0.25,1.0,0,2,3.647058824,1,-1,0,0,4.5,1,3,0,2,0,0,1,0,0,1,0,0,1,0,0,1,0,0,1,1
39,4,4,10281,21.3,2,4,2,4,1,5,26,0,1,12,37,1,5,3,5,0,0,0,0.8,0,1,2.0,5140.5,0.596342661,0,4.26,3.0,1.825741858,0,0.2,0.2,2,2,2.846153846,0,1,1,1,1.0,0,1,0,3,1,0,0,0,1,0,0,0,1,0,0,1,0,0,1,0
53,5,4,6203,13.5,1,3,2,2,3,3,52,0,0,18,43,2,12,3,6,0,0,1,0.666666667,1,1,5.0,6203.0,0.223813925,1,2.25,2.5,0.577350269,0,0.166666667,0.333333333,0,0,2.263157895,0,0,0,0,1.0,0,2,0,2,1,1,0,0,0,0,0,1,1,0,0,0,1,0,0,0
48,11,3,11603,15.2,3,3,4,3,3,4,30,0,0,8,33,4,12,5,6,0,1,0,0.25,1,0,3.666666667,3867.666667,0.809058615,0,1.266666667,3.5,0.577350269,0,0.333333333,0.333333333,1,1,3.666666667,0,-2,0,0,0.5,0,0,0,3,0,1,0,0,0,0,0,0,1,0,0,0,1,0,0,0
34,3,3,6238,13.1,2,3,1,3,5,4,4,0,0,4,15,2,11,2,4,0,0,0,0.75,0,0,1.5,3119.0,0.340266223,1,3.275,3.25,1.707825128,0,0.181818182,0.5,0,0,3.0,0,1,0,1,1.0,0,1,0,2,1,1,0,0,0,0,1,0,1,0,1,0,0,0,0,0
24,3,1,2731,9.2,1,3,3,1,4,4,25,1,0,9,32,4,2,3,6,0,0,0,0.25,1,0,3.0,2731.0,0.002212389,1,2.3,3.0,1.414213562,0,2.0,1.0,1,4,3.2,0,0,0,0,1.5,0,1,0,1,1,1,0,0,0,1,0,0,1,0,0,0,0,0,1,0
41,11,11,7933,15.9,4,3,4,4,4,2,16,1,1,15,61,4,7,3,7,0,1,0,0.916666667,0,1,2.75,1983.25,0.678453947,0,1.325,3.5,1.0,0,0.571428571,0.333333333,1,4,3.8125,1,0,0,0,0.583333333,0,2,0,1,0,0,0,1,0,0,0,0,0,0,0,1,0,0,0,0
38,4,4,9784,8.8,3,4,4,3,2,4,22,0,1,22,77,3,15,4,4,0,1,0,0.8,0,1,1.333333333,3261.333333,0.792311947,0,1.76,3.25,0.957427108,0,0.2,0.6,2,2,3.347826087,1,0,1,0,0.8,0,2,0,2,1,1,0,0,0,1,0,0,1,0,0,1,0,0,0,0
26,7,1,9895,11.2,4,4,3,2,1,3,30,0,0,26,56,1,2,4,8,0,1,0,0.125,1,0,1.75,2473.75,0.870065789,0,1.4,2.25,0.957427108,1,0.5,0.125,0,0,2.074074074,0,0,1,0,1.0,1,2,0,2,1,1,0,1,0,0,0,0,1,0,1,0,0,0,0,0
34,10,9,8252,16.1,3,5,2,2,5,3,31,1,0,44,148,2,6,3,13,1,1,0,0.818181818,1,0,3.333333333,2750.666667,0.610066372,0,1.463636364,3.0,1.414213562,0,0.333333333,0.181818182,2,4,3.288888889,1,2,1,1,1.181818182,1,2,0,2,0,1,0,0,0,1,0,0,1,0,1,0,0,0,1,1
31,0,0,3058,18.8,1,4,3,2,2,3,38,1,0,41,144,2,3,3,6,0,0,0,0.0,0,0,0.0,3058.0,0.004004929,1,18.8,2.5,0.577350269,0,0.666666667,2.0,0,3,3.428571429,1,1,1,1,6.0,0,2,0,1,0,0,1,0,0,0,0,1,1,0,1,0,0,0,1,1
55,8,8,11886,14.5,3,4,4,4,3,4,38,0,0,18,41,5,2,3,2,1,1,1,0.888888889,0,0,2.666666667,3962.0,0.88909427,0,1.611111111,3.75,0.5,0,2.5,0.555555556,1,2,2.157894737,0,1,1,1,0.222222222,0,0,0,3,0,0,1,0,0,0,0,1,1,0,0,0,0,1,0,0
32,4,3,8639,11.6,3,2,5,3,2,3,48,0,1,8,25,6,9,3,6,0,1,0,0.6,1,0,1.333333333,2879.666667,0.387702504,1,2.32,3.25,1.258305739,0,0.666666667,1.2,1,2,2.777777778,0,-1,0,0,1.2,0,1,0,1,1,1,0,0,1,0,0,0,1,0,1,0,0,0,0,0
24,3,1,5379,15.3,3,3,3,4,4,4,7,0,0,10,41,7,9,3,7,0,1,0,0.25,1,0,1.0,1793.0,0.126309304,1,3.825,3.75,0.5,0,0.777777778,1.75,1,2,3.727272727,0,0,0,0,1.75,0,1,0,1,0,0,1,0,0,0,0,1,1,0,0,0,0,0,0,0
41,3,2,9111,18.3,3,4,5,3,5,3,20,0,0,9,22,4,10,5,6,0,1,0,0.5,1,0,1.0,3037.0,0.654959951,0,4.575,4.0,1.154700538,0,0.4,1.0,1,1,2.2,0,-1,1,0,1.5,0,0,0,2,0,0,1,0,0,0,0,1,1,0,0,1,0,0,0,0
38,7,3,9465,18.1,3,5,4,2,4,5,19,0,0,8,23,8,16,5,6,0,1,0,0.375,1,0,2.333333333,3155.0,0.801164725,0,2.2625,3.75,1.258305739,0,0.5,1.0,2,2,2.555555556,0,0,1,0,0.75,0,0,0,3,1,1,0,0,0,0,1,0,0,1,0,1,0,0,0,0
38,0,0,7632,11.3,2,4,4,3,3,2,25,1,0,14,39,1,16,3,2,0,1,0,0.0,0,0,0.0,3816.0,0.249509082,1,11.3,3.0,0.816496581,0,0.0625,1.0,1,3,2.6,0,1,1,1,2.0,0,1,0,2,0,0,1,0,1,0,0,0,1,0,0,1,0,0,0,0
38,1,1,7831,17.7,3,1,4,3,2,1,11,0,1,31,128,3,7,3,2,0,1,0,0.5,0,0,0.333333333,2610.333333,0.475970425,1,8.85,2.5,1.290994449,0,0.428571429,1.5,0,0,4.0,1,-2,0,0,1.0,0,2,0,2,1,1,0,0,0,0,0,1,1,0,0,1,0,0,0,0
42,14,2,17848,17.7,5,5,4,3,5,3,23,0,1,11,23,5,11,4,5,0,1,0,0.133333333,1,0,2.8,3569.6,0.976681394,0,1.18,3.75,0.957427108,0,0.454545455,0.333333333,1,1,1.916666667,0,1,1,1,0.333333333,0,0,0,2,0,0,1,0,1,0,0,0,1,0,0,1,0,0,0,0
38,0,0,6813,11.6,1,4,4,5,2,4,14,0,1,9,32,1,11,2,5,0,0,0,0.0,0,0,0.0,6813.0,0.365597345,1,11.6,3.75,1.258305739,0,0.090909091,1.0,1,1,3.2,0,2,1,1,5.0,0,1,0,3,1,1,0,0,0,1,0,0,1,0,0,1,0,0,1,0
48,1,1,11140,10.3,2,4,1,4,5,4,44,0,0,8,31,7,6,3,6,0,0,0,0.5,0,0,0.5,5570.0,0.696244477,0,5.15,3.5,1.732050808,0,1.166666667,3.5,2,3,3.444444444,0,1,1,1,3.0,0,0,0,3,1,1,0,0,1,0,0,0,0,0,0,0,1,0,1,0
41,1,1,7271,14.3,2,3,3,4,4,3,45,0,1,12,50,2,2,3,5,0,0,0,0.5,0,0,0.5,3635.5,0.385705484,1,7.15,3.5,0.577350269,0,1.0,1.0,1,2,3.846153846,0,0,0,0,2.5,0,1,0,2,0,0,1,0,0,0,0,1,1,0,0,1,0,0,0,0
39,3,2,6479,14.2,2,3,2,4,4,4,15,0,1,8,25,3,3,4,4,0,0,0,0.5,1,0,1.5,3239.5,0.264633395,1,3.55,3.5,1.0,0,1.0,0.75,1,2,2.777777778,0,-1,0,0,1.0,0,1,0,2,1,1,0,0,0,0,0,1,0,0,0,1,0,0,0,0
36,2,0,5287,7.3,1,3,5,3,3,1,34,0,0,1,5,4,7,4,2,0,0,0,0.0,1,0,2.0,5287.0,0.113678373,1,2.433333333,3.0,1.632993162,0,0.571428571,1.333333333,2,3,2.5,0,-1,0,0,0.666666667,0,1,0,2,1,0,1,0,0,0,0,1,0,1,0,1,0,0,0,0
44,9,9,9230,14.5,3,4,3,3,2,2,28,0,1,7,26,2,10,5,5,1,1,0,0.9,0,0,3.0,3076.666667,0.780366057,0,1.45,2.5,0.577350269,0,0.2,0.2,1,1,3.25,0,-1,1,0,0.5,0,0,0,2,1,0,1,0,0,0,1,0,1,0,0,1,0,0,0,0
51,0,0,8889,16.1,3,2,4,4,5,3,37,0,0,5,16,3,14,3,3,0,1,1,0.0,0,0,0.0,2963.0,0.625847197,0,16.1,4.0,0.816496581,0,0.214285714,3.0,0,0,2.666666667,0,-1,0,0,3.0,0,0,0,2,1,1,0,0,0,0,0,1,1,0,0,0,1,0,0,0
29,1,0,7170,9.7,1,3,3,3,3,4,55,1,1,8,21,2,6,5,7,0,0,0,0.0,1,0,1.0,7170.0,0.50374376,0,4.85,3.25,0.5,0,0.333333333,1.0,1,3,2.333333333,0,-2,0,0,3.5,0,0,0,3,1,0,1,0,0,0,1,0,0,0,1,0,0,0,1,0
22,2,1,3463,11.6,1,3,3,3,4,2,57,0,1,13,46,2,2,4,4,0,0,0,0.333333333,1,0,2.0,3463.0,0.025374376,1,3.866666667,3.0,0.816496581,0,1.0,0.666666667,0,1,3.285714286,0,-1,0,0,1.333333333,0,1,0,1,0,0,1,0,0,0,1,0,1,0,0,0,0,0,0,0
54,9,0,8843,13.2,3,3,2,2,3,1,26,0,1,18,56,5,2,3,5,0,1,1,0.0,1,0,3.0,2947.666667,0.74625624,0,1.32,2.0,0.816496581,1,2.5,0.5,2,3,2.947368421,0,0,0,0,0.5,0,1,0,1,1,0,1,0,0,0,1,0,1,0,0,0,1,0,1,1
41,3,3,9321,16.4,3,3,1,2,4,3,38,0,0,9,41,3,7,2,1,0,1,0,0.75,0,0,1.0,3107.0,0.57571048,0,4.1,2.5,1.290994449,0,0.428571429,0.75,1,1,4.1,0,1,0,1,0.25,0,0,0,2,1,1,0,0,0,0,0,0,1,0,0,1,0,0,1,0
29,10,3,9835,12.5,3,3,3,3,3,4,63,0,1,4,12,6,7,4,7,0,1,0,0.272727273,1,0,3.333333333,3278.333333,0.797566372,0,1.136363636,3.25,0.5,0,0.857142857,0.545454545,0,1,2.4,0,-1,0,0,0.636363636,0,0,0,2,1,0,1,0,0,1,0,0,0,1,1,0,0,0,0,0
18,0,0,3312,15.3,1,3,4,2,5,2,39,1,0,8,32,1,6,3,4,0,0,0,0.0,0,0,0.0,3312.0,0.018718802,1,15.3,3.25,1.5,0,0.166666667,1.0,0,2,3.555555556,0,0,0,0,4.0,0,1,0,1,1,0,1,0,0,0,1,0,1,0,0,0,0,0,1,0
40,7,1,6292,10.4,2,2,3,3,3,3,16,1,1,20,74,5,4,3,3,0,0,0,0.125,1,0,3.5,3146.0,0.236290819,1,1.3,3.0,0.0,0,1.25,0.625,2,5,3.523809524,1,-1,0,0,0.375,0,2,0,2,0,1,0,0,0,0,0,1,1,0,0,1,0,0,0,0
46,6,0,18307,14.0,4,4,1,2,2,4,31,1,0,19,34,2,2,3,5,0,1,0,0.0,1,0,1.5,4576.75,0.982817869,0,2.0,2.25,1.258305739,1,1.0,0.285714286,1,4,1.7,0,1,1,1,0.714285714,0,1,1,4,0,0,1,0,1,0,0,0,1,0,0,0,1,0,1,1
44,5,4,6031,19.2,2,3,3,4,5,5,38,0,0,5,9,2,11,1,8,0,1,0,0.666666667,1,1,2.5,3015.5,0.375,1,3.2,4.25,0.957427108,0,0.181818182,0.333333333,1,1,1.5,0,2,0,1,1.333333333,1,3,0,2,0,1,0,1,0,0,0,0,1,0,0,1,0,0,0,0
46,3,2,4331,9.4,1,3,2,4,3,1,40,0,0,13,41,7,6,2,8,0,0,0,0.5,1,0,3.0,4331.0,0.068219634,1,2.35,2.5,1.290994449,0,1.166666667,1.75,1,2,2.928571429,0,1,0,1,2.0,1,2,0,1,0,1,0,0,0,0,1,0,1,0,0,0,1,0,0,1
23,5,0,7970,14.2,2,3,3,3,4,5,53,0,0,7,22,5,13,3,4,0,0,0,0.0,1,0,2.5,3985.0,0.29209622,1,2.366666667,3.75,0.957427108,0,0.384615385,0.833333333,2,2,2.75,0,0,0,0,0.666666667,0,1,0,2,1,1,0,0,1,0,0,0,1,0,0,0,0,0,0,0
32,0,0,7030,18.7,2,4,3,3,5,5,51,0,0,11,33,1,10,4,1,0,0,0,0.0,0,0,0.0,3515.0,0.406803097,1,18.7,4.0,1.154700538,0,0.1,1.0,0,0,2.75,0,0,1,0,1.0,0,1,0,2,0,1,0,0,0,1,0,0,0,1,1,0,0,0,0,0
39,10,4,14614,12.9,4,4,3,5,3,3,32,0,0,12,53,4,14,3,6,0,1,0,0.363636364,1,1,2.5,3653.5,0.91335297,0,1.172727273,3.5,1.0,0,0.285714286,0.363636364,2,2,4.076923077,0,1,1,1,0.545454545,0,1,0,2,1,0,1,0,1,0,0,0,1,0,0,1,0,0,0,0
30,1,1,8319,15.2,1,4,2,2,5,2,32,1,1,43,150,5,18,4,6,0,0,0,0.5,0,0,1.0,8319.0,0.342906235,1,7.6,2.75,1.5,0,0.277777778,2.5,0,2,3.409090909,1,0,1,0,3.0,0,2,0,3,1,0,1,0,1,0,0,0,1,0,1,0,0,0,0,1
57,7,4,12352,11.5,3,3,3,1,2,5,34,0,1,28,81,4,7,3,3,0,1,1,0.5,1,1,2.333333333,4117.333333,0.797987236,0,1.4375,2.75,1.707825128,0,0.571428571,0.5,0,1,2.793103448,1,0,0,0,0.375,0,2,0,2,0,0,1,0,1,0,0,0,1,0,0,0,0,1,0,0
32,6,5,11367,15.9,3,4,4,2,1,3,23,0,1,7,17,3,11,3,5,1,1,0,0.714285714,1,0,2.0,3789.0,0.791296625,0,2.271428571,2.5,1.290994449,0,0.272727273,0.428571429,1,1,2.125,0,1,1,1,0.714285714,0,0,0,2,1,0,1,0,0,0,0,0,1,0,1,0,0,0,0,0
18,0,0,6403,14.2,2,3,4,1,3,5,59,0,1,34,147,6,3,3,2,0,0,0,0.0,0,0,0.0,3201.5,0.174955595,1,14.2,3.25,1.707825128,0,2.0,6.0,0,1,4.2,1,0,0,0,2.0,0,2,0,2,1,1,0,0,0,0,0,0,1,0,0,0,0,0,0,1
18,0,0,4615,10.8,1,1,2,3,2,4,61,0,0,10,34,2,6,4,5,0,0,0,0.0,0,0,0.0,4615.0,0.09484193,1,10.8,2.75,0.957427108,0,0.333333333,2.0,1,1,3.090909091,0,-3,0,0,5.0,0,1,0,2,0,1,0,0,0,0,1,0,1,0,0,0,0,0,1,0
49,1,0,8555,19.3,3,4,4,5,3,3,19,0,0,12,31,2,7,1,6,0,1,0,0.0,1,0,0.333333333,2851.666667,0.583179298,0,9.65,3.75,0.957427108,0,0.285714286,1.0,0,0,2.384615385,0,3,1,1,3.0,0,0,0,2,0,0,1,0,0,0,0,1,1,0,0,0,1,0,1,0
45,10,1,11697,14.8,4,3,1,5,5,2,22,0,1,21,78,4,7,4,3,0,1,0,0.090909091,1,0,2.5,2924.25,0.749018164,0,1.345454545,3.25,2.061552813,0,0.571428571,0.363636364,2,3,3.545454545,1,-1,0,0,0.272727273,0,1,0,1,0,0,1,0,1,0,0,0,1,0,0,0,1,0,1,0
26,3,3,7451,12.1,2,3,1,4,4,3,53,0,0,16,39,5,6,4,5,0,1,0,0.75,0,0,1.5,3725.5,0.417744917,1,3.025,3.0,1.414213562,0,0.833333333,1.25,1,2,2.294117647,0,-1,0,0,1.25,0,1,0,1,1,1,0,0,0,0,0,1,1,0,1,0,0,0,0,0
24,6,3,12769,16.7,3,4,2,4,3,4,17,0,1,4,17,2,10,4,4,1,1,0,0.428571429,1,0,2.0,4256.333333,0.824128621,0,2.385714286,3.25,0.957427108,0,0.2,0.285714286,0,0,3.4,0,0,1,0,0.571428571,0,0,0,3,1,0,1,0,1,0,0,0,1,0,0,0,0,0,0,0
38,13,8,18416,10.3,5,3,2,3,2,5,43,0,0,18,56,8,7,3,5,0,1,0,0.571428571,1,1,2.6,3683.2,0.984290623,0,0.735714286,3.0,1.414213562,0,1.142857143,0.571428571,1,2,2.947368421,0,0,0,0,0.357142857,0,1,0,3,1,0,1,0,1,0,0,0,1,0,0,1,0,0,0,0
51,3,1,6013,9.6,2,3,4,4,3,5,42,0,0,16,53,6,6,3,9,0,1,1,0.25,1,0,1.5,3006.5,0.31156406,1,2.4,4.0,0.816496581,0,1.0,1.5,2,3,3.117647059,0,0,0,0,2.25,1,2,0,2,1,0,1,0,0,0,1,0,1,0,0,0,1,0,1,0
39,7,1,10099,14.4,4,3,4,3,4,3,29,0,0,8,33,5,15,4,2,0,1,0,0.125,1,0,1.75,2524.75,0.761860752,0,1.8,3.5,0.577350269,0,0.333333333,0.625,1,1,3.666666667,0,-1,0,0,0.25,0,0,0,2,1,0,1,0,0,0,0,1,1,0,0,1,0,0,0,0
26,3,3,7602,10.9,2,3,3,4,3,3,50,1,0,19,64,3,10,4,10,0,0,0,0.75,0,0,1.5,3801.0,0.441774492,1,2.725,3.25,0.5,0,0.3,0.75,1,3,3.2,1,-1,0,0,2.5,1,3,0,3,0,1,0,0,0,0,0,1,1,0,1,0,0,0,0,0
49,3,2,7607,21.0,2,5,4,1,3,5,19,1,0,24,78,5,14,1,6,0,0,0,0.5,1,0,1.5,3803.5,0.574043261,0,5.25,3.25,1.707825128,0,0.357142857,1.25,0,2,3.12,1,4,1,1,1.5,0,1,0,3,0,0,1,0,0,0,1,0,1,0,0,0,1,0,1,0
22,0,0,4099,13.3,1,5,4,3,3,4,4,1,1,13,29,3,2,3,8,0,0,0,0.0,0,0,0.0,4099.0,0.005154639,1,13.3,3.5,0.577350269,0,1.5,3.0,0,3,2.071428571,0,2,1,1,8.0,1,2,0,1,1,1,0,0,1,0,0,0,1,0,0,0,0,0,0,0
39,8,1,10669,16.3,3,3,2,3,3,4,51,0,0,44,150,8,13,2,5,0,1,0,0.111111111,1,0,2.666666667,3556.333333,0.817313617,0,1.811111111,3.0,0.816496581,0,0.615384615,0.888888889,2,3,3.333333333,1,1,0,1,0.555555556,0,1,0,3,0,1,0,0,0,0,0,1,1,0,0,1,0,0,1,0
28,6,2,12392,16.6,3,2,5,3,3,2,56,0,0,12,43,7,10,3,9,0,1,0,0.285714286,1,0,2.0,4130.666667,0.854795737,0,2.371428571,3.25,1.258305739,0,0.7,1.0,1,2,3.307692308,0,-1,0,0,1.285714286,1,1,0,3,1,0,1,0,0,0,0,0,1,0,1,0,0,0,0,0
38,1,1,7728,20.2,2,2,3,4,4,3,19,0,1,10,42,2,5,5,8,0,0,0,0.5,0,0,0.5,3864.0,0.351021314,1,10.1,3.5,0.577350269,0,0.4,1.0,1,1,3.818181818,0,-3,0,0,4.0,1,2,0,2,1,1,0,0,0,0,0,0,1,0,0,1,0,0,0,0
26,0,0,6304,16.9,1,2,2,4,3,3,9,0,1,15,34,1,4,3,1,0,1,0,0.0,0,0,0.0,6304.0,0.163632327,1,16.9,3.0,0.816496581,0,0.25,1.0,0,0,2.125,0,-1,0,0,1.0,0,1,0,2,0,1,0,0,0,0,0,0,1,0,1,0,0,0,0,0
47,6,1,11596,13.1,3,2,4,3,5,5,44,1,1,21,74,7,13,3,6,0,1,0,0.142857143,1,0,2.0,3865.333333,0.808170515,0,1.871428571,4.25,0.957427108,0,0.538461538,1.0,1,4,3.363636364,1,-1,0,0,0.857142857,0,1,0,2,1,0,0,0,0,0,0,0,1,0,0,0,1,0,0,0
33,5,3,6838,6.5,2,3,4,4,1,3,66,0,1,13,38,8,13,4,7,0,0,0,0.5,1,0,2.5,3419.0,0.370298673,1,1.083333333,3.0,1.414213562,0,0.615384615,1.333333333,0,1,2.714285714,0,-1,0,0,1.166666667,0,1,0,2,1,1,0,0,0,1,0,0,1,0,1,0,0,0,0,0
25,5,0,12522,14.4,3,3,3,4,3,4,0,1,0,14,50,6,13,3,7,0,1,0,0.0,1,0,1.666666667,4174.0,0.810260187,0,2.4,3.5,0.577350269,0,0.461538462,1.0,1,3,3.333333333,0,0,0,0,1.166666667,0,0,0,3,0,0,1,0,1,0,0,0,1,0,1,0,0,0,1,0
42,8,6,7843,18.8,2,3,5,4,4,2,53,1,1,23,32,4,2,3,3,0,0,0,0.666666667,1,1,4.0,3921.5,0.551438053,0,2.088888889,3.75,1.258305739,0,2.0,0.444444444,1,4,1.333333333,0,0,0,0,0.333333333,0,1,0,2,0,0,0,0,0,1,0,0,0,0,0,1,0,0,1,0
51,5,2,11173,12.2,4,3,3,3,3,2,46,1,0,3,10,6,10,5,7,0,1,1,0.333333333,1,0,1.25,2793.25,0.890486726,0,2.033333333,2.75,0.5,0,0.6,1.0,1,4,2.5,0,-2,0,0,1.166666667,0,0,0,2,1,1,0,0,0,1,0,0,1,0,0,0,1,0,0,0
52,1,0,6896,12.1,2,2,3,3,4,5,15,0,1,11,28,8,11,2,7,0,0,1,0.0,1,0,0.5,3448.0,0.456322795,1,6.05,3.75,0.957427108,0,0.727272727,4.0,1,2,2.333333333,0,0,0,0,3.5,0,1,0,2,1,1,0,0,0,0,1,0,1,0,0,0,1,0,0,0
45,2,1,9972,23.8,2,4,4,3,4,4,35,0,0,58,150,6,10,5,5,0,0,0,0.333333333,1,0,1.0,4986.0,0.560382916,0,7.933333333,3.75,0.5,0,0.6,2.0,2,3,2.542372881,1,-1,1,0,1.666666667,0,1,0,2,1,1,0,0,1,0,0,0,1,0,0,0,1,0,0,0
46,3,2,6801,8.8,2,3,4,3,5,4,31,0,1,9,33,5,2,4,2,0,0,0,0.5,1,0,1.5,3400.5,0.306531115,1,2.2,4.0,0.816496581,0,2.5,1.25,1,2,3.3,0,-1,0,0,0.5,0,1,0,2,1,1,0,0,0,0,0,1,0,0,0,0,1,0,1,0
42,3,1,13077,9.0,3,1,4,1,2,3,58,0,0,24,86,2,2,4,8,0,1,0,0.25,1,0,1.0,4359.0,0.843397153,0,2.25,2.5,1.290994449,0,1.0,0.5,0,1,3.44,1,-3,0,0,2.0,1,2,0,3,0,1,0,0,1,0,0,0,1,0,0,1,0,0,0,0
30,4,2,7759,14.7,2,3,5,4,3,3,32,0,0,6,20,4,4,4,4,0,0,0,0.4,1,0,2.0,3879.5,0.465341959,1,2.94,3.75,0.957427108,0,1.0,0.8,2,3,2.857142857,0,-1,0,0,0.8,0,1,0,2,1,0,1,0,0,0,0,1,1,0,1,0,0,0,0,0
36,7,2,8237,15.8,4,3,3,5,5,5,23,0,1,29,134,5,7,3,4,0,1,0,0.25,1,0,1.75,2059.25,0.726973684,0,1.975,4.5,1.0,0,0.714285714,0.625,1,2,4.466666667,1,0,0,0,0.5,0,1,0,1,1,1,0,1,0,0,0,0,1,0,0,1,0,0,0,0
34,1,1,6441,14.3,1,3,2,4,4,3,52,0,1,25,99,3,8,2,3,0,0,0,0.5,0,0,1.0,6441.0,0.259704251,1,7.15,3.25,0.957427108,0,0.375,1.5,1,1,3.807692308,1,1,0,1,1.5,0,2,0,3,0,0,1,0,0,0,0,1,1,0,1,0,0,0,1,1
35,2,0,9025,15.3,2,4,4,4,4,3,46,0,0,15,66,6,6,2,3,0,1,0,0.0,1,0,1.0,4512.5,0.54240675,0,5.1,3.75,0.5,0,1.0,2.0,1,2,4.125,1,2,1,1,1.0,0,1,0,2,1,1,0,0,0,0,0,0,1,0,0,1,0,0,0,0
38,4,4,6602,13.0,2,3,3,5,2,3,28,0,0,20,66,6,15,3,4,0,1,0,0.8,0,1,2.0,3301.0,0.400998336,1,2.6,3.25,1.258305739,0,0.4,1.2,0,0,3.142857143,1,0,0,0,0.8,0,3,0,2,1,0,1,0,0,0,1,0,1,0,0,1,0,0,0,0
50,1,0,7119,18.9,1,4,3,4,3,4,31,1,1,5,10,6,10,2,6,0,0,1,0.0,1,0,1.0,7119.0,0.184707904,1,9.45,3.5,0.577350269,0,0.6,3.0,1,4,1.666666667,0,2,1,1,3.0,0,1,0,1,1,0,1,0,1,0,0,0,1,0,0,0,1,0,0,0
36,0,0,7505,13.2,2,4,4,3,1,4,39,0,1,7,26,3,12,1,5,0,1,0,0.0,0,0,0.0,3752.5,0.424830561,1,13.2,3.0,1.414213562,0,0.25,3.0,1,1,3.25,0,3,1,1,5.0,0,1,0,2,0,1,0,0,0,0,0,1,0,0,0,1,0,0,0,0
34,5,4,8684,14.0,3,2,3,2,1,5,53,1,0,4,10,6,4,3,9,0,1,0,0.666666667,1,1,1.666666667,2894.666667,0.725457571,0,2.333333333,2.75,1.707825128,0,1.5,1.0,1,4,2.0,0,-1,0,0,1.5,1,2,0,3,1,0,1,0,0,0,1,0,1,0,1,0,0,0,0,0
46,4,1,6947,19.2,2,3,2,3,3,5,53,1,0,9,24,8,10,3,5,0,0,0,0.2,1,0,2.0,3473.5,0.241563055,1,3.84,3.25,1.258305739,0,0.8,1.6,1,4,2.4,0,0,0,0,1.0,0,1,0,2,1,1,0,0,0,0,0,0,1,0,0,0,1,0,1,0
31,0,0,7864,18.7,3,5,3,5,5,3,46,0,0,14,39,2,9,3,6,0,1,0,0.0,0,0,0.0,2621.333333,0.614184692,0,18.7,4.0,1.154700538,0,0.222222222,2.0,1,1,2.6,0,2,1,1,6.0,0,0,0,2,0,1,0,0,0,0,1,0,0,1,1,0,0,0,0,0
28,0,0,9842,27.5,2,4,3,5,3,3,37,0,1,12,25,3,17,1,3,0,0,0,0.0,0,0,0.0,4921.0,0.545164458,0,27.5,3.5,1.0,0,0.176470588,3.0,1,1,1.923076923,0,3,1,1,3.0,0,0,0,3,0,0,1,0,1,0,0,0,0,1,1,0,0,0,0,0
29,3,0,5025,9.6,1,3,1,2,1,4,53,0,1,3,10,6,8,1,7,0,0,0,0.0,1,0,3.0,5025.0,0.147046589,1,2.4,2.0,1.414213562,1,0.75,1.5,2,3,2.5,0,2,0,1,1.75,0,2,0,2,1,1,0,0,0,0,1,0,1,0,1,0,0,0,1,1
49,0,0,10225,19.4,2,3,5,2,3,3,26,0,0,37,93,5,11,5,9,0,0,0,0.0,0,0,0.0,5112.5,0.590942563,0,19.4,3.25,1.258305739,0,0.454545455,5.0,1,1,2.447368421,1,-2,0,0,9.0,1,2,0,3,1,1,0,0,1,0,0,0,1,0,0,0,1,0,1,1
26,3,1,7661,12.7,2,4,2,3,3,3,24,0,0,1,5,9,10,3,3,0,1,0,0.25,1,0,1.5,3830.5,0.4508626,1,3.175,2.75,0.5,0,0.9,2.25,2,3,2.5,0,1,1,1,0.75,0,1,0,2,1,1,0,0,0,0,0,1,1,0,1,0,0,0,0,0
31,5,4,5205,12.1,2,2,3,4,3,3,48,0,1,24,72,6,16,3,6,0,0,0,0.666666667,1,1,2.5,2602.5,0.175124792,1,2.016666667,3.25,0.5,0,0.375,1.0,1,1,2.88,1,-1,0,0,1.0,0,3,0,1,1,0,1,0,0,0,1,0,0,0,1,0,0,0,0,0
35,1,0,8090,11.4,3,3,4,4,4,3,43,1,0,11,22,6,5,3,6,0,1,0,0.0,1,0,0.333333333,2696.666667,0.511706716,0,5.7,3.75,0.5,0,1.2,3.0,0,3,1.833333333,0,0,0,0,3.0,0,0,0,1,0,0,1,0,0,0,0,1,1,0,0,1,0,0,0,0
19,1,0,4429,12.4,1,3,3,3,5,2,25,0,0,24,68,1,2,2,4,0,0,0,0.0,1,0,1.0,4429.0,0.017761989,1,6.2,3.25,1.258305739,0,0.5,0.5,2,2,2.72,1,1,0,1,2.0,0,2,0,3,1,1,0,0,0,0,0,0,1,0,0,0,0,0,1,0
44,1,1,10373,18.3,2,3,2,3,4,4,62,1,0,30,101,2,4,3,5,0,1,0,0.5,0,0,0.5,5186.5,0.706039076,0,9.15,3.25,0.957427108,0,0.5,1.0,1,3,3.258064516,1,0,0,0,2.5,0,1,0,4,0,0,0,0,0,0,0,0,1,0,0,1,0,0,1,1
38,4,2,8065,19.3,3,2,4,1,3,4,63,0,1,25,79,4,10,4,10,0,1,0,0.4,1,0,1.333333333,2688.333333,0.643094842,0,3.86,3.0,1.414213562,0,0.4,0.8,1,1,3.038461538,1,-2,0,0,2.0,1,2,0,3,1,1,0,0,0,0,1,0,1,0,0,1,0,0,0,0
49,3,2,4234,14.7,1,3,4,3,2,4,7,0,0,34,117,5,7,4,6,0,1,0,0.5,1,0,3.0,4234.0,0.009325044,1,3.675,3.25,0.957427108,0,0.714285714,1.25,1,2,3.342857143,1,-1,0,0,1.5,0,2,0,2,0,1,0,0,0,0,0,0,1,0,0,0,1,0,0,0
31,3,3,6032,13.8,2,4,4,4,4,3,46,0,0,5,15,1,12,3,4,0,0,0,0.75,0,0,1.5,3016.0,0.313227953,1,3.45,3.75,0.5,0,0.083333333,0.25,0,0,2.5,0,1,1,1,1.0,0,1,0,2,1,1,0,0,0,0,1,0,1,0,1,0,0,0,0,0
45,0,0,6829,13.6,2,2,3,4,2,1,51,0,1,4,13,1,3,4,4,0,0,0,0.0,0,0,0.0,3414.5,0.515625,0,13.6,2.5,1.290994449,0,0.333333333,1.0,1,1,2.6,0,-2,0,0,4.0,0,0,0,3,1,0,1,1,0,0,0,0,1,0,0,0,1,0,1,0
37,9,0,9380,14.5,3,2,1,3,4,3,42,0,0,8,34,7,7,2,3,0,1,0,0.0,1,0,3.0,3126.666667,0.691312384,0,1.45,2.75,1.258305739,0,1.0,0.7,1,2,3.777777778,0,0,0,0,0.3,0,0,0,2,1,1,0,0,0,0,0,1,1,0,0,1,0,0,0,0
49,2,2,6139,15.3,1,4,4,3,5,2,60,1,0,34,146,2,14,1,8,0,0,0,0.666666667,0,0,2.0,6139.0,0.254977876,1,5.1,3.5,1.290994449,0,0.142857143,0.666666667,1,3,4.171428571,1,3,1,1,2.666666667,1,3,0,2,1,1,0,0,0,1,0,0,1,0,0,0,1,0,0,1
35,1,1,5583,16.4,1,3,5,2,4,2,21,0,1,10,32,4,8,3,6,0,0,0,0.5,0,0,1.0,5583.0,0.186393805,1,8.2,3.25,1.5,0,0.5,2.0,1,1,2.909090909,0,0,0,0,3.0,0,1,0,2,1,1,0,0,0,1,0,0,1,0,0,1,0,0,0,0
35,3,0,8604,15.4,3,2,3,2,4,3,54,0,1,9,37,4,2,3,3,0,1,0,0.0,1,0,1.0,2868.0,0.772203947,0,3.85,3.0,0.816496581,0,2.0,1.0,1,2,3.7,0,-1,0,0,0.75,0,0,0,3,1,0,1,1,0,0,0,0,1,0,0,1,0,0,0,0
47,4,3,12814,15.7,3,2,4,3,4,2,39,0,0,14,37,5,2,4,4,0,1,0,0.6,1,0,1.333333333,4271.333333,0.827074129,0,3.14,3.25,0.957427108,0,2.5,1.0,0,1,2.466666667,0,-2,0,0,0.8,0,0,0,3,0,0,1,0,1,0,0,0,1,0,0,0,1,0,0,0
40,5,1,5490,15.7,2,4,3,4,4,3,30,0,0,23,84,6,12,3,6,0,0,0,0.166666667,1,0,2.5,2745.0,0.136629698,1,2.616666667,3.5,0.577350269,0,0.5,1.0,0,0,3.5,1,1,1,1,1.0,0,2,0,1,1,0,1,0,0,0,0,1,1,0,0,1,0,0,0,0
40,3,2,7497,18.6,2,2,2,1,4,2,51,1,0,7,19,5,11,2,9,0,0,0,0.5,1,0,1.5,3748.5,0.316385435,1,4.65,2.25,1.258305739,1,0.454545455,1.25,1,3,2.375,0,0,0,0,2.25,1,3,1,2,0,1,0,0,0,0,0,0,1,0,0,1,0,0,1,1
39,1,1,6322,10.1,2,1,3,5,3,3,60,0,1,9,21,7,6,3,6,0,0,0,0.5,0,0,0.5,3161.0,0.16740675,1,5.05,3.5,1.0,0,1.166666667,3.5,2,3,2.1,0,-2,0,0,3.0,0,1,0,2,1,0,0,0,0,0,0,0,0,1,0,1,0,0,0,0
23,5,2,7900,19.5,2,3,5,3,5,2,27,0,0,10,31,4,3,3,6,0,0,0,0.333333333,1,0,2.5,3950.0,0.559181416,0,3.25,3.75,1.5,0,1.333333333,0.666666667,1,2,2.818181818,0,0,0,0,1.0,0,0,0,3,1,0,1,0,0,1,0,0,1,0,0,0,0,0,0,0
37,2,2,5657,15.8,1,4,3,2,5,3,3,1,1,18,35,1,8,3,4,0,0,0,0.666666667,0,0,2.0,5657.0,0.25,1,5.266666667,3.25,1.258305739,0,0.125,0.333333333,0,2,1.842105263,0,1,1,1,1.333333333,0,1,0,2,1,1,0,0,0,0,1,0,1,0,0,1,0,0,1,0
56,0,0,8428,15.9,2,4,1,1,2,1,5,1,0,40,91,9,5,3,6,0,0,1,0.0,0,0,0.0,4214.0,0.359106529,1,15.9,1.25,0.5,1,1.8,9.0,1,4,2.219512195,1,1,1,1,6.0,0,3,1,2,1,1,0,0,1,0,0,0,1,0,0,0,0,1,1,1
34,10,8,13468,21.1,4,5,3,5,4,3,65,1,0,17,77,5,14,4,4,1,1,0,0.727272727,1,0,2.5,3367.0,0.943314849,0,1.918181818,3.75,0.957427108,0,0.357142857,0.454545455,2,4,4.277777778,1,1,1,1,0.363636364,0,1,0,3,1,1,0,0,0,0,0,1,1,0,1,0,0,0,0,0
24,6,3,6870,12.0,3,3,4,3,3,3,46,0,0,13,24,2,12,1,6,0,1,0,0.428571429,1,0,2.0,2290.0,0.449667221,1,1.714285714,3.25,0.5,0,0.166666667,0.285714286,1,1,1.714285714,0,2,0,1,0.857142857,0,1,0,2,1,1,0,0,0,0,1,0,1,0,0,0,0,0,1,0
43,23,2,15160,14.8,5,3,4,3,1,2,54,0,1,20,41,8,9,4,4,0,1,0,0.083333333,1,0,4.6,3032.0,0.975662354,0,0.616666667,2.5,1.290994449,0,0.888888889,0.333333333,1,2,1.952380952,0,-1,0,0,0.166666667,0,0,0,2,0,0,1,0,0,0,0,1,1,0,0,1,0,0,0,0
41,10,2,11744,14.4,4,4,2,1,4,1,49,0,0,12,39,9,7,5,5,1,1,0,0.181818182,1,0,2.5,2936.0,0.81660746,0,1.309090909,2.0,1.414213562,1,1.285714286,0.818181818,0,1,3.0,0,-1,1,0,0.454545455,0,1,0,2,1,1,0,0,0,0,0,0,1,0,0,1,0,0,0,0
29,4,0,8848,18.0,3,3,5,2,3,5,29,1,1,9,22,1,12,4,4,0,1,0,0.0,1,0,1.333333333,2949.333333,0.620609982,0,3.6,3.75,1.5,0,0.083333333,0.2,1,3,2.2,0,-1,0,0,0.8,0,0,0,2,0,1,0,0,0,0,0,1,1,0,1,0,0,0,0,0
37,4,0,7890,14.5,3,3,4,2,1,5,29,1,0,17,53,2,5,5,5,0,1,0,0.0,1,0,1.333333333,2630.0,0.557798673,0,2.9,3.0,1.825741858,0,0.4,0.4,1,3,2.944444444,0,-2,0,0,1.0,0,0,0,2,1,0,1,0,0,1,0,0,0,1,0,1,0,0,0,0
36,4,0,7945,13.7,3,4,3,5,4,5,11,0,0,17,70,3,5,3,3,0,1,0,0.0,1,0,1.333333333,2648.333333,0.6281198,0,2.74,4.25,0.957427108,0,0.6,0.6,0,1,3.888888889,1,1,1,1,0.6,0,1,0,2,0,0,1,0,0,0,1,0,1,0,0,1,0,0,0,0
48,0,0,8464,16.5,3,3,2,3,2,5,55,0,1,5,18,6,13,2,5,0,1,0,0.0,0,0,0.0,2821.333333,0.364506627,1,16.5,3.0,1.414213562,0,0.461538462,6.0,1,1,3.0,0,1,0,1,5.0,0,1,0,1,1,1,0,0,1,0,0,0,1,0,0,0,1,0,1,0
36,4,2,12356,14.8,4,4,4,3,4,2,18,0,0,12,37,10,9,3,8,0,1,0,0.4,1,0,1.0,3089.0,0.940818584,0,2.96,3.25,0.957427108,0,1.111111111,2.0,0,1,2.846153846,0,1,1,1,1.6,1,1,0,2,1,0,1,0,0,1,0,0,1,0,0,1,0,0,0,0
36,0,0,3206,12.1,1,4,5,4,2,4,31,0,1,29,76,2,9,5,6,0,0,0,0.0,0,0,0.0,3206.0,0.005237215,1,12.1,3.75,1.258305739,0,0.222222222,2.0,1,1,2.533333333,1,-1,1,0,6.0,0,2,0,1,1,1,0,0,0,0,0,1,1,0,0,1,0,0,1,0
29,4,0,8926,15.1,1,4,4,3,4,4,20,0,1,29,96,5,4,4,5,0,0,0,0.0,1,0,4.0,8926.0,0.426607757,1,3.02,3.75,0.5,0,1.25,1.0,1,2,3.2,1,0,1,0,1.0,0,2,0,4,0,1,0,0,1,0,0,0,1,0,1,0,0,0,0,0
28,2,1,7585,13.0,2,3,1,3,3,2,23,1,0,8,27,4,11,5,7,0,1,0,0.333333333,1,0,1.0,3792.5,0.512997788,0,4.333333333,2.25,0.957427108,1,0.363636364,1.333333333,2,4,3.0,0,-2,0,0,2.333333333,0,1,1,2,0,1,0,0,0,1,0,0,0,0,1,0,0,0,1,1
23,4,3,5694,16.3,2,3,3,2,4,3,13,0,0,17,57,4,11,4,6,0,0,0,0.6,1,0,2.0,2847.0,0.161429452,1,3.26,3.0,0.816496581,0,0.363636364,0.8,1,1,3.166666667,0,-1,0,0,1.2,0,1,0,2,0,0,1,0,0,0,0,1,1,0,0,0,0,0,0,0
42,7,3,13441,18.7,4,3,5,4,3,3,59,1,1,3,7,3,11,3,4,0,1,0,0.375,1,0,1.75,3360.25,0.862788414,0,2.3375,3.75,0.957427108,0,0.272727273,0.375,1,3,1.75,0,0,0,0,0.5,0,0,0,2,1,0,1,0,1,0,0,0,1,0,0,1,0,0,0,0
34,7,1,9835,16.1,3,3,4,2,5,4,45,1,0,19,53,4,8,3,4,0,1,0,0.125,1,0,2.333333333,3278.333333,0.735982748,0,2.0125,3.75,1.258305739,0,0.5,0.5,1,3,2.65,0,0,0,0,0.5,0,0,0,2,1,1,0,0,0,0,0,1,1,0,1,0,0,0,1,0
33,3,2,7983,13.2,2,4,5,4,4,3,20,0,1,22,70,4,8,3,8,0,0,0,0.5,1,0,1.5,3991.5,0.633527454,0,3.3,4.0,0.816496581,0,0.5,1.0,0,0,3.043478261,1,1,1,1,2.0,1,2,0,3,0,0,1,0,0,0,1,0,1,0,1,0,0,0,0,0
41,2,1,9930,17.5,2,2,3,3,4,2,42,0,1,15,54,3,6,3,4,0,0,0,0.333333333,1,0,1.0,4965.0,0.555964654,0,5.833333333,3.0,0.816496581,0,0.5,1.0,1,1,3.375,0,-1,0,0,1.333333333,0,0,0,3,1,1,0,0,1,0,0,0,0,0,0,1,0,0,0,0
31,3,2,8428,19.4,3,3,4,3,4,3,11,0,1,30,50,6,8,5,4,0,1,0,0.5,1,0,1.0,2809.333333,0.635785398,0,4.85,3.5,0.577350269,0,0.75,1.5,0,1,1.612903226,0,-2,0,0,1.0,0,0,0,2,1,0,1,0,0,1,0,0,1,0,1,0,0,0,0,0
36,4,4,6897,16.6,2,3,3,4,5,4,42,0,0,26,67,1,7,4,5,0,0,0,0.8,0,1,2.0,3448.5,0.31685151,1,3.32,4.0,0.816496581,0,0.142857143,0.2,0,0,2.481481481,1,-1,0,0,1.0,0,3,0,1,1,1,0,0,0,0,0,1,1,0,0,1,0,0,0,0
35,4,3,9146,13.0,3,3,2,3,3,2,31,1,0,13,37,7,8,3,15,0,1,0,0.6,1,0,1.333333333,3048.666667,0.657732594,0,2.6,2.5,0.577350269,0,0.875,1.4,1,4,2.642857143,0,0,0,0,3.0,1,1,0,2,0,0,1,0,0,0,0,1,1,0,0,1,0,0,0,1
37,2,2,5336,26.0,1,5,2,1,1,4,63,1,1,1,5,5,6,3,5,0,0,0,0.666666667,0,0,2.0,5336.0,0.194259567,1,8.666666667,2.0,1.414213562,1,0.833333333,1.666666667,1,4,2.5,0,2,1,1,1.666666667,0,2,1,2,1,0,1,0,0,0,1,0,1,0,0,1,0,0,0,1
23,1,0,5722,12.7,2,3,3,3,4,3,57,0,0,5,10,2,8,4,6,0,1,0,0.0,1,0,0.5,2861.0,0.313322368,1,6.35,3.25,0.5,0,0.25,1.0,1,1,1.666666667,0,-1,0,0,3.0,0,1,0,2,1,1,0,1,0,0,0,0,1,0,0,0,0,0,0,0
39,1,0,7838,14.0,1,5,3,2,4,1,18,1,1,6,12,6,15,3,9,0,0,0,0.0,1,0,1.0,7838.0,0.274423171,1,7.0,2.5,1.290994449,0,0.4,3.0,0,2,1.714285714,0,2,1,1,4.5,1,2,0,2,0,1,0,0,1,0,0,0,1,0,0,1,0,0,0,1
25,7,4,7613,12.1,2,4,3,3,4,3,42,0,0,11,25,3,16,3,5,1,0,0,0.5,1,0,3.5,3806.5,0.246195385,1,1.5125,3.25,0.5,0,0.1875,0.375,2,2,2.083333333,0,1,1,1,0.625,0,1,0,1,1,1,0,0,1,0,0,0,1,0,1,0,0,0,0,0
35,1,1,4728,13.8,1,4,4,2,2,3,19,1,0,6,21,6,7,4,8,0,0,0,0.5,0,0,1.0,4728.0,0.108569052,1,6.9,2.75,0.957427108,0,0.857142857,3.0,0,3,3.0,0,0,1,0,4.0,1,2,0,2,0,1,0,0,0,0,1,0,1,0,0,1,0,0,1,1
42,10,0,13524,21.3,4,5,1,3,4,4,15,1,0,42,150,7,10,5,16,0,1,0,0.0,1,0,2.5,3381.0,0.977537438,0,1.936363636,3.0,1.414213562,0,0.7,0.636363636,2,5,3.488372093,1,0,1,0,1.454545455,1,2,0,3,0,1,0,0,0,0,1,0,1,0,0,1,0,0,1,1
18,0,0,7509,14.9,2,4,5,2,3,3,52,1,1,10,34,3,7,5,6,0,0,0,0.0,0,0,0.0,3754.5,0.235395189,1,14.9,3.25,1.258305739,0,0.428571429,3.0,1,3,3.090909091,0,-1,1,0,6.0,0,1,0,2,0,1,0,0,1,0,0,0,0,1,0,0,0,0,0,1
36,5,0,13135,13.9,3,5,4,1,2,3,49,0,1,10,25,9,3,1,7,1,1,0,0.0,1,0,1.666666667,4378.333333,0.962389381,0,2.316666667,2.5,1.290994449,0,3.0,1.5,0,1,2.272727273,0,4,1,1,1.166666667,0,0,0,4,1,1,0,0,0,1,0,0,0,0,0,1,0,0,0,0
51,17,16,12906,13.4,4,4,2,2,4,3,55,0,0,9,20,3,8,2,5,0,1,1,0.888888889,1,1,4.25,3226.5,0.884991119,0,0.744444444,2.75,0.957427108,0,0.375,0.166666667,0,0,2.0,0,2,1,1,0.277777778,0,1,0,2,1,0,1,0,0,0,0,0,1,0,0,0,1,0,1,0
38,9,6,14256,16.1,4,4,4,1,4,3,25,1,0,38,150,4,9,3,5,0,1,0,0.6,1,1,2.25,3564.0,0.898379971,0,1.61,3.0,1.414213562,0,0.444444444,0.4,0,2,3.846153846,1,1,1,1,0.5,0,2,0,2,0,1,0,0,1,0,0,0,1,0,0,1,0,0,0,0
51,1,1,8772,16.0,2,4,1,3,5,4,53,0,0,22,52,11,2,3,7,0,0,1,0.5,0,0,0.5,4386.0,0.674778761,0,8.0,3.25,1.707825128,0,5.5,5.5,1,2,2.260869565,0,1,1,1,3.5,0,0,0,4,1,0,1,0,0,1,0,0,1,0,0,0,1,0,0,0
36,1,1,10414,21.3,2,4,4,3,5,4,27,0,1,16,52,1,4,3,3,0,0,0,0.5,0,0,0.5,5207.0,0.612542955,0,10.65,4.0,0.816496581,0,0.25,0.5,1,1,3.058823529,0,1,1,1,1.5,0,0,0,3,1,0,1,0,1,0,0,0,0,1,0,1,0,0,0,0
31,1,0,9633,12.7,2,3,4,2,4,2,0,1,0,10,43,3,7,4,8,0,0,0,0.0,1,0,0.5,4816.5,0.71965496,0,6.35,3.0,1.154700538,0,0.428571429,1.5,1,3,3.909090909,0,-1,0,0,4.0,1,1,0,3,1,0,0,0,0,0,0,1,1,0,1,0,0,0,1,1
34,3,2,5609,11.3,1,4,4,4,2,3,67,1,0,14,22,4,2,3,9,0,0,0,0.5,1,0,3.0,5609.0,0.15064695,1,2.825,3.25,0.957427108,0,2.0,1.0,1,4,1.466666667,0,1,1,1,2.25,1,2,0,1,1,0,1,0,0,0,0,1,1,0,1,0,0,0,0,0
26,8,1,8293,15.7,2,4,3,5,2,3,25,0,1,18,69,2,9,3,6,1,0,0,0.111111111,1,0,4.0,4146.5,0.548983364,0,1.744444444,3.25,1.258305739,0,0.222222222,0.222222222,1,1,3.631578947,1,1,1,1,0.666666667,0,1,0,2,1,1,0,0,0,0,0,1,0,0,1,0,0,0,0,0
33,0,0,6856,17.9,1,2,4,2,1,2,19,1,1,7,33,6,7,5,6,0,1,0,0.0,0,0,0.0,6856.0,0.155621011,1,17.9,2.25,1.258305739,1,0.857142857,6.0,1,4,4.125,0,-3,0,0,6.0,0,2,1,1,0,1,0,0,1,0,0,0,1,0,1,0,0,0,1,1
27,8,7,10372,8.5,4,3,3,3,4,3,27,1,1,42,125,3,6,4,5,0,1,0,0.777777778,1,1,2.0,2593.0,0.870216306,0,0.944444444,3.25,0.5,0,0.5,0.333333333,2,4,2.906976744,1,-1,0,0,0.555555556,0,2,0,2,0,1,0,0,0,0,1,0,1,0,1,0,0,0,1,0
36,3,2,5155,18.5,1,4,1,3,2,3,38,0,0,7,20,3,10,3,4,0,0,0,0.5,1,0,3.0,5155.0,0.102279729,1,4.625,2.25,0.957427108,1,0.3,0.75,0,0,2.5,0,1,1,1,1.0,0,2,0,2,1,1,0,0,0,0,0,1,0,1,0,1,0,0,0,0
48,0,0,5982,14.8,2,3,3,4,3,1,0,1,0,32,72,4,11,3,10,0,0,0,0.0,0,0,0.0,2991.0,0.195933457,1,14.8,2.75,1.258305739,0,0.363636364,4.0,2,4,2.181818182,1,0,0,0,10.0,1,3,0,1,1,0,0,0,0,0,0,1,1,0,0,0,1,0,1,1
32,13,8,9331,17.9,2,3,5,4,3,3,35,1,1,43,150,2,9,4,8,0,0,0,0.571428571,1,1,6.5,4665.5,0.681762169,0,1.278571429,3.75,0.957427108,0,0.222222222,0.142857143,1,3,3.409090909,1,-1,0,0,0.571428571,1,3,0,3,1,0,1,0,0,0,0,1,1,0,1,0,0,0,0,0
28,6,4,6125,13.3,2,3,4,3,4,5,43,0,0,21,70,1,4,3,5,0,0,0,0.571428571,1,1,3.0,3062.5,0.141207815,1,1.9,4.0,0.816496581,0,0.25,0.142857143,1,1,3.181818182,1,0,0,0,0.714285714,0,3,0,1,0,1,0,0,0,0,0,0,1,0,1,0,0,0,0,0
50,5,0,9242,14.2,3,2,2,2,2,4,25,1,0,50,150,5,13,1,7,0,1,1,0.0,1,0,1.666666667,3080.666667,0.468213058,1,2.366666667,2.5,1.0,0,0.384615385,0.833333333,1,3,2.941176471,1,1,0,1,1.166666667,0,2,0,1,0,0,0,0,1,0,0,0,1,0,0,0,1,0,1,1
19,1,1,9138,11.3,2,3,4,2,3,3,31,0,0,14,39,7,8,4,5,0,1,0,0.5,0,0,0.5,4569.0,0.457412862,1,5.65,3.0,0.816496581,0,0.875,3.5,0,1,2.6,0,-1,0,0,2.5,0,1,0,3,1,0,1,0,1,0,0,0,1,0,0,0,0,0,0,0
41,4,0,9936,6.2,3,1,2,4,2,4,35,0,1,11,34,4,9,4,2,0,1,0,0.0,1,0,1.333333333,3312.0,0.557437408,0,1.24,3.0,1.154700538,0,0.444444444,0.8,0,0,2.833333333,0,-3,0,0,0.4,0,0,0,2,1,1,0,0,1,0,0,0,1,0,0,1,0,0,0,0
53,1,1,5332,14.0,1,3,1,2,3,3,56,0,0,5,17,6,15,1,7,0,1,1,0.5,0,0,1.0,5332.0,0.036082474,1,7.0,2.25,0.957427108,1,0.4,3.0,0,0,2.833333333,0,2,0,1,3.5,0,2,0,2,0,0,1,0,1,0,0,0,0,0,0,0,1,0,1,1
49,0,0,11709,13.5,3,4,2,3,3,4,58,0,0,10,25,4,13,5,5,0,1,0,0.0,0,0,0.0,3903.0,0.915376106,0,13.5,3.0,0.816496581,0,0.307692308,4.0,2,2,2.272727273,0,-1,1,0,5.0,0,0,0,4,1,1,0,0,0,1,0,0,1,0,0,0,1,0,1,0
39,1,1,3950,14.2,1,3,4,3,3,4,57,0,0,7,31,5,5,3,5,0,1,0,0.5,0,0,1.0,3950.0,0.043053245,1,7.1,3.5,0.577350269,0,1.0,2.5,0,1,3.875,0,0,0,0,2.5,0,1,0,2,1,0,1,0,0,0,1,0,1,0,0,1,0,0,1,0
36,1,0,8196,13.6,2,3,4,3,2,3,14,0,0,20,56,3,7,2,4,0,0,0,0.0,1,0,0.5,4098.0,0.327565047,1,6.8,3.0,0.816496581,0,0.428571429,1.5,1,1,2.666666667,0,1,0,1,2.0,0,1,0,2,1,0,1,0,1,0,0,0,0,0,0,1,0,0,1,0
30,6,1,13882,11.7,4,4,5,1,4,3,52,0,0,5,15,3,8,4,4,0,1,0,0.142857143,1,0,1.5,3470.5,0.920959147,0,1.671428571,3.25,1.707825128,0,0.375,0.428571429,1,1,2.5,0,0,1,0,0.571428571,0,0,0,3,0,0,1,0,0,0,0,0,1,0,1,0,0,0,0,0
38,1,1,8916,15.5,1,3,4,5,3,1,23,1,0,8,19,4,5,5,5,0,0,0,0.5,0,0,1.0,8916.0,0.425135002,1,7.75,3.25,1.707825128,0,0.8,2.0,2,5,2.111111111,0,-2,0,0,2.5,0,1,0,3,0,0,1,0,1,0,0,0,0,1,0,1,0,0,1,0
54,4,2,5087,10.2,2,3,4,3,3,4,32,1,1,8,14,1,11,4,3,0,0,1,0.4,1,0,2.0,2543.5,0.201480263,1,2.04,3.5,0.577350269,0,0.090909091,0.2,0,2,1.555555556,0,-1,0,0,0.6,0,1,0,2,0,0,0,1,0,0,0,0,0,0,0,0,1,0,0,0
45,1,1,7162,13.6,2,3,1,4,4,2,54,0,1,3,10,3,7,3,0,0,0,0,0.5,0,0,0.5,3581.0,0.270870337,1,6.8,2.75,1.5,0,0.428571429,1.5,1,1,2.5,0,0,0,0,0.0,0,1,0,2,1,1,0,0,0,0,0,0,1,0,0,0,1,0,0,0
44,2,1,2102,11.8,1,2,2,5,4,5,71,1,0,4,15,1,12,4,9,0,0,0,0.333333333,1,0,2.0,2102.0,0.000924214,1,3.933333333,4.0,1.414213562,0,0.083333333,0.333333333,1,3,3.0,0,-2,0,0,3.0,1,2,0,2,0,1,0,0,0,0,0,1,0,0,0,1,0,0,1,1
35,2,0,6417,13.8,1,4,4,1,5,4,22,0,1,32,75,4,12,3,8,0,0,0,0.0,1,0,2.0,6417.0,0.305862832,1,4.6,3.5,1.732050808,0,0.333333333,1.333333333,2,2,2.272727273,1,1,1,1,2.666666667,1,3,0,2,1,1,0,0,0,1,0,0,1,0,0,1,0,0,0,0
23,0,0,13314,17.2,3,3,4,3,1,1,66,1,0,15,36,4,2,4,8,0,1,0,0.0,0,0,0.0,4438.0,0.856161021,0,17.2,2.25,1.5,1,2.0,4.0,2,5,2.25,0,-1,0,0,8.0,1,2,1,4,0,1,0,0,1,0,0,0,1,0,0,0,0,0,1,1
40,2,2,6094,14.2,1,3,2,4,3,2,27,0,1,37,150,9,10,2,7,0,0,0,0.666666667,0,0,2.0,6094.0,0.084806087,1,4.733333333,2.75,0.957427108,0,0.9,3.0,0,1,3.947368421,1,1,0,1,2.333333333,0,2,0,2,0,1,0,0,1,0,0,0,1,0,0,1,0,0,1,1
45,0,0,5307,17.6,1,3,1,4,3,4,0,0,1,6,9,6,6,4,1,0,0,0,0.0,0,0,0.0,5307.0,0.065275311,1,17.6,3.0,1.414213562,0,1.0,6.0,1,2,1.285714286,0,-1,0,0,1.0,0,1,0,2,0,0,1,0,0,0,0,0,0,1,0,0,1,0,1,0
31,6,0,9135,16.9,2,2,3,1,5,3,12,0,0,21,58,3,5,3,4,0,1,0,0.0,1,0,3.0,4567.5,0.721238938,0,2.414285714,3.0,1.632993162,0,0.6,0.428571429,1,2,2.636363636,0,-1,0,0,0.571428571,0,0,0,2,0,1,0,0,0,1,0,0,1,0,1,0,0,0,0,0
39,2,1,6330,16.0,2,3,3,5,5,3,15,1,0,6,25,5,8,5,8,0,0,0,0.333333333,1,0,1.0,3165.0,0.243068392,1,5.333333333,4.0,1.154700538,0,0.625,1.666666667,2,5,3.571428571,0,-2,0,0,2.666666667,1,2,0,2,1,0,1,0,0,0,0,1,0,1,0,1,0,0,0,0
32,14,7,9252,17.2,3,3,3,5,3,5,18,0,0,15,55,3,14,2,10,0,1,0,0.466666667,1,1,4.666666667,3084.0,0.469194894,1,1.146666667,4.0,1.154700538,0,0.214285714,0.2,1,1,3.4375,0,1,0,1,0.666666667,1,3,0,1,0,0,1,0,1,0,0,0,1,0,1,0,0,0,0,0
23,5,4,12202,12.7,4,1,1,2,2,3,51,1,0,15,49,4,11,3,15,0,1,0,0.666666667,1,1,1.25,3050.5,0.936393805,0,2.116666667,2.0,0.816496581,1,0.363636364,0.666666667,2,4,3.0625,0,-2,0,0,2.5,1,3,1,3,0,1,0,0,0,1,0,0,0,1,0,0,0,0,1,1
27,2,1,7313,12.4,2,3,4,3,4,4,14,1,1,27,93,9,2,2,5,0,0,0,0.333333333,1,0,1.0,3656.5,0.392483056,1,4.133333333,3.75,0.5,0,4.5,3.0,2,5,3.321428571,1,1,0,1,1.666666667,0,2,0,1,1,1,0,0,0,0,0,1,1,0,1,0,0,0,1,1
44,7,7,14536,14.0,4,2,5,3,1,4,37,0,1,19,52,5,8,4,3,0,1,0,0.875,0,1,1.75,3634.0,0.910039273,0,1.75,3.25,1.707825128,0,0.625,0.625,1,2,2.6,0,-2,0,0,0.375,0,1,0,3,1,0,0,0,1,0,0,0,1,0,0,1,0,0,0,0
44,1,1,11082,18.2,2,4,1,3,5,4,23,0,1,31,103,6,5,3,3,0,0,0,0.5,0,0,0.5,5541.0,0.688512518,0,9.1,3.25,1.707825128,0,1.2,3.0,1,2,3.21875,1,1,1,1,1.5,0,1,0,2,1,0,1,0,1,0,0,0,1,0,0,1,0,0,1,1
38,8,7,9426,9.0,3,3,3,4,3,3,25,0,0,38,150,1,10,3,4,0,1,0,0.777777778,1,1,2.666666667,3142.0,0.489936181,1,1.0,3.25,0.5,0,0.1,0.111111111,1,1,3.846153846,1,0,0,0,0.444444444,0,3,0,1,1,0,1,0,1,0,0,0,1,0,0,1,0,0,1,0
33,2,2,8612,11.6,2,2,3,3,4,4,55,0,0,22,46,4,5,3,8,0,0,0,0.666666667,0,0,1.0,4306.0,0.38365243,1,3.866666667,3.5,0.577350269,0,0.8,1.333333333,2,3,2.0,0,-1,0,0,2.666666667,1,2,0,3,1,1,0,0,1,0,0,0,0,1,1,0,0,0,0,0
38,1,1,7318,16.8,1,3,5,5,2,3,46,0,0,6,23,5,6,2,5,0,0,0,0.5,0,0,1.0,7318.0,0.208640157,1,8.4,3.75,1.5,0,0.833333333,2.5,1,2,3.285714286,0,1,0,1,2.5,0,1,0,2,0,1,0,0,1,0,0,0,1,0,0,1,0,0,0,0
30,12,5,14311,9.9,5,4,2,4,4,3,45,0,1,6,21,5,9,4,5,1,1,0,0.384615385,1,0,2.4,2862.2,0.96241528,0,0.761538462,3.25,0.957427108,0,0.555555556,0.384615385,1,2,3.0,0,0,1,0,0.384615385,0,0,0,2,1,1,0,0,0,0,0,1,1,0,1,0,0,0,0,0
51,7,7,11489,18.2,4,3,3,3,3,4,11,0,0,21,65,3,8,1,10,0,1,1,0.875,0,1,1.75,2872.25,0.870918053,0,2.275,3.25,0.5,0,0.375,0.375,1,1,2.954545455,1,2,0,1,1.25,1,3,0,2,0,0,1,0,0,0,0,1,1,0,0,0,1,0,0,0
18,0,0,3958,15.1,1,2,4,4,3,3,28,0,1,25,52,6,6,3,4,0,0,0,0.0,0,0,0.0,3958.0,0.043677205,1,15.1,3.5,0.577350269,0,1.0,6.0,2,3,2.0,0,-1,0,0,4.0,0,1,0,2,1,0,1,0,0,0,1,0,1,0,0,0,0,0,0,0
26,0,0,8671,16.1,2,2,3,2,2,5,56,1,1,12,32,1,11,1,8,0,0,0,0.0,0,0,0.0,4335.5,0.391384389,1,16.1,3.0,1.414213562,0,0.090909091,1.0,1,3,2.461538462,0,1,0,1,8.0,1,2,0,3,1,0,0,0,1,0,0,0,1,0,1,0,0,0,1,1
25,1,1,7132,20.3,2,4,4,4,5,3,47,0,0,14,47,5,12,5,3,0,0,0,0.5,0,0,0.5,3566.0,0.428373894,1,10.15,4.0,0.816496581,0,0.416666667,2.5,1,1,3.133333333,0,-1,1,0,1.5,0,1,0,3,0,0,1,0,0,1,0,0,1,0,1,0,0,0,0,0
39,2,1,5120,11.1,1,4,4,3,4,3,49,0,0,22,86,1,9,3,6,0,0,0,0.333333333,1,0,2.0,5120.0,0.027000491,1,3.7,3.5,0.577350269,0,0.111111111,0.333333333,2,2,3.739130435,1,1,1,1,2.0,0,2,0,2,0,0,1,0,1,0,0,0,1,0,0,1,0,0,0,0
33,0,0,4387,19.5,1,3,5,5,4,2,5,1,0,3,10,1,9,5,7,0,0,0,0.0,0,0,0.0,4387.0,0.01642984,1,19.5,4.0,1.414213562,0,0.111111111,1.0,1,3,2.5,0,-2,0,0,7.0,0,1,0,1,0,1,0,0,0,0,0,0,1,0,1,0,0,0,0,0
31,11,1,12517,20.4,3,3,3,4,2,3,29,1,0,21,60,2,9,3,12,0,1,0,0.083333333,1,0,3.666666667,4172.333333,0.915896488,0,1.7,3.0,0.816496581,0,0.222222222,0.166666667,0,2,2.727272727,0,0,0,0,1.0,1,1,0,3,1,0,1,0,0,0,0,1,1,0,1,0,0,0,0,0
32,2,1,6860,12.7,1,3,3,4,3,4,21,1,1,22,80,7,2,3,11,0,0,0,0.333333333,1,0,2.0,6860.0,0.156357388,1,4.233333333,3.5,0.577350269,0,3.5,2.333333333,0,3,3.47826087,1,0,0,0,3.666666667,1,3,0,2,1,0,1,0,1,0,0,0,0,0,1,0,0,0,1,0
38,3,1,5429,16.8,2,4,1,1,3,3,58,1,0,7,29,6,10,3,16,0,0,0,0.25,1,0,1.5,2714.5,0.130622304,1,4.2,2.0,1.154700538,1,0.6,1.5,0,3,3.625,0,1,1,1,4.0,1,3,1,1,0,0,1,0,0,0,0,1,1,0,0,1,0,0,1,1
37,1,1,5959,15.1,2,3,4,4,3,3,50,0,1,15,48,4,4,2,1,0,0,0,0.5,0,0,0.5,2979.5,0.191620456,1,7.55,3.5,0.577350269,0,1.0,2.0,2,3,3.0,0,1,0,1,0.5,0,1,0,1,0,1,0,0,0,0,0,1,1,0,0,1,0,0,0,0
60,14,8,9629,17.8,2,3,4,4,5,3,5,0,0,7,19,5,6,2,3,0,0,1,0.533333333,1,1,7.0,4814.5,0.814891847,0,1.186666667,4.0,0.816496581,0,0.833333333,0.333333333,1,2,2.375,0,1,0,1,0.2,0,1,0,2,0,0,1,0,0,0,1,0,1,0,0,0,0,1,1,0
48,1,0,7972,17.6,2,4,3,2,4,3,36,0,1,12,36,7,6,4,5,0,0,0,0.0,1,0,0.5,3986.0,0.387655417,1,8.8,3.0,0.816496581,0,1.166666667,3.5,1,2,2.769230769,0,0,1,0,2.5,0,1,0,3,1,0,1,0,0,0,0,0,1,0,0,0,1,0,0,0
51,3,3,15667,19.3,3,3,2,2,3,1,54,0,0,13,38,4,11,2,7,0,1,1,0.75,0,0,1.0,5222.333333,0.942808051,0,4.825,2.0,0.816496581,1,0.363636364,1.0,1,1,2.714285714,0,1,0,1,1.75,0,1,0,4,1,1,0,0,1,0,0,0,0,0,0,0,1,0,1,1
44,1,1,9269,15.5,3,2,3,3,5,4,35,0,0,3,9,4,15,3,7,0,1,0,0.5,0,0,0.333333333,3089.666667,0.569049734,0,7.75,3.75,0.957427108,0,0.266666667,2.0,1,1,2.25,0,-1,0,0,3.5,0,0,0,2,0,1,0,0,0,0,0,0,1,0,0,1,0,0,0,0
37,5,3,10030,17.7,3,2,3,3,3,4,62,1,0,25,77,4,12,4,8,0,1,0,0.5,1,0,1.666666667,3343.333333,0.566642121,0,2.95,3.25,0.5,0,0.333333333,0.666666667,0,2,2.961538462,1,-2,0,0,1.333333333,1,2,0,1,1,1,0,0,1,0,0,0,1,0,0,1,0,0,0,0
54,4,0,9025,12.4,3,2,2,4,5,3,50,0,1,12,41,7,7,2,5,0,1,1,0.0,1,0,1.333333333,3008.333333,0.643253235,0,2.48,3.5,1.290994449,0,1.0,1.4,1,2,3.153846154,0,0,0,0,1.0,0,0,0,3,1,1,0,0,0,0,0,1,1,0,0,0,1,0,0,0
27,4,4,10908,9.4,3,2,3,3,4,5,20,0,0,14,31,3,4,3,8,0,1,0,0.8,0,1,1.333333333,3636.0,0.668630339,0,1.88,3.75,0.957427108,0,0.75,0.6,0,1,2.066666667,0,-1,0,0,1.6,1,2,0,2,1,0,1,0,1,0,0,0,1,0,1,0,0,0,0,0
33,6,0,13373,16.0,4,4,3,3,4,1,11,0,0,9,24,6,9,5,5,1,1,0,0.0,1,0,1.5,3343.25,0.941158349,0,2.285714286,2.75,1.258305739,0,0.666666667,0.857142857,0,1,2.4,0,-1,1,0,0.714285714,0,0,0,2,1,1,0,0,0,0,0,1,1,0,1,0,0,0,0,0
50,2,1,7187,16.0,2,4,3,3,3,3,51,1,1,15,55,5,2,3,11,0,0,1,0.333333333,1,0,1.0,3593.5,0.370455946,1,5.333333333,3.0,0.0,0,2.5,1.666666667,2,5,3.4375,0,1,1,1,3.666666667,1,2,0,2,1,1,0,0,0,0,0,1,1,0,0,0,1,0,1,0
32,3,1,4298,14.2,1,2,2,1,4,3,49,1,1,25,57,3,5,3,3,0,0,0,0.25,1,0,3.0,4298.0,0.035120148,1,3.55,2.5,1.290994449,0,0.6,0.75,2,5,2.192307692,0,-1,0,0,0.75,0,1,0,3,1,1,0,0,0,0,0,1,1,0,1,0,0,0,1,1
48,0,0,6565,17.1,2,3,4,3,3,1,21,0,0,16,60,1,2,4,4,0,1,0,0.0,0,0,0.0,3282.5,0.319137168,1,17.1,2.75,1.258305739,0,0.5,1.0,1,1,3.529411765,0,-1,0,0,4.0,0,1,0,2,1,1,0,0,0,1,0,0,1,0,0,0,1,0,0,0
42,2,0,9764,18.7,4,4,5,3,2,2,35,1,0,9,23,7,2,3,4,0,1,0,0.0,1,0,0.5,2441.0,0.827371048,0,6.233333333,3.0,1.414213562,0,3.5,2.333333333,1,4,2.3,0,1,1,1,1.333333333,0,0,0,3,1,0,1,0,0,0,1,0,1,0,0,1,0,0,0,0
37,6,2,5870,10.9,2,3,4,5,4,4,56,0,0,10,26,5,5,2,4,0,0,0,0.285714286,1,0,3.0,2935.0,0.286397671,1,1.557142857,4.25,0.5,0,1.0,0.714285714,1,2,2.363636364,0,1,0,1,0.571428571,0,1,0,1,0,1,0,0,0,0,1,0,1,0,0,1,0,0,1,0
31,5,0,7353,18.5,2,4,1,2,3,3,34,0,1,39,88,1,3,4,6,1,1,0,0.0,1,0,2.5,3676.5,0.400184843,1,3.083333333,2.25,0.957427108,1,0.333333333,0.166666667,1,1,2.2,1,0,1,0,1.0,0,3,0,1,1,0,1,0,0,0,0,1,1,0,1,0,0,0,1,0
34,1,0,4936,15.2,1,3,2,3,1,4,41,0,0,55,150,5,6,5,6,0,0,0,0.0,1,0,1.0,4936.0,0.038632327,1,7.6,2.5,1.290994449,0,0.833333333,2.5,1,2,2.678571429,1,-2,0,0,3.0,0,2,0,2,0,1,0,0,0,0,0,0,1,0,1,0,0,0,1,1
33,6,2,9590,11.6,2,2,4,4,4,1,49,0,0,8,24,5,11,3,9,0,0,0,0.285714286,1,0,3.0,4795.0,0.511659303,0,1.657142857,3.25,1.5,0,0.454545455,0.714285714,1,1,2.666666667,0,-1,0,0,1.285714286,1,1,0,3,1,1,0,0,1,0,0,0,1,0,1,0,0,0,0,0
47,3,3,3385,15.4,1,4,2,4,3,3,35,0,0,5,13,5,8,3,3,0,0,0,0.75,0,0,3.0,3385.0,0.008626001,1,3.85,3.0,0.816496581,0,0.625,1.25,0,1,2.166666667,0,1,1,1,0.75,0,1,0,1,0,0,1,0,0,0,0,1,1,0,0,0,1,0,0,0
24,1,1,8544,13.7,2,3,2,2,3,2,21,0,1,6,20,4,9,3,7,0,0,0,0.5,0,0,0.5,4272.0,0.648230088,0,6.85,2.25,0.5,1,0.444444444,2.0,2,2,2.857142857,0,0,0,0,3.5,0,1,0,3,1,1,0,0,0,1,0,0,1,0,0,0,0,0,1,1
27,8,5,11372,14.4,3,3,3,3,4,3,6,0,0,21,72,1,14,5,4,0,1,0,0.555555556,1,1,2.666666667,3790.666667,0.719931271,0,1.6,3.25,0.5,0,0.071428571,0.111111111,1,1,3.272727273,1,-2,0,0,0.444444444,0,2,0,2,0,1,0,0,1,0,0,0,1,0,1,0,0,0,0,0
30,3,3,12411,11.1,2,4,3,4,4,3,20,0,0,13,33,5,8,4,5,0,0,0,0.75,0,0,1.5,6205.5,0.802282769,0,2.775,3.5,0.577350269,0,0.625,1.25,1,2,2.357142857,0,0,1,0,1.25,0,0,0,3,1,0,0,0,1,0,0,0,0,1,1,0,0,0,0,0
28,8,6,8270,14.5,3,3,1,4,5,2,34,0,0,14,40,5,9,4,8,0,1,0,0.666666667,1,1,2.666666667,2756.666667,0.544670364,0,1.611111111,3.0,1.825741858,0,0.555555556,0.555555556,1,2,2.666666667,0,-1,0,0,0.888888889,1,2,0,2,1,1,0,0,0,0,0,1,1,0,1,0,0,0,0,0
23,2,0,8177,13.5,3,4,4,1,3,3,32,0,0,5,16,3,8,3,3,0,1,0,0.0,1,0,0.666666667,2725.666667,0.719572368,0,4.5,2.75,1.258305739,0,0.375,1.0,0,0,2.666666667,0,1,1,1,1.0,0,0,0,3,0,0,1,1,0,0,0,0,1,0,0,0,0,0,0,0
40,0,0,8595,21.7,3,4,3,3,5,2,9,0,0,2,7,7,8,4,4,0,1,0,0.0,0,0,0.0,2865.0,0.589032656,0,21.7,3.25,1.258305739,0,0.875,7.0,2,3,2.333333333,0,0,1,0,4.0,0,0,0,2,1,0,1,0,0,0,0,1,0,0,0,1,0,0,0,0
39,3,2,7213,15.6,1,3,4,3,2,3,24,1,0,21,56,4,13,2,11,0,1,0,0.5,1,0,3.0,7213.0,0.196612666,1,3.9,3.0,0.816496581,0,0.307692308,1.0,2,4,2.545454545,0,1,0,1,2.75,1,2,0,2,1,0,1,0,1,0,0,0,1,0,0,1,0,0,0,0
42,9,6,15145,15.5,4,3,4,1,1,5,48,0,1,19,86,3,5,4,8,0,1,0,0.6,1,1,2.25,3786.25,0.955595027,0,1.55,2.75,2.061552813,0,0.6,0.3,1,2,4.3,1,-1,0,0,0.8,1,3,0,3,0,0,0,0,0,0,0,0,1,0,0,1,0,0,0,0
32,8,4,9186,16.7,3,4,4,2,4,4,35,0,1,21,39,5,10,5,5,0,1,0,0.444444444,1,1,2.666666667,3062.0,0.663123845,0,1.855555556,3.5,1.0,0,0.5,0.555555556,1,1,1.772727273,0,-1,1,0,0.555555556,0,1,0,1,1,0,1,0,0,0,0,1,1,0,1,0,0,0,0,0
29,2,0,5390,15.9,2,4,5,3,4,4,48,0,1,7,28,5,14,3,2,0,0,0,0.0,1,0,1.0,2695.0,0.202579035,1,5.3,4.0,0.816496581,0,0.357142857,1.666666667,1,1,3.5,0,1,1,1,0.666666667,0,1,0,2,1,1,0,0,0,0,1,0,1,0,1,0,0,0,0,0
47,2,2,6174,21.2,2,3,4,2,2,4,40,0,1,22,74,4,9,3,5,0,0,0,0.666666667,0,0,1.0,3087.0,0.147868561,1,7.066666667,3.0,1.154700538,0,0.444444444,1.333333333,1,1,3.217391304,1,0,0,0,1.666666667,0,2,0,2,0,1,0,0,0,0,0,0,1,0,0,0,1,0,0,0
25,7,4,13426,14.4,4,3,2,3,3,3,31,0,0,13,57,7,12,1,4,0,1,0,0.5,1,1,1.75,3356.5,0.861192931,0,1.8,2.75,0.5,0,0.583333333,0.875,0,1,4.071428571,0,2,0,1,0.5,0,1,0,2,1,0,1,0,1,0,0,0,1,0,1,0,0,0,1,0
30,12,10,8191,23.1,4,5,3,5,2,4,0,0,0,10,31,5,8,1,3,0,1,0,0.769230769,1,1,3.0,2047.75,0.600110619,0,1.776923077,3.5,1.290994449,0,0.625,0.384615385,2,3,2.818181818,0,4,1,1,0.230769231,0,1,0,1,0,1,0,0,0,1,0,0,1,0,1,0,0,0,0,0
31,3,2,4920,16.3,1,2,4,3,5,3,26,0,0,3,9,3,6,1,3,0,0,0,0.5,1,0,3.0,4920.0,0.037300178,1,4.075,3.75,0.957427108,0,0.5,0.75,0,0,2.25,0,1,0,1,0.75,0,1,0,2,0,0,1,0,0,0,0,0,1,0,1,0,0,0,0,0
31,3,1,7542,11.2,1,3,2,4,4,3,32,1,0,29,67,1,6,3,8,0,0,0,0.25,1,0,3.0,7542.0,0.239077074,1,2.8,3.25,0.957427108,0,0.166666667,0.25,2,4,2.233333333,1,0,0,0,2.0,1,3,0,3,1,1,0,0,1,0,0,0,1,0,1,0,0,0,1,1
28,4,1,4366,14.5,2,2,1,4,3,3,36,1,0,9,31,1,6,3,4,0,0,0,0.2,1,0,2.0,2183.0,0.057522124,1,2.9,2.75,1.258305739,0,0.166666667,0.2,1,3,3.1,0,-1,0,0,0.8,0,1,0,1,1,0,1,0,0,1,0,0,0,1,1,0,0,0,0,1
24,2,0,5618,17.4,2,4,4,2,4,3,32,0,1,20,62,3,10,4,4,0,1,0,0.0,1,0,1.0,2809.0,0.191924779,1,5.8,3.25,0.957427108,0,0.3,1.0,0,0,2.952380952,1,0,1,0,1.333333333,0,2,0,1,1,1,0,0,0,1,0,0,0,1,0,0,0,0,1,0
44,6,1,8725,8.9,2,2,3,2,1,3,0,1,0,4,7,9,10,3,9,0,0,0,0.142857143,1,0,3.0,4362.5,0.604282193,0,1.271428571,2.25,0.957427108,1,0.9,1.285714286,1,4,1.4,0,-1,0,0,1.285714286,1,2,1,3,0,0,1,0,0,0,0,1,1,0,0,1,0,0,0,1
23,5,1,9741,13.1,3,3,3,4,4,4,10,0,1,11,33,4,4,3,3,0,1,0,0.166666667,1,0,1.666666667,3247.0,0.534118802,0,2.183333333,3.75,0.5,0,1.0,0.666666667,0,1,2.75,0,0,0,0,0.5,0,0,0,2,1,0,1,0,1,0,0,0,0,0,0,0,0,0,0,0
38,2,1,6141,19.6,3,3,5,2,3,3,7,0,1,21,79,3,12,3,5,0,1,0,0.333333333,1,0,0.666666667,2047.0,0.255807522,1,6.533333333,3.25,1.258305739,0,0.25,1.0,1,1,3.590909091,1,0,0,0,1.666666667,0,2,0,1,0,1,0,0,0,1,0,0,1,0,0,1,0,0,0,0
32,4,0,13284,15.2,3,2,2,4,2,3,36,0,0,10,27,2,16,3,5,0,1,0,0.0,1,0,1.333333333,4428.0,0.90008881,0,3.04,2.75,0.957427108,0,0.125,0.4,1,1,2.454545455,0,-1,0,0,1.0,0,0,0,4,0,0,1,0,0,0,0,0,0,1,1,0,0,0,1,0
26,8,0,10310,17.4,3,4,3,4,3,4,22,0,0,11,48,5,7,4,3,0,1,0,0.0,1,0,2.666666667,3436.666667,0.865848586,0,1.933333333,3.5,0.577350269,0,0.714285714,0.555555556,1,2,4.0,0,0,1,0,0.333333333,0,0,0,3,0,1,0,0,0,0,1,0,1,0,1,0,0,0,0,0
38,5,3,10392,10.1,2,3,3,3,3,4,28,0,0,10,25,5,9,3,4,0,0,0,0.5,1,0,2.5,5196.0,0.610456554,0,1.683333333,3.25,0.5,0,0.555555556,0.833333333,1,2,2.272727273,0,0,0,0,0.666666667,0,0,0,2,0,0,0,0,1,0,0,0,1,0,0,1,0,0,0,0
23,1,1,3990,9.4,1,4,3,2,3,4,2,0,1,19,52,4,6,2,6,0,1,0,0.5,0,0,1.0,3990.0,0.003927344,1,4.7,3.0,0.816496581,0,0.666666667,2.0,1,2,2.6,0,2,1,1,3.0,0,1,0,1,1,0,1,0,1,0,0,0,1,0,0,0,0,0,0,0
18,0,0,5375,15.1,1,3,4,3,3,2,52,0,0,9,33,4,8,4,5,0,0,0,0.0,0,0,0.0,5375.0,0.126001232,1,15.1,3.0,0.816496581,0,0.5,4.0,1,1,3.3,0,-1,0,0,5.0,0,1,0,2,1,1,0,0,0,0,0,1,1,0,0,0,0,0,1,0
44,1,0,9925,15.8,2,3,3,5,3,5,50,0,0,16,55,2,7,2,7,0,0,0,0.0,1,0,0.5,4962.5,0.807522124,0,7.9,4.0,1.154700538,0,0.285714286,1.0,1,1,3.235294118,0,1,0,1,3.5,0,0,0,4,1,0,1,0,0,1,0,0,1,0,0,1,0,0,1,0
37,7,3,8749,12.8,3,3,3,3,4,4,75,0,1,38,119,3,5,2,6,0,1,0,0.375,1,0,2.333333333,2916.333333,0.607825015,0,1.6,3.5,0.577350269,0,0.6,0.375,1,2,3.051282051,1,1,0,1,0.75,0,1,0,2,1,1,0,0,0,0,0,1,1,0,0,1,0,0,1,0
50,13,2,8631,13.4,3,4,4,3,2,3,35,0,1,5,14,4,2,4,2,0,1,1,0.142857143,1,0,4.333333333,2877.0,0.656526549,0,0.957142857,3.0,0.816496581,0,2.0,0.285714286,0,1,2.333333333,0,0,1,0,0.142857143,0,0,0,2,0,1,0,0,0,1,0,0,1,0,0,0,1,0,0,0
32,3,1,9232,16.6,3,3,4,3,2,3,36,1,0,21,82,4,11,2,10,0,1,0,0.25,1,0,1.0,3077.333333,0.78140599,0,4.15,3.0,0.816496581,0,0.363636364,1.0,1,3,3.727272727,1,1,0,1,2.5,1,2,0,2,0,0,0,0,0,0,1,0,0,0,1,0,0,0,1,0
44,6,0,10301,13.3,3,2,3,3,4,4,28,0,0,8,25,6,14,2,7,0,1,0,0.0,1,0,2.0,3433.666667,0.598551792,0,1.9,3.5,0.577350269,0,0.428571429,0.857142857,1,1,2.777777778,0,0,0,0,1.0,0,0,0,2,1,0,1,0,1,0,0,0,0,0,0,1,0,0,1,0
50,1,1,8945,12.0,3,2,2,4,4,2,29,1,0,14,39,4,18,3,4,0,1,1,0.5,0,0,0.333333333,2981.666667,0.429430535,1,6.0,3.0,1.154700538,0,0.222222222,2.0,1,3,2.6,0,-1,0,0,2.0,0,1,0,2,1,0,1,0,1,0,0,0,0,0,0,0,1,0,1,1
35,3,0,8014,12.1,3,2,3,4,2,4,15,1,0,11,32,9,16,5,4,0,1,0,0.0,1,0,1.0,2671.333333,0.636855241,0,3.025,3.25,0.957427108,0,0.5625,2.25,1,4,2.666666667,0,-3,0,0,1.0,0,0,0,2,0,0,0,0,0,0,1,0,1,0,0,1,0,0,0,0
38,20,11,19131,19.7,4,4,1,4,4,1,71,0,1,19,57,7,4,3,4,1,1,0,0.523809524,1,0,5.0,4782.75,0.989690722,0,0.938095238,2.5,1.732050808,0,1.75,0.333333333,0,1,2.85,0,1,1,1,0.19047619,0,0,0,4,1,1,0,0,1,0,0,0,1,0,0,1,0,0,0,0
26,1,0,6068,15.6,3,3,3,2,5,3,53,0,1,1,5,3,10,4,7,0,1,0,0.0,1,0,0.333333333,2022.666667,0.245575221,1,7.8,3.25,1.258305739,0,0.3,1.5,2,2,2.5,0,-1,0,0,3.5,0,1,0,1,0,0,0,0,0,1,0,0,1,0,1,0,0,0,0,0
46,1,1,9693,14.9,2,3,3,4,4,2,2,0,0,24,75,7,10,4,5,0,0,0,0.5,0,0,0.5,4846.5,0.62544405,0,7.45,3.25,0.957427108,0,0.7,3.5,2,3,3.0,1,-1,0,0,2.5,0,1,0,4,0,0,0,0,0,0,0,0,1,0,0,0,1,0,0,0
47,6,2,10141,15.2,4,2,5,3,2,2,10,1,1,6,22,5,7,3,6,0,1,0,0.285714286,1,0,1.5,2535.25,0.886513158,0,2.171428571,3.0,1.414213562,0,0.714285714,0.714285714,1,4,3.142857143,0,-1,0,0,0.857142857,0,0,0,2,1,1,0,1,0,0,0,0,1,0,0,0,1,0,0,0
39,5,2,9627,15.1,3,3,2,3,2,2,35,0,1,8,29,7,7,3,5,0,1,0,0.333333333,1,0,1.666666667,3209.0,0.517673049,0,2.516666667,2.25,0.5,1,1.0,1.166666667,1,2,3.222222222,0,0,0,0,0.833333333,0,1,0,2,1,1,0,0,1,0,0,0,0,0,0,1,0,0,1,0
25,2,0,7064,16.8,2,4,1,3,3,3,30,1,0,10,27,10,2,3,6,0,0,0,0.0,1,0,1.0,3532.0,0.486064892,1,5.6,2.5,1.0,0,5.0,3.333333333,0,3,2.454545455,0,1,1,1,2.0,0,1,0,3,0,0,1,0,0,0,1,0,1,0,1,0,0,0,0,1
34,16,11,18250,9.0,4,3,4,4,5,3,30,1,0,30,102,5,9,2,5,0,1,0,0.647058824,1,1,4.0,4562.5,0.981836033,0,0.529411765,4.0,0.816496581,0,0.555555556,0.294117647,2,5,3.290322581,1,1,0,1,0.294117647,0,2,0,3,0,1,0,0,1,0,0,0,0,1,1,0,0,0,1,1
37,1,1,4273,16.4,1,2,4,5,3,3,47,0,0,8,16,2,18,2,4,0,0,0,0.5,0,0,1.0,4273.0,0.010657194,1,8.2,3.75,0.957427108,0,0.111111111,1.0,1,1,1.777777778,0,0,0,0,2.0,0,1,0,1,1,1,0,0,0,0,0,0,1,0,0,1,0,0,0,0
30,9,2,7547,16.0,3,3,3,4,3,3,46,0,0,21,57,2,10,3,0,0,1,0,0.2,1,0,3.0,2515.666667,0.506913717,0,1.6,3.25,0.5,0,0.2,0.2,2,2,2.590909091,0,0,0,0,0.0,0,0,0,1,0,1,0,0,0,1,0,0,0,1,1,0,0,0,0,0
35,2,2,6535,16.7,2,3,3,4,5,3,18,1,1,29,90,5,7,3,6,0,0,0,0.666666667,0,0,1.0,3267.5,0.390599002,1,5.566666667,3.75,0.957427108,0,0.714285714,1.666666667,1,4,3.0,1,0,0,0,2.0,0,2,0,3,1,0,1,0,0,0,1,0,0,1,0,1,0,0,0,0
38,10,6,13807,19.9,4,4,1,3,5,2,38,0,0,28,68,6,6,3,9,1,1,0,0.545454545,1,0,2.5,3451.75,0.878865979,0,1.809090909,2.75,1.707825128,0,1.0,0.545454545,1,2,2.344827586,1,1,1,1,0.818181818,1,2,0,2,1,0,0,0,1,0,0,0,1,0,0,1,0,0,0,0
57,2,0,7162,18.9,2,3,3,4,2,4,39,0,1,30,73,4,13,4,4,0,0,1,0.0,1,0,1.0,3581.0,0.192071674,1,6.3,3.25,0.957427108,0,0.307692308,1.333333333,2,2,2.35483871,1,-1,0,0,1.333333333,0,2,0,2,0,0,1,0,1,0,0,0,1,0,0,0,0,1,0,0
41,0,0,5368,11.0,2,2,3,3,2,1,0,0,0,13,40,3,10,2,6,0,0,0,0.0,0,0,0.0,2684.0,0.198211314,1,11.0,2.25,0.957427108,1,0.3,3.0,0,0,2.857142857,0,0,0,0,6.0,0,2,0,2,1,0,1,0,0,0,1,0,1,0,0,1,0,0,1,1
50,1,1,11108,16.1,3,3,3,3,2,2,23,1,1,9,34,6,13,3,11,0,1,1,0.5,0,0,0.333333333,3702.666667,0.691458027,0,8.05,2.5,0.577350269,0,0.461538462,3.0,0,2,3.4,0,0,0,0,5.5,1,1,0,2,0,1,0,0,1,0,0,0,1,0,0,0,1,0,0,0
48,0,0,6321,16.0,1,3,2,5,2,5,37,0,1,10,30,3,5,3,6,0,0,0,0.0,0,0,0.0,6321.0,0.353785358,1,16.0,3.5,1.732050808,0,0.6,3.0,1,2,2.727272727,0,0,0,0,6.0,0,1,0,4,1,1,0,0,0,0,1,0,1,0,0,0,1,0,1,0
47,1,1,9342,17.5,3,4,4,3,4,2,61,1,1,23,56,5,3,4,8,0,1,0,0.5,0,0,0.333333333,3114.0,0.480363279,1,8.75,3.25,0.957427108,0,1.666666667,2.5,0,3,2.333333333,0,0,1,0,4.0,1,2,0,2,0,0,1,0,1,0,0,0,0,1,0,0,1,0,1,0
36,8,6,10218,19.1,4,2,3,2,2,3,25,0,1,6,12,3,7,3,4,0,1,0,0.666666667,1,1,2.0,2554.5,0.776186075,0,2.122222222,2.5,0.577350269,0,0.428571429,0.333333333,1,1,1.714285714,0,-1,0,0,0.444444444,0,1,0,2,1,1,0,0,0,0,0,1,1,0,0,1,0,0,1,0
37,13,4,12657,11.9,3,2,1,2,3,2,38,0,1,25,85,5,7,3,5,0,1,0,0.285714286,1,1,4.333333333,4219.0,0.870781528,0,0.85,2.0,0.816496581,1,0.714285714,0.357142857,0,1,3.269230769,1,-1,0,0,0.357142857,0,3,0,3,1,1,0,0,0,0,0,0,1,0,0,1,0,0,1,0
34,8,7,9135,13.5,4,4,5,1,2,2,43,0,1,20,54,4,11,1,2,0,1,0,0.777777778,1,1,2.0,2283.75,0.721238938,0,1.5,2.5,1.732050808,0,0.363636364,0.444444444,2,2,2.571428571,0,3,1,1,0.222222222,0,1,0,1,0,1,0,0,0,1,0,0,1,0,1,0,0,0,1,0
37,4,1,7880,17.8,2,3,2,1,4,3,8,0,0,4,16,3,5,1,5,0,1,0,0.2,1,0,2.0,3940.0,0.483980283,1,3.56,2.5,1.290994449,0,0.6,0.6,1,2,3.2,0,2,0,1,1.0,0,1,0,2,0,0,1,0,0,0,0,1,1,0,0,1,0,0,1,1
51,5,2,11486,17.2,3,2,4,1,3,4,27,1,1,11,36,1,6,4,3,0,1,1,0.333333333,1,0,1.666666667,3828.666667,0.728767796,0,2.866666667,3.0,1.414213562,0,0.166666667,0.166666667,1,3,3.0,0,-2,0,0,0.5,0,0,0,2,0,1,0,0,1,0,0,0,1,0,0,0,1,0,0,0
46,6,5,8424,15.6,2,4,5,4,3,4,21,0,1,23,64,1,4,2,7,1,0,0,0.714285714,1,0,3.0,4212.0,0.567775724,0,2.228571429,4.0,0.816496581,0,0.25,0.142857143,0,0,2.666666667,1,2,1,1,1.0,0,1,0,2,0,0,1,0,0,0,0,1,1,0,0,0,1,0,0,0
30,0,0,7149,14.3,1,3,1,3,4,3,54,0,1,27,75,4,14,3,3,0,0,0,0.0,0,0,0.0,7149.0,0.499168053,1,14.3,2.75,1.258305739,0,0.285714286,4.0,1,1,2.678571429,1,0,0,0,3.0,0,2,0,4,0,1,0,0,0,0,1,0,1,0,1,0,0,0,1,1
45,4,2,8758,11.3,2,3,4,5,2,3,20,0,1,33,123,3,2,4,8,0,0,0,0.4,1,0,2.0,4379.0,0.608595194,0,2.26,3.5,1.290994449,0,1.5,0.6,1,2,3.617647059,1,-1,0,0,1.6,1,2,0,2,1,0,0,0,0,0,0,1,1,0,0,0,1,0,0,0
30,3,3,6457,18.1,2,3,3,2,2,4,47,0,0,38,128,8,10,2,3,0,0,0,0.75,0,0,1.5,3228.5,0.181172291,1,4.525,2.75,0.957427108,0,0.8,2.0,1,2,3.282051282,1,1,0,1,0.75,0,2,0,2,0,1,0,0,0,0,0,0,0,0,1,0,0,0,1,1
23,5,2,7239,13.3,2,3,4,3,4,2,17,0,0,1,5,3,10,1,3,0,1,0,0.333333333,1,0,2.5,3619.5,0.285968028,1,2.216666667,3.25,0.957427108,0,0.3,0.5,1,1,2.5,0,2,0,1,0.5,0,1,0,1,1,0,1,0,0,0,0,0,0,1,0,0,0,0,1,0
37,5,4,8275,12.4,2,3,5,4,4,3,31,0,0,11,37,3,11,3,3,0,0,0,0.666666667,1,1,2.5,4137.5,0.545748614,0,2.066666667,4.0,0.816496581,0,0.272727273,0.5,0,0,3.083333333,0,0,0,0,0.5,0,1,0,2,1,0,0,0,0,0,0,1,1,0,0,1,0,0,0,0
28,10,3,10596,12.9,4,3,5,2,2,2,30,0,0,23,66,3,4,5,7,0,1,0,0.272727273,1,0,2.5,2649.0,0.912006579,0,1.172727273,2.75,1.5,0,0.75,0.272727273,0,1,2.75,1,-2,0,0,0.636363636,0,1,0,2,1,1,0,1,0,0,0,0,1,0,1,0,0,0,0,0
34,5,0,8153,14.8,2,3,5,1,3,4,57,0,0,19,49,1,16,3,5,0,0,0,0.0,1,0,2.5,4076.5,0.412522202,1,2.466666667,3.25,1.707825128,0,0.0625,0.166666667,1,1,2.45,0,0,0,0,0.833333333,0,1,0,2,0,1,0,0,0,0,0,0,1,0,1,0,0,0,0,0
34,3,0,5035,13.4,2,2,2,1,3,4,50,0,1,6,23,6,13,4,4,0,0,0,0.0,1,0,1.5,2517.5,0.118915929,1,3.35,2.5,1.290994449,0,0.461538462,1.5,1,1,3.285714286,0,-2,0,0,1.0,0,1,0,1,0,0,1,0,0,1,0,0,0,0,1,0,0,0,1,1
32,8,6,14166,13.9,4,4,4,3,3,4,66,0,0,20,82,2,10,4,3,1,1,0,0.666666667,1,0,2.0,3541.5,0.93294849,0,1.544444444,3.5,0.577350269,0,0.2,0.222222222,0,0,3.904761905,1,0,1,0,0.333333333,0,1,0,2,1,1,0,0,0,0,0,0,1,0,1,0,0,0,0,0
40,6,3,9766,18.3,3,2,3,3,3,5,26,0,1,14,41,2,9,1,4,0,1,0,0.428571429,1,0,2.0,3255.333333,0.788163717,0,2.614285714,3.5,1.0,0,0.222222222,0.285714286,1,1,2.733333333,0,1,0,1,0.571428571,0,0,0,3,1,1,0,0,0,1,0,0,0,0,0,1,0,0,0,0
42,4,3,7987,14.4,2,3,3,5,2,2,50,0,0,7,26,1,8,3,5,0,1,0,0.6,1,0,2.0,3993.5,0.389653641,1,2.88,3.0,1.414213562,0,0.125,0.2,0,0,3.25,0,0,0,0,1.0,0,1,0,2,1,0,1,0,0,0,0,0,1,0,0,1,0,0,0,0
55,0,0,3834,15.1,1,3,3,3,4,5,25,1,1,16,46,6,10,3,7,0,1,1,0.0,0,0,0.0,3834.0,0.067434211,1,15.1,3.75,0.957427108,0,0.6,6.0,1,4,2.705882353,0,0,0,0,7.0,0,1,0,2,1,1,0,1,0,0,0,0,0,1,0,0,0,1,0,0
22,4,2,11112,12.6,3,3,3,4,5,3,37,1,0,25,93,7,8,3,4,0,1,0,0.4,1,0,1.333333333,3704.0,0.692071674,0,2.52,3.75,0.957427108,0,0.875,1.4,1,4,3.576923077,1,0,0,0,0.8,0,1,0,2,1,0,1,0,1,0,0,0,1,0,0,0,0,0,1,0
33,8,7,12609,11.3,4,3,3,4,3,3,32,1,0,37,136,8,9,4,8,0,1,0,0.777777778,1,1,2.0,3152.25,0.960898502,0,1.255555556,3.25,0.5,0,0.888888889,0.888888889,1,4,3.578947368,1,-1,0,0,0.888888889,1,3,0,3,1,0,1,0,0,0,1,0,1,0,1,0,0,0,0,0
34,1,1,7784,13.0,2,2,5,2,2,3,62,0,0,6,23,6,5,4,3,0,0,0,0.5,0,0,0.5,3892.0,0.266568483,1,6.5,3.0,1.414213562,0,1.2,3.0,0,1,3.285714286,0,-2,0,0,1.5,0,1,0,1,1,0,0,0,1,0,0,0,0,0,1,0,0,0,1,0
46,0,0,5618,18.9,2,3,4,4,3,2,23,1,1,9,27,2,9,4,8,0,1,0,0.0,0,0,0.0,2809.0,0.293585526,1,18.9,3.25,0.957427108,0,0.222222222,2.0,1,3,2.7,0,-1,0,0,8.0,1,2,0,2,0,0,1,1,0,0,0,0,0,0,0,0,1,0,1,0
36,5,5,9445,16.1,3,3,2,5,3,4,26,0,1,6,23,4,3,4,5,0,1,0,0.833333333,0,1,1.666666667,3148.333333,0.751659292,0,2.683333333,3.5,1.290994449,0,1.333333333,0.666666667,1,2,3.285714286,0,-1,0,0,0.833333333,0,1,0,2,1,1,0,0,0,1,0,0,1,0,0,1,0,0,0,0
40,1,1,7999,15.2,2,4,3,4,4,4,22,0,1,13,35,2,11,4,5,0,0,0,0.5,0,0,0.5,3999.5,0.392095915,1,7.6,3.75,0.5,0,0.181818182,1.0,1,1,2.5,0,0,1,0,2.5,0,1,0,2,0,0,0,0,0,0,0,0,1,0,0,1,0,0,0,0
34,0,0,9211,14.1,2,3,2,2,3,3,42,0,0,9,36,3,15,4,6,0,0,0,0.0,0,0,0.0,4605.5,0.666666667,0,14.1,2.5,0.577350269,0,0.2,3.0,1,1,3.6,0,-1,0,0,6.0,0,0,0,2,0,1,0,0,0,0,0,1,1,0,1,0,0,0,1,1
35,1,1,7119,17.2,1,4,3,5,4,4,27,0,0,6,18,5,6,1,7,0,0,0,0.5,0,0,1.0,7119.0,0.184707904,1,8.6,4.0,0.816496581,0,0.833333333,2.5,1,2,2.571428571,0,3,1,1,3.5,0,1,0,2,1,0,1,0,1,0,0,0,1,0,0,1,0,0,0,0
42,13,10,10733,13.3,4,2,3,2,4,4,47,0,1,41,91,4,6,1,5,0,1,0,0.714285714,1,1,3.25,2683.25,0.822550832,0,0.95,3.25,0.957427108,0,0.666666667,0.285714286,1,2,2.166666667,1,1,0,1,0.357142857,0,2,0,1,1,1,0,0,0,0,0,1,0,0,0,1,0,0,0,0
38,2,2,6756,15.1,2,2,5,2,3,3,65,0,1,6,21,3,5,2,3,0,1,0,0.666666667,0,0,1.0,3378.0,0.142120766,1,5.033333333,3.25,1.258305739,0,0.6,1.0,0,1,3.0,0,0,0,0,1.0,0,1,0,1,1,1,0,0,1,0,0,0,1,0,0,1,0,0,1,0
40,0,0,8316,11.8,2,4,2,3,2,2,30,0,0,8,27,5,10,2,10,0,0,0,0.0,0,0,0.0,4158.0,0.341801669,1,11.8,2.25,0.5,1,0.5,5.0,1,1,3.0,0,2,1,1,10.0,1,3,0,2,1,0,1,0,1,0,0,0,1,0,0,1,0,0,1,1
39,13,11,17538,13.5,5,3,5,4,2,2,41,0,0,15,46,2,6,4,5,0,1,0,0.785714286,1,1,2.6,3507.6,0.972999509,0,0.964285714,3.25,1.5,0,0.333333333,0.142857143,1,1,2.875,0,-1,0,0,0.357142857,0,1,0,2,1,0,1,0,1,0,0,0,1,0,0,1,0,0,0,0
42,6,3,5451,8.3,2,2,3,5,3,5,34,0,1,9,33,2,7,3,4,0,0,0,0.428571429,1,0,3.0,2725.5,0.263980263,1,1.185714286,4.0,1.154700538,0,0.285714286,0.285714286,2,2,3.3,0,-1,0,0,0.571428571,0,1,0,3,1,1,0,1,0,0,0,0,0,0,0,1,0,0,0,0
35,3,2,6275,15.0,1,3,3,5,1,3,26,1,0,9,40,2,5,3,6,0,0,0,0.5,1,0,3.0,6275.0,0.160746004,1,3.75,3.0,1.632993162,0,0.4,0.5,1,3,4.0,0,0,0,0,1.5,0,1,0,3,1,1,0,0,0,0,0,0,1,0,0,1,0,0,0,0
28,0,0,5335,18.4,2,5,3,1,2,5,32,1,1,7,20,5,16,4,9,0,1,0,0.0,0,0,0.0,2667.5,0.120455946,1,18.4,2.75,1.707825128,0,0.3125,5.0,0,2,2.5,0,1,1,1,9.0,1,2,0,1,0,0,1,0,0,0,0,1,1,0,1,0,0,0,1,1
35,1,0,5695,5.8,1,3,1,5,3,4,21,1,0,8,31,5,16,3,7,0,0,0,0.0,1,0,1.0,5695.0,0.055228277,1,2.9,3.25,1.707825128,0,0.3125,2.5,2,4,3.444444444,0,0,0,0,3.5,0,1,0,1,1,1,0,0,1,0,0,0,0,0,0,1,0,0,1,1
25,2,0,8509,13.6,3,3,3,3,1,3,29,0,0,30,117,5,3,1,6,0,1,0,0.0,1,0,0.666666667,2836.333333,0.706738769,0,4.533333333,2.5,1.0,0,1.666666667,1.666666667,0,1,3.774193548,1,2,0,1,2.0,0,1,0,1,1,1,0,0,0,0,1,0,1,0,1,0,0,0,1,0
25,4,1,7807,19.5,2,4,3,4,3,4,56,0,0,17,72,3,11,3,4,0,0,0,0.2,1,0,2.0,3903.5,0.662006579,0,3.9,3.5,0.577350269,0,0.272727273,0.6,2,2,4.0,1,1,1,1,0.8,0,1,0,3,1,1,0,1,0,0,0,0,1,0,1,0,0,0,0,0
37,13,2,11640,12.4,4,3,3,2,3,3,44,0,0,11,34,2,8,2,3,0,1,0,0.142857143,1,0,3.25,2910.0,0.811278863,0,0.885714286,2.75,0.5,0,0.25,0.142857143,1,1,2.833333333,0,1,0,1,0.214285714,0,0,0,1,0,1,0,0,0,0,0,0,1,0,0,1,0,0,0,0
29,10,6,10995,12.7,4,3,4,3,4,3,34,1,0,18,72,4,3,2,3,0,1,0,0.545454545,1,1,2.5,2748.75,0.677957781,0,1.154545455,3.5,0.577350269,0,1.333333333,0.363636364,2,5,3.789473684,1,1,0,1,0.272727273,0,2,0,1,0,1,0,0,1,0,0,0,1,0,1,0,0,0,1,0
26,1,1,6150,13.8,2,3,4,2,3,3,39,0,1,18,61,2,6,4,5,0,0,0,0.5,0,0,0.5,3075.0,0.217190388,1,6.9,3.0,0.816496581,0,0.333333333,1.0,1,1,3.210526316,1,-1,0,0,2.5,0,2,0,2,0,1,0,0,0,0,0,1,1,0,1,0,0,0,1,0
28,1,0,8025,18.1,2,4,5,1,5,4,40,1,0,11,39,7,11,4,7,0,0,0,0.0,1,0,0.5,4012.5,0.396758437,1,9.05,3.75,1.892969449,0,0.636363636,3.5,1,4,3.25,0,0,1,0,3.5,0,1,0,2,1,1,0,0,0,0,0,0,0,1,1,0,0,0,0,1
32,11,7,9231,15.7,3,5,4,1,2,4,12,1,0,23,89,6,7,3,10,0,1,0,0.583333333,1,1,3.666666667,3077.0,0.78078203,0,1.308333333,2.75,1.5,0,0.857142857,0.5,2,5,3.708333333,1,2,1,1,0.833333333,1,3,0,2,0,1,0,0,0,0,1,0,0,0,1,0,0,0,1,1
46,3,3,6655,10.3,1,3,5,3,4,4,46,1,0,2,5,6,5,4,5,0,0,0,0.75,0,0,3.0,6655.0,0.131320569,1,2.575,4.0,0.816496581,0,1.2,1.5,1,4,1.666666667,0,-1,0,0,1.25,0,1,0,1,0,1,0,0,1,0,0,0,1,0,0,0,1,0,0,0
33,4,1,7628,14.6,2,3,4,5,4,4,19,1,1,13,39,4,7,3,6,0,1,0,0.2,1,0,2.0,3814.0,0.520188053,0,2.92,4.25,0.5,0,0.571428571,0.8,1,4,2.785714286,0,0,0,0,1.2,0,0,0,2,0,0,1,0,0,1,0,0,1,0,1,0,0,0,0,0
35,1,1,3430,14.4,2,2,3,2,1,3,48,1,1,30,61,2,11,2,7,0,0,0,0.5,0,0,0.5,1715.0,0.023710483,1,7.2,2.25,0.957427108,1,0.181818182,1.0,1,3,1.967741935,1,0,0,0,3.5,0,3,1,2,0,0,1,0,0,0,1,0,1,0,0,1,0,0,1,1
28,7,0,9500,14.9,3,2,1,5,3,3,25,1,1,5,19,3,13,5,3,0,1,0,0.0,1,0,2.333333333,3166.666667,0.802412646,0,1.8625,3.0,1.632993162,0,0.230769231,0.375,1,3,3.166666667,0,-3,0,0,0.375,0,0,0,2,0,0,1,0,0,0,1,0,1,0,1,0,0,0,0,0
28,3,0,7253,20.6,2,4,3,2,2,4,29,0,0,17,51,7,5,3,1,0,0,0,0.0,1,0,1.5,3626.5,0.381700555,1,5.15,2.75,0.957427108,0,1.4,1.75,1,2,2.833333333,0,1,1,1,0.25,0,1,0,2,0,1,0,0,0,0,0,1,1,0,1,0,0,0,1,0
38,2,2,6177,12.3,1,3,5,5,3,3,64,0,0,7,23,4,12,4,2,0,0,0,0.666666667,0,0,2.0,6177.0,0.263827434,1,4.1,4.0,1.154700538,0,0.333333333,1.333333333,1,1,2.875,0,-1,0,0,0.666666667,0,1,0,4,0,1,0,0,0,1,0,0,0,1,0,1,0,0,0,0
43,5,3,9280,17.3,2,4,4,2,3,5,11,0,0,4,14,8,4,3,9,1,0,0,0.5,1,0,2.5,4640.0,0.473490427,1,2.883333333,3.5,1.290994449,0,2.0,1.333333333,0,1,2.8,0,1,1,1,1.5,1,2,0,2,1,0,1,0,1,0,0,0,1,0,0,1,0,0,0,0
34,2,2,7369,18.2,2,5,2,4,2,3,65,1,0,8,32,2,6,4,5,0,1,0,0.666666667,0,0,1.0,3684.5,0.30062167,1,6.066666667,2.75,0.957427108,0,0.333333333,0.666666667,1,3,3.555555556,0,1,1,1,1.666666667,0,1,0,2,0,0,0,0,0,0,0,0,1,0,1,0,0,0,1,0
30,0,0,7994,17.4,2,5,4,5,3,4,42,0,0,17,31,5,5,3,1,0,0,0,0.0,0,0,0.0,3997.0,0.391207815,1,17.4,4.0,0.816496581,0,1.0,5.0,1,2,1.722222222,0,2,1,1,1.0,0,1,0,2,1,1,0,0,0,0,0,0,0,1,1,0,0,0,0,0
42,9,7,11037,13.8,3,3,4,2,4,2,38,0,1,10,28,3,12,3,7,0,1,0,0.7,1,1,3.0,3679.0,0.680903289,0,1.38,3.0,1.154700538,0,0.25,0.3,1,1,2.545454545,0,0,0,0,0.7,0,1,0,2,1,0,0,0,1,0,0,0,1,0,0,1,0,0,0,0
40,1,1,8599,15.1,2,3,4,2,4,3,30,0,0,7,29,5,7,3,6,0,0,0,0.5,0,0,0.5,4299.5,0.480461812,1,7.55,3.25,0.957427108,0,0.714285714,2.5,0,1,3.625,0,0,0,0,3.0,0,1,0,3,1,0,1,0,0,0,0,0,1,0,0,1,0,0,0,0
21,3,3,5925,11.6,1,3,4,4,3,4,46,0,1,6,24,3,3,1,4,0,1,0,0.75,0,0,3.0,5925.0,0.296589018,1,2.9,3.75,0.5,0,1.0,0.75,1,2,3.428571429,0,2,0,1,1.0,0,1,0,1,0,0,1,0,0,0,1,0,0,0,0,0,0,0,0,0
23,1,0,3203,16.2,1,3,3,4,3,3,21,0,1,10,44,6,8,3,4,0,0,0,0.0,1,0,1.0,3203.0,0.001332149,1,8.1,3.25,0.5,0,0.75,3.0,1,2,4.0,0,0,0,0,2.0,0,1,0,1,0,1,0,0,0,0,0,0,1,0,0,0,0,0,0,0
33,1,1,7921,17.8,2,4,3,3,2,3,18,0,0,6,22,3,6,1,8,0,0,0,0.5,0,0,0.5,3960.5,0.676809211,0,8.9,2.75,0.5,0,0.5,1.5,0,0,3.142857143,0,3,1,1,4.0,1,1,0,2,1,0,1,1,0,0,0,0,0,0,1,0,0,0,1,0
37,6,0,15635,16.1,4,4,2,3,1,3,28,0,0,28,127,8,3,3,6,0,1,0,0.0,1,0,1.5,3908.75,0.941580756,0,2.3,2.25,0.957427108,1,2.666666667,1.142857143,1,2,4.379310345,1,1,1,1,0.857142857,0,2,0,3,1,0,1,0,1,0,0,0,1,0,0,1,0,0,1,0
27,8,1,11963,14.3,4,2,2,5,3,3,35,0,0,5,15,3,8,4,5,0,1,0,0.111111111,1,0,2.0,2990.75,0.771477663,0,1.588888889,3.25,1.258305739,0,0.375,0.333333333,0,0,2.5,0,-2,0,0,0.555555556,0,0,0,2,0,0,1,0,1,0,0,0,1,0,1,0,0,0,1,0
37,1,1,7010,10.8,1,3,2,2,2,3,25,1,0,9,17,3,2,4,5,0,1,0,0.5,0,0,1.0,7010.0,0.17071674,1,5.4,2.25,0.5,1,1.5,1.5,2,5,1.7,0,-1,0,0,2.5,0,2,1,3,0,1,0,0,1,0,0,0,1,0,0,1,0,0,0,1
42,2,0,10001,17.8,3,4,1,4,3,4,51,0,1,29,82,5,10,4,3,0,1,0,0.0,1,0,0.666666667,3333.666667,0.752618608,0,5.933333333,3.0,1.414213562,0,0.5,1.666666667,0,0,2.733333333,1,0,1,0,1.0,0,1,0,2,0,1,0,0,0,0,0,1,0,0,0,1,0,0,0,0
38,4,1,9092,19.5,2,4,5,3,3,3,27,0,0,36,147,2,7,3,1,0,0,0,0.2,1,0,2.0,4546.0,0.715707965,0,3.9,3.5,1.0,0,0.285714286,0.4,1,1,3.972972973,1,1,1,1,0.2,0,1,0,3,1,1,0,0,0,1,0,0,1,0,0,1,0,0,0,0
34,5,3,5776,17.0,2,3,3,4,3,2,29,1,0,18,54,4,2,3,6,0,0,0,0.5,1,0,2.5,2888.0,0.09946714,1,2.833333333,3.0,0.816496581,0,2.0,0.666666667,1,4,2.842105263,0,0,0,0,1.0,0,1,0,1,1,1,0,0,0,0,0,0,1,0,1,0,0,0,0,0
29,0,0,4898,13.2,1,3,4,3,4,2,59,1,0,8,17,7,7,3,9,0,0,0,0.0,0,0,0.0,4898.0,0.074399261,1,13.2,3.25,0.957427108,0,1.0,7.0,1,4,1.888888889,0,0,0,0,9.0,1,2,0,2,0,0,1,0,0,0,0,1,1,0,1,0,0,0,0,1
34,8,3,11169,14.9,3,3,5,2,3,4,34,1,0,8,22,5,8,3,7,0,1,0,0.333333333,1,0,2.666666667,3723.0,0.698453608,0,1.655555556,3.5,1.290994449,0,0.625,0.555555556,1,4,2.444444444,0,0,0,0,0.777777778,0,0,0,1,1,1,0,0,1,0,0,0,0,0,1,0,0,0,1,0
31,6,6,8147,16.8,1,3,4,1,3,3,40,0,0,16,51,4,10,4,2,0,0,0,0.857142857,0,1,6.0,8147.0,0.321305842,1,2.4,2.75,1.258305739,0,0.4,0.571428571,1,1,3.0,0,-1,0,0,0.285714286,0,2,0,3,1,0,1,0,1,0,0,0,1,0,1,0,0,0,1,0
20,2,0,9712,17.6,2,4,3,2,2,3,21,0,1,13,43,4,6,3,5,0,0,0,0.0,1,0,1.0,4856.0,0.529945999,0,5.866666667,2.5,0.577350269,0,0.666666667,1.333333333,0,1,3.071428571,0,1,1,1,1.666666667,0,0,0,3,0,1,0,0,1,0,0,0,1,0,0,0,0,0,1,0
39,16,11,14240,20.7,4,5,3,4,3,3,6,1,1,3,11,2,2,2,5,1,1,0,0.647058824,1,0,4.0,3560.0,0.897275405,0,1.217647059,3.25,0.5,0,1.0,0.117647059,1,4,2.75,0,3,1,1,0.294117647,0,0,0,2,0,1,0,0,1,0,0,0,0,0,0,1,0,0,0,0
23,5,5,8073,14.7,3,2,1,4,2,4,38,1,1,14,39,3,11,4,8,0,1,0,0.833333333,0,1,1.666666667,2691.0,0.705592105,0,2.45,2.75,1.5,0,0.272727273,0.5,2,4,2.6,0,-2,0,0,1.333333333,1,2,0,3,1,1,0,1,0,0,0,0,0,0,0,0,0,0,1,1
35,1,1,6871,15.0,2,4,4,2,3,2,35,1,1,8,25,4,17,3,11,0,0,0,0.5,0,0,0.5,3435.5,0.450291181,1,7.5,2.75,0.957427108,0,0.235294118,2.0,1,3,2.777777778,0,1,1,1,5.5,1,2,0,2,1,0,1,0,0,0,1,0,1,0,0,1,0,0,1,1
34,11,7,9684,18.3,2,4,2,4,1,3,26,0,1,16,64,5,8,4,6,1,0,0,0.583333333,1,0,5.5,4842.0,0.780973451,0,1.525,2.5,1.290994449,0,0.625,0.416666667,1,2,3.764705882,1,0,1,0,0.5,0,1,0,3,1,1,0,0,0,1,0,0,1,0,1,0,0,0,0,0
42,2,0,4981,15.7,1,4,1,4,3,2,33,0,1,6,22,4,4,3,6,0,1,0,0.0,1,0,2.0,4981.0,0.115044248,1,5.233333333,2.5,1.290994449,0,1.0,1.333333333,2,3,3.142857143,0,1,1,1,2.0,0,1,0,2,0,0,0,0,0,1,0,0,0,1,0,1,0,0,1,0
45,3,1,9934,20.9,3,3,2,3,4,3,16,0,0,19,56,6,12,3,3,0,1,0,0.25,1,0,1.0,3311.333333,0.80835177,0,5.225,3.0,0.816496581,0,0.5,1.5,1,1,2.8,0,0,0,0,0.75,0,0,0,2,1,0,1,0,0,1,0,0,1,0,0,0,1,0,0,0
47,1,0,5948,12.5,1,2,2,3,2,3,40,0,0,8,26,2,6,4,9,0,0,0,0.0,1,0,1.0,5948.0,0.073637703,1,6.25,2.5,0.577350269,0,0.333333333,1.0,2,2,2.888888889,0,-2,0,0,4.5,1,2,0,2,1,1,0,0,1,0,0,0,1,0,0,0,1,0,1,1
28,10,1,8619,21.5,3,5,4,4,3,4,41,0,0,26,76,3,13,4,5,1,1,0,0.090909091,1,0,3.333333333,2873.0,0.655696903,0,1.954545455,3.75,0.5,0,0.230769231,0.272727273,1,1,2.814814815,1,1,1,1,0.454545455,0,1,0,2,0,1,0,0,0,1,0,0,1,0,1,0,0,0,0,0
39,3,0,4646,8.7,1,3,4,2,1,3,10,0,0,4,16,6,18,3,7,0,0,0,0.0,1,0,3.0,4646.0,0.100873544,1,2.175,2.5,1.290994449,0,0.333333333,1.5,0,0,3.2,0,0,0,0,1.75,0,1,0,3,1,1,0,0,0,0,1,0,1,0,0,1,0,0,0,0
26,8,4,12748,11.8,4,3,2,1,5,3,38,0,0,12,35,3,12,3,4,0,1,0,0.444444444,1,1,2.0,3187.0,0.951880531,0,1.311111111,2.75,1.707825128,0,0.25,0.333333333,1,1,2.692307692,0,0,0,0,0.444444444,0,1,0,2,1,0,0,0,0,1,0,0,0,0,1,0,0,0,0,0
25,7,2,6992,13.6,3,3,5,4,5,3,33,0,0,1,5,3,2,4,3,0,1,0,0.25,1,0,2.333333333,2330.666667,0.473169717,1,1.7,4.25,0.957427108,0,1.5,0.375,0,1,2.5,0,-1,0,0,0.375,0,1,0,1,0,1,0,0,0,0,1,0,1,0,1,0,0,0,0,0
39,12,1,14821,12.8,4,4,4,3,3,4,46,1,1,6,18,4,16,2,8,1,1,0,0.076923077,1,0,3.0,3705.25,0.994592346,0,0.984615385,3.5,0.577350269,0,0.25,0.307692308,1,3,2.571428571,0,2,1,1,0.615384615,1,1,0,3,0,0,1,0,0,0,1,0,1,0,0,1,0,0,0,0
23,0,0,5020,14.3,1,2,5,3,4,3,71,0,0,58,150,4,13,3,3,0,0,0,0.0,0,0,0.0,5020.0,0.086568084,1,14.3,3.75,0.957427108,0,0.307692308,4.0,0,0,2.542372881,1,-1,0,0,3.0,0,2,0,2,0,0,0,0,0,0,0,1,1,0,0,0,0,0,1,0
31,13,5,12981,12.1,4,3,4,1,3,4,33,1,0,21,54,1,7,3,5,0,1,0,0.357142857,1,1,3.25,3245.25,0.887655417,0,0.864285714,3.0,1.414213562,0,0.142857143,0.071428571,1,3,2.454545455,0,0,0,0,0.357142857,0,1,0,1,1,0,1,0,0,0,0,0,1,0,1,0,0,0,1,0
34,6,3,10502,17.6,2,5,3,4,3,4,24,1,1,13,49,4,4,4,8,0,1,0,0.428571429,1,0,3.0,5251.0,0.623220422,0,2.514285714,3.5,0.577350269,0,1.0,0.571428571,0,3,3.5,0,1,1,1,1.142857143,1,1,0,2,1,0,0,0,1,0,0,0,1,0,1,0,0,0,0,0
37,0,0,9903,18.0,3,3,3,3,4,2,54,0,1,12,31,1,7,4,3,0,1,0,0.0,0,0,0.0,3301.0,0.552773687,0,18.0,3.0,0.816496581,0,0.142857143,1.0,1,1,2.384615385,0,-1,0,0,3.0,0,0,0,2,1,1,0,0,1,0,0,0,1,0,0,1,0,0,0,0
31,4,1,11115,16.6,4,3,2,3,4,5,61,0,1,25,82,8,13,1,7,0,1,0,0.2,1,0,1.0,2778.75,0.910981697,0,3.32,3.5,1.290994449,0,0.615384615,1.6,0,1,3.153846154,1,2,0,1,1.4,0,1,0,3,0,0,1,0,0,0,1,0,1,0,1,0,0,0,1,0
29,11,4,9775,13.8,3,3,4,5,2,4,17,0,1,1,5,2,2,4,4,0,1,0,0.333333333,1,1,3.666666667,3258.333333,0.729513247,0,1.15,3.75,1.258305739,0,1.0,0.166666667,1,2,2.5,0,-1,0,0,0.333333333,0,1,0,2,0,1,0,0,0,0,0,1,1,0,1,0,0,0,0,0
46,10,3,13503,14.1,5,3,1,3,2,3,0,0,1,3,14,2,8,3,2,0,1,0,0.272727273,1,0,2.0,2700.6,0.976705491,0,1.281818182,2.25,0.957427108,1,0.25,0.181818182,1,1,3.5,0,0,0,0,0.181818182,0,1,0,3,0,0,1,0,0,0,1,0,0,1,0,0,1,0,0,0
45,0,0,3811,17.9,1,4,3,5,4,2,15,0,0,25,68,6,8,3,6,0,0,0,0.0,0,0,0.0,3811.0,0.028207965,1,17.9,3.5,1.290994449,0,0.75,6.0,1,2,2.615384615,1,1,1,1,6.0,0,2,0,2,0,1,0,0,0,1,0,0,1,0,0,0,1,0,1,0
37,1,1,7752,13.7,1,3,2,1,4,3,35,0,1,24,85,1,10,2,4,0,0,0,0.5,0,0,1.0,7752.0,0.26239568,1,6.85,2.5,1.290994449,0,0.1,0.5,1,1,3.4,1,1,0,1,2.0,0,2,0,3,0,0,1,0,1,0,0,0,1,0,0,1,0,0,1,1
41,2,2,7208,13.9,2,3,3,4,4,2,31,0,1,5,17,3,10,4,7,0,0,0,0.666666667,0,0,1.0,3604.0,0.277975133,1,4.633333333,3.25,0.957427108,0,0.3,1.0,1,1,2.833333333,0,-1,0,0,2.333333333,0,1,0,2,0,1,0,0,0,0,0,0,1,0,0,1,0,0,0,0
39,4,2,9607,18.2,1,3,4,2,4,3,45,0,0,15,51,6,12,3,4,0,1,0,0.4,1,0,4.0,9607.0,0.513745704,0,3.64,3.25,0.957427108,0,0.5,1.2,1,1,3.1875,0,0,0,0,0.8,0,0,0,4,0,1,0,0,1,0,0,0,0,1,0,1,0,0,0,0
42,11,4,16407,15.3,4,5,3,2,3,4,11,1,0,14,41,3,4,3,9,1,1,0,0.333333333,1,0,2.75,4101.75,0.997787611,0,1.275,3.0,0.816496581,0,0.75,0.25,0,3,2.733333333,0,2,1,1,0.75,1,1,0,4,0,0,1,0,0,1,0,0,1,0,0,1,0,0,0,0
34,2,0,7180,18.0,2,3,4,2,3,3,44,0,1,10,30,5,8,2,8,0,0,0,0.0,1,0,1.0,3590.0,0.36922366,1,6.0,3.0,0.816496581,0,0.625,1.666666667,1,2,2.727272727,0,1,0,1,2.666666667,1,2,0,3,1,1,0,0,0,0,0,1,1,0,1,0,0,0,1,0
34,3,2,3143,16.4,1,4,4,5,3,4,47,1,0,6,22,5,10,3,10,0,0,0,0.5,1,0,3.0,3143.0,0.026315789,1,4.1,4.0,0.816496581,0,0.5,1.25,2,4,3.142857143,0,1,1,1,2.5,1,2,0,3,0,1,0,1,0,0,0,0,0,0,1,0,0,0,1,0
41,2,1,4386,11.8,2,2,4,2,4,3,17,0,0,21,72,5,15,1,7,0,0,0,0.333333333,1,0,1.0,2193.0,0.074459235,1,3.933333333,3.25,0.957427108,0,0.333333333,1.666666667,1,1,3.272727273,1,1,0,1,2.333333333,0,2,0,1,1,0,1,0,0,0,1,0,0,0,0,1,0,0,0,0
36,8,5,8737,13.9,2,3,4,5,4,2,28,0,0,36,133,2,8,4,5,0,0,0,0.555555556,1,1,4.0,4368.5,0.402061856,1,1.544444444,3.75,1.258305739,0,0.25,0.222222222,1,1,3.594594595,1,-1,0,0,0.555555556,0,3,0,2,0,0,0,0,1,0,0,0,1,0,0,1,0,0,0,0
29,11,5,14931,13.4,5,5,1,3,5,3,44,1,1,21,91,3,6,2,1,1,1,0,0.416666667,1,0,2.2,2986.2,0.923907707,0,1.116666667,3.0,1.632993162,0,0.5,0.25,0,2,4.136363636,1,3,1,1,0.083333333,0,1,0,2,1,0,1,0,1,0,0,0,1,0,1,0,0,0,1,0
33,2,2,14323,15.9,3,3,3,3,3,4,12,0,1,17,52,3,5,2,5,0,1,0,0.666666667,0,0,0.666666667,4774.333333,0.900589102,0,5.3,3.25,0.5,0,0.6,1.0,1,2,2.888888889,0,1,0,1,1.666666667,0,0,0,4,0,1,0,0,1,0,0,0,1,0,1,0,0,0,0,0
47,6,3,13970,21.4,5,4,3,2,3,4,8,0,1,3,14,5,2,3,5,1,1,0,0.428571429,1,0,1.2,2794.0,0.884634266,0,3.057142857,3.0,0.816496581,0,2.5,0.714285714,0,1,3.5,0,1,1,1,0.714285714,0,0,0,1,0,1,0,0,1,0,0,0,1,0,0,0,1,0,0,0
36,4,4,10112,15.5,3,5,1,3,3,4,15,0,0,13,49,2,9,4,4,0,1,0,0.8,0,1,1.333333333,3370.666667,0.763709181,0,3.1,2.75,1.258305739,0,0.222222222,0.4,0,0,3.5,0,1,1,1,0.8,0,1,0,2,0,0,1,0,0,0,0,1,1,0,0,1,0,0,0,0
36,9,6,10392,13.7,3,4,2,4,1,4,21,1,0,13,42,2,13,4,4,1,1,0,0.6,1,0,3.0,3464.0,0.708703375,0,1.37,2.75,1.5,0,0.153846154,0.2,0,2,3.0,0,0,1,0,0.4,0,0,0,2,0,0,0,0,0,0,0,0,1,0,0,1,0,0,0,0
