age,years_at_company,years_in_current_role,monthly_income,salary_hike_percent,job_level,performance_rating,job_satisfaction,work_life_balance,environment_satisfaction,relationship_satisfaction,training_hours_last_year,overtime,remote_work,distance_from_home,commute_time_minutes,number_of_projects,team_size,manager_rating,absence_days,stock_option,is_senior_age,role_tenure_ratio,has_changed_role,years_per_job_level,income_per_job_level,income_percentile_in_dept,salary_hike_per_year_tenure,overall_satisfaction_index,satisfaction_volatility,low_satisfaction_flag,workload_intensity,projects_per_year_tenure,business_travel_ordinal,burnout_risk_score,commute_burden_index,long_commute_flag,performance_manager_gap,high_performer_flag,underrated_flag,absence_rate_per_year,high_absence_flag,hr_red_flag_count,overtime_and_low_satisfaction_flag,education_level_ordinal,gender_Male,marital_status_Married,marital_status_Single,department_HR,department_IT,department_Marketing,department_Operations,department_Sales,employment_type_Full-Time,employment_type_Part-Time,age_group_25-34,age_group_35-44,age_group_45-54,age_group_55+,actual_skill_gap,predicted_skill_gap
41,11,6,11812,14.7,2,2,4,1,3,3,63,0,0,25,72,3,11,4,6,1,0,0.5,1,5.5,5906.0,0.758468336,1.225,2.75,1.258305739,0,0.272727273,0.25,0,0,2.769230769,1,-2,0,0,0.5,0,2,0,3,1,0,1,0,1,0,0,0,1,0,0,1,0,0,1,1
22,1,1,3942,22.7,1,4,3,1,4,1,3,0,0,13,42,2,2,4,4,0,0,0.5,0,1.0,3942.0,0.020640789,11.35,2.25,1.5,1,1.0,1.0,1,2,3.0,0,0,1,0,2.0,0,2,0,1,0,1,0,0,0,0,0,1,0,0,0,0,0,0,0,1
45,5,0,9802,20.3,3,2,4,4,4,4,38,0,1,15,29,4,12,3,6,1,0,0.0,1,1.666666667,3267.333333,0.732439926,3.383333333,4.0,0.0,0,0.333333333,0.666666667,2,2,1.8125,0,-1,0,0,1.0,0,0,0,2,1,0,1,0,0,0,0,1,1,0,0,0,1,0,0,1
52,3,3,8095,11.8,3,3,4,4,3,4,20,0,0,10,29,6,10,3,9,1,1,0.75,0,1.0,2698.333333,0.512322859,2.95,3.75,0.5,0,0.6,1.5,1,2,2.636363636,0,0,0,0,2.25,1,1,0,1,0,1,0,0,0,0,0,1,1,0,0,0,1,0,0,0
33,7,6,7276,16.1,4,1,2,3,5,3,51,1,1,21,86,5,6,4,7,1,0,0.75,1,1.75,1819.0,0.598684211,2.0125,3.25,1.258305739,0,0.833333333,0.625,0,3,3.909090909,1,-3,0,0,0.875,0,2,0,1,0,1,0,1,0,0,0,0,1,0,1,0,0,0,0,0
39,0,0,5679,12.1,1,3,1,2,4,3,30,0,0,38,81,3,7,3,2,1,0,0.0,0,0.0,5679.0,0.25249584,12.1,2.5,1.290994449,0,0.428571429,3.0,1,1,2.076923077,1,0,0,0,2.0,0,2,0,2,1,0,0,0,0,0,1,0,1,0,0,1,0,0,0,1
26,7,6,11809,14.0,4,2,2,3,2,1,58,0,1,13,42,3,3,4,7,1,0,0.75,1,1.75,2952.25,0.883857055,1.75,2.0,0.816496581,1,1.0,0.375,1,2,3.0,0,-2,0,0,0.875,0,2,0,2,0,1,0,0,0,0,0,1,1,0,1,0,0,0,0,0
18,0,0,4549,17.2,1,4,3,3,1,3,17,0,1,5,20,3,2,3,9,0,0,0.0,0,0.0,4549.0,0.074391593,17.2,2.5,1.0,0,1.5,3.0,1,2,3.333333333,0,1,1,1,9.0,1,2,0,2,1,0,1,0,0,1,0,0,1,0,0,0,0,0,1,0
47,26,22,19125,13.0,5,2,2,2,4,4,31,0,0,18,74,9,14,1,8,1,0,0.814814815,1,5.2,3825.0,0.989199804,0.481481481,3.0,1.154700538,0,0.642857143,0.333333333,1,2,3.894736842,1,1,0,1,0.296296296,1,3,0,2,1,0,1,0,1,0,0,0,1,0,0,0,1,0,1,1
32,1,1,6276,11.7,1,3,2,3,3,3,15,0,0,5,16,5,9,5,4,0,0,0.5,0,1.0,6276.0,0.097447226,5.85,2.75,0.5,0,0.555555556,2.5,1,2,2.666666667,0,-2,0,0,2.0,0,1,0,2,0,1,0,0,1,0,0,0,1,0,1,0,0,0,0,1
42,0,0,4534,10.3,1,1,5,2,4,4,12,1,0,10,38,7,10,2,3,0,0,0.0,0,0.0,4534.0,0.049599507,10.3,3.75,1.258305739,0,0.7,7.0,1,4,3.454545455,0,-1,0,0,3.0,0,1,0,1,1,1,0,0,0,0,0,1,1,0,0,1,0,0,1,1
29,11,5,11151,20.3,4,3,4,4,2,1,50,0,0,18,46,5,9,5,6,1,0,0.416666667,1,2.75,2787.75,0.850277264,1.691666667,2.75,1.5,0,0.555555556,0.416666667,0,1,2.421052632,0,-2,0,0,0.5,0,1,0,2,0,1,0,0,0,0,0,1,1,0,1,0,0,0,0,0
21,1,0,7089,17.1,2,5,3,4,4,2,48,0,1,12,37,4,2,4,6,0,0,0.0,1,0.5,3544.5,0.569078947,8.55,3.25,0.957427108,0,2.0,2.0,1,2,2.846153846,0,1,1,1,3.0,0,0,0,2,0,1,0,1,0,0,0,0,1,0,0,0,0,0,0,0
38,5,5,6782,13.9,3,3,3,2,3,3,56,0,1,6,21,7,11,1,7,1,0,0.833333333,0,1.666666667,2260.666667,0.359513274,2.316666667,2.75,0.5,0,0.636363636,1.166666667,2,3,3.0,0,2,0,1,1.166666667,0,2,0,1,0,0,1,0,0,1,0,0,1,0,0,1,0,0,1,0
31,5,3,7225,8.7,2,3,3,4,4,5,10,1,0,21,29,3,11,5,4,0,0,0.5,1,2.5,3612.5,0.198576338,1.45,4.0,0.816496581,0,0.272727273,0.5,2,4,1.318181818,0,-2,0,0,0.666666667,0,1,0,2,1,0,1,0,1,0,0,0,1,0,1,0,0,0,1,1
34,1,0,9604,9.1,2,3,2,3,3,3,43,0,0,33,118,2,3,5,10,1,0,0.0,1,0.5,4802.0,0.615008881,4.55,2.75,0.5,0,0.666666667,1.0,0,1,3.470588235,1,-2,0,0,5.0,1,2,0,3,0,1,0,0,0,0,0,0,1,0,1,0,0,0,0,0
41,14,14,17190,14.2,4,2,2,4,3,4,30,0,1,27,89,3,6,3,8,1,0,0.933333333,0,3.5,4297.5,0.96784487,0.946666667,3.25,0.957427108,0,0.5,0.2,1,1,3.178571429,1,-1,0,0,0.533333333,1,3,0,3,0,1,0,0,1,0,0,0,1,0,0,1,0,0,0,1
29,4,0,5877,12.1,1,3,3,1,3,1,60,1,0,9,34,4,5,4,5,0,0,0.0,1,4.0,5877.0,0.287645591,2.42,2.0,1.154700538,1,0.8,0.8,2,5,3.4,0,-1,0,0,1.0,0,2,1,4,0,1,0,0,0,0,1,0,1,0,1,0,0,0,1,1
52,1,1,6667,9.9,1,3,3,3,4,3,52,0,0,23,92,7,7,3,3,0,1,0.5,0,1.0,6667.0,0.204040853,4.95,3.25,0.5,0,1.0,3.5,0,1,3.833333333,1,0,0,0,1.5,0,2,0,2,1,1,0,0,0,0,0,0,1,0,0,0,1,0,1,0
35,5,3,7992,11.3,2,2,3,3,3,3,35,0,1,11,36,5,6,4,5,1,0,0.5,1,2.5,3996.0,0.574668142,1.883333333,3.0,0.0,0,0.833333333,0.833333333,0,1,3.0,0,-2,0,0,0.833333333,0,0,0,4,0,0,1,0,0,1,0,0,1,0,0,1,0,0,1,1
39,5,2,8329,17.6,3,3,4,3,4,3,42,1,0,19,38,6,11,2,9,1,0,0.333333333,1,1.666666667,2776.333333,0.553604436,2.933333333,3.5,0.577350269,0,0.545454545,1.0,1,4,1.9,0,1,0,1,1.5,1,1,0,1,1,0,1,0,0,0,0,1,1,0,0,1,0,0,0,0
51,0,0,7102,15.2,3,3,3,5,4,1,29,0,1,9,24,1,10,3,4,1,1,0.0,0,0.0,2367.333333,0.491680532,15.2,3.25,1.707825128,0,0.1,1.0,2,2,2.4,0,0,0,0,4.0,0,1,0,1,1,0,1,0,0,0,1,0,0,1,0,0,1,0,0,1
38,1,1,10429,16.6,3,2,3,3,2,3,33,1,1,26,63,3,13,4,8,1,0,0.5,0,0.333333333,3476.333333,0.615243004,8.3,2.75,0.5,0,0.230769231,1.5,0,2,2.333333333,1,-2,0,0,4.0,1,2,0,3,0,1,0,0,1,0,0,0,1,0,0,1,0,0,1,0
34,1,1,7460,17.1,2,5,3,3,4,4,45,1,0,37,89,5,2,3,8,1,0,0.5,0,0.5,3730.0,0.554076539,8.55,3.5,0.577350269,0,2.5,2.5,0,3,2.342105263,1,2,1,1,4.0,1,2,0,1,0,1,0,0,0,0,1,0,1,0,1,0,0,0,0,0
47,2,2,6131,14.1,1,3,3,3,3,4,35,0,0,4,11,8,2,4,2,0,0,0.666666667,0,2.0,6131.0,0.213801602,4.7,3.25,0.5,0,4.0,2.666666667,1,2,2.2,0,-1,0,0,0.666666667,0,1,0,3,1,0,1,0,0,0,0,1,1,0,0,0,1,0,1,1
35,7,4,7099,13.9,3,3,2,4,5,1,19,0,1,10,42,2,6,2,6,1,0,0.5,1,2.333333333,2366.333333,0.491056572,1.7375,3.0,1.825741858,0,0.333333333,0.25,1,1,3.818181818,0,1,0,1,0.75,0,2,0,2,1,0,1,0,0,0,1,0,1,0,0,1,0,0,1,1
49,1,1,2899,16.3,1,5,5,2,4,4,12,1,0,42,147,6,14,5,12,0,0,0.5,0,1.0,2899.0,0.002772643,8.15,3.75,1.258305739,0,0.428571429,3.0,1,3,3.418604651,1,0,1,0,6.0,1,3,0,1,0,0,1,0,0,0,0,1,1,0,0,0,1,0,1,0
38,4,0,10848,10.3,2,3,5,4,3,4,35,0,1,3,9,1,18,4,2,0,0,0.0,1,2.0,5424.0,0.662002946,2.06,4.0,0.816496581,0,0.055555556,0.2,0,0,2.25,0,-1,0,0,0.4,0,0,0,3,0,1,0,0,1,0,0,0,1,0,0,1,0,0,1,1
45,7,1,6606,14.5,2,5,3,3,3,3,57,0,0,17,57,1,14,2,2,0,0,0.125,1,3.5,3303.0,0.196269982,1.8125,3.0,0.0,0,0.071428571,0.125,1,1,3.166666667,0,3,1,1,0.25,0,1,0,1,0,1,0,0,0,0,0,0,1,0,0,0,1,0,1,1
24,3,0,4919,17.7,1,3,3,4,5,3,39,0,1,28,89,7,9,3,3,0,0,0.0,1,3.0,4919.0,0.110066372,4.425,3.75,0.957427108,0,0.777777778,1.75,1,2,3.068965517,1,0,0,0,0.75,0,2,0,3,0,1,0,0,0,1,0,0,1,0,0,0,0,0,0,1
33,4,1,8352,12.0,1,3,4,2,2,2,17,0,1,13,35,3,2,3,3,0,0,0.2,1,4.0,8352.0,0.556377079,2.4,2.5,1.0,0,1.5,0.6,1,2,2.5,0,0,0,0,0.6,0,0,0,3,0,1,0,0,0,0,0,1,1,0,1,0,0,0,1,1
26,3,1,7661,12.7,2,4,2,3,3,3,24,0,0,1,5,9,10,3,3,1,0,0.25,1,1.5,3830.5,0.4508626,3.175,2.75,0.5,0,0.9,2.25,2,3,2.5,0,1,1,1,0.75,0,1,0,2,1,1,0,0,0,0,0,1,1,0,1,0,0,0,1,1
25,1,0,6401,10.6,1,3,4,2,3,3,36,0,0,5,19,2,3,3,4,1,0,0.0,1,1.0,6401.0,0.369800333,5.3,3.0,0.816496581,0,0.666666667,1.0,1,2,3.166666667,0,0,0,0,2.0,0,1,0,3,1,1,0,0,0,0,1,0,1,0,1,0,0,0,0,1
31,13,11,12691,12.9,4,4,4,2,4,3,22,0,1,19,58,7,6,1,5,1,0,0.785714286,1,3.25,3172.75,0.873889876,0.921428571,3.25,0.957427108,0,1.166666667,0.5,1,2,2.9,0,3,1,1,0.357142857,0,1,0,2,1,0,1,0,0,0,0,0,1,0,1,0,0,0,0,0
55,6,0,11277,15.8,2,4,3,2,2,5,49,0,1,41,139,6,2,3,2,0,1,0.0,1,3.0,5638.5,0.709253805,2.257142857,3.0,1.414213562,0,3.0,0.857142857,1,2,3.30952381,1,1,1,1,0.285714286,0,1,0,3,1,1,0,0,1,0,0,0,1,0,0,0,0,1,1,1
31,7,0,9767,13.1,4,1,2,2,4,3,18,1,0,14,36,5,5,4,10,1,0,0.0,1,1.75,2441.75,0.788716814,1.6375,2.75,0.957427108,0,1.0,0.625,0,3,2.4,0,-3,0,0,1.25,1,1,0,2,0,0,1,0,0,1,0,0,1,0,1,0,0,0,0,0
36,8,4,15219,14.7,4,4,3,4,3,3,18,0,0,4,14,3,14,4,5,1,0,0.444444444,1,2.0,3804.75,0.931026019,1.633333333,3.25,0.5,0,0.214285714,0.333333333,1,1,2.8,0,0,1,0,0.555555556,0,0,0,3,1,1,0,0,1,0,0,0,1,0,0,1,0,0,0,0
31,5,5,10440,9.2,3,3,4,3,3,5,0,0,0,19,45,5,8,2,6,1,0,0.833333333,0,1.666666667,3480.0,0.714031972,1.533333333,3.75,0.957427108,0,0.625,0.833333333,1,2,2.25,0,1,0,1,1.0,0,1,0,2,0,1,0,0,0,0,0,0,1,0,1,0,0,0,0,0
30,3,3,7336,13.3,2,4,3,2,2,3,31,0,0,19,83,4,6,3,3,0,0,0.75,0,1.5,3668.0,0.297957371,3.325,2.5,0.577350269,0,0.666666667,1.0,1,2,4.15,1,1,1,1,0.75,0,2,0,1,1,0,0,0,0,0,0,0,1,0,1,0,0,0,1,0
45,8,7,6163,13.6,2,3,2,4,3,1,38,1,0,14,58,8,13,1,8,1,0,0.777777778,1,4.0,3081.5,0.396381579,1.511111111,2.5,1.290994449,0,0.615384615,0.888888889,1,4,3.866666667,0,2,0,1,0.888888889,1,3,0,2,0,1,0,1,0,0,0,0,1,0,0,0,1,0,1,1
32,1,1,7465,15.2,2,1,4,3,2,3,47,1,1,16,40,5,7,3,10,1,0,0.5,0,0.5,3732.5,0.418977203,7.6,3.0,0.816496581,0,0.714285714,2.5,1,4,2.352941176,0,-2,0,0,5.0,1,2,0,3,0,0,1,0,0,0,0,1,0,0,1,0,0,0,1,1
49,0,0,4645,16.1,2,3,3,3,4,2,46,0,1,13,34,1,12,2,5,0,0,0.0,0,0.0,2322.5,0.100249584,16.1,3.0,0.816496581,0,0.083333333,1.0,1,1,2.428571429,0,1,0,1,5.0,0,1,0,2,1,0,1,0,0,0,1,0,1,0,0,0,1,0,0,1
34,6,2,9909,7.2,2,1,3,4,3,2,25,0,0,8,26,4,6,4,5,0,0,0.285714286,1,3.0,4954.5,0.652531083,1.028571429,3.0,0.816496581,0,0.666666667,0.571428571,1,2,2.888888889,0,-3,0,0,0.714285714,0,0,0,3,1,0,1,0,0,0,0,0,1,0,1,0,0,0,1,1
28,3,1,9753,17.9,3,3,1,3,3,4,28,0,0,2,7,4,15,3,7,1,0,0.25,1,1.0,3251.0,0.535837015,4.475,2.75,1.258305739,0,0.266666667,1.0,0,0,2.333333333,0,0,0,0,1.75,0,0,0,1,0,1,0,0,1,0,0,0,1,0,1,0,0,0,0,0
19,1,1,4934,15.8,1,2,3,3,2,2,27,1,0,9,28,2,10,4,10,1,0,0.5,0,1.0,4934.0,0.112278761,7.9,2.5,0.577350269,0,0.2,1.0,2,4,2.8,0,-2,0,0,5.0,1,2,0,2,1,1,0,0,0,1,0,0,1,0,0,0,0,0,1,1
35,1,0,4763,8.5,1,2,4,3,1,4,54,0,0,13,40,6,4,3,4,0,0,0.0,1,1.0,4763.0,0.063770795,4.25,3.0,1.414213562,0,1.5,3.0,1,2,2.857142857,0,-1,0,0,2.0,0,1,0,1,0,0,1,0,0,0,0,1,1,0,0,1,0,0,1,1
21,3,3,7009,18.7,1,5,3,2,4,3,32,0,0,22,82,4,5,4,5,0,0,0.75,0,3.0,7009.0,0.402654867,4.675,3.0,0.816496581,0,0.8,1.0,1,2,3.565217391,1,1,1,1,1.25,0,2,0,3,1,1,0,0,0,1,0,0,1,0,0,0,0,0,0,0
30,1,1,9391,14.3,3,3,4,1,3,3,45,1,1,12,39,3,3,2,7,1,0,0.5,0,0.333333333,3130.333333,0.69254467,7.15,2.75,1.258305739,0,1.0,1.5,2,5,3.0,0,1,0,1,3.5,0,0,0,2,1,1,0,0,0,0,0,1,1,0,1,0,0,0,0,0
26,8,4,8093,14.7,2,3,4,4,3,3,22,1,1,7,34,6,4,3,4,0,0,0.444444444,1,4.0,4046.5,0.405195382,1.633333333,3.5,0.577350269,0,1.5,0.666666667,0,3,4.25,0,0,0,0,0.444444444,0,2,0,2,0,1,0,0,0,0,0,0,0,0,1,0,0,0,1,1
36,2,0,5691,9.2,2,3,2,3,2,3,12,1,1,24,111,2,8,1,7,0,0,0.0,1,1.0,2845.5,0.254575707,3.066666667,2.5,0.577350269,0,0.25,0.666666667,0,2,4.44,1,2,0,1,2.333333333,0,2,0,2,0,1,0,0,0,0,1,0,1,0,0,1,0,0,0,0
40,3,3,10908,12.7,3,4,3,4,3,1,27,0,1,29,97,4,11,2,4,1,0,0.75,0,1.0,3636.0,0.756660746,3.175,2.75,1.258305739,0,0.363636364,1.0,2,2,3.233333333,1,2,1,1,1.0,0,1,0,3,0,0,1,0,0,0,0,0,1,0,0,1,0,0,0,0
23,5,4,12202,12.7,4,1,1,2,2,3,51,1,0,15,49,4,11,3,15,1,0,0.666666667,1,1.25,3050.5,0.936393805,2.116666667,2.0,0.816496581,1,0.363636364,0.666666667,2,4,3.0625,0,-2,0,0,2.5,1,3,1,3,0,1,0,0,0,1,0,0,0,1,0,0,0,0,1,0
41,3,3,10381,20.8,3,3,3,2,3,3,28,1,1,10,40,3,8,1,5,1,0,0.75,0,1.0,3460.333333,0.707371226,5.2,2.75,0.5,0,0.375,0.75,0,2,3.636363636,0,2,0,1,1.25,0,0,0,2,1,1,0,0,0,0,0,0,1,0,0,1,0,0,0,0
39,4,4,7392,22.4,2,4,3,3,4,3,5,0,1,24,84,3,4,4,6,0,0,0.8,0,2.0,3696.0,0.540141431,4.48,3.25,0.5,0,0.75,0.6,1,2,3.36,1,0,1,0,1.2,0,2,0,4,1,0,1,0,0,0,1,0,0,0,0,1,0,0,1,1
49,8,5,14789,16.2,3,5,3,2,2,2,51,0,1,22,39,3,2,3,6,1,0,0.555555556,1,2.666666667,4929.666667,0.918507609,1.8,2.25,0.5,1,1.5,0.333333333,0,1,1.695652174,0,2,1,1,0.666666667,0,1,0,3,0,0,1,0,1,0,0,0,0,1,0,0,1,0,0,0
22,4,0,11561,19.9,3,3,4,3,3,1,55,0,1,3,6,4,8,1,4,1,0,0.0,1,1.333333333,3853.666667,0.87245841,3.98,2.75,1.258305739,0,0.5,0.8,1,1,1.5,0,2,0,1,0.8,0,0,0,2,1,1,0,0,0,0,0,1,1,0,0,0,0,0,0,0
18,0,0,5718,17.7,1,1,2,4,3,1,62,1,1,3,10,3,12,3,3,0,0,0.0,0,0.0,5718.0,0.056210113,17.7,2.5,1.290994449,0,0.25,3.0,1,3,2.5,0,-2,0,0,3.0,0,1,0,2,1,0,1,0,1,0,0,0,1,0,0,0,0,0,1,1
58,14,12,10409,16.9,4,3,5,4,3,4,0,1,0,32,80,5,6,5,3,1,1,0.8,1,3.5,2602.25,0.872296173,1.126666667,4.0,0.816496581,0,0.833333333,0.333333333,0,3,2.424242424,1,-2,0,0,0.2,0,2,0,1,1,1,0,0,0,0,1,0,0,0,0,0,0,1,0,0
46,1,1,9537,11.8,3,4,2,2,2,5,39,1,1,9,32,4,5,5,7,1,0,0.5,0,0.333333333,3179.0,0.805324459,5.9,2.75,1.5,0,0.8,2.0,2,5,3.2,0,-1,1,0,3.5,0,0,0,3,1,1,0,0,0,0,1,0,0,1,0,0,1,0,0,0
35,1,1,2784,15.3,1,2,3,1,4,3,40,0,0,9,26,7,8,2,3,0,0,0.5,0,1.0,2784.0,0.006655574,7.65,2.75,1.258305739,0,0.875,3.5,1,2,2.6,0,0,0,0,1.5,0,1,0,2,0,0,1,0,0,0,1,0,0,1,0,1,0,0,1,1
38,6,6,5933,16.8,2,2,4,3,3,2,40,0,1,6,17,2,7,1,4,0,0,0.857142857,0,3.0,2966.5,0.299292845,2.4,3.0,0.816496581,0,0.285714286,0.285714286,2,2,2.428571429,0,1,0,1,0.571428571,0,2,0,3,1,1,0,0,0,0,1,0,1,0,0,1,0,0,1,1
35,1,0,7118,12.3,2,3,5,2,2,3,11,0,0,14,45,3,5,3,5,0,0,0.0,1,0.5,3559.0,0.184094256,6.15,3.0,1.414213562,0,0.6,1.5,1,2,3.0,0,0,0,0,2.5,0,1,0,2,1,0,1,0,1,0,0,0,1,0,0,1,0,0,1,0
50,10,7,13574,16.1,4,5,4,4,4,3,22,0,0,10,35,6,11,3,7,1,1,0.636363636,1,2.5,3393.5,0.978785358,1.463636364,3.75,0.5,0,0.545454545,0.545454545,0,1,3.181818182,0,2,1,1,0.636363636,0,1,0,2,0,0,0,0,0,0,1,0,1,0,0,0,1,0,0,0
32,13,13,8136,7.6,3,2,4,5,3,3,14,0,1,24,91,4,11,3,7,1,0,0.928571429,0,4.333333333,2712.0,0.655990017,0.542857143,3.75,0.957427108,0,0.363636364,0.285714286,2,2,3.64,1,-1,0,0,0.5,0,2,0,1,1,0,0,0,0,0,1,0,1,0,1,0,0,0,1,1
51,0,0,4239,11.6,1,3,3,3,1,1,47,0,0,38,140,6,7,2,7,1,1,0.0,0,0.0,4239.0,0.007118311,11.6,2.0,1.154700538,1,0.857142857,6.0,0,1,3.58974359,1,1,0,1,7.0,0,3,0,2,0,1,0,0,1,0,0,0,0,0,0,0,1,0,1,0
35,17,7,15152,23.9,5,4,3,2,3,4,45,0,1,19,30,4,2,3,4,1,0,0.388888889,1,3.4,3030.4,0.995840266,1.327777778,3.0,0.816496581,0,2.0,0.222222222,1,2,1.5,0,1,1,1,0.222222222,0,1,0,3,0,1,0,0,0,0,1,0,1,0,0,1,0,0,0,0
29,1,1,4340,13.1,2,3,3,3,1,3,41,1,0,5,20,2,6,3,12,0,0,0.5,0,0.5,2170.0,0.013765542,6.55,2.5,1.0,0,0.333333333,1.0,1,3,3.333333333,0,0,0,0,6.0,1,2,0,1,0,1,0,0,0,0,0,0,0,0,1,0,0,0,0,1
43,1,1,4509,12.1,1,3,4,5,3,1,36,1,0,27,78,6,8,3,4,1,0,0.5,0,1.0,4509.0,0.071349558,6.05,3.25,1.707825128,0,0.75,3.0,1,4,2.785714286,1,0,0,0,2.0,0,2,0,2,0,1,0,0,0,1,0,0,0,0,0,1,0,0,1,1
42,0,0,6834,15.9,1,4,3,2,5,3,41,0,1,16,47,3,9,2,7,0,0,0.0,0,0.0,6834.0,0.151570938,15.9,3.25,1.258305739,0,0.333333333,3.0,1,1,2.764705882,0,2,1,1,7.0,0,1,0,2,0,0,0,0,1,0,0,0,1,0,0,1,0,0,1,1
45,4,4,10092,19.8,3,4,4,3,4,3,49,0,0,3,11,6,4,3,5,1,0,0.8,0,1.333333333,3364.0,0.850665557,3.96,3.5,0.577350269,0,1.5,1.2,1,2,2.75,0,1,1,1,1.0,0,1,0,3,1,1,0,0,0,0,1,0,1,0,0,0,1,0,0,0
33,2,0,13799,17.2,3,4,3,3,1,4,20,1,1,13,41,5,11,4,8,1,0,0.0,1,0.666666667,4599.666667,0.877884143,5.733333333,2.75,1.258305739,0,0.454545455,1.666666667,0,2,2.928571429,0,0,1,0,2.666666667,1,1,0,4,0,1,0,0,1,0,0,0,1,0,1,0,0,0,0,0
35,9,0,5919,10.5,1,3,4,4,1,4,21,0,0,17,69,6,8,4,5,0,0,0.0,1,9.0,5919.0,0.294925125,1.05,3.25,1.5,0,0.75,0.6,1,2,3.833333333,1,-1,0,0,0.5,0,2,0,2,1,0,1,0,0,0,1,0,1,0,0,1,0,0,1,1
47,2,0,9195,13.8,2,3,3,3,3,1,46,1,1,31,130,3,10,4,5,0,0,0.0,1,1.0,4597.5,0.730088496,4.6,2.5,1.0,0,0.3,1.0,1,3,4.0625,1,-1,0,0,1.666666667,0,1,0,4,1,0,1,0,0,1,0,0,1,0,0,0,1,0,0,0
32,11,11,8686,15.9,4,5,3,2,3,5,46,0,1,5,17,4,5,3,4,1,0,0.916666667,0,2.75,2171.5,0.663716814,1.325,3.25,1.258305739,0,0.8,0.333333333,0,1,2.833333333,0,2,1,1,0.333333333,0,0,0,1,1,0,1,0,0,1,0,0,0,0,1,0,0,0,0,0
39,5,4,7891,12.1,1,3,3,3,3,1,6,0,1,5,9,2,9,3,5,0,0,0.666666667,1,5.0,7891.0,0.282646048,2.016666667,2.5,1.0,0,0.222222222,0.333333333,2,2,1.5,0,0,0,0,0.833333333,0,2,0,3,0,1,0,0,1,0,0,0,1,0,0,1,0,0,1,1
22,4,0,10369,8.8,3,3,2,4,2,4,29,0,0,7,26,7,8,5,6,1,0,0.0,1,1.333333333,3456.333333,0.789587184,1.76,3.0,1.154700538,0,0.875,1.4,0,1,3.25,0,-2,0,0,1.2,0,0,0,3,0,0,1,0,0,0,0,1,1,0,0,0,0,0,0,0
50,2,0,4773,17.1,1,4,4,3,4,5,15,0,1,9,26,4,9,3,2,1,1,0.0,1,2.0,4773.0,0.027087034,5.7,4.0,0.816496581,0,0.444444444,1.333333333,1,1,2.6,0,1,1,1,0.666666667,0,1,0,2,0,1,0,0,0,0,0,0,1,0,0,0,1,0,0,0
30,5,4,6059,12.8,2,3,4,3,3,2,47,0,1,11,38,3,7,3,4,0,0,0.666666667,1,2.5,3029.5,0.243639381,2.133333333,3.0,0.816496581,0,0.428571429,0.5,0,0,3.166666667,0,0,0,0,0.666666667,0,2,0,1,0,0,1,0,0,1,0,0,1,0,1,0,0,0,1,1
36,0,0,7453,17.6,2,4,3,1,4,3,41,1,0,30,95,2,15,4,7,0,0,0.0,0,0.0,3726.5,0.624177632,17.6,2.75,1.258305739,0,0.133333333,2.0,0,2,3.064516129,1,0,1,0,7.0,0,1,0,2,1,1,0,1,0,0,0,0,1,0,0,1,0,0,0,0
20,2,0,5458,18.0,1,3,4,3,1,3,0,1,0,17,33,4,8,2,8,0,0,0.0,1,2.0,5458.0,0.168141593,6.0,2.75,1.258305739,0,0.5,1.333333333,1,3,1.833333333,0,1,0,1,2.666666667,1,2,0,2,0,1,0,0,0,1,0,0,1,0,0,0,0,0,0,1
42,1,0,8870,18.0,1,4,3,2,4,5,36,1,1,14,50,5,3,4,10,0,0,0.0,1,1.0,8870.0,0.418998527,9.0,3.5,1.290994449,0,1.666666667,2.5,0,3,3.333333333,0,0,1,0,5.0,1,2,0,3,0,1,0,0,1,0,0,0,1,0,0,1,0,0,1,1
38,0,0,6813,11.6,1,4,4,5,2,4,14,0,1,9,32,1,11,2,5,0,0,0.0,0,0.0,6813.0,0.365597345,11.6,3.75,1.258305739,0,0.090909091,1.0,1,1,3.2,0,2,1,1,5.0,0,1,0,3,1,1,0,0,0,1,0,0,1,0,0,1,0,0,1,0
39,7,7,10043,13.7,3,4,2,4,4,4,52,0,0,26,93,3,7,3,8,1,0,0.875,0,2.333333333,3347.666667,0.755699322,1.7125,3.5,1.0,0,0.428571429,0.375,1,1,3.444444444,1,1,1,1,1.0,1,3,0,2,1,1,0,0,0,0,0,1,0,0,0,1,0,0,0,0
24,2,2,7951,18.4,3,3,4,4,5,2,65,0,0,1,5,3,8,1,3,1,0,0.666666667,0,0.666666667,2650.333333,0.495070856,6.133333333,3.75,1.258305739,0,0.375,1.0,0,0,2.5,0,2,0,1,1.0,0,1,0,2,1,0,1,0,0,0,0,1,1,0,0,0,0,0,0,1
39,1,0,8296,17.4,2,4,4,3,3,3,41,0,0,10,32,4,11,4,7,1,0,0.0,1,0.5,4148.0,0.679700499,8.7,3.25,0.5,0,0.363636364,2.0,2,2,2.909090909,0,0,1,0,3.5,0,0,0,3,1,1,0,0,0,0,1,0,1,0,0,1,0,0,0,0
31,2,1,6188,12.6,2,4,2,2,5,2,21,0,0,21,89,3,10,4,5,0,0,0.333333333,1,1.0,3094.0,0.222427603,4.2,2.75,1.5,0,0.3,1.0,1,1,4.045454545,1,0,1,0,1.666666667,0,2,0,2,0,0,1,0,0,0,0,1,1,0,1,0,0,0,1,0
49,1,1,10885,17.1,3,4,4,3,3,3,57,0,0,8,18,3,8,5,8,1,0,0.5,0,0.333333333,3628.333333,0.871681416,8.55,3.25,0.5,0,0.375,1.5,1,1,2.0,0,-1,1,0,4.0,1,1,0,3,1,1,0,0,0,1,0,0,1,0,0,0,1,0,0,0
19,0,0,3235,14.8,1,4,2,2,3,5,47,0,1,28,88,6,9,2,5,0,0,0.0,0,0.0,3235.0,0.009402655,14.8,3.0,1.414213562,0,0.666666667,6.0,2,3,3.034482759,1,2,1,1,5.0,0,2,0,1,1,1,0,0,0,1,0,0,1,0,0,0,0,0,1,1
43,1,1,5430,15.8,2,2,4,1,4,3,32,0,1,12,35,2,7,3,8,0,0,0.5,0,0.5,2715.0,0.073490231,7.9,3.0,1.414213562,0,0.285714286,1.0,0,0,2.692307692,0,-1,0,0,4.0,1,2,0,1,1,0,1,0,0,0,0,0,1,0,0,1,0,0,1,1
34,0,0,9697,15.6,3,5,4,3,4,3,16,1,0,19,53,2,6,2,5,1,0,0.0,0,0.0,3232.333333,0.526141384,15.6,3.5,0.577350269,0,0.333333333,2.0,1,3,2.65,0,3,1,1,5.0,0,0,0,1,1,1,0,0,1,0,0,0,1,0,1,0,0,0,0,0
41,2,1,4722,11.8,1,2,5,2,3,4,47,0,0,16,59,3,11,3,7,0,0,0.333333333,1,2.0,4722.0,0.107321131,3.933333333,3.5,1.290994449,0,0.272727273,1.0,1,1,3.470588235,0,-1,0,0,2.333333333,0,1,0,1,0,1,0,0,0,0,1,0,1,0,0,1,0,0,1,1
43,0,0,6773,17.0,1,4,1,1,2,3,48,0,0,16,52,3,2,4,7,0,0,0.0,0,0.0,6773.0,0.144329897,17.0,1.75,0.957427108,1,1.5,3.0,0,1,3.058823529,0,0,1,0,7.0,0,2,0,2,1,0,1,0,1,0,0,0,0,0,0,1,0,0,1,0
29,5,4,5962,13.1,1,2,2,2,4,2,4,1,1,15,40,1,7,1,7,0,0,0.666666667,1,5.0,5962.0,0.232300885,2.183333333,2.5,1.0,0,0.142857143,0.166666667,0,2,2.5,0,1,0,1,1.166666667,0,2,0,2,1,0,1,0,0,1,0,0,1,0,1,0,0,0,1,1
37,3,3,7118,12.8,2,1,2,5,4,4,38,0,0,27,99,3,9,3,10,1,0,0.75,0,1.5,3559.0,0.184094256,3.2,3.75,1.258305739,0,0.333333333,0.75,0,0,3.535714286,1,-2,0,0,2.5,1,3,0,2,0,1,0,0,1,0,0,0,1,0,0,1,0,0,1,1
19,1,0,9886,13.0,3,3,4,4,1,2,45,0,0,28,102,6,8,3,5,1,0,0.0,1,0.333333333,3295.333333,0.550810015,6.5,2.75,1.5,0,0.75,3.0,0,1,3.517241379,1,0,0,0,2.5,0,1,0,2,0,0,1,0,1,0,0,0,1,0,0,0,0,0,0,0
21,1,1,14722,11.4,3,4,2,4,1,4,24,0,1,6,14,4,12,2,10,1,0,0.5,0,0.333333333,4907.333333,0.916789396,5.7,2.75,1.5,0,0.333333333,2.0,1,1,2.0,0,2,1,1,5.0,1,1,0,4,0,1,0,0,1,0,0,0,1,0,0,0,0,0,0,0
57,3,0,12059,13.9,4,4,4,3,3,3,54,0,0,25,105,3,3,3,4,1,1,0.0,1,0.75,3014.75,0.834813499,3.475,3.25,0.5,0,1.0,0.75,1,2,4.038461538,1,1,1,1,1.0,0,1,0,2,0,0,1,0,0,0,0,0,0,0,0,0,0,1,0,0
38,1,1,7307,8.0,1,3,2,3,2,3,41,1,1,14,40,5,16,3,9,0,0,0.5,0,1.0,7307.0,0.207167403,4.0,2.5,0.577350269,0,0.3125,2.5,1,3,2.666666667,0,0,0,0,4.5,1,2,0,3,0,1,0,0,1,0,0,0,1,0,0,1,0,0,1,0
30,12,2,12744,9.1,2,2,3,1,4,4,22,0,0,25,78,5,9,3,5,1,0,0.153846154,1,6.0,6372.0,0.822042219,0.7,3.0,1.414213562,0,0.555555556,0.384615385,2,3,3.0,1,-1,0,0,0.384615385,0,1,0,4,0,1,0,0,1,0,0,0,1,0,1,0,0,0,1,1
34,4,2,10135,17.5,3,4,4,2,5,3,37,0,1,10,32,4,2,2,4,1,0,0.4,1,1.333333333,3378.333333,0.76771411,3.5,3.5,1.290994449,0,2.0,0.8,1,2,2.909090909,0,2,1,1,0.8,0,0,0,2,0,0,1,0,0,0,0,1,1,0,1,0,0,0,0,0
39,12,2,13399,14.4,4,4,4,3,3,3,42,0,1,18,57,6,10,3,4,1,0,0.153846154,1,3.0,3349.75,0.942390635,1.107692308,3.25,0.5,0,0.6,0.461538462,2,3,3.0,0,1,1,1,0.307692308,0,0,0,3,1,0,1,0,0,0,0,1,1,0,0,1,0,0,0,0
28,2,2,7927,16.5,1,4,3,2,3,4,36,0,0,11,30,3,12,3,3,0,0,0.666666667,0,2.0,7927.0,0.287800687,5.5,3.0,0.816496581,0,0.25,1.0,2,2,2.5,0,1,1,1,1.0,0,1,0,3,1,0,1,0,1,0,0,0,1,0,1,0,0,0,0,0
29,7,6,7986,11.6,2,3,3,5,2,4,29,1,1,18,33,5,10,3,6,0,0,0.75,1,3.5,3993.0,0.634151414,1.45,3.5,1.290994449,0,0.5,0.625,1,3,1.736842105,0,0,0,0,0.75,0,1,0,3,1,0,0,0,0,0,1,0,1,0,1,0,0,0,1,1
37,3,2,7956,11.9,3,1,4,3,4,2,26,1,1,9,33,1,4,4,7,1,0,0.5,1,1.0,2652.0,0.385879218,2.975,3.25,0.957427108,0,0.25,0.25,1,3,3.3,0,-3,0,0,1.75,0,1,0,1,1,1,0,0,0,0,0,0,1,0,0,1,0,0,1,1
41,4,1,7424,10.4,2,2,3,4,3,5,49,0,0,25,85,5,6,2,2,0,0,0.2,1,2.0,3712.0,0.547004992,2.08,3.75,0.957427108,0,0.833333333,1.0,1,2,3.269230769,1,0,0,0,0.4,0,1,0,2,1,0,0,0,0,0,1,0,1,0,0,1,0,0,1,1
28,6,4,9304,17.4,3,4,4,2,4,3,15,1,1,12,45,7,8,2,8,1,0,0.571428571,1,2.0,3101.333333,0.737831858,2.485714286,3.25,0.957427108,0,0.875,1.0,0,3,3.461538462,0,2,1,1,1.142857143,1,2,0,2,0,0,1,0,0,1,0,0,0,0,1,0,0,0,0,0
48,4,0,7075,18.3,2,4,3,3,3,1,18,0,1,17,36,2,10,4,3,0,0,0.0,1,2.0,3537.5,0.419800885,3.66,2.5,1.0,0,0.2,0.4,1,1,2.0,0,0,1,0,0.6,0,1,0,2,0,1,0,0,0,1,0,0,1,0,0,0,1,0,1,1
22,4,0,6548,23.8,2,4,4,2,2,3,64,0,0,24,67,7,2,3,6,0,0,0.0,1,2.0,3274.0,0.274799754,4.76,2.75,0.957427108,0,3.5,1.4,1,2,2.68,1,1,1,1,1.2,0,2,0,2,0,0,0,0,0,0,0,1,0,1,0,0,0,0,1,1
46,3,2,7279,17.7,1,4,4,3,3,5,50,1,0,9,27,6,8,3,6,0,0,0.5,1,3.0,7279.0,0.388478127,4.425,3.75,0.957427108,0,0.75,1.5,0,3,2.7,0,1,1,1,1.5,0,1,0,3,1,1,0,0,0,0,0,1,1,0,0,0,1,0,0,0
42,1,0,9157,15.8,2,5,2,4,3,3,36,0,0,6,23,4,15,5,3,0,0,0.0,1,0.5,4578.5,0.556394316,7.9,3.0,0.816496581,0,0.266666667,2.0,2,2,3.285714286,0,0,1,0,1.5,0,0,0,2,1,0,1,0,0,0,0,0,1,0,0,1,0,0,0,0
24,6,3,5910,12.8,2,3,3,4,3,3,58,0,0,14,38,4,12,4,6,0,0,0.428571429,1,3.0,2955.0,0.349506579,1.828571429,3.25,0.5,0,0.333333333,0.571428571,1,1,2.533333333,0,-1,0,0,0.857142857,0,1,0,1,1,0,1,1,0,0,0,0,1,0,0,0,0,0,1,1
30,12,1,11081,12.2,4,3,3,2,3,4,46,0,0,3,8,5,13,2,3,1,0,0.076923077,1,3.0,2770.25,0.843961799,0.938461538,3.0,0.816496581,0,0.384615385,0.384615385,1,1,2.0,0,1,0,1,0.230769231,0,0,0,1,0,1,0,0,0,0,0,1,1,0,1,0,0,0,0,0
35,4,2,9289,10.3,3,3,2,3,3,3,62,0,0,3,11,1,13,3,10,1,0,0.4,1,1.333333333,3096.333333,0.571047957,2.06,2.75,0.5,0,0.076923077,0.2,2,2,2.75,0,0,0,0,2.0,1,1,0,2,1,1,0,0,0,0,0,0,1,0,0,1,0,0,0,0
36,9,3,8233,12.3,2,2,2,5,5,3,22,0,1,7,25,4,14,3,3,0,0,0.3,1,4.5,4116.5,0.536044362,1.23,3.75,1.5,0,0.285714286,0.4,0,0,3.125,0,-1,0,0,0.3,0,0,0,2,1,0,1,0,0,0,0,1,1,0,0,1,0,0,1,1
24,3,3,9568,8.1,2,3,4,3,4,3,39,1,0,14,67,1,2,2,5,0,0,0.75,0,1.5,4784.0,0.509327442,2.025,3.5,0.577350269,0,0.5,0.25,1,3,4.466666667,1,1,0,1,1.25,0,1,0,3,0,0,1,0,1,0,0,0,1,0,0,0,0,0,0,0
40,4,4,8001,19.0,3,4,3,3,2,4,45,0,0,11,32,3,9,3,1,1,0,0.8,0,1.333333333,2667.0,0.503080715,3.8,3.0,0.816496581,0,0.333333333,0.6,1,1,2.666666667,0,1,1,1,0.2,0,1,0,1,1,1,0,0,0,0,0,1,1,0,0,1,0,0,0,0
41,1,0,9221,10.4,3,4,3,3,3,4,55,1,1,18,62,4,17,4,11,1,0,0.0,1,0.333333333,3073.666667,0.668052988,5.2,3.25,0.5,0,0.235294118,2.0,1,3,3.263157895,1,0,1,0,5.5,1,2,0,2,0,0,0,0,0,0,0,1,1,0,0,1,0,0,0,0
40,6,2,7221,17.7,1,2,3,4,2,2,64,1,0,6,23,3,2,3,10,0,0,0.285714286,1,6.0,7221.0,0.280417407,2.528571429,2.75,0.957427108,0,1.5,0.428571429,1,4,3.285714286,0,-1,0,0,1.428571429,1,2,0,3,1,0,0,0,0,0,0,0,1,0,0,1,0,0,1,1
24,5,2,10831,13.8,2,4,3,3,4,5,17,0,1,16,63,4,12,3,3,1,0,0.333333333,1,2.5,5415.5,0.749111901,2.3,3.75,0.957427108,0,0.333333333,0.666666667,1,1,3.705882353,1,1,1,1,0.5,0,1,0,3,0,1,0,0,0,0,0,0,0,0,0,0,0,0,1,1
32,2,2,9562,16.1,2,5,2,3,4,5,43,1,1,7,25,1,7,2,10,0,0,0.666666667,0,1.0,4781.0,0.609236234,5.366666667,3.5,1.290994449,0,0.142857143,0.333333333,1,3,3.125,0,3,1,1,3.333333333,1,1,0,3,1,0,1,0,0,0,0,0,1,0,1,0,0,0,0,0
21,3,2,3346,13.5,2,3,2,4,2,2,54,0,1,8,25,5,12,4,5,0,0,0.5,1,1.5,1673.0,0.033717105,3.375,2.5,1.0,0,0.416666667,1.25,0,0,2.777777778,0,-1,0,0,1.25,0,1,0,1,1,0,0,1,0,0,0,0,1,0,0,0,0,0,1,1
25,0,0,8908,16.0,2,3,4,3,2,3,43,0,0,16,51,1,9,3,5,1,0,0.0,0,0.0,4454.0,0.42317133,16.0,3.0,0.816496581,0,0.111111111,1.0,1,1,3.0,0,0,0,0,5.0,0,1,0,3,0,1,0,0,1,0,0,0,1,0,1,0,0,0,0,1
27,8,1,8205,9.8,2,3,2,4,1,4,41,1,1,12,37,3,15,2,7,0,0,0.111111111,1,4.0,4102.5,0.419626998,1.088888889,2.75,1.5,0,0.2,0.333333333,1,3,2.846153846,0,1,0,1,0.777777778,0,1,0,2,1,1,0,0,0,0,0,0,1,0,1,0,0,0,1,1
27,4,3,6936,20.8,2,5,3,2,4,4,44,0,1,22,61,3,13,4,3,1,0,0.6,1,2.0,3468.0,0.324245225,4.16,3.25,0.957427108,0,0.230769231,0.6,1,1,2.652173913,1,1,1,1,0.6,0,2,0,1,0,0,0,0,0,0,0,1,1,0,1,0,0,0,1,1
37,14,14,13931,13.4,4,3,4,1,1,2,37,0,1,10,48,4,14,3,7,1,0,0.933333333,0,3.5,3482.75,0.954097351,0.893333333,2.0,1.414213562,1,0.285714286,0.266666667,2,2,4.363636364,0,0,0,0,0.466666667,0,2,0,2,1,1,0,0,0,0,0,1,1,0,0,1,0,0,0,0
32,1,1,11335,13.4,3,2,4,2,3,2,28,0,1,13,34,4,14,2,4,1,0,0.5,0,0.333333333,3778.333333,0.71526755,6.7,2.75,0.957427108,0,0.285714286,2.0,1,1,2.428571429,0,0,0,0,2.0,0,0,0,3,1,0,1,0,1,0,0,0,0,1,1,0,0,0,1,0
33,15,3,10776,18.6,2,5,4,1,4,3,40,1,0,11,43,6,11,2,6,1,0,0.1875,1,7.5,5388.0,0.653902798,1.1625,3.0,1.414213562,0,0.545454545,0.375,0,3,3.583333333,0,3,1,1,0.375,0,0,0,1,1,0,1,0,1,0,0,0,1,0,1,0,0,0,1,1
22,4,4,7009,17.6,2,4,2,3,4,4,21,0,0,4,10,1,7,2,2,1,0,0.8,0,2.0,3504.5,0.250888099,3.52,3.25,0.957427108,0,0.142857143,0.2,2,2,2.0,0,2,1,1,0.4,0,2,0,1,0,1,0,0,0,0,0,0,0,1,0,0,0,0,1,1
43,4,3,6962,15.9,2,2,3,4,1,5,60,0,0,46,140,3,10,3,5,0,0,0.6,1,2.0,3481.0,0.243561279,3.18,3.25,1.707825128,0,0.3,0.6,0,0,2.978723404,1,-1,0,0,1.0,0,2,0,1,0,1,0,0,0,0,0,0,1,0,0,1,0,0,1,1
45,1,1,7686,17.9,1,3,4,3,2,1,25,1,0,11,46,6,2,3,6,0,0,0.5,0,1.0,7686.0,0.455483672,8.95,2.5,1.290994449,0,3.0,3.0,0,3,3.833333333,0,0,0,0,3.0,0,1,0,4,0,0,1,0,0,0,0,1,1,0,0,0,1,0,0,1
28,8,1,7755,13.2,3,3,3,2,3,2,28,0,1,42,115,3,7,2,4,1,0,0.111111111,1,2.666666667,2585.0,0.537887168,1.466666667,2.5,0.577350269,0,0.428571429,0.333333333,2,2,2.674418605,1,1,0,1,0.444444444,0,1,0,1,1,1,0,0,0,1,0,0,1,0,1,0,0,0,0,0
34,13,0,7879,13.7,4,4,2,5,2,3,46,0,1,10,37,5,10,4,6,1,0,0.0,1,3.25,1969.75,0.671463816,0.978571429,3.0,1.414213562,0,0.5,0.357142857,0,0,3.363636364,0,0,1,0,0.428571429,0,0,0,1,0,1,0,1,0,0,0,0,1,0,1,0,0,0,0,0
27,0,0,7183,18.9,2,5,5,3,3,3,35,0,1,12,26,3,6,5,4,0,0,0.0,0,0.0,3591.5,0.272202487,18.9,3.5,1.0,0,0.5,3.0,0,0,2.0,0,0,1,0,4.0,0,1,0,3,1,1,0,0,0,0,0,0,1,0,1,0,0,0,1,0
42,1,0,5436,10.1,2,4,4,3,4,4,31,1,1,16,64,4,2,3,10,0,0,0.0,1,0.5,2718.0,0.210482529,5.05,3.75,0.5,0,2.0,2.0,1,4,3.764705882,1,1,1,1,5.0,1,3,0,1,1,1,0,0,0,0,1,0,1,0,0,1,0,0,0,1
45,2,1,5999,6.7,2,2,3,3,4,4,49,0,1,21,44,2,2,3,7,0,0,0.333333333,1,1.0,2999.5,0.23755531,2.233333333,3.5,0.577350269,0,1.0,0.666666667,0,1,2.0,0,-1,0,0,2.333333333,0,1,0,2,1,0,1,0,0,1,0,0,0,0,0,0,1,0,1,1
25,7,5,8494,16.7,1,3,4,5,2,2,61,1,0,5,13,6,11,3,10,0,0,0.625,1,7.0,8494.0,0.368679431,2.0875,3.25,1.5,0,0.545454545,0.75,1,4,2.166666667,0,0,0,0,1.25,1,3,0,2,1,0,1,0,1,0,0,0,1,0,1,0,0,0,1,1
32,0,0,4035,11.6,1,2,3,2,4,5,66,1,1,9,24,4,8,4,4,0,0,0.0,0,0.0,4035.0,0.049916805,11.6,3.5,1.290994449,0,0.5,4.0,0,2,2.4,0,-2,0,0,4.0,0,1,0,1,0,1,0,0,0,0,1,0,1,0,1,0,0,0,1,1
26,3,0,5215,12.8,2,2,2,3,4,4,41,1,0,14,47,4,6,3,8,0,0,0.0,1,1.5,2607.5,0.222039474,3.2,3.25,0.957427108,0,0.666666667,1.0,1,4,3.133333333,0,-1,0,0,2.0,1,2,0,3,0,1,0,1,0,0,0,0,1,0,1,0,0,0,1,1
35,1,1,5867,10.2,2,4,1,3,4,3,54,1,1,6,17,5,12,4,11,0,0,0.5,0,0.5,2933.5,0.284733777,5.1,2.75,1.258305739,0,0.416666667,2.5,2,4,2.428571429,0,0,1,0,5.5,1,2,0,3,1,0,1,0,0,0,1,0,1,0,0,1,0,0,0,0
43,1,1,6532,15.8,2,4,5,2,4,3,60,0,0,13,33,2,5,4,5,0,0,0.5,0,0.5,3266.0,0.11892489,7.9,3.5,1.290994449,0,0.4,1.0,0,0,2.357142857,0,0,1,0,2.5,0,1,0,1,1,0,1,0,1,0,0,0,0,0,0,1,0,0,0,1
42,18,16,22109,10.0,5,2,1,3,3,4,33,1,1,8,34,3,12,3,8,1,0,0.842105263,1,3.6,4421.8,0.999263623,0.526315789,2.75,1.258305739,0,0.25,0.157894737,0,2,3.777777778,0,-1,0,0,0.421052632,1,2,0,4,1,1,0,0,1,0,0,0,1,0,0,1,0,0,1,0
18,0,0,5030,10.2,1,2,4,4,5,4,35,0,1,11,42,3,4,3,5,1,0,0.0,0,0.0,5030.0,0.044849023,10.2,4.25,0.5,0,0.75,3.0,1,2,3.5,0,-1,0,0,5.0,0,1,0,2,0,0,1,0,0,0,0,0,1,0,0,0,0,0,1,1
45,14,12,11199,12.6,3,3,3,3,1,3,0,0,0,15,47,2,10,4,7,1,0,0.8,1,4.666666667,3733.0,0.853974122,0.84,2.5,1.0,0,0.2,0.133333333,2,2,2.9375,0,-1,0,0,0.466666667,0,1,0,2,1,0,1,0,0,0,0,1,1,0,0,0,1,0,0,0
36,5,5,8370,15.9,2,5,3,3,4,4,31,0,1,19,49,8,3,3,6,0,0,0.833333333,0,2.5,4185.0,0.743421053,2.65,3.5,0.577350269,0,2.666666667,1.333333333,1,2,2.45,0,2,1,1,1.0,0,1,0,2,0,1,0,1,0,0,0,0,1,0,0,1,0,0,1,1
26,5,0,9367,16.8,4,3,3,4,2,4,25,1,0,45,113,6,13,5,6,1,0,0.0,1,1.25,2341.75,0.791597338,2.8,3.25,0.957427108,0,0.461538462,1.0,1,3,2.456521739,1,-2,0,0,1.0,0,1,0,2,1,1,0,0,0,0,1,0,1,0,1,0,0,0,0,0
47,2,2,7346,14.2,3,3,2,3,4,4,17,0,1,12,50,3,8,4,5,1,0,0.666666667,0,0.666666667,2448.666667,0.213794796,4.733333333,3.25,0.957427108,0,0.375,1.0,2,2,3.846153846,0,-1,0,0,1.666666667,0,1,0,1,0,0,1,0,1,0,0,0,1,0,0,0,1,0,0,1
39,6,6,8183,16.3,2,4,3,5,4,3,25,1,0,6,21,6,12,3,11,0,0,0.857142857,0,3.0,4091.5,0.661813644,2.328571429,3.75,0.957427108,0,0.5,0.857142857,0,2,3.0,0,1,1,1,1.571428571,1,2,0,3,1,0,1,0,0,0,1,0,1,0,0,1,0,0,1,1
43,2,2,6146,12.7,1,3,1,4,2,2,31,0,1,7,24,4,11,4,8,0,0,0.666666667,0,2.0,6146.0,0.088365243,4.233333333,2.25,1.258305739,1,0.363636364,1.333333333,0,0,3.0,0,-1,0,0,2.666666667,1,3,0,2,1,1,0,0,1,0,0,0,1,0,0,1,0,0,0,1
29,1,1,4022,19.8,1,3,4,5,3,2,50,0,1,28,81,8,8,2,1,0,0,0.5,0,1.0,4022.0,0.049500832,9.9,3.5,1.290994449,0,1.0,4.0,1,2,2.793103448,1,1,0,1,0.5,0,2,0,2,0,0,1,0,0,0,1,0,1,0,1,0,0,0,1,1
19,1,1,8096,12.0,2,4,4,4,4,3,47,0,1,7,18,2,10,3,7,0,0,0.5,0,0.5,4048.0,0.3119784,6.0,3.75,0.5,0,0.2,1.0,1,1,2.25,0,1,1,1,3.5,0,1,0,2,0,0,1,0,1,0,0,0,1,0,0,0,0,0,0,0
51,2,2,5192,20.1,1,4,3,3,3,3,26,1,1,11,32,2,11,3,8,0,1,0.666666667,0,2.0,5192.0,0.133849558,6.7,3.0,0.0,0,0.181818182,0.666666667,1,3,2.666666667,0,1,1,1,2.666666667,1,2,0,2,0,0,1,0,0,1,0,0,1,0,0,0,1,0,1,0
47,2,2,7877,17.5,1,4,3,2,3,2,16,0,1,15,46,5,12,4,2,1,0,0.666666667,0,2.0,7877.0,0.554480088,5.833333333,2.5,0.577350269,0,0.416666667,1.666666667,1,1,2.875,0,0,1,0,0.666666667,0,0,0,2,1,1,0,0,0,1,0,0,1,0,0,0,1,0,0,0
29,3,1,7547,11.3,2,3,4,4,4,3,21,1,1,3,10,4,4,3,6,0,0,0.25,1,1.5,3773.5,0.434688848,2.825,3.75,0.5,0,1.0,1.0,1,4,2.5,0,0,0,0,1.5,0,1,0,3,0,0,1,0,0,0,0,1,1,0,1,0,0,0,1,0
38,3,2,4989,19.6,2,3,4,3,1,3,0,1,1,8,30,4,8,3,8,0,0,0.5,1,1.5,2494.5,0.142678869,4.9,2.75,1.258305739,0,0.5,1.0,0,2,3.333333333,0,0,0,0,2.0,1,2,0,1,1,1,0,0,0,0,1,0,1,0,0,1,0,0,0,1
37,8,2,9559,8.4,3,3,4,4,4,4,29,0,0,18,32,2,8,3,5,1,0,0.222222222,1,2.666666667,3186.333333,0.710412816,0.933333333,4.0,0.0,0,0.25,0.222222222,2,2,1.684210526,0,0,0,0,0.555555556,0,0,0,2,0,1,0,0,0,0,0,1,0,1,0,1,0,0,0,0
30,5,0,11101,14.7,3,5,4,3,4,5,57,0,0,14,38,1,4,4,2,1,0,0.0,1,1.666666667,3700.333333,0.846580407,2.45,4.0,0.816496581,0,0.25,0.166666667,0,0,2.533333333,0,1,1,1,0.333333333,0,0,0,2,0,1,0,0,0,0,0,1,1,0,1,0,0,0,0,0
49,2,2,6323,13.9,1,3,3,2,2,4,15,0,0,10,42,3,12,4,6,0,0,0.666666667,0,2.0,6323.0,0.354617304,4.633333333,2.75,0.957427108,0,0.25,1.0,0,0,3.818181818,0,-1,0,0,2.0,0,1,0,3,1,1,0,0,0,0,1,0,0,1,0,0,1,0,0,1
32,0,0,4640,8.4,1,3,2,4,3,3,61,0,0,26,72,5,3,2,4,0,0,0.0,0,0.0,4640.0,0.145970395,8.4,3.0,0.816496581,0,1.666666667,5.0,1,2,2.666666667,1,1,0,1,4.0,0,2,0,2,0,0,1,1,0,0,0,0,1,0,1,0,0,0,0,0
36,5,0,7021,12.3,2,4,3,1,4,4,60,0,0,15,60,3,6,1,5,0,0,0.0,1,2.5,3510.5,0.555098684,2.05,3.0,1.414213562,0,0.5,0.5,0,0,3.75,0,3,1,1,0.833333333,0,0,0,3,1,0,1,1,0,0,0,0,1,0,0,1,0,0,1,1
43,11,4,14672,17.4,3,3,5,4,2,5,36,0,0,11,27,2,6,4,6,1,0,0.333333333,1,3.666666667,4890.666667,0.914825724,1.45,4.0,1.414213562,0,0.333333333,0.166666667,2,2,2.25,0,-1,0,0,0.5,0,1,0,3,0,0,1,0,1,0,0,0,0,0,0,1,0,0,0,0
51,2,2,7783,10.0,1,1,2,2,3,3,54,0,1,9,20,6,12,3,7,1,1,0.666666667,0,2.0,7783.0,0.266200295,3.333333333,2.5,0.577350269,0,0.5,2.0,1,1,2.0,0,-2,0,0,2.333333333,0,1,0,3,0,0,1,0,1,0,0,0,0,0,0,0,1,0,1,1
36,3,3,3926,13.7,1,4,5,5,4,3,56,1,1,18,45,7,12,3,6,0,0,0.75,0,3.0,3926.0,0.003681885,3.425,4.25,0.957427108,0,0.583333333,1.75,1,4,2.368421053,0,1,1,1,1.5,0,1,0,1,0,1,0,0,1,0,0,0,1,0,0,1,0,0,0,0
36,14,0,11569,14.5,5,3,4,2,3,2,17,1,0,19,59,1,6,5,4,1,0,0.0,1,2.8,2313.8,0.873074553,0.966666667,2.75,0.957427108,0,0.166666667,0.066666667,1,3,2.95,0,-2,0,0,0.266666667,0,0,0,1,1,1,0,0,0,0,0,1,1,0,0,1,0,0,0,0
22,2,0,7958,11.5,3,1,5,4,1,2,19,0,0,10,38,7,8,3,2,1,0,0.0,1,0.666666667,2652.666667,0.685855263,3.833333333,3.0,1.825741858,0,0.875,2.333333333,0,1,3.454545455,0,-2,0,0,0.666666667,0,0,0,2,0,0,1,1,0,0,0,0,0,0,0,0,0,0,1,1
43,5,1,8705,11.9,3,4,4,3,4,3,36,0,1,17,69,2,13,2,3,1,0,0.166666667,1,1.666666667,2901.666667,0.727953411,1.983333333,3.5,0.577350269,0,0.153846154,0.333333333,1,1,3.833333333,1,2,1,1,0.5,0,1,0,2,1,1,0,0,0,0,1,0,1,0,0,1,0,0,0,0
40,0,0,6364,15.3,2,3,4,1,4,3,7,1,0,60,150,3,3,3,8,0,0,0.0,0,0.0,3182.0,0.438322368,15.3,3.0,1.414213562,0,1.0,3.0,1,4,2.459016393,1,0,0,0,8.0,1,3,0,3,1,0,0,1,0,0,0,0,1,0,0,1,0,0,0,0
38,6,2,7854,8.2,2,3,2,3,5,3,43,0,0,7,21,5,7,3,6,1,0,0.285714286,1,3.0,3927.0,0.479667283,1.171428571,3.25,1.258305739,0,0.714285714,0.714285714,0,1,2.625,0,0,0,0,0.857142857,0,1,0,1,0,0,1,0,0,0,0,1,1,0,0,1,0,0,1,1
32,5,4,7062,16.2,1,3,4,3,3,3,13,1,0,17,47,5,7,3,5,0,0,0.666666667,1,5.0,7062.0,0.346272335,2.7,3.25,0.5,0,0.714285714,0.833333333,1,4,2.611111111,0,0,0,0,0.833333333,0,2,0,2,1,1,0,0,0,0,0,1,1,0,1,0,0,0,1,1
38,0,0,5691,17.7,1,4,3,3,3,3,51,0,0,2,5,6,2,3,3,0,0,0.0,0,0.0,5691.0,0.254575707,17.7,3.0,0.0,0,3.0,6.0,1,2,1.666666667,0,1,1,1,3.0,0,1,0,2,1,0,1,0,0,0,1,0,0,0,0,1,0,0,0,0
36,4,2,7425,11.7,2,2,3,3,3,4,24,1,0,11,27,2,8,4,13,1,0,0.4,1,2.0,3712.5,0.481747788,2.34,3.25,0.5,0,0.25,0.4,2,4,2.25,0,-2,0,0,2.6,1,2,0,2,0,0,1,0,0,1,0,0,0,0,0,1,0,0,1,1
24,1,0,2835,12.3,1,3,4,4,3,3,9,0,0,19,52,6,9,3,2,0,0,0.0,1,1.0,2835.0,0.007279534,6.15,3.5,0.577350269,0,0.666666667,3.0,2,3,2.6,0,0,0,0,1.0,0,1,0,1,1,1,0,0,0,0,1,0,1,0,0,0,0,0,1,0
35,1,1,6601,9.6,2,4,4,1,4,2,36,0,0,2,6,2,13,2,6,0,0,0.5,0,0.5,3300.5,0.281269254,4.8,2.75,1.5,0,0.153846154,1.0,1,1,2.0,0,2,1,1,3.0,0,1,0,2,0,1,0,0,0,0,0,1,1,0,0,1,0,0,1,1
49,8,7,18525,17.3,4,4,4,2,3,3,23,0,0,9,34,4,12,3,9,1,0,0.777777778,1,2.0,4631.25,0.985027,1.922222222,3.0,0.816496581,0,0.333333333,0.444444444,0,0,3.4,0,1,1,1,1.0,1,1,0,4,0,0,0,0,1,0,0,0,1,0,0,0,1,0,0,0
37,18,5,16988,15.5,5,3,5,2,2,5,16,0,0,16,44,6,6,3,5,1,0,0.263157895,1,3.6,3397.6,0.991990142,0.815789474,3.5,1.732050808,0,1.0,0.315789474,1,2,2.588235294,0,0,0,0,0.263157895,0,1,0,3,0,0,0,0,0,0,0,1,0,1,0,1,0,0,0,0
25,7,7,9808,14.6,4,4,3,3,2,4,22,0,0,23,95,3,8,3,3,1,0,0.875,0,1.75,2452.0,0.642761989,1.825,3.0,0.816496581,0,0.375,0.375,0,0,3.958333333,1,1,1,1,0.375,0,2,0,1,1,1,0,0,0,0,0,0,1,0,1,0,0,0,0,0
44,9,5,11835,17.1,3,4,2,5,3,4,42,1,1,13,34,4,2,3,6,1,0,0.5,1,3.0,3945.0,0.760922926,1.71,3.5,1.290994449,0,2.0,0.4,0,3,2.428571429,0,1,1,1,0.6,0,1,0,2,1,1,0,0,1,0,0,0,0,0,0,1,0,0,0,0
23,0,0,7164,18.1,1,4,3,2,4,3,68,1,1,12,29,1,5,4,9,0,0,0.0,0,0.0,7164.0,0.36706716,18.1,3.0,0.816496581,0,0.2,1.0,2,4,2.230769231,0,0,1,0,9.0,1,2,0,3,1,0,1,0,0,0,0,1,1,0,0,0,0,0,0,0
33,3,1,10916,13.6,3,4,2,4,4,4,56,1,1,7,17,3,7,3,9,1,0,0.25,1,1.0,3638.666667,0.669366716,3.4,3.5,1.0,0,0.428571429,0.75,0,2,2.125,0,1,1,1,2.25,1,1,0,2,1,1,0,0,1,0,0,0,1,0,1,0,0,0,0,0
39,5,3,8866,11.5,3,4,4,3,2,2,42,1,1,8,28,3,14,3,10,1,0,0.5,1,1.666666667,2955.333333,0.623228589,1.916666667,2.75,0.957427108,0,0.214285714,0.5,1,3,3.111111111,0,1,1,1,1.666666667,1,1,0,1,0,1,0,0,0,0,0,1,1,0,0,1,0,0,0,0
39,0,0,3576,13.3,1,2,4,3,2,4,19,0,0,8,21,4,2,3,4,0,0,0.0,0,0.0,3576.0,0.029118136,13.3,3.25,0.957427108,0,2.0,4.0,1,2,2.333333333,0,-1,0,0,4.0,0,1,0,1,1,1,0,0,0,0,1,0,1,0,0,1,0,0,1,1
44,1,1,5339,16.8,2,3,2,5,3,2,0,0,1,25,94,4,12,3,4,0,0,0.5,0,0.5,2669.5,0.245065789,8.4,3.0,1.414213562,0,0.333333333,2.0,1,1,3.615384615,1,0,0,0,2.0,0,2,0,2,0,1,0,1,0,0,0,0,1,0,0,1,0,0,1,0
18,0,0,6186,15.2,2,4,3,2,3,2,21,0,0,8,33,5,8,2,6,1,0,0.0,0,0.0,3093.0,0.264933628,15.2,2.5,0.577350269,0,0.625,5.0,2,3,3.666666667,0,2,1,1,6.0,0,1,0,2,1,1,0,0,0,1,0,0,1,0,0,0,0,0,1,0
29,2,0,8835,9.1,2,2,3,3,3,5,36,1,1,11,33,2,8,3,9,0,0,0.0,1,1.0,4417.5,0.415562101,3.033333333,3.5,1.0,0,0.25,0.666666667,1,3,2.75,0,-1,0,0,3.0,1,2,0,2,1,0,1,0,1,0,0,0,1,0,1,0,0,0,1,1
33,4,2,10015,18.1,2,3,3,3,2,3,39,0,0,18,37,2,4,4,2,0,0,0.4,1,2.0,5007.5,0.565046637,3.62,2.75,0.5,0,0.5,0.4,1,1,1.947368421,0,-1,0,0,0.4,0,0,0,2,1,0,1,0,1,0,0,0,1,0,1,0,0,0,1,1
30,5,0,9699,12.2,2,2,4,3,2,3,39,0,0,24,81,1,10,4,6,0,0,0.0,1,2.5,4849.5,0.626554174,2.033333333,3.0,0.816496581,0,0.1,0.166666667,1,1,3.24,1,-2,0,0,1.0,0,1,0,3,1,0,0,0,0,0,0,0,1,0,1,0,0,0,1,1
38,3,0,10032,14.0,3,3,4,3,3,2,31,1,1,14,42,4,2,3,12,1,0,0.0,1,1.0,3344.0,0.567378498,3.5,3.0,0.816496581,0,2.0,1.0,1,4,2.8,0,0,0,0,3.0,1,1,0,2,1,0,0,0,1,0,0,0,1,0,0,1,0,0,0,0
25,7,3,8490,18.1,4,4,2,3,3,4,36,0,0,3,11,3,8,3,6,1,0,0.375,1,1.75,2122.5,0.756578947,2.2625,3.0,0.816496581,0,0.375,0.375,1,1,2.75,0,1,1,1,0.75,0,0,0,2,0,1,0,1,0,0,0,0,1,0,1,0,0,0,0,0
23,3,1,7657,11.3,2,2,2,4,1,3,22,1,1,8,25,5,6,3,13,1,0,0.25,1,1.5,3828.5,0.339476021,2.825,2.5,1.290994449,0,0.833333333,1.25,2,5,2.777777778,0,-1,0,0,3.25,1,2,0,2,1,1,0,0,0,0,0,0,1,0,0,0,0,0,1,1
32,3,1,10024,16.1,3,4,4,2,3,3,19,1,0,3,8,5,4,2,3,1,0,0.25,1,1.0,3341.333333,0.754158965,4.025,3.0,0.816496581,0,1.25,1.25,2,5,2.0,0,2,1,1,0.75,0,0,0,2,0,1,0,0,0,0,0,1,0,0,1,0,0,0,0,0
41,6,6,8876,20.2,2,5,2,2,3,5,45,0,1,12,29,2,10,4,6,0,0,0.857142857,0,3.0,4438.0,0.689159292,2.885714286,3.0,1.414213562,0,0.2,0.285714286,2,2,2.230769231,0,1,1,1,0.857142857,0,0,0,2,1,1,0,0,0,1,0,0,1,0,0,1,0,0,1,1
44,2,2,7180,13.3,3,4,2,5,2,1,44,0,0,42,150,7,8,2,6,1,0,0.666666667,0,0.666666667,2393.333333,0.585526316,4.433333333,2.5,1.732050808,0,0.875,2.333333333,0,1,3.488372093,1,2,1,1,2.0,0,1,0,2,0,1,0,1,0,0,0,0,1,0,0,1,0,0,0,0
41,7,6,11638,14.4,2,2,3,2,3,2,3,0,0,19,70,2,14,2,4,0,0,0.75,1,3.5,5819.0,0.742268041,1.8,2.5,0.577350269,0,0.142857143,0.25,1,1,3.5,1,0,0,0,0.5,0,2,0,3,1,0,1,0,1,0,0,0,1,0,0,1,0,0,1,1
38,9,9,12834,10.6,2,4,5,2,3,4,17,1,0,8,32,2,8,3,3,0,0,0.9,0,4.5,6417.0,0.880106572,1.06,3.5,1.290994449,0,0.25,0.2,0,2,3.555555556,0,1,1,1,0.3,0,0,0,4,1,1,0,0,0,0,0,0,1,0,0,1,0,0,0,1
34,4,1,9566,13.8,1,3,3,3,3,3,65,1,0,19,84,8,5,3,10,0,0,0.2,1,4.0,9566.0,0.508836524,2.76,3.0,0.0,0,1.6,1.6,1,4,4.2,1,0,0,0,2.0,1,2,0,4,1,0,0,0,1,0,0,0,0,1,1,0,0,0,1,1
49,0,0,10225,19.4,2,3,5,2,3,3,26,0,0,37,93,5,11,5,9,0,0,0.0,0,0.0,5112.5,0.590942563,19.4,3.25,1.258305739,0,0.454545455,5.0,1,1,2.447368421,1,-2,0,0,9.0,1,2,0,3,1,1,0,0,1,0,0,0,1,0,0,0,1,0,0,0
44,5,5,7864,21.4,1,5,3,4,2,4,57,0,0,21,40,4,13,3,2,0,0,0.833333333,0,5.0,7864.0,0.278841433,3.566666667,3.25,0.957427108,0,0.307692308,0.666666667,1,1,1.818181818,0,2,1,1,0.333333333,0,1,0,3,1,1,0,0,1,0,0,0,1,0,0,1,0,0,1,1
29,3,0,8059,18.1,1,4,3,3,3,4,43,0,1,18,47,5,10,4,4,0,0,0.0,1,3.0,8059.0,0.40008881,4.525,3.25,0.5,0,0.5,1.25,0,0,2.473684211,0,0,1,0,1.0,0,1,0,2,0,0,0,0,0,0,0,0,1,0,1,0,0,0,1,1
23,3,0,10544,21.6,3,4,4,1,5,4,47,0,1,8,21,3,12,2,5,1,0,0.0,1,1.0,3514.666667,0.805298829,5.4,3.5,1.732050808,0,0.25,0.75,1,1,2.333333333,0,2,1,1,1.25,0,0,0,2,0,0,0,0,0,0,0,1,0,0,0,0,0,0,0,0
35,4,0,7071,14.4,3,2,5,2,3,1,23,0,0,7,20,1,10,3,4,1,0,0.0,1,1.333333333,2357.0,0.348428835,2.88,2.75,1.707825128,0,0.1,0.2,1,1,2.5,0,-1,0,0,0.8,0,1,0,1,1,1,0,0,0,0,0,1,0,1,0,1,0,0,1,1
30,1,0,6993,16.0,1,3,3,1,2,3,47,0,1,15,46,1,10,3,6,0,0,0.0,1,1.0,6993.0,0.248667851,8.0,2.25,0.957427108,1,0.1,0.5,0,0,2.875,0,0,0,0,3.0,0,2,0,3,0,0,1,0,0,0,0,0,1,0,1,0,0,0,1,1
24,6,1,11464,11.2,4,3,3,3,2,5,56,0,1,20,32,5,8,1,10,1,0,0.142857143,1,1.5,2866.0,0.904314159,1.6,3.25,1.258305739,0,0.625,0.714285714,0,1,1.523809524,0,2,0,1,1.428571429,1,1,0,2,1,0,0,0,0,1,0,0,1,0,0,0,0,0,0,0
38,0,0,7869,15.6,2,4,3,4,1,2,45,0,0,12,46,4,10,5,10,0,0,0.0,0,0.0,3934.5,0.615432612,15.6,2.5,1.290994449,0,0.4,4.0,0,0,3.538461538,0,-1,1,0,10.0,1,1,0,2,1,1,0,0,0,0,1,0,0,0,0,1,0,0,0,0
33,2,1,8504,16.3,2,3,3,3,5,2,22,1,0,21,56,6,7,2,6,0,0,0.333333333,1,1.0,4252.0,0.577634011,5.433333333,3.25,1.258305739,0,0.857142857,2.0,0,3,2.545454545,0,1,0,1,2.0,0,0,0,3,1,1,0,0,0,0,0,1,1,0,1,0,0,0,0,0
44,0,0,5489,16.5,1,2,2,2,4,3,28,1,1,15,45,6,14,1,11,0,0,0.0,0,0.0,5489.0,0.220881864,16.5,2.75,0.957427108,0,0.428571429,6.0,1,3,2.8125,0,1,0,1,11.0,1,2,0,3,1,0,0,0,0,0,1,0,1,0,0,1,0,0,1,1
40,22,2,17871,19.4,5,4,3,4,5,4,66,0,1,5,13,3,2,3,6,1,0,0.086956522,1,4.4,3574.2,0.994454713,0.843478261,4.0,0.816496581,0,1.5,0.130434783,1,2,2.166666667,0,1,1,1,0.260869565,0,0,0,3,0,1,0,0,0,0,0,1,1,0,0,1,0,0,0,0
28,2,2,7578,19.2,3,3,5,5,3,3,49,0,0,7,17,3,9,2,7,1,0,0.666666667,0,0.666666667,2526.0,0.636101974,6.4,4.0,1.154700538,0,0.333333333,1.0,1,1,2.125,0,1,0,1,2.333333333,0,0,0,3,1,0,1,1,0,0,0,0,1,0,1,0,0,0,0,0
26,1,0,5280,8.1,2,3,5,4,4,3,32,0,0,14,32,2,4,4,4,0,0,0.0,1,0.5,2640.0,0.144358407,4.05,4.0,0.816496581,0,0.5,1.0,1,1,2.133333333,0,-1,0,0,2.0,0,1,0,1,1,1,0,0,0,1,0,0,1,0,1,0,0,0,1,0
25,1,0,6136,15.7,2,3,4,4,3,4,74,0,1,16,47,9,7,4,5,0,0,0.0,1,0.5,3068.0,0.087874325,7.85,3.75,0.5,0,1.285714286,4.5,0,1,2.764705882,0,-1,0,0,2.5,0,1,0,1,1,1,0,0,1,0,0,0,1,0,1,0,0,0,0,1
41,4,2,5462,13.1,1,3,3,1,4,5,27,0,1,17,44,4,14,2,8,1,0,0.4,1,4.0,5462.0,0.133857055,2.62,3.25,1.707825128,0,0.285714286,0.8,2,2,2.444444444,0,1,0,1,1.6,1,2,0,1,0,0,1,0,0,0,0,1,1,0,0,1,0,0,1,1
30,3,3,6571,14.4,1,3,1,4,3,3,20,1,1,18,45,2,4,3,7,0,0,0.75,0,3.0,6571.0,0.123465881,3.6,2.75,1.258305739,0,0.5,0.5,1,3,2.368421053,0,0,0,0,1.75,0,1,0,2,0,0,1,0,1,0,0,0,1,0,1,0,0,0,1,1
52,10,8,10453,17.9,3,4,4,4,3,4,9,0,1,3,12,2,10,4,4,1,1,0.727272727,1,3.333333333,3484.333333,0.83960177,1.627272727,3.75,0.5,0,0.2,0.181818182,2,2,3.0,0,0,1,0,0.363636364,0,1,0,2,1,0,1,0,0,1,0,0,1,0,0,0,1,0,0,0
42,2,0,7917,17.7,2,4,5,1,4,3,67,0,1,21,68,5,6,3,3,0,0,0.0,1,1.0,3958.5,0.62562396,5.9,3.25,1.707825128,0,0.833333333,1.666666667,0,1,3.090909091,1,1,1,1,1.0,0,1,0,3,1,1,0,0,0,0,1,0,0,1,0,1,0,0,0,0
22,0,0,4983,18.9,1,3,4,3,3,4,40,0,0,32,105,6,2,3,7,0,0,0.0,0,0.0,4983.0,0.115597345,18.9,3.5,0.577350269,0,3.0,6.0,1,2,3.181818182,1,0,0,0,7.0,0,2,0,2,1,1,0,0,0,1,0,0,1,0,0,0,0,0,1,1
43,1,0,8985,14.7,3,4,3,3,3,3,63,1,1,6,19,6,8,4,8,1,0,0.0,1,0.333333333,2995.0,0.638940234,7.35,3.0,0.0,0,0.75,3.0,1,4,2.714285714,0,0,1,0,4.0,1,1,0,2,0,1,0,0,0,0,0,1,1,0,0,1,0,0,0,0
54,1,1,5107,16.9,1,3,2,5,4,5,29,1,0,37,110,1,4,2,10,0,1,0.5,0,1.0,5107.0,0.161397671,8.45,4.0,1.414213562,0,0.25,0.5,2,4,2.894736842,1,1,0,1,5.0,1,3,0,2,0,0,0,0,0,0,1,0,0,0,0,0,1,0,1,1
26,8,7,10897,12.4,4,4,3,3,3,3,21,0,1,29,118,6,6,3,4,1,0,0.777777778,1,2.0,2724.25,0.833025262,1.377777778,3.0,0.0,0,1.0,0.666666667,2,3,3.933333333,1,1,1,1,0.444444444,0,1,0,2,0,1,0,0,0,0,0,1,1,0,1,0,0,0,0,0
36,2,0,7103,16.2,2,3,3,2,4,4,26,0,0,17,30,4,8,4,3,0,0,0.0,1,1.0,3551.5,0.182989691,5.4,3.25,0.957427108,0,0.5,1.333333333,1,1,1.666666667,0,-1,0,0,1.0,0,1,0,1,0,0,1,0,1,0,0,0,1,0,0,1,0,0,0,0
25,7,0,8317,7.8,2,3,3,4,2,3,49,0,1,8,28,3,7,1,6,0,0,0.0,1,3.5,4158.5,0.551447936,0.975,3.0,0.816496581,0,0.428571429,0.375,0,0,3.111111111,0,2,0,1,0.75,0,0,0,2,1,1,0,0,0,0,0,1,1,0,1,0,0,0,1,1
33,1,0,7822,17.7,1,4,2,2,3,3,35,1,1,3,12,2,5,3,9,0,0,0.0,1,1.0,7822.0,0.272950417,8.85,2.5,0.577350269,0,0.4,1.0,1,3,3.0,0,1,1,1,4.5,1,2,0,3,1,1,0,0,1,0,0,0,0,0,1,0,0,0,1,1
44,8,8,15163,16.0,3,4,1,3,3,1,19,0,0,10,37,5,2,3,4,1,0,0.888888889,0,2.666666667,5054.333333,0.956039076,1.777777778,2.0,1.154700538,1,2.5,0.555555556,1,2,3.363636364,0,1,1,1,0.444444444,0,2,0,4,1,0,0,0,0,0,0,0,1,0,0,1,0,0,0,0
41,1,1,7758,19.1,2,3,4,4,4,4,81,1,0,3,7,4,10,3,4,0,0,0.5,0,0.5,3879.0,0.597545757,9.55,4.0,0.0,0,0.4,2.0,1,3,1.75,0,0,0,0,2.0,0,0,0,3,1,0,1,0,0,0,1,0,0,0,0,1,0,0,0,0
32,2,1,10010,21.7,3,5,2,4,3,3,12,1,1,12,37,8,6,2,8,1,0,0.333333333,1,0.666666667,3336.666667,0.668294849,7.233333333,3.0,0.816496581,0,1.333333333,2.666666667,2,5,2.846153846,0,3,1,1,2.666666667,1,1,0,2,0,0,1,0,0,0,0,0,1,0,1,0,0,0,0,0
34,7,3,9875,16.2,3,4,5,3,4,3,20,0,0,20,62,2,7,3,6,1,0,0.375,1,2.333333333,3291.666667,0.800331858,2.025,3.75,0.957427108,0,0.285714286,0.25,1,1,2.952380952,1,1,1,1,0.75,0,1,0,3,1,0,1,0,0,1,0,0,1,0,1,0,0,0,0,0
28,10,8,12725,11.8,4,3,3,2,4,3,17,0,1,24,43,4,7,3,6,1,0,0.727272727,1,2.5,3181.25,0.924060382,1.072727273,3.0,0.816496581,0,0.571428571,0.363636364,1,2,1.72,0,0,0,0,0.545454545,0,1,0,3,0,0,0,0,0,0,0,1,0,1,1,0,0,0,0,0
36,0,0,10230,16.9,3,4,3,3,4,4,52,0,0,19,53,3,7,3,6,1,0,0.0,0,0.0,3410.0,0.777572397,16.9,3.5,0.577350269,0,0.428571429,3.0,1,1,2.65,0,1,1,1,6.0,0,0,0,3,1,1,0,0,0,0,0,1,1,0,0,1,0,0,0,0
44,3,1,7373,12.8,3,3,3,3,4,3,25,0,1,18,49,2,5,3,6,1,0,0.25,1,1.0,2457.666667,0.403265558,3.2,3.25,0.5,0,0.4,0.5,1,1,2.578947368,0,0,0,0,1.5,0,1,0,1,0,1,0,0,0,0,0,1,1,0,0,1,0,0,1,0
38,4,0,10443,21.1,3,4,4,3,4,2,15,0,1,47,150,4,3,3,6,1,0,0.0,1,1.333333333,3481.0,0.838772124,4.22,3.25,0.957427108,0,1.333333333,0.8,1,2,3.125,1,1,1,1,1.2,0,1,0,3,1,1,0,0,0,1,0,0,1,0,0,1,0,0,0,0
42,4,3,6233,12.6,1,2,4,3,3,4,33,1,0,21,66,3,5,3,6,1,0,0.6,1,4.0,6233.0,0.0940108,2.52,3.5,0.577350269,0,0.6,0.6,1,4,3.0,1,-1,0,0,1.2,0,2,0,2,0,1,0,0,1,0,0,0,1,0,0,1,0,0,1,1
34,1,1,4640,20.0,2,3,4,5,2,3,33,1,1,13,38,3,6,3,8,0,0,0.5,0,0.5,2320.0,0.099833611,10.0,3.5,1.290994449,0,0.5,1.5,1,3,2.714285714,0,0,0,0,4.0,1,2,0,1,1,1,0,0,0,0,1,0,1,0,1,0,0,0,1,1
32,4,0,12547,14.2,3,4,4,3,3,3,45,1,1,3,14,6,3,3,2,1,0,0.0,1,1.333333333,4182.333333,0.917436845,2.84,3.25,0.5,0,2.0,1.2,0,3,3.5,0,1,1,1,0.4,0,0,0,4,1,1,0,0,0,0,0,1,0,0,1,0,0,0,0,0
37,12,8,11517,20.2,5,5,5,4,4,5,39,0,1,5,18,2,5,4,10,1,0,0.615384615,1,2.4,2303.4,0.927204659,1.553846154,4.5,0.577350269,0,0.4,0.153846154,2,2,3.0,0,1,1,1,0.769230769,1,2,0,2,0,0,1,0,0,0,1,0,1,0,0,1,0,0,0,0
43,9,6,8082,11.9,3,4,5,4,1,4,23,0,1,11,37,5,13,3,7,1,0,0.6,1,3.0,2694.0,0.587942478,1.19,3.5,1.732050808,0,0.384615385,0.5,0,0,3.083333333,0,1,1,1,0.7,0,0,0,1,1,0,1,0,0,1,0,0,1,0,0,1,0,0,0,0
44,0,0,6357,14.5,1,3,2,2,5,3,69,0,0,13,39,6,2,4,6,0,0,0.0,0,0.0,6357.0,0.244916821,14.5,3.0,1.414213562,0,3.0,6.0,2,3,2.785714286,0,-1,0,0,6.0,0,1,0,3,1,1,0,0,0,0,0,1,1,0,0,1,0,0,1,0
42,3,3,5152,16.4,1,2,2,1,2,5,30,0,0,25,68,3,11,3,6,0,0,0.75,0,3.0,5152.0,0.168469218,4.1,2.5,1.732050808,0,0.272727273,0.75,2,2,2.615384615,1,-1,0,0,1.5,0,2,0,3,0,0,0,0,0,0,1,0,0,1,0,1,0,0,1,1
46,4,2,5187,17.6,1,3,4,3,3,4,40,0,0,28,94,3,10,3,9,1,0,0.4,1,4.0,5187.0,0.056616341,3.52,3.5,0.577350269,0,0.3,0.6,1,1,3.24137931,1,0,0,0,1.8,1,3,0,2,1,0,1,0,0,0,0,0,1,0,0,0,1,0,1,1
24,6,5,6921,18.1,2,3,3,4,3,3,49,0,0,9,29,5,13,3,7,0,0,0.714285714,1,3.0,3460.5,0.162862052,2.585714286,3.25,0.5,0,0.384615385,0.714285714,2,2,2.9,0,0,0,0,1.0,0,2,0,1,1,1,0,0,1,0,0,0,1,0,0,0,0,0,1,1
44,0,0,3465,12.3,1,2,4,1,3,3,0,0,1,26,72,5,3,3,4,0,0,0.0,0,0.0,3465.0,0.025790349,12.3,2.75,1.258305739,0,1.666666667,5.0,1,2,2.666666667,1,-1,0,0,4.0,0,2,0,2,1,0,0,0,0,0,1,0,1,0,0,1,0,0,1,1
34,5,1,10293,22.6,2,4,2,3,4,3,51,0,0,29,138,4,12,1,3,1,0,0.166666667,1,2.5,5146.5,0.897203947,3.766666667,3.0,0.816496581,0,0.333333333,0.666666667,0,0,4.6,1,3,1,1,0.5,0,1,0,4,0,0,1,1,0,0,0,0,0,1,1,0,0,0,1,1
35,5,2,6411,16.1,2,3,3,4,5,1,13,0,0,18,82,5,6,4,6,0,0,0.333333333,1,2.5,3205.5,0.253542822,2.683333333,3.25,1.707825128,0,0.833333333,0.833333333,1,2,4.315789474,1,-1,0,0,1.0,0,2,0,2,0,0,1,0,0,0,0,1,1,0,0,1,0,0,1,1
40,1,1,5735,17.4,3,5,2,3,1,3,45,0,1,6,24,6,5,3,9,1,0,0.5,0,0.333333333,1911.666667,0.264143095,8.7,2.25,0.957427108,1,1.2,3.0,2,3,3.428571429,0,2,1,1,4.5,1,3,0,1,1,0,1,0,0,0,1,0,1,0,0,1,0,0,1,0
30,1,1,6727,8.7,3,1,5,3,2,3,24,0,1,6,24,3,5,2,7,1,0,0.5,0,0.333333333,2242.333333,0.349004425,4.35,3.25,1.258305739,0,0.6,1.5,0,1,3.428571429,0,-1,0,0,3.5,0,1,0,1,1,1,0,0,0,1,0,0,1,0,1,0,0,0,1,1
33,10,4,7822,19.5,2,3,3,3,3,2,11,1,0,27,86,7,3,4,3,0,0,0.363636364,1,5.0,3911.0,0.364564831,1.772727273,2.75,0.5,0,2.333333333,0.636363636,0,3,3.071428571,1,-1,0,0,0.272727273,0,3,0,1,1,0,1,0,0,0,0,0,0,0,1,0,0,0,1,1
32,8,0,10909,14.4,4,2,3,5,4,4,57,1,0,5,12,4,2,4,11,1,0,0.0,1,2.0,2727.25,0.901830283,1.6,4.0,0.816496581,0,2.0,0.444444444,0,3,2.0,0,-2,0,0,1.222222222,1,1,0,3,0,0,1,0,0,0,1,0,1,0,1,0,0,0,1,0
18,0,0,5831,18.0,1,4,4,3,5,3,25,0,1,8,29,6,8,3,4,0,0,0.0,0,0.0,5831.0,0.219026549,18.0,3.75,0.957427108,0,0.75,6.0,1,2,3.222222222,0,1,1,1,4.0,0,1,0,3,1,0,1,0,0,1,0,0,1,0,0,0,0,0,1,0
31,8,6,12279,12.8,3,3,5,3,4,1,26,0,1,8,34,8,3,4,6,1,0,0.666666667,1,2.666666667,4093.0,0.794059892,1.422222222,3.25,1.707825128,0,2.666666667,0.888888889,0,1,3.777777778,0,-1,0,0,0.666666667,0,1,0,2,0,0,1,0,1,0,0,0,1,0,1,0,0,0,0,0
45,2,1,9370,14.9,1,5,3,3,4,1,51,0,0,8,29,1,14,1,7,0,0,0.333333333,1,2.0,9370.0,0.689772027,4.966666667,2.75,1.258305739,0,0.071428571,0.333333333,1,1,3.222222222,0,4,1,1,2.333333333,0,0,0,4,0,0,1,0,0,0,0,1,1,0,0,0,1,0,0,0
47,8,4,6659,13.9,2,3,4,5,5,4,36,0,1,20,66,4,2,4,8,1,0,0.444444444,1,4.0,3329.5,0.489309211,1.544444444,4.5,0.577350269,0,2.0,0.444444444,1,2,3.142857143,1,-1,0,0,0.888888889,1,4,0,2,1,1,0,1,0,0,0,0,1,0,0,0,1,0,1,1
50,13,13,12980,17.3,5,4,4,3,3,2,29,0,0,9,30,7,9,3,7,1,1,0.928571429,0,2.6,2596.0,0.972129784,1.235714286,3.0,0.816496581,0,0.777777778,0.5,0,1,3.0,0,1,1,1,0.5,0,1,0,2,1,1,0,0,0,0,1,0,1,0,0,0,1,0,0,0
23,1,0,9265,12.4,2,3,4,2,2,5,8,0,0,8,32,2,6,4,6,0,0,0.0,1,0.5,4632.5,0.470667649,6.2,3.25,1.5,0,0.333333333,1.0,2,2,3.555555556,0,-1,0,0,3.0,0,1,0,2,0,0,0,0,1,0,0,0,0,0,0,0,0,0,0,1
31,0,0,5813,12.4,1,3,4,4,2,3,17,0,0,10,28,1,4,5,6,0,0,0.0,0,0.0,5813.0,0.173444239,12.4,3.25,0.957427108,0,0.25,1.0,2,2,2.545454545,0,-2,0,0,6.0,0,1,0,3,0,0,1,0,0,0,0,1,1,0,1,0,0,0,0,0
33,13,12,12341,19.7,4,3,2,1,3,3,63,0,0,1,5,2,10,2,5,1,0,0.857142857,1,3.25,3085.25,0.906346272,1.407142857,2.25,0.957427108,1,0.2,0.142857143,0,0,2.5,0,1,0,1,0.357142857,0,2,0,2,1,1,0,0,0,0,0,1,1,0,1,0,0,0,0,0
32,6,6,8649,17.4,3,3,2,1,5,3,24,0,1,3,7,5,9,2,6,1,0,0.857142857,0,2.0,2883.0,0.594886014,2.485714286,2.75,1.707825128,0,0.555555556,0.714285714,1,2,1.75,0,1,0,1,0.857142857,0,1,0,1,0,1,0,0,0,0,0,1,1,0,1,0,0,0,0,0
37,5,0,6796,11.6,2,3,4,4,3,3,14,0,0,32,85,4,6,2,5,0,0,0.0,1,2.5,3398.0,0.434276206,1.933333333,3.5,0.577350269,0,0.666666667,0.666666667,2,3,2.575757576,1,1,0,1,0.833333333,0,2,0,2,0,1,0,0,0,0,1,0,1,0,0,1,0,0,1,1
31,2,0,6114,17.2,1,3,4,3,2,4,15,0,0,11,37,3,10,3,6,0,0,0.0,1,2.0,6114.0,0.138987567,5.733333333,3.25,0.957427108,0,0.3,1.0,1,1,3.083333333,0,0,0,0,2.0,0,1,0,2,1,1,0,0,0,0,0,0,1,0,1,0,0,0,1,1
40,4,2,7679,22.2,3,4,2,2,4,3,68,1,0,5,19,3,9,3,8,1,0,0.4,1,1.333333333,2559.666667,0.25503191,4.44,2.75,0.957427108,0,0.333333333,0.6,1,3,3.166666667,0,1,1,1,1.6,1,2,0,1,1,0,1,0,1,0,0,0,1,0,0,1,0,0,1,0
32,4,1,7979,18.3,2,3,5,3,2,3,32,0,0,29,78,1,11,3,5,0,0,0.2,1,2.0,3989.5,0.293200785,3.66,3.25,1.258305739,0,0.090909091,0.2,2,2,2.6,1,0,0,0,1.0,0,2,0,2,0,0,1,0,1,0,0,0,1,0,1,0,0,0,1,1
33,1,1,6744,13.6,1,4,4,4,3,3,40,0,1,13,53,7,3,3,6,0,0,0.5,0,1.0,6744.0,0.211589698,6.8,3.5,0.577350269,0,2.333333333,3.5,1,2,3.785714286,0,1,1,1,3.0,0,1,0,3,1,1,0,0,0,0,0,0,0,0,1,0,0,0,0,0
39,2,0,4782,13.8,1,3,4,4,4,4,37,0,1,14,52,6,5,2,6,0,0,0.0,1,2.0,4782.0,0.015832106,4.6,4.0,0.0,0,1.2,2.0,0,1,3.466666667,0,1,0,1,2.0,0,1,0,2,0,0,1,0,1,0,0,0,0,1,0,1,0,0,0,1
30,0,0,8352,7.3,2,3,3,4,3,4,20,0,1,15,38,3,6,3,4,0,0,0.0,0,0.0,4176.0,0.348306333,7.3,3.5,0.577350269,0,0.5,3.0,2,2,2.375,0,0,0,0,4.0,0,1,0,1,0,0,0,0,1,0,0,0,0,0,1,0,0,0,0,0
18,0,0,4790,21.0,3,4,4,4,2,4,34,1,0,14,51,5,8,3,6,1,0,0.0,0,0.0,1596.666667,0.165296053,21.0,3.5,1.0,0,0.625,5.0,0,3,3.4,0,1,1,1,6.0,0,1,0,1,1,1,0,1,0,0,0,0,1,0,0,0,0,0,0,1
24,1,1,8038,21.1,2,4,2,5,3,4,28,1,0,2,6,2,11,1,11,0,0,0.5,0,0.5,4019.0,0.303387334,10.55,3.5,1.290994449,0,0.181818182,1.0,1,3,2.0,0,3,1,1,5.5,1,2,0,2,0,0,1,0,1,0,0,0,1,0,0,0,0,0,1,1
25,4,3,9196,22.5,3,5,3,3,3,3,41,0,1,2,6,3,6,4,7,1,0,0.6,1,1.333333333,3065.333333,0.664510166,4.5,3.0,0.0,0,0.5,0.6,1,1,2.0,0,1,1,1,1.4,0,0,0,3,0,1,0,0,0,0,0,1,1,0,1,0,0,0,0,0
49,1,0,9751,16.2,3,4,2,4,4,2,62,0,0,16,59,5,3,3,6,1,0,0.0,1,0.333333333,3250.333333,0.635213144,8.1,3.0,1.154700538,0,1.666666667,2.5,1,2,3.470588235,0,1,1,1,3.0,0,0,0,2,1,0,1,0,0,0,0,0,1,0,0,0,1,0,0,0
42,4,3,6919,11.6,3,3,4,2,2,3,71,1,0,37,119,2,17,4,4,1,0,0.6,1,1.333333333,2306.333333,0.461730449,2.32,2.75,0.957427108,0,0.117647059,0.4,1,3,3.131578947,1,-1,0,0,0.8,0,2,0,1,1,1,0,0,0,0,1,0,1,0,0,1,0,0,1,1
37,6,1,10469,12.3,3,2,3,3,4,3,19,0,0,22,49,3,9,3,1,1,0,0.142857143,1,2.0,3489.666667,0.619538537,1.757142857,3.25,0.5,0,0.333333333,0.428571429,1,1,2.130434783,0,-1,0,0,0.142857143,0,0,0,2,0,0,1,0,1,0,0,0,0,0,0,1,0,0,1,0
38,4,0,6028,12.3,2,3,2,2,3,4,40,1,1,12,35,2,7,3,6,1,0,0.0,1,2.0,3014.0,0.242256637,2.46,2.75,0.957427108,0,0.285714286,0.4,2,4,2.692307692,0,0,0,0,1.2,0,1,0,1,0,0,1,0,0,1,0,0,1,0,0,1,0,0,1,1
49,11,7,14210,18.5,5,3,3,4,2,3,41,0,0,25,77,6,2,3,6,1,0,0.583333333,1,2.2,2842.0,0.895802651,1.541666667,3.0,0.816496581,0,3.0,0.5,0,1,2.961538462,1,0,0,0,0.5,0,2,0,1,0,1,0,0,1,0,0,0,1,0,0,0,1,0,0,0
30,1,1,7492,12.4,2,3,3,2,4,3,55,0,0,7,23,3,19,3,6,0,0,0.5,0,0.5,3746.0,0.315719361,6.2,3.0,0.816496581,0,0.157894737,1.5,0,0,2.875,0,0,0,0,3.0,0,1,0,2,0,1,0,0,0,0,0,0,1,0,1,0,0,0,0,0
32,5,5,8580,17.8,2,3,2,4,2,1,3,0,0,11,25,4,11,4,7,0,0,0.833333333,0,2.5,4290.0,0.586260012,2.966666667,2.25,1.258305739,1,0.363636364,0.666666667,0,0,2.083333333,0,-1,0,0,1.166666667,0,2,0,4,1,0,0,0,0,0,0,1,1,0,1,0,0,0,1,1
54,9,5,7955,11.0,3,3,1,2,2,2,24,0,1,19,57,7,2,5,6,1,1,0.5,1,3.0,2651.666667,0.685032895,1.1,1.75,0.5,1,3.5,0.7,1,2,2.85,0,-2,0,0,0.6,0,2,0,2,0,0,1,1,0,0,0,0,1,0,0,0,1,0,0,0
51,9,5,9806,7.2,3,2,4,4,3,3,58,1,0,5,11,5,14,4,7,1,1,0.5,1,3.0,3268.666667,0.54197349,0.72,3.5,0.577350269,0,0.357142857,0.5,2,4,1.833333333,0,-2,0,0,0.7,0,1,0,2,1,1,0,0,1,0,0,0,0,1,0,0,1,0,1,1
24,0,0,10611,23.6,2,5,1,1,1,2,45,1,0,12,42,1,3,4,5,1,0,0.0,0,0.0,5305.5,0.638929799,23.6,1.25,0.5,1,0.333333333,1.0,1,3,3.230769231,0,1,1,1,5.0,0,1,1,4,0,0,0,0,1,0,0,0,0,1,0,0,0,0,0,0
37,3,0,5799,16.7,2,3,2,4,4,3,22,1,0,11,31,6,9,3,6,1,0,0.0,1,1.5,2899.5,0.276206323,4.175,3.25,0.957427108,0,0.666666667,1.5,0,3,2.583333333,0,0,0,0,1.5,0,1,0,2,1,1,0,0,0,0,1,0,1,0,0,1,0,0,0,0
48,7,4,14718,12.1,4,3,3,2,3,4,9,1,1,5,20,5,6,5,6,1,0,0.5,1,1.75,3679.5,0.916543937,1.5125,3.0,0.816496581,0,0.833333333,0.625,1,4,3.333333333,0,-2,0,0,0.75,0,1,0,3,1,0,0,0,1,0,0,0,1,0,0,0,1,0,0,0
42,5,3,9929,14.4,2,3,3,4,3,4,0,0,0,5,15,6,6,5,2,1,0,0.5,1,2.5,4964.5,0.555596465,2.4,3.5,0.577350269,0,1.0,1.0,1,2,2.5,0,-2,0,0,0.333333333,0,0,0,2,1,0,1,0,1,0,0,0,1,0,0,1,0,0,1,1
42,0,0,6640,13.9,2,2,3,5,2,4,41,1,0,6,19,3,6,3,10,0,0,0.0,0,0.0,3320.0,0.406198003,13.9,3.5,1.290994449,0,0.5,3.0,1,3,2.714285714,0,-1,0,0,10.0,1,2,0,2,0,1,0,0,0,0,1,0,1,0,0,1,0,0,1,1
39,6,4,6612,14.2,2,2,4,2,3,3,11,0,1,37,141,3,5,3,3,0,0,0.571428571,1,3.0,3306.0,0.402246256,2.028571429,3.0,0.816496581,0,0.6,0.428571429,0,1,3.710526316,1,-1,0,0,0.428571429,0,3,0,2,0,1,0,0,0,0,1,0,1,0,0,1,0,0,1,1
44,2,1,7234,12.6,2,2,5,3,2,2,25,1,0,31,66,1,7,3,10,0,0,0.333333333,1,1.0,3617.0,0.284191829,4.2,3.0,1.414213562,0,0.142857143,0.333333333,1,3,2.0625,1,-1,0,0,3.333333333,1,3,0,2,1,0,0,0,0,0,0,0,1,0,0,1,0,0,1,1
27,2,2,6831,12.9,2,3,2,4,3,3,32,0,0,29,110,6,7,2,5,0,0,0.666666667,0,1.0,3415.5,0.223801066,4.3,3.0,0.816496581,0,0.857142857,2.0,2,3,3.666666667,1,1,0,1,1.666666667,0,2,0,1,0,0,0,0,0,0,0,0,0,1,1,0,0,0,1,1
34,1,0,3831,12.2,1,4,1,3,4,3,3,0,1,21,66,4,5,3,2,0,0,0.0,1,1.0,3831.0,0.039517471,6.1,2.75,1.258305739,0,0.8,2.0,0,1,3.0,1,1,1,1,1.0,0,2,0,2,1,0,1,0,0,0,1,0,0,0,1,0,0,0,1,0
34,12,5,7708,13.7,3,2,3,3,4,3,28,1,0,9,28,5,8,4,6,1,0,0.384615385,1,4.0,2569.333333,0.591514143,1.053846154,3.25,0.5,0,0.625,0.384615385,1,4,2.8,0,-2,0,0,0.461538462,0,1,0,2,1,0,1,0,0,0,1,0,1,0,1,0,0,0,0,1
36,6,6,10071,20.2,4,4,5,3,4,4,53,0,0,4,12,4,13,3,5,1,0,0.857142857,0,1.5,2517.75,0.849001664,2.885714286,4.0,0.816496581,0,0.307692308,0.571428571,0,0,2.4,0,1,1,1,0.714285714,0,1,0,2,0,1,0,0,0,0,1,0,1,0,0,1,0,0,0,0
27,4,3,14785,17.2,3,4,1,5,5,2,34,0,1,13,47,3,6,2,4,1,0,0.6,1,1.333333333,4928.333333,0.91826215,3.44,3.25,2.061552813,0,0.5,0.6,2,2,3.357142857,0,2,1,1,0.8,0,0,0,4,0,1,0,0,1,0,0,0,1,0,1,0,0,0,0,0
30,12,4,11117,15.3,4,3,3,3,5,4,50,0,0,22,90,2,3,3,5,1,0,0.307692308,1,3.0,2779.25,0.886061947,1.176923077,3.75,0.957427108,0,0.666666667,0.153846154,0,1,3.913043478,1,0,0,0,0.384615385,0,2,0,2,0,1,0,0,0,1,0,0,1,0,1,0,0,0,0,0
46,22,22,17244,18.0,5,4,3,3,4,1,45,0,0,18,57,2,9,4,7,1,0,0.956521739,0,4.4,3448.8,0.969317624,0.782608696,2.75,1.258305739,0,0.222222222,0.086956522,0,0,3.0,0,0,1,0,0.304347826,0,1,0,2,1,0,0,0,1,0,0,0,1,0,0,0,1,0,0,0
38,1,0,5329,11.7,1,3,4,4,3,4,41,0,0,34,80,6,10,3,7,0,0,0.0,1,1.0,5329.0,0.192387687,5.85,3.75,0.5,0,0.6,3.0,2,3,2.285714286,1,0,0,0,3.5,0,2,0,3,1,0,1,0,0,0,1,0,1,0,0,1,0,0,0,0
36,5,2,6660,11.6,2,2,3,1,4,4,50,0,1,23,42,5,10,2,8,0,0,0.333333333,1,2.5,3330.0,0.132056946,1.933333333,3.0,1.414213562,0,0.5,0.833333333,2,2,1.75,0,0,0,0,1.333333333,1,2,0,1,1,1,0,0,1,0,0,0,1,0,0,1,0,0,1,1
39,1,1,5624,23.3,1,4,3,1,2,4,41,0,0,15,46,2,7,1,5,0,0,0.5,0,1.0,5624.0,0.151879236,11.65,2.5,1.290994449,0,0.285714286,1.0,1,1,2.875,0,3,1,1,2.5,0,1,0,2,1,1,0,0,0,0,0,1,1,0,0,1,0,0,0,0
29,1,1,8586,11.5,2,4,5,4,3,2,43,0,1,15,41,3,5,2,6,0,0,0.5,0,0.5,4293.0,0.475577265,5.75,3.5,1.290994449,0,0.6,1.5,0,1,2.5625,0,2,1,1,3.0,0,1,0,3,0,1,0,0,0,0,0,0,0,0,1,0,0,0,1,1
39,9,2,13326,18.1,4,3,4,2,1,3,29,0,0,19,57,3,8,5,10,1,0,0.2,1,2.25,3331.5,0.902753108,1.81,2.5,1.290994449,0,0.375,0.3,0,0,2.85,0,-2,0,0,1.0,1,1,0,2,1,1,0,0,0,0,0,0,1,0,0,1,0,0,0,0
37,2,2,9084,15.3,2,5,4,4,3,3,44,1,1,9,29,2,13,2,9,1,0,0.666666667,0,1.0,4542.0,0.767886855,5.1,3.5,0.577350269,0,0.153846154,0.666666667,1,3,2.9,0,3,1,1,3.0,1,1,0,3,1,0,1,0,0,0,1,0,1,0,0,1,0,0,0,0
21,2,2,5895,20.3,1,3,3,2,4,5,2,1,0,20,74,4,4,4,3,0,0,0.666666667,0,2.0,5895.0,0.068973981,6.766666667,3.5,1.290994449,0,1.0,1.333333333,2,5,3.523809524,1,-1,0,0,1.0,0,2,0,2,0,1,0,0,1,0,0,0,1,0,0,0,0,0,1,1
25,4,4,9576,19.0,3,3,2,4,3,3,8,0,1,5,14,7,9,3,6,1,0,0.8,0,1.333333333,3192.0,0.809900166,3.8,3.0,0.816496581,0,0.777777778,1.4,1,2,2.333333333,0,0,0,0,1.2,0,1,0,3,1,1,0,0,0,0,1,0,0,1,1,0,0,0,0,0
51,8,2,7570,18.6,3,4,3,4,4,4,35,0,0,11,36,7,5,4,4,1,1,0.222222222,1,2.666666667,2523.333333,0.509402655,2.066666667,3.75,0.5,0,1.4,0.777777778,1,2,3.0,0,0,1,0,0.444444444,0,0,0,1,1,1,0,0,0,1,0,0,1,0,0,0,1,0,0,0
48,2,0,8179,16.9,3,2,2,4,4,5,28,0,0,32,103,1,10,5,3,1,0,0.0,1,0.666666667,2726.333333,0.661397671,5.633333333,3.75,1.258305739,0,0.1,0.333333333,1,1,3.121212121,1,-3,0,0,1.0,0,1,0,2,0,1,0,0,0,0,1,0,1,0,0,0,1,0,1,0
24,6,2,9004,15.9,3,4,4,5,1,4,23,0,0,19,52,5,15,2,2,1,0,0.285714286,1,2.0,3001.333333,0.760607321,2.271428571,3.5,1.732050808,0,0.333333333,0.714285714,1,1,2.6,0,2,1,1,0.285714286,0,0,0,2,1,1,0,0,0,0,1,0,1,0,0,0,0,0,0,0
18,0,0,2602,17.3,1,3,2,2,4,4,7,0,1,7,31,3,7,3,9,0,0,0.0,0,0.0,2602.0,0.00374376,17.3,3.0,1.154700538,0,0.428571429,3.0,1,1,3.875,0,0,0,0,9.0,1,2,0,1,0,0,1,0,0,0,1,0,1,0,0,0,0,0,0,0
19,1,0,6422,21.7,2,3,2,3,3,3,48,0,0,14,46,5,9,2,1,1,0,0.0,1,0.5,3211.0,0.306415929,10.85,2.75,0.5,0,0.555555556,2.5,1,2,3.066666667,0,1,0,1,0.5,0,1,0,2,0,1,0,0,0,1,0,0,1,0,0,0,0,0,0,1
28,7,5,7020,13.0,2,4,2,5,4,2,34,1,0,10,25,2,8,4,4,0,0,0.625,1,3.5,3510.0,0.553865132,1.625,3.25,1.5,0,0.25,0.25,2,4,2.272727273,0,0,1,0,0.5,0,0,0,3,1,0,1,1,0,0,0,0,1,0,1,0,0,0,0,1
35,10,10,9586,12.6,4,2,1,5,3,3,72,1,0,16,47,3,11,3,13,1,0,0.909090909,0,2.5,2396.5,0.713955638,1.145454545,3.0,1.632993162,0,0.272727273,0.272727273,1,3,2.764705882,0,-1,0,0,1.181818182,1,2,0,1,1,1,0,0,0,0,0,1,1,0,0,1,0,0,0,1
25,3,0,7064,14.4,1,5,2,2,4,3,21,1,0,9,31,3,2,5,10,1,0,0.0,1,3.0,7064.0,0.417588496,3.6,2.75,0.957427108,0,1.5,0.75,1,4,3.1,0,0,1,0,2.5,1,2,0,3,1,0,1,0,0,1,0,0,1,0,1,0,0,0,0,0
50,2,0,7596,17.7,2,2,2,4,3,2,57,0,1,8,25,2,2,2,4,0,1,0.0,1,1.0,3798.0,0.245949926,5.9,2.75,0.957427108,0,1.0,0.666666667,2,3,2.777777778,0,0,0,0,1.333333333,0,1,0,2,1,0,1,0,1,0,0,0,1,0,0,0,1,0,1,1
27,8,4,9583,10.2,2,1,5,3,3,2,14,0,0,20,56,8,9,4,5,1,0,0.444444444,1,4.0,4791.5,0.510554737,1.133333333,3.25,1.258305739,0,0.888888889,0.888888889,1,2,2.666666667,0,-3,0,0,0.555555556,0,1,0,3,1,1,0,0,1,0,0,0,1,0,1,0,0,0,1,1
29,1,1,4378,19.1,1,2,2,1,3,4,9,0,0,8,23,2,11,2,4,0,0,0.5,0,1.0,4378.0,0.039433148,9.55,2.5,1.290994449,0,0.181818182,1.0,1,1,2.555555556,0,0,0,0,2.0,0,1,0,3,0,1,0,0,0,0,0,1,1,0,1,0,0,0,1,1
28,6,1,9919,11.0,3,3,5,4,2,3,21,0,0,28,102,5,6,3,7,1,0,0.142857143,1,2.0,3306.333333,0.553632793,1.571428571,3.5,1.290994449,0,0.833333333,0.714285714,1,2,3.517241379,1,0,0,0,1.0,0,1,0,2,0,1,0,0,1,0,0,0,1,0,1,0,0,0,0,0
35,1,1,6637,17.1,1,4,3,2,5,3,51,1,1,11,33,6,5,2,5,0,0,0.5,0,1.0,6637.0,0.129356897,8.55,3.25,1.258305739,0,1.2,3.0,1,4,2.75,0,2,1,1,2.5,0,1,0,2,0,1,0,0,1,0,0,0,0,0,0,1,0,0,0,0
35,11,3,16944,15.2,4,4,1,5,5,4,21,0,1,15,62,2,11,4,5,1,0,0.25,1,2.75,4236.0,0.965144821,1.266666667,3.75,1.892969449,0,0.181818182,0.166666667,1,1,3.875,1,0,1,0,0.416666667,0,1,0,3,1,1,0,0,1,0,0,0,1,0,0,1,0,0,0,0
20,2,1,7295,12.9,3,3,3,4,2,4,51,0,0,23,61,5,4,3,5,1,0,0.333333333,1,0.666666667,2431.666667,0.390018484,4.3,3.25,0.957427108,0,1.25,1.666666667,1,2,2.541666667,1,0,0,0,1.666666667,0,2,0,1,1,0,1,0,0,0,0,1,1,0,0,0,0,0,1,1
19,1,1,6324,14.3,1,4,4,2,3,4,31,1,1,14,36,9,8,3,9,1,0,0.5,0,1.0,6324.0,0.355241265,7.15,3.25,0.957427108,0,1.125,4.5,1,4,2.4,0,1,1,1,4.5,1,2,0,2,1,1,0,0,0,0,1,0,0,0,0,0,0,0,0,1
49,6,3,9131,18.6,2,3,3,4,2,4,18,0,0,25,83,8,8,4,6,0,0,0.428571429,1,3.0,4565.5,0.456062838,2.657142857,3.25,0.957427108,0,1.0,1.142857143,2,3,3.192307692,1,-1,0,0,0.857142857,0,2,0,2,1,1,0,0,1,0,0,0,1,0,0,0,1,0,1,1
49,2,2,6368,11.6,2,4,5,1,3,3,11,1,0,12,39,2,8,3,5,0,0,0.666666667,0,1.0,3184.0,0.297013274,3.866666667,3.0,1.632993162,0,0.25,0.666666667,1,3,3.0,0,1,1,1,1.666666667,0,1,0,1,1,0,1,0,0,1,0,0,0,1,0,0,1,0,1,0
29,3,1,9666,15.9,3,3,2,2,3,4,55,0,0,26,67,6,4,4,4,1,0,0.25,1,1.0,3222.0,0.522704958,3.975,2.75,0.957427108,0,1.5,1.5,1,2,2.481481481,1,-1,0,0,1.0,0,1,0,2,1,1,0,0,1,0,0,0,1,0,1,0,0,0,0,0
32,3,1,11214,14.0,2,4,2,5,3,4,12,1,0,10,33,4,13,3,6,0,0,0.25,1,1.5,5607.0,0.703485518,3.5,3.5,1.290994449,0,0.307692308,1.0,1,3,3.0,0,1,1,1,1.5,0,0,0,3,1,0,1,0,1,0,0,0,1,0,1,0,0,0,0,0
33,12,11,11989,18.3,3,4,3,4,4,3,0,0,0,7,13,1,9,2,4,1,0,0.846153846,1,4.0,3996.333333,0.892020949,1.407692308,3.5,0.577350269,0,0.111111111,0.076923077,1,1,1.625,0,2,1,1,0.307692308,0,0,0,2,1,1,0,0,0,0,0,1,1,0,1,0,0,0,0,0
19,1,0,5499,10.8,2,2,1,2,1,3,72,1,1,6,13,4,14,3,8,0,0,0.0,1,0.5,2749.5,0.177544248,5.4,1.75,0.957427108,1,0.285714286,2.0,1,3,1.857142857,0,-1,0,0,4.0,1,3,1,1,0,1,0,0,0,1,0,0,1,0,0,0,0,0,1,1
39,13,3,14019,17.9,3,5,1,5,3,5,39,1,1,27,119,6,4,2,5,1,0,0.214285714,1,4.333333333,4673.0,0.955945779,1.278571429,3.5,1.914854216,0,1.5,0.428571429,1,4,4.25,1,3,1,1,0.357142857,0,1,0,3,1,0,1,0,0,0,0,1,0,1,0,1,0,0,0,0
29,5,0,9815,17.5,2,4,4,4,3,2,28,0,0,10,38,3,2,5,4,0,0,0.0,1,2.5,4907.5,0.79590708,2.916666667,3.25,0.957427108,0,1.5,0.5,2,3,3.454545455,0,-1,1,0,0.666666667,0,0,0,3,1,1,0,0,0,1,0,0,1,0,1,0,0,0,1,1
29,1,0,6884,15.4,2,4,4,3,3,2,67,0,0,28,86,5,13,5,2,1,0,0.0,1,0.5,3442.0,0.314849045,7.7,3.0,0.816496581,0,0.384615385,2.5,1,1,2.965517241,1,-1,1,0,1.0,0,2,0,3,0,1,0,0,0,0,0,1,1,0,1,0,0,0,1,0
39,11,6,15450,16.7,4,3,4,4,3,3,30,0,0,5,20,3,10,2,3,1,0,0.5,1,2.75,3862.5,0.93814433,1.391666667,3.5,0.577350269,0,0.3,0.25,1,1,3.333333333,0,1,0,1,0.25,0,1,0,3,0,0,1,0,1,0,0,0,1,0,0,1,0,0,0,0
36,4,0,6404,15.8,2,3,2,4,4,3,49,0,0,24,106,6,13,5,6,0,0,0.0,1,2.0,3202.0,0.371048253,3.16,3.25,0.957427108,0,0.461538462,1.2,0,0,4.24,1,-2,0,0,1.2,0,2,0,1,0,1,0,0,0,0,1,0,1,0,0,1,0,0,1,1
29,2,1,8162,18.4,1,3,2,4,3,2,43,1,0,8,29,4,9,4,10,0,0,0.333333333,1,2.0,8162.0,0.323269514,6.133333333,2.75,0.957427108,0,0.444444444,1.333333333,0,2,3.222222222,0,-1,0,0,3.333333333,1,2,0,4,0,1,0,0,1,0,0,0,1,0,1,0,0,0,1,1
32,0,0,10525,14.6,3,3,4,3,3,2,32,0,0,8,34,7,9,2,6,1,0,0.0,0,0.0,3508.333333,0.803758472,14.6,3.0,0.816496581,0,0.777777778,7.0,2,3,3.777777778,0,1,0,1,6.0,0,0,0,3,0,0,1,0,0,0,0,1,1,0,1,0,0,0,0,0
36,7,6,5261,13.7,2,3,2,3,3,3,30,1,1,39,94,4,9,1,8,0,0,0.75,1,3.5,2630.5,0.182196339,1.7125,2.75,0.5,0,0.444444444,0.5,1,3,2.35,1,2,0,1,1.0,1,4,0,2,1,1,0,0,0,0,1,0,1,0,0,1,0,0,1,1
45,6,1,8487,8.3,4,4,4,2,4,3,28,0,0,7,23,3,10,3,6,1,0,0.142857143,1,1.5,2121.75,0.704034942,1.185714286,3.25,0.957427108,0,0.3,0.428571429,2,2,2.875,0,1,1,1,0.857142857,0,0,0,1,1,0,0,0,0,0,1,0,1,0,0,0,1,0,0,0
34,5,4,11187,14.7,3,4,4,4,2,5,19,0,1,9,17,4,11,3,4,1,0,0.666666667,1,1.666666667,3729.0,0.853049908,2.45,3.75,1.258305739,0,0.363636364,0.666666667,1,1,1.7,0,1,1,1,0.666666667,0,0,0,3,1,1,0,0,0,0,0,1,1,0,1,0,0,0,0,0
43,11,2,10862,11.2,4,1,3,3,3,4,15,0,0,26,88,4,11,2,5,1,0,0.166666667,1,2.75,2715.5,0.897254576,0.933333333,3.25,0.5,0,0.363636364,0.333333333,2,2,3.259259259,1,-1,0,0,0.416666667,0,1,0,2,1,1,0,0,0,0,1,0,1,0,0,1,0,0,0,0
49,4,3,8089,14.3,2,4,3,2,3,1,37,0,0,9,41,3,10,3,4,0,0,0.6,1,2.0,4044.5,0.310505646,2.86,2.25,0.957427108,1,0.3,0.6,1,1,4.1,0,1,1,1,0.8,0,2,0,2,1,1,0,0,1,0,0,0,0,1,0,0,1,0,1,1
25,3,1,7605,17.8,2,4,4,2,3,3,32,0,0,5,15,4,13,5,8,0,0,0.25,1,1.5,3802.5,0.442082563,4.45,3.0,0.816496581,0,0.307692308,1.0,2,2,2.5,0,-1,1,0,2.0,1,2,0,2,0,1,0,0,0,0,0,1,1,0,1,0,0,0,1,1
40,9,7,13644,18.6,4,4,3,2,3,2,43,0,0,10,29,2,13,4,10,1,0,0.7,1,2.25,3411.0,0.870888562,1.86,2.5,0.577350269,0,0.153846154,0.2,1,1,2.636363636,0,0,1,0,1.0,1,2,0,2,0,1,0,0,1,0,0,0,1,0,0,1,0,0,0,0
23,5,1,11398,14.2,3,3,1,3,2,3,0,0,0,24,74,3,9,4,6,1,0,0.166666667,1,1.666666667,3799.333333,0.721772214,2.366666667,2.25,0.957427108,1,0.333333333,0.5,1,1,2.96,1,-1,0,0,1.0,0,2,0,2,1,1,0,0,1,0,0,0,1,0,0,0,0,0,0,0
47,3,1,6473,8.5,3,4,4,2,4,5,76,1,1,43,128,2,9,3,9,1,0,0.25,1,1.0,2157.666667,0.380199667,2.125,3.75,1.258305739,0,0.222222222,0.5,2,4,2.909090909,1,1,1,1,2.25,1,3,0,1,0,1,0,0,0,0,1,0,1,0,0,0,1,0,1,0
41,5,5,7966,17.0,3,4,4,3,4,3,30,0,0,26,89,7,13,5,10,1,0,0.833333333,0,1.666666667,2655.333333,0.497227357,2.833333333,3.5,0.577350269,0,0.538461538,1.166666667,0,1,3.296296296,1,-1,1,0,1.666666667,1,4,0,1,0,0,1,0,0,0,0,1,1,0,0,1,0,0,0,0
29,6,1,6930,15.8,2,3,1,2,4,3,7,1,0,11,48,4,15,2,5,0,0,0.142857143,1,3.0,3465.0,0.32332101,2.257142857,2.5,1.290994449,0,0.266666667,0.571428571,1,3,4.0,0,1,0,1,0.714285714,0,1,0,2,0,1,0,0,0,0,0,1,1,0,1,0,0,0,1,1
45,14,8,11194,14.4,4,3,1,5,2,2,48,0,1,7,28,2,2,4,5,1,0,0.533333333,1,3.5,2798.5,0.853666051,0.96,2.5,1.732050808,0,1.0,0.133333333,0,1,3.5,0,-1,0,0,0.333333333,0,1,0,2,0,1,0,0,0,0,0,1,1,0,0,0,1,0,0,0
25,2,0,4900,13.8,1,2,2,3,5,3,27,1,0,14,64,3,13,3,6,0,0,0.0,1,2.0,4900.0,0.036856128,4.6,3.25,1.258305739,0,0.230769231,1.0,1,3,4.266666667,1,-1,0,0,2.0,0,2,0,1,1,0,1,0,0,0,0,0,1,0,1,0,0,0,1,1
45,7,3,8237,13.1,2,3,3,4,4,2,36,0,0,16,40,3,16,4,5,0,0,0.375,1,3.5,4118.5,0.606747788,1.6375,3.25,0.957427108,0,0.1875,0.375,1,1,2.352941176,0,-1,0,0,0.625,0,0,0,2,0,0,1,0,0,1,0,0,1,0,0,0,1,0,1,1
34,2,2,6212,17.6,2,3,4,3,4,4,5,0,0,10,33,1,16,3,3,1,0,0.666666667,0,1.0,3106.0,0.406661184,5.866666667,3.75,0.5,0,0.0625,0.333333333,1,1,3.0,0,0,0,0,1.0,0,1,0,3,0,0,0,1,0,0,0,0,0,0,1,0,0,0,0,1
48,21,20,14116,13.3,5,3,4,3,3,2,39,1,0,18,54,3,4,3,7,1,0,0.909090909,1,4.2,2823.2,0.8910162,0.604545455,3.0,0.816496581,0,0.75,0.136363636,0,3,2.842105263,0,0,0,0,0.318181818,0,1,0,1,0,1,0,0,1,0,0,0,1,0,0,0,1,0,0,0
50,5,1,10968,12.1,2,4,5,4,4,3,41,0,1,5,21,4,13,1,4,0,1,0.166666667,1,2.5,5484.0,0.675257732,2.016666667,4.0,0.816496581,0,0.307692308,0.666666667,0,0,3.5,0,3,1,1,0.666666667,0,0,0,2,1,0,1,0,1,0,0,0,1,0,0,0,1,0,1,1
27,7,6,10008,12.2,2,3,3,3,2,4,73,1,0,20,71,3,15,2,11,0,0,0.75,1,3.5,5004.0,0.563819342,1.525,3.0,0.816496581,0,0.2,0.375,0,2,3.380952381,1,1,0,1,1.375,1,3,0,3,0,0,1,0,1,0,0,0,1,0,1,0,0,0,1,1
35,1,0,7728,15.0,2,3,4,5,3,4,32,1,1,11,48,7,8,1,6,0,0,0.0,1,0.5,3864.0,0.351021314,7.5,4.0,0.816496581,0,0.875,3.5,0,3,4.0,0,2,0,1,3.0,0,1,0,2,1,0,1,0,0,0,0,0,1,0,0,1,0,0,1,1
35,1,0,7028,15.4,1,5,1,2,5,3,38,0,1,21,86,5,9,3,1,0,0,0.0,1,1.0,7028.0,0.254440497,7.7,2.75,1.707825128,0,0.555555556,2.5,1,2,3.909090909,1,2,1,1,0.5,0,2,0,3,1,0,1,0,0,0,0,0,1,0,0,1,0,0,1,0
29,4,2,11624,9.1,2,4,2,1,3,4,69,0,0,10,34,5,16,1,4,0,0,0.4,1,2.0,5812.0,0.740795287,1.82,2.5,1.290994449,0,0.3125,1.0,1,1,3.090909091,0,3,1,1,0.8,0,0,0,3,1,1,0,0,1,0,0,0,1,0,1,0,0,0,1,1
37,1,0,7783,17.3,2,3,4,1,3,3,58,1,0,4,15,6,13,1,5,1,0,0.0,1,0.5,3891.5,0.469038817,8.65,2.75,1.258305739,0,0.461538462,3.0,0,2,3.0,0,2,0,1,2.5,0,1,0,1,0,1,0,0,0,0,0,1,1,0,0,1,0,0,1,1
21,3,2,8532,17.5,3,4,2,5,4,3,52,0,0,13,49,4,2,3,5,1,0,0.5,1,1.0,2844.0,0.579790511,4.375,3.5,1.290994449,0,2.0,1.0,2,3,3.5,0,1,1,1,1.25,0,0,0,1,1,1,0,0,0,0,0,1,1,0,0,0,0,0,0,0
40,2,1,8261,13.8,1,3,4,5,3,2,22,0,1,17,57,4,11,2,4,1,0,0.333333333,1,2.0,8261.0,0.335419735,4.6,3.5,1.290994449,0,0.363636364,1.333333333,1,1,3.166666667,0,1,0,1,1.333333333,0,1,0,4,0,0,0,0,1,0,0,0,0,0,0,1,0,0,1,1
34,1,1,5955,17.3,1,4,3,1,4,3,78,1,1,46,94,3,12,2,2,1,0,0.5,0,1.0,5955.0,0.123445826,8.65,2.75,1.258305739,0,0.25,1.5,0,2,2.0,1,2,1,1,1.0,0,2,0,3,0,0,1,0,0,0,0,0,0,0,1,0,0,0,1,1
41,1,0,8427,9.9,2,3,2,4,3,3,75,0,0,56,150,4,3,4,4,0,0,0.0,1,0.5,4213.5,0.35886107,4.95,3.0,0.816496581,0,1.333333333,2.0,0,1,2.631578947,1,-1,0,0,2.0,0,2,0,2,1,1,0,0,1,0,0,0,1,0,0,1,0,0,0,1
19,1,0,4663,13.3,1,2,4,4,4,3,41,0,0,1,5,6,8,3,12,0,0,0.0,1,1.0,4663.0,0.149671053,6.65,3.75,0.5,0,0.75,3.0,0,1,2.5,0,-1,0,0,6.0,1,2,0,2,0,1,0,1,0,0,0,0,1,0,0,0,0,0,1,1
30,4,0,9028,14.2,2,3,3,3,1,4,28,0,1,25,98,9,8,2,3,0,0,0.0,1,2.0,4514.0,0.643715342,2.84,2.75,1.258305739,0,1.125,1.8,0,1,3.769230769,1,1,0,1,0.6,0,1,0,3,1,0,0,0,0,0,0,1,1,0,1,0,0,0,1,1
36,18,18,18940,16.4,5,3,2,4,4,3,3,0,0,9,15,5,5,2,5,1,0,0.947368421,0,3.6,3788.0,0.995559503,0.863157895,3.25,0.957427108,0,1.0,0.263157895,1,2,1.5,0,1,0,1,0.263157895,0,1,0,3,1,0,1,0,0,0,0,0,0,0,0,1,0,0,0,0
39,3,1,7704,8.9,2,3,3,3,1,3,52,0,0,24,64,3,2,4,8,0,0,0.25,1,1.5,3852.0,0.590266223,2.225,2.5,1.0,0,1.5,0.75,1,2,2.56,1,-1,0,0,2.0,1,2,0,3,1,1,0,0,0,0,1,0,1,0,0,1,0,0,0,0
30,2,2,7497,13.9,1,3,3,1,3,3,10,0,0,25,76,2,13,3,2,0,0,0.666666667,0,2.0,7497.0,0.316385435,4.633333333,2.5,1.0,0,0.153846154,0.666666667,1,1,2.923076923,1,0,0,0,0.666666667,0,2,0,4,0,0,1,0,0,0,0,0,1,0,1,0,0,0,0,0
42,1,1,3924,22.7,1,3,3,5,4,2,56,0,1,16,69,8,13,3,5,0,0,0.5,0,1.0,3924.0,0.076480263,11.35,3.5,1.290994449,0,0.615384615,4.0,2,3,4.058823529,1,0,0,0,2.5,0,2,0,2,1,0,1,1,0,0,0,0,1,0,0,1,0,0,1,0
40,7,5,9495,8.6,1,3,1,4,1,5,17,0,0,8,11,7,4,3,1,0,0,0.625,1,7.0,9495.0,0.601687389,1.075,2.75,2.061552813,0,1.75,0.875,1,2,1.222222222,0,0,0,0,0.125,0,1,0,4,0,1,0,0,0,0,0,0,1,0,0,1,0,0,1,1
40,11,4,14692,19.5,4,4,4,3,1,4,34,0,1,10,31,3,11,3,7,1,0,0.333333333,1,2.75,3673.0,0.988384956,1.625,3.0,1.414213562,0,0.272727273,0.25,2,2,2.818181818,0,1,1,1,0.583333333,0,1,0,3,0,1,0,0,0,1,0,0,0,0,0,1,0,0,0,0
37,2,1,6612,10.2,2,2,2,3,2,5,46,1,1,14,37,1,8,4,10,0,0,0.333333333,1,1.0,3306.0,0.282655576,3.4,3.0,1.414213562,0,0.125,0.333333333,0,2,2.466666667,0,-2,0,0,3.333333333,1,2,0,2,0,1,0,0,0,0,0,1,1,0,0,1,0,0,1,1
42,4,3,5681,16.8,2,4,2,1,4,4,20,0,0,13,39,6,2,4,2,0,0,0.6,1,2.0,2840.5,0.3046875,3.36,2.75,1.5,0,3.0,1.2,1,2,2.785714286,0,0,1,0,0.4,0,1,0,1,0,1,0,1,0,0,0,0,1,0,0,1,0,0,1,1
38,4,1,8650,13.7,3,3,2,3,3,4,1,1,0,1,5,4,8,4,10,1,0,0.2,1,1.333333333,2883.333333,0.722129784,2.74,3.0,0.816496581,0,0.5,0.8,1,3,2.5,0,-1,0,0,2.0,1,1,0,3,1,0,1,0,0,0,1,0,1,0,0,1,0,0,0,0
27,2,1,10501,19.5,2,4,3,3,3,4,0,1,1,3,12,6,9,3,9,0,0,0.333333333,1,1.0,5250.5,0.622115857,6.5,3.25,0.5,0,0.666666667,2.0,0,3,3.0,0,1,1,1,3.0,1,1,0,3,0,1,0,0,1,0,0,0,1,0,1,0,0,0,0,0
28,2,0,8371,16.3,2,3,4,2,4,4,23,1,0,27,119,6,6,5,3,0,0,0.0,1,1.0,4185.5,0.351006382,5.433333333,3.5,1.0,0,1.0,2.0,2,5,4.25,1,-2,0,0,1.0,0,2,0,2,0,1,0,0,1,0,0,0,1,0,1,0,0,0,0,0
31,0,0,7707,17.7,2,4,5,2,3,3,61,0,1,20,76,5,10,3,1,0,0,0.0,0,0.0,3853.5,0.257977418,17.7,3.25,1.258305739,0,0.5,5.0,1,1,3.619047619,1,1,1,1,1.0,0,2,0,2,0,0,1,0,1,0,0,0,1,0,1,0,0,0,1,1
37,10,2,12665,22.2,4,5,3,4,2,4,41,0,0,34,85,7,8,3,3,1,0,0.181818182,1,2.5,3166.25,0.871447602,2.018181818,3.25,0.957427108,0,0.875,0.636363636,2,3,2.428571429,1,2,1,1,0.272727273,0,1,0,2,1,1,0,0,0,0,0,0,1,0,0,1,0,0,0,0
41,0,0,5165,16.7,1,3,3,4,4,3,57,1,1,11,42,2,7,4,8,1,0,0.0,0,0.0,5165.0,0.170965058,16.7,3.5,0.577350269,0,0.285714286,2.0,0,2,3.5,0,-1,0,0,8.0,1,2,0,3,0,0,1,0,0,0,1,0,1,0,0,1,0,0,1,1
32,1,0,5231,13.2,1,3,1,3,3,3,43,1,0,8,43,5,9,3,10,0,0,0.0,1,1.0,5231.0,0.139933628,6.6,2.5,1.0,0,0.555555556,2.5,1,4,4.777777778,0,0,0,0,5.0,1,2,0,3,1,0,1,0,0,1,0,0,0,0,1,0,0,0,0,0
51,3,2,7713,13.6,3,4,5,3,2,4,38,0,0,35,99,5,15,1,3,1,1,0.5,1,1.0,2571.0,0.346580817,3.4,3.5,1.290994449,0,0.333333333,1.25,1,1,2.75,1,3,1,1,0.75,0,2,0,1,1,0,1,0,0,0,0,0,1,0,0,0,1,0,1,0
28,1,0,7000,15.1,3,3,1,2,3,2,29,1,0,5,11,2,12,2,5,1,0,0.0,1,0.333333333,2333.333333,0.335027726,7.55,2.0,0.816496581,1,0.166666667,1.0,0,2,1.833333333,0,1,0,1,2.5,0,2,1,1,0,1,0,0,0,0,0,1,0,1,1,0,0,0,1,0
54,1,0,9871,19.5,2,4,3,4,4,5,36,0,0,20,36,3,11,3,7,0,1,0.0,1,0.5,4935.5,0.548600884,9.75,4.0,0.816496581,0,0.272727273,1.5,1,1,1.714285714,0,1,1,1,3.5,0,0,0,3,0,1,0,0,1,0,0,0,1,0,0,0,1,0,0,0
38,3,1,10185,15.1,2,3,4,3,3,3,13,0,0,17,61,3,2,3,4,1,0,0.25,1,1.5,5092.5,0.687611012,3.775,3.25,0.5,0,1.5,0.75,1,2,3.388888889,1,0,0,0,1.0,0,1,0,3,1,0,1,0,0,0,0,0,1,0,0,1,0,0,0,0
34,0,0,8232,9.1,2,3,3,3,4,2,21,0,0,16,40,5,12,3,5,0,0,0.0,0,0.0,4116.0,0.725740132,9.1,3.0,0.816496581,0,0.416666667,5.0,1,1,2.352941176,0,0,0,0,5.0,0,0,0,4,0,0,1,1,0,0,0,0,1,0,1,0,0,0,0,0
37,14,9,13563,5.3,5,2,2,5,3,3,34,0,0,2,6,11,10,5,3,1,0,0.6,1,2.8,2712.6,0.911412078,0.353333333,3.25,1.258305739,0,1.1,0.733333333,1,2,2.0,0,-3,0,0,0.2,0,1,0,2,0,1,0,0,0,0,0,0,1,0,0,1,0,0,1,1
48,2,1,7039,17.8,2,3,2,5,4,3,51,1,0,12,38,4,5,5,8,0,0,0.333333333,1,1.0,3519.5,0.409845133,5.933333333,3.5,1.290994449,0,0.8,1.333333333,1,4,2.923076923,0,-2,0,0,2.666666667,1,2,0,1,0,1,0,0,0,1,0,0,1,0,0,0,1,0,0,1
44,4,3,8723,18.3,3,5,3,1,3,3,33,0,0,16,54,6,13,4,4,1,0,0.6,1,1.333333333,2907.666667,0.669247788,3.66,2.5,1.0,0,0.461538462,1.2,1,1,3.176470588,0,1,1,1,0.8,0,0,0,2,0,1,0,0,0,1,0,0,0,1,0,1,0,0,0,0
38,6,1,7896,14.9,3,4,2,5,4,1,69,0,0,6,23,2,9,2,6,1,0,0.142857143,1,2.0,2632.0,0.620840266,2.128571429,3.0,1.825741858,0,0.222222222,0.285714286,1,1,3.285714286,0,2,1,1,0.857142857,0,0,0,1,1,1,0,0,0,0,1,0,0,1,0,1,0,0,0,0
24,6,3,13709,15.8,5,3,4,2,1,4,38,1,0,6,22,7,10,3,7,1,0,0.428571429,1,1.2,2741.8,0.982529118,2.257142857,2.75,1.5,0,0.7,1.0,2,5,3.142857143,0,0,0,0,1.0,0,0,0,3,0,1,0,0,0,0,1,0,1,0,0,0,0,0,0,0
47,1,1,9298,12.0,3,3,3,1,5,1,26,0,1,10,41,2,2,5,3,1,0,0.5,0,0.333333333,3099.333333,0.678065311,6.0,2.5,1.914854216,0,1.0,1.0,0,1,3.727272727,0,-2,0,0,1.5,0,0,0,2,0,0,1,0,0,0,0,1,1,0,0,0,1,0,0,0
37,11,8,16858,13.9,5,2,3,2,3,3,30,1,1,16,65,5,13,4,9,1,0,0.666666667,1,2.2,3371.6,0.980905861,1.158333333,2.75,0.5,0,0.384615385,0.416666667,1,3,3.823529412,1,-2,0,0,0.75,1,3,0,3,0,1,0,0,0,0,0,0,1,0,0,1,0,0,1,0
42,0,0,4448,16.7,2,3,3,5,3,2,67,1,1,12,41,3,7,4,6,1,0,0.0,0,0.0,2224.0,0.082362729,16.7,3.25,1.258305739,0,0.428571429,3.0,0,2,3.153846154,0,-1,0,0,6.0,0,1,0,1,1,1,0,0,0,0,1,0,1,0,0,1,0,0,1,1
18,0,0,2764,13.6,2,2,3,4,1,3,17,1,0,10,39,6,10,3,5,1,0,0.0,0,0.0,1382.0,0.011513158,13.6,2.75,1.258305739,0,0.6,6.0,1,4,3.545454545,0,-1,0,0,5.0,0,1,0,1,0,1,0,1,0,0,0,0,1,0,0,0,0,0,1,1
56,1,0,9161,15.4,2,4,5,2,4,4,20,0,0,19,72,1,7,4,6,0,1,0.0,1,0.5,4580.5,0.460235641,7.7,3.75,1.258305739,0,0.142857143,0.5,0,0,3.6,1,0,1,0,3.0,0,2,0,2,1,1,0,0,1,0,0,0,0,0,0,0,0,1,0,0
43,1,0,4382,15.2,1,4,4,5,3,3,12,0,0,17,50,2,4,2,6,0,0,0.0,1,1.0,4382.0,0.040203327,7.6,3.75,0.957427108,0,0.5,1.0,1,1,2.777777778,0,2,1,1,3.0,0,1,0,1,0,0,1,0,0,0,0,1,1,0,0,1,0,0,1,1
31,4,1,7248,12.2,3,3,2,3,2,4,39,0,1,19,51,3,9,5,5,1,0,0.2,1,1.333333333,2416.0,0.286856128,2.44,2.75,0.957427108,0,0.333333333,0.6,0,0,2.55,0,-2,0,0,1.0,0,1,0,1,0,1,0,0,0,0,0,0,1,0,1,0,0,0,1,1
24,0,0,9872,14.8,3,3,2,2,4,1,24,0,1,4,19,3,7,3,8,1,0,0.0,0,0.0,3290.666667,0.548846343,14.8,2.25,1.258305739,1,0.428571429,3.0,1,1,3.8,0,0,0,0,8.0,1,2,0,2,0,0,0,0,1,0,0,0,0,0,0,0,0,0,0,0
41,1,0,6840,11.8,1,3,3,2,4,3,31,1,1,14,52,6,12,3,9,0,0,0.0,1,1.0,6840.0,0.152675503,5.9,3.0,0.816496581,0,0.5,3.0,1,3,3.466666667,0,0,0,0,4.5,1,2,0,2,0,1,0,0,1,0,0,0,1,0,0,1,0,0,0,0
40,4,2,12236,17.8,3,4,4,3,4,4,23,0,1,16,58,1,10,3,7,1,0,0.4,1,1.333333333,4078.666667,0.844138544,3.56,3.75,0.5,0,0.1,0.2,1,1,3.411764706,0,1,1,1,1.4,0,0,0,2,1,1,0,0,0,0,0,0,0,1,0,1,0,0,0,0
31,1,1,8038,19.7,2,4,4,4,5,3,8,0,1,12,32,2,10,4,9,0,0,0.5,0,0.5,4019.0,0.579646018,9.85,4.0,0.816496581,0,0.2,1.0,1,1,2.461538462,0,0,1,0,4.5,1,1,0,2,0,0,1,0,0,1,0,0,1,0,1,0,0,0,0,0
43,1,1,5812,21.3,1,4,4,1,3,1,18,0,1,17,41,3,12,5,7,0,0,0.5,0,1.0,5812.0,0.277246256,10.65,2.25,1.5,1,0.25,1.5,1,1,2.277777778,0,-1,1,0,3.5,0,2,0,3,1,0,1,0,0,0,1,0,1,0,0,1,0,0,1,0
26,1,1,7834,12.1,1,3,5,2,3,4,48,0,1,9,21,6,11,1,7,0,0,0.5,0,1.0,7834.0,0.273932253,6.05,3.5,1.290994449,0,0.545454545,3.0,0,1,2.1,0,2,0,1,3.5,0,1,0,1,0,0,1,0,1,0,0,0,1,0,1,0,0,0,1,1
34,1,1,6520,12.2,2,2,4,4,5,1,66,1,1,12,42,8,7,2,7,0,0,0.5,0,0.5,3260.0,0.270486753,6.1,3.5,1.732050808,0,1.142857143,4.0,1,4,3.230769231,0,0,0,0,3.5,0,1,0,2,1,1,0,0,0,0,0,1,1,0,1,0,0,0,1,1
45,7,1,10308,11.9,4,1,3,3,5,4,50,0,0,11,27,2,4,5,1,1,0,0.125,1,1.75,2577.0,0.864808652,1.4875,3.75,0.957427108,0,0.5,0.25,1,1,2.25,0,-4,0,0,0.125,0,0,0,2,1,1,0,0,0,0,1,0,1,0,0,0,1,0,0,0
35,0,0,10804,16.5,3,5,2,3,3,5,19,0,0,10,43,2,9,3,5,1,0,0.0,0,0.0,3601.333333,0.826555761,16.5,3.25,1.258305739,0,0.222222222,2.0,1,1,3.909090909,0,2,1,1,5.0,0,0,0,2,0,1,0,0,0,0,0,1,1,0,0,1,0,0,0,0
34,0,0,8428,16.6,2,4,1,3,3,4,75,0,1,10,31,7,7,4,5,0,0,0.0,0,0.0,4214.0,0.635785398,16.6,2.75,1.258305739,0,1.0,7.0,1,2,2.818181818,0,0,1,0,5.0,0,0,0,4,1,0,1,0,0,1,0,0,1,0,1,0,0,0,0,0
28,2,0,7504,14.9,2,3,4,4,4,4,31,0,0,14,56,8,9,3,7,0,0,0.0,1,1.0,3752.0,0.424368453,4.966666667,4.0,0.0,0,0.888888889,2.666666667,2,3,3.733333333,0,0,0,0,2.333333333,0,1,0,3,0,0,1,0,0,0,0,1,1,0,1,0,0,0,0,1
43,9,2,13214,17.6,4,4,4,3,3,4,44,0,1,16,25,4,7,4,4,1,0,0.2,1,2.25,3303.5,0.898756661,1.76,3.5,0.577350269,0,0.571428571,0.4,1,2,1.470588235,0,0,1,0,0.4,0,0,0,2,0,1,0,0,0,0,0,0,1,0,0,1,0,0,0,0
53,1,0,3808,18.3,1,4,4,3,5,5,39,0,1,14,44,5,13,3,4,0,1,0.0,1,1.0,3808.0,0.027654867,9.15,4.25,0.957427108,0,0.384615385,2.5,1,1,2.933333333,0,1,1,1,2.0,0,1,0,2,0,1,0,0,0,1,0,0,1,0,0,0,1,0,0,0
60,14,11,12768,9.8,5,3,4,5,4,3,19,1,1,25,90,6,10,3,7,1,1,0.733333333,1,2.8,2553.6,0.823760432,0.653333333,4.0,0.816496581,0,0.6,0.4,1,4,3.461538462,1,0,0,0,0.466666667,0,2,0,1,1,0,1,0,1,0,0,0,0,0,0,0,0,1,0,0
36,4,4,5931,15.3,2,2,4,3,5,2,30,0,0,14,54,3,7,3,4,0,0,0.8,0,2.0,2965.5,0.298252912,3.06,3.5,1.290994449,0,0.428571429,0.6,0,0,3.6,0,-1,0,0,0.8,0,2,0,1,0,1,0,0,0,0,1,0,1,0,0,1,0,0,1,1
30,4,3,9182,20.6,2,4,3,3,3,2,53,0,1,4,19,3,3,1,9,0,0,0.6,1,2.0,4591.0,0.662661738,4.12,2.75,0.5,0,1.0,0.6,1,2,3.8,0,3,1,1,1.8,1,1,0,4,1,1,0,0,0,0,0,1,1,0,1,0,0,0,1,1
23,0,0,5581,17.0,1,4,2,3,5,3,50,0,0,12,32,5,3,2,3,0,0,0.0,0,0.0,5581.0,0.146950092,17.0,3.25,1.258305739,0,1.666666667,5.0,2,3,2.461538462,0,2,1,1,3.0,0,1,0,2,1,0,0,0,0,0,0,1,0,0,0,0,0,0,0,0
48,3,0,3014,14.5,1,3,3,3,4,4,21,0,0,23,107,3,2,3,6,0,0,0.0,1,3.0,3014.0,0.020559211,3.625,3.5,0.577350269,0,1.5,0.75,2,3,4.458333333,1,0,0,0,1.5,0,2,0,2,0,0,0,1,0,0,0,0,1,0,0,0,1,0,0,1
25,0,0,5739,17.5,1,5,3,2,4,2,33,1,1,18,37,3,2,4,5,0,0,0.0,0,0.0,5739.0,0.058419244,17.5,2.75,0.957427108,0,1.5,3.0,1,4,1.947368421,0,1,1,1,5.0,0,1,0,1,0,1,0,0,1,0,0,0,1,0,1,0,0,0,0,1
19,1,1,4564,10.3,1,2,4,1,3,3,51,1,1,9,28,3,13,3,3,0,0,0.5,0,1.0,4564.0,0.136513158,5.15,2.75,1.258305739,0,0.230769231,1.5,0,2,2.8,0,-1,0,0,1.5,0,1,0,3,1,0,1,1,0,0,0,0,0,0,0,0,0,0,1,1
39,7,3,14223,14.7,3,3,1,3,4,5,19,0,0,11,47,4,7,4,4,1,0,0.375,1,2.333333333,4741.0,0.896170839,1.8375,3.25,1.707825128,0,0.571428571,0.5,1,2,3.916666667,0,-1,0,0,0.5,0,0,0,3,0,0,1,0,1,0,0,0,0,0,0,1,0,0,0,0
36,0,0,3206,12.1,1,4,5,4,2,4,31,0,1,29,76,2,9,5,6,0,0,0.0,0,0.0,3206.0,0.005237215,12.1,3.75,1.258305739,0,0.222222222,2.0,1,1,2.533333333,1,-1,1,0,6.0,0,2,0,1,1,1,0,0,0,0,0,1,1,0,0,1,0,0,1,0
55,16,7,9928,17.5,5,5,2,2,5,4,30,0,1,13,38,4,11,2,3,1,1,0.411764706,1,3.2,1985.6,0.875,1.029411765,3.25,1.5,0,0.363636364,0.235294118,0,0,2.714285714,0,3,1,1,0.176470588,0,1,0,1,1,1,0,1,0,0,0,0,1,0,0,0,0,1,0,0
45,3,0,9495,19.1,2,5,4,4,3,3,52,0,0,8,29,2,7,2,8,0,0,0.0,1,1.5,4747.5,0.498281787,4.775,3.5,0.577350269,0,0.285714286,0.5,0,0,3.222222222,0,3,1,1,2.0,1,2,0,2,0,0,1,0,1,0,0,0,1,0,0,0,1,0,0,1
38,5,5,7866,15.0,2,5,4,3,5,2,57,1,1,4,13,5,2,5,6,0,0,0.833333333,0,2.5,3933.0,0.369449378,2.5,3.5,1.290994449,0,2.5,0.833333333,2,5,2.6,0,0,1,0,1.0,0,2,0,1,1,1,0,0,0,0,0,0,1,0,0,1,0,0,1,1
47,20,18,18271,15.1,5,3,3,3,5,1,59,1,0,6,21,1,6,4,7,1,0,0.857142857,1,4.0,3654.2,0.982326951,0.719047619,3.0,1.632993162,0,0.166666667,0.047619048,0,2,3.0,0,-1,0,0,0.333333333,0,1,0,2,1,0,1,0,1,0,0,0,1,0,0,0,1,0,0,0
30,12,6,12343,16.1,4,3,3,2,3,4,13,0,1,12,41,6,14,3,6,1,0,0.461538462,1,3.0,3085.75,0.906654344,1.238461538,3.0,0.816496581,0,0.428571429,0.461538462,0,0,3.153846154,0,0,0,0,0.461538462,0,1,0,3,1,1,0,0,0,0,0,1,1,0,1,0,0,0,0,0
36,9,3,10800,13.9,4,3,4,3,3,3,55,0,0,18,49,5,11,4,4,1,0,0.3,1,2.25,2700.0,0.744671403,1.39,3.25,0.5,0,0.454545455,0.5,2,2,2.578947368,0,-1,0,0,0.4,0,0,0,1,1,0,0,0,0,0,0,0,1,0,0,1,0,0,0,0
34,0,0,5062,15.4,1,3,3,4,3,1,33,0,0,9,37,2,8,4,9,0,0,0.0,0,0.0,5062.0,0.024054983,15.4,2.75,1.258305739,0,0.25,2.0,1,1,3.7,0,-1,0,0,9.0,1,2,0,1,0,1,0,0,1,0,0,0,1,0,1,0,0,0,1,1
30,5,2,10127,20.6,4,2,3,4,2,2,56,1,0,15,52,8,5,3,11,1,0,0.333333333,1,1.25,2531.75,0.766481824,3.433333333,2.75,0.957427108,0,1.6,1.333333333,1,4,3.25,0,-1,0,0,1.833333333,1,1,0,2,0,1,0,0,0,0,0,1,1,0,1,0,0,0,0,0
26,3,0,12875,11.4,3,3,3,3,5,4,0,0,0,8,25,4,11,4,5,1,0,0.0,1,1.0,4291.666667,0.830633284,2.85,3.75,0.957427108,0,0.363636364,1.0,0,0,2.777777778,0,-1,0,0,1.25,0,0,0,2,1,0,0,0,1,0,0,0,1,0,1,0,0,0,0,0
36,7,0,7337,10.3,2,2,4,4,3,1,64,0,1,11,37,5,13,3,6,0,0,0.0,1,3.5,3668.5,0.465154867,1.2875,3.0,1.414213562,0,0.384615385,0.625,1,1,3.083333333,0,-1,0,0,0.75,0,1,0,1,0,0,1,0,0,1,0,0,1,0,0,1,0,0,1,1
37,2,2,6625,15.5,2,2,2,5,3,4,64,1,1,17,40,6,3,2,8,0,0,0.666666667,0,1.0,3312.5,0.479851974,5.166666667,3.5,1.290994449,0,2.0,2.0,2,5,2.222222222,0,0,0,0,2.666666667,1,2,0,3,0,0,1,1,0,0,0,0,1,0,0,1,0,0,1,1
34,4,1,4865,15.5,2,3,3,4,3,3,45,1,0,23,52,5,3,4,8,0,0,0.2,1,2.0,2432.5,0.177631579,3.1,3.25,0.5,0,1.666666667,1.0,1,4,2.166666667,0,-1,0,0,1.6,1,2,0,2,0,0,1,1,0,0,0,0,1,0,1,0,0,0,1,1
34,2,1,9138,16.4,1,5,4,4,3,3,46,0,1,9,23,3,18,2,2,0,0,0.333333333,1,2.0,9138.0,0.457412862,5.466666667,3.5,0.577350269,0,0.166666667,1.0,2,2,2.3,0,3,1,1,0.666666667,0,1,0,2,0,0,0,0,1,0,0,0,1,0,1,0,0,0,0,0
38,2,0,7448,16.6,2,3,3,3,3,3,21,0,0,8,27,2,2,2,4,0,0,0.0,1,1.0,3724.0,0.226313206,5.533333333,3.0,0.0,0,1.0,0.666666667,2,3,3.0,0,1,0,1,1.333333333,0,1,0,2,1,1,0,0,1,0,0,0,0,1,0,1,0,0,1,1
46,19,4,15677,15.4,5,4,4,1,3,3,27,0,1,5,17,3,13,4,5,1,0,0.2,1,3.8,3135.4,0.993915929,0.77,2.75,1.258305739,0,0.230769231,0.15,1,1,2.833333333,0,0,1,0,0.25,0,0,0,3,1,0,1,0,0,1,0,0,0,1,0,0,1,0,0,0
38,4,2,12512,18.5,3,4,3,3,3,3,16,0,0,2,6,2,9,3,6,1,0,0.4,1,1.333333333,4170.666667,0.947455752,3.7,3.0,0.0,0,0.222222222,0.4,0,0,2.0,0,1,1,1,1.2,0,0,0,4,1,0,1,0,0,1,0,0,1,0,0,1,0,0,0,0
47,11,0,8936,13.9,2,3,4,5,1,4,12,1,1,12,47,4,19,5,7,1,0,0.0,1,5.5,4468.0,0.695243363,1.158333333,3.5,1.732050808,0,0.210526316,0.333333333,1,3,3.615384615,0,-2,0,0,0.583333333,0,0,0,3,0,1,0,0,0,1,0,0,1,0,0,0,1,0,1,1
42,6,1,12226,13.0,3,4,1,1,4,3,66,0,1,32,100,5,8,3,4,1,0,0.142857143,1,2.0,4075.333333,0.789396171,1.857142857,2.25,1.5,1,0.625,0.714285714,1,2,3.03030303,1,1,1,1,0.571428571,0,2,0,2,1,0,0,0,1,0,0,0,1,0,0,1,0,0,0,0
28,6,5,8642,10.9,2,4,1,2,3,3,55,0,0,11,28,3,11,3,3,0,0,0.714285714,1,3.0,4321.0,0.658185841,1.557142857,2.25,0.957427108,1,0.272727273,0.428571429,1,1,2.333333333,0,1,1,1,0.428571429,0,1,0,1,1,0,1,0,0,1,0,0,1,0,1,0,0,0,1,1
43,6,5,6783,13.2,2,4,4,3,3,3,81,0,0,18,74,5,9,2,7,0,0,0.714285714,1,3.0,3391.5,0.430532446,1.885714286,3.25,0.5,0,0.555555556,0.714285714,0,1,3.894736842,1,2,1,1,1.0,0,3,0,2,0,0,0,0,0,0,1,0,1,0,0,1,0,0,1,1
40,0,0,7004,15.1,2,3,3,3,3,4,52,1,0,1,5,6,6,3,8,0,0,0.0,0,0.0,3502.0,0.551809211,15.1,3.25,0.5,0,1.0,6.0,1,4,2.5,0,0,0,0,8.0,1,1,0,2,1,1,0,1,0,0,0,0,1,0,0,1,0,0,0,0
51,1,0,8069,16.5,1,4,3,4,3,2,58,0,1,18,56,4,10,4,7,0,1,0.0,1,1.0,8069.0,0.307682867,8.25,3.0,0.816496581,0,0.4,2.0,2,2,2.947368421,0,0,1,0,3.5,0,1,0,3,0,0,1,0,1,0,0,0,1,0,0,0,1,0,0,0
33,4,2,7643,12.6,2,3,4,4,4,3,19,0,1,10,36,4,6,4,12,0,0,0.4,1,2.0,3821.5,0.581530782,2.52,3.75,0.5,0,0.666666667,0.8,0,1,3.272727273,0,-1,0,0,2.4,1,1,0,3,0,0,1,0,0,0,1,0,0,1,1,0,0,0,1,1
31,0,0,4296,6.9,2,2,4,2,2,4,17,1,1,11,40,3,9,3,4,0,0,0.0,0,0.0,2148.0,0.06655574,6.9,3.0,1.154700538,0,0.333333333,3.0,1,3,3.333333333,0,-1,0,0,4.0,0,1,0,2,1,1,0,0,0,0,1,0,1,0,1,0,0,0,1,1
44,5,0,8058,13.6,2,5,2,2,1,2,24,0,0,8,24,4,11,4,2,0,0,0.0,1,2.5,4029.0,0.306578301,2.266666667,1.75,0.5,1,0.363636364,0.666666667,1,1,2.666666667,0,1,1,1,0.333333333,0,2,0,1,0,1,0,0,1,0,0,0,0,0,0,1,0,0,1,1
40,6,4,10597,15.2,3,4,3,4,5,3,41,0,1,29,120,4,9,2,9,1,0,0.571428571,1,2.0,3532.333333,0.730461812,2.171428571,3.75,0.957427108,0,0.444444444,0.571428571,1,1,4.0,1,2,1,1,1.285714286,1,3,0,3,0,0,1,0,0,0,0,0,1,0,0,1,0,0,0,0
29,2,2,8861,17.7,1,4,2,4,2,3,42,0,0,21,72,3,9,3,5,0,0,0.666666667,0,2.0,8861.0,0.517095915,5.9,2.75,0.957427108,0,0.333333333,1.0,0,0,3.272727273,1,1,1,1,1.666666667,0,1,0,3,0,1,0,0,0,0,0,0,1,0,1,0,0,0,0,0
37,3,2,8337,12.6,2,3,4,3,3,2,25,1,0,16,55,3,4,3,10,0,0,0.5,1,1.5,4168.5,0.622787611,3.15,3.0,0.816496581,0,0.75,0.75,0,3,3.235294118,0,0,0,0,2.5,1,1,0,2,1,0,1,0,0,1,0,0,1,0,0,1,0,0,0,0
38,4,4,7589,19.9,2,3,3,2,4,3,41,1,0,8,34,8,9,3,10,0,0,0.8,0,2.0,3794.5,0.244845361,3.98,3.0,0.816496581,0,0.888888889,1.6,1,4,3.777777778,0,0,0,0,2.0,1,3,0,1,1,1,0,0,1,0,0,0,0,1,0,1,0,0,1,1
27,4,4,8275,18.4,2,2,3,1,3,4,42,1,1,7,21,7,8,4,10,0,0,0.8,0,2.0,4137.5,0.432282416,3.68,2.75,1.258305739,0,0.875,1.4,1,4,2.625,0,-2,0,0,2.0,1,3,0,3,0,0,1,0,0,0,0,0,1,0,1,0,0,0,1,1
24,3,1,4898,14.9,2,3,5,2,2,4,26,1,0,46,150,5,13,3,5,0,0,0.25,1,1.5,2449.0,0.129783694,3.725,3.25,1.5,0,0.384615385,1.25,1,3,3.191489362,1,0,0,0,1.25,0,2,0,1,0,1,0,0,0,0,1,0,1,0,0,0,0,0,0,1
32,3,1,6728,20.4,2,4,3,4,2,3,7,1,1,2,5,4,6,3,7,1,0,0.25,1,1.5,3364.0,0.296364757,5.1,3.0,0.816496581,0,0.666666667,1.0,1,4,1.666666667,0,1,1,1,1.75,0,1,0,1,1,0,0,0,0,0,0,1,0,1,1,0,0,0,0,0
27,0,0,5823,17.1,1,2,1,2,3,4,23,0,1,15,52,4,9,3,5,1,0,0.0,0,0.0,5823.0,0.217367257,17.1,2.5,1.290994449,0,0.444444444,4.0,1,1,3.25,0,-1,0,0,5.0,0,1,0,3,0,1,0,0,0,1,0,0,1,0,1,0,0,0,1,1
32,1,1,10053,16.5,2,4,2,3,3,5,11,0,0,13,55,6,10,1,8,0,0,0.5,0,0.5,5026.5,0.569955817,8.25,3.25,1.258305739,0,0.6,3.0,2,3,3.928571429,0,3,1,1,4.0,1,1,0,4,0,1,0,0,1,0,0,0,1,0,1,0,0,0,0,0
45,2,0,8178,18.4,2,3,4,3,2,4,47,0,0,11,27,6,6,4,4,1,0,0.0,1,1.0,4089.0,0.525569932,6.133333333,3.25,0.957427108,0,1.0,2.0,1,2,2.25,0,-1,0,0,1.333333333,0,0,0,2,1,1,0,0,0,0,0,1,0,1,0,0,1,0,0,0
50,0,0,10628,16.1,3,3,3,2,5,5,40,0,0,11,34,7,10,3,5,1,1,0.0,0,0.0,3542.666667,0.73268206,16.1,3.75,1.5,0,0.7,7.0,0,1,2.833333333,0,0,0,0,5.0,0,0,0,3,0,0,1,0,0,0,0,0,1,0,0,0,1,0,0,0
39,6,0,10694,14.0,4,3,2,3,5,3,64,0,1,5,15,4,4,3,3,1,0,0.0,1,1.5,2673.5,0.819778189,2.0,3.25,1.258305739,0,1.0,0.571428571,1,2,2.5,0,0,0,0,0.428571429,0,0,0,2,1,0,0,0,0,0,0,1,1,0,0,1,0,0,0,0
36,1,1,4975,15.1,2,4,2,4,5,3,60,1,0,22,87,5,6,3,8,1,0,0.5,0,0.5,2487.5,0.083025262,7.55,3.5,1.290994449,0,0.833333333,2.5,2,5,3.782608696,1,1,1,1,4.0,1,3,0,1,1,0,1,0,0,0,0,1,1,0,0,1,0,0,1,0
31,13,2,10014,18.1,3,5,3,4,4,3,0,0,0,23,86,5,8,4,6,1,0,0.142857143,1,4.333333333,3338.0,0.878289474,1.292857143,3.5,0.577350269,0,0.625,0.357142857,1,2,3.583333333,1,1,1,1,0.428571429,0,1,0,2,0,1,0,1,0,0,0,0,0,0,1,0,0,0,0,0
57,13,6,14292,13.0,4,3,1,4,4,3,31,1,1,11,20,5,6,1,6,1,1,0.428571429,1,3.25,3573.0,0.899607266,0.928571429,3.0,1.414213562,0,0.833333333,0.357142857,1,4,1.666666667,0,2,0,1,0.428571429,0,1,0,2,1,1,0,0,1,0,0,0,1,0,0,0,0,1,0,0
49,9,2,11874,17.2,4,5,3,3,2,4,59,0,0,23,86,5,2,3,4,1,0,0.2,1,2.25,2968.5,0.88801602,1.72,3.0,0.816496581,0,2.5,0.5,1,2,3.583333333,1,2,1,1,0.4,0,1,0,1,1,1,0,0,0,0,0,1,1,0,0,0,1,0,0,0
38,16,12,21604,15.6,5,4,5,2,3,4,11,1,0,16,56,7,7,5,11,1,0,0.705882353,1,3.2,4320.8,1.0,0.917647059,3.5,1.290994449,0,1.0,0.411764706,1,4,3.294117647,0,-1,1,0,0.647058824,1,1,0,4,1,1,0,0,0,0,0,1,1,0,0,1,0,0,0,0
44,3,2,7965,12.7,3,3,4,3,3,3,37,0,0,6,17,6,7,3,0,1,0,0.5,1,1.0,2655.0,0.630823627,3.175,3.25,0.5,0,0.857142857,1.5,1,2,2.428571429,0,0,0,0,0.0,0,0,0,2,1,0,1,0,0,0,1,0,0,0,0,1,0,0,0,0
35,8,4,11526,10.0,3,5,2,5,3,4,13,0,0,17,61,8,14,3,2,1,0,0.444444444,1,2.666666667,3842.0,0.871842267,1.111111111,3.5,1.290994449,0,0.571428571,0.888888889,1,2,3.388888889,1,2,1,1,0.222222222,0,1,0,2,0,0,1,0,0,0,0,1,1,0,0,1,0,0,0,0
39,2,0,8212,9.0,2,3,2,4,2,3,11,1,0,14,46,3,9,4,6,0,0,0.0,1,1.0,4106.0,0.530653112,3.0,2.75,0.957427108,0,0.333333333,1.0,1,3,3.066666667,0,-1,0,0,2.0,0,0,0,2,1,0,1,0,0,0,0,1,1,0,0,1,0,0,0,0
42,3,2,8799,14.4,3,3,2,4,4,5,57,0,0,19,66,5,6,4,6,1,0,0.5,1,1.0,2933.0,0.677820796,3.6,3.75,1.258305739,0,0.833333333,1.25,1,2,3.3,1,-1,0,0,1.5,0,1,0,2,0,1,0,0,0,1,0,0,0,0,0,1,0,0,0,0
36,0,0,6247,12.4,1,3,3,2,1,4,40,0,1,16,64,3,10,5,5,1,0,0.0,0,0.0,6247.0,0.094992636,12.4,2.5,1.290994449,0,0.3,3.0,1,1,3.764705882,1,-2,0,0,5.0,0,2,0,2,0,1,0,0,1,0,0,0,1,0,0,1,0,0,0,0
42,2,1,7267,12.0,2,1,3,2,4,3,9,0,1,8,29,4,3,5,4,0,0,0.333333333,1,1.0,3633.5,0.597039474,4.0,3.0,0.816496581,0,1.333333333,1.333333333,1,2,3.222222222,0,-4,0,0,1.333333333,0,0,0,2,1,0,1,1,0,0,0,0,1,0,0,1,0,0,1,1
22,3,0,6914,15.5,2,3,2,3,4,3,42,0,1,15,50,6,2,3,3,0,0,0.0,1,1.5,3457.0,0.460898502,3.875,3.0,0.816496581,0,3.0,1.5,1,2,3.125,0,0,0,0,0.75,0,1,0,2,1,0,0,0,0,0,1,0,1,0,0,0,0,0,0,1
34,2,2,7638,13.5,2,3,3,5,1,3,35,0,0,4,15,2,6,1,4,0,0,0.666666667,0,1.0,3819.0,0.448398028,4.5,3.0,1.632993162,0,0.333333333,0.666666667,2,2,3.0,0,2,0,1,1.333333333,0,1,0,3,0,0,1,0,0,0,0,1,1,0,1,0,0,0,0,1
37,8,6,11140,20.8,3,5,3,3,3,2,37,1,1,23,83,4,8,2,6,1,0,0.666666667,1,2.666666667,3713.333333,0.913061564,2.311111111,2.75,0.5,0,0.5,0.444444444,2,4,3.458333333,1,3,1,1,0.666666667,0,1,0,3,1,0,1,0,0,0,1,0,1,0,0,1,0,0,0,0
56,5,3,5140,10.8,1,2,2,3,4,4,42,0,1,9,29,5,2,3,5,0,1,0.5,1,5.0,5140.0,0.166597338,1.8,3.25,0.957427108,0,2.5,0.833333333,0,1,2.9,0,-1,0,0,0.833333333,0,1,0,2,0,1,0,0,0,0,1,0,1,0,0,0,0,1,1,1
30,4,2,9288,16.6,2,3,3,4,5,4,27,0,1,24,71,4,18,4,5,0,0,0.4,1,2.0,4644.0,0.474472263,3.32,4.0,0.816496581,0,0.222222222,0.8,1,1,2.84,1,-1,0,0,1.0,0,2,0,3,0,0,1,0,1,0,0,0,1,0,1,0,0,0,1,1
33,5,5,7307,11.5,3,3,4,2,4,3,24,0,1,17,47,9,10,2,7,1,0,0.833333333,0,1.666666667,2435.666667,0.524750416,1.916666667,3.25,0.957427108,0,0.9,1.5,0,1,2.611111111,0,1,0,1,1.166666667,0,1,0,2,1,0,1,0,0,0,1,0,1,0,1,0,0,0,0,0
35,0,0,8620,12.1,3,3,3,4,4,3,69,0,0,51,150,3,4,5,10,1,0,0.0,0,0.0,2873.333333,0.486234458,12.1,3.5,0.577350269,0,0.75,3.0,1,2,2.884615385,1,-2,0,0,10.0,1,3,0,1,1,1,0,0,0,0,0,0,1,0,0,1,0,0,1,1
46,2,0,10266,8.2,3,4,3,2,5,2,23,0,0,16,30,3,7,2,4,1,0,0.0,1,0.666666667,3422.0,0.694937833,2.733333333,3.0,1.414213562,0,0.428571429,1.0,1,1,1.764705882,0,2,1,1,1.333333333,0,0,0,2,1,1,0,0,0,0,0,0,1,0,0,0,1,0,0,0
18,0,0,6258,11.2,1,2,2,4,3,3,30,1,0,4,18,5,9,1,3,0,0,0.0,0,0.0,6258.0,0.15785968,11.2,3.0,0.816496581,0,0.555555556,5.0,0,3,3.6,0,1,0,1,3.0,0,1,0,2,1,0,1,0,0,0,0,0,1,0,0,0,0,0,1,1
42,5,4,8755,16.5,2,4,1,3,4,3,39,1,0,11,15,5,10,3,10,0,0,0.666666667,1,2.5,4377.5,0.404761905,2.75,2.75,1.258305739,0,0.5,0.833333333,1,3,1.25,0,1,1,1,1.666666667,1,2,0,1,0,0,1,0,1,0,0,0,1,0,0,1,0,0,1,1
20,2,1,5850,11.7,1,3,3,3,3,2,57,1,0,32,88,6,9,5,15,0,0,0.333333333,1,2.0,5850.0,0.282445923,3.9,2.75,0.5,0,0.666666667,2.0,2,5,2.666666667,1,-2,0,0,5.0,1,3,0,3,1,0,1,0,0,0,1,0,1,0,0,0,0,0,0,1
26,5,3,9184,14.9,2,3,2,3,3,2,11,0,0,17,39,4,9,3,2,0,0,0.5,1,2.5,4592.0,0.560834813,2.483333333,2.5,0.577350269,0,0.444444444,0.666666667,2,2,2.166666667,0,0,0,0,0.333333333,0,0,0,2,0,1,0,0,0,0,0,0,1,0,1,0,0,0,1,1
42,9,7,11339,12.2,3,3,4,5,3,4,12,0,0,37,105,8,11,4,9,1,0,0.7,1,3.0,3779.666667,0.897676991,1.22,4.0,0.816496581,0,0.727272727,0.8,1,2,2.763157895,1,-1,0,0,0.9,1,3,0,3,0,1,0,0,0,1,0,0,1,0,0,1,0,0,0,0
22,4,3,4950,19.9,1,4,4,3,1,5,40,1,1,3,8,1,8,3,6,0,0,0.6,1,4.0,4950.0,0.136023295,3.98,3.25,1.707825128,0,0.125,0.2,1,3,2.0,0,1,1,1,1.2,0,1,0,3,1,0,0,0,0,0,1,0,0,1,0,0,0,0,1,1
46,2,0,8462,15.4,2,5,2,4,4,4,26,0,0,5,19,6,8,2,5,1,0,0.0,1,1.0,4231.0,0.457815275,5.133333333,3.5,1.0,0,0.75,2.0,2,3,3.166666667,0,3,1,1,1.666666667,0,1,0,2,0,1,0,0,0,0,0,0,1,0,0,0,1,0,1,1
21,0,0,5361,20.9,1,5,4,3,3,4,44,0,0,5,12,6,4,4,6,0,0,0.0,0,0.0,5361.0,0.156526549,20.9,3.5,0.577350269,0,1.5,6.0,1,2,2.0,0,1,1,1,6.0,0,1,0,3,1,1,0,0,0,1,0,0,1,0,0,0,0,0,1,0
38,1,1,7785,13.1,2,3,4,1,3,2,64,0,1,8,30,1,11,4,7,1,0,0.5,0,0.5,3892.5,0.266936672,6.55,2.5,1.290994449,0,0.090909091,0.5,1,1,3.333333333,0,-1,0,0,3.5,0,1,0,2,1,0,0,0,1,0,0,0,0,1,0,1,0,0,0,0
41,1,0,10502,19.2,2,2,3,3,4,4,26,1,1,37,75,2,4,3,6,0,0,0.0,1,0.5,5251.0,0.623220422,9.6,3.5,0.577350269,0,0.5,1.0,1,3,1.973684211,1,-1,0,0,3.0,0,1,0,3,1,0,1,0,1,0,0,0,1,0,0,1,0,0,1,1
35,13,5,8596,17.7,3,3,4,4,2,3,46,0,0,19,41,2,9,3,3,1,0,0.357142857,1,4.333333333,2865.333333,0.653207965,1.264285714,3.25,0.957427108,0,0.222222222,0.142857143,0,0,2.05,0,0,0,0,0.214285714,0,1,0,2,1,1,0,0,0,1,0,0,1,0,0,1,0,0,0,0
34,5,3,5776,17.0,2,3,3,4,3,2,29,1,0,18,54,4,2,3,6,0,0,0.5,1,2.5,2888.0,0.09946714,2.833333333,3.0,0.816496581,0,2.0,0.666666667,1,4,2.842105263,0,0,0,0,1.0,0,1,0,1,1,1,0,0,0,0,0,0,1,0,1,0,0,0,1,1
18,0,0,5159,19.6,1,3,2,4,2,1,29,0,0,15,39,7,5,3,6,0,0,0.0,0,0.0,5159.0,0.130530973,19.6,2.25,1.258305739,1,1.4,7.0,0,1,2.4375,0,0,0,0,6.0,0,2,0,2,1,1,0,0,0,1,0,0,1,0,0,0,0,0,1,1
27,1,1,5806,16.9,1,4,2,4,3,3,40,0,0,3,10,2,4,3,6,1,0,0.5,0,1.0,5806.0,0.17267406,8.45,3.0,0.816496581,0,0.5,1.0,1,1,2.5,0,1,1,1,3.0,0,1,0,2,0,1,0,0,0,0,0,1,1,0,1,0,0,0,0,0
46,1,0,4995,16.0,1,2,3,1,5,3,66,0,0,26,85,7,9,4,9,0,0,0.0,1,1.0,4995.0,0.189967105,8.0,3.0,1.632993162,0,0.777777778,3.5,0,1,3.148148148,1,-2,0,0,4.5,1,3,0,2,1,1,0,1,0,0,0,0,1,0,0,0,1,0,1,1
29,3,3,12814,15.7,2,5,3,4,4,3,52,0,1,14,47,6,13,2,4,0,0,0.75,0,1.5,6407.0,0.827074129,3.925,3.5,0.577350269,0,0.461538462,1.5,1,1,3.133333333,0,3,1,1,1.0,0,0,0,4,0,1,0,0,1,0,0,0,1,0,1,0,0,0,0,0
37,6,6,9457,15.7,3,2,3,2,4,3,24,0,0,24,81,2,13,4,8,1,0,0.857142857,0,2.0,3152.333333,0.799500832,2.242857143,3.0,0.816496581,0,0.153846154,0.285714286,2,2,3.24,1,-2,0,0,1.142857143,1,3,0,2,1,0,1,0,0,0,1,0,1,0,0,1,0,0,1,0
30,3,3,7891,20.2,3,4,4,4,3,3,15,0,0,19,47,4,18,5,5,1,0,0.75,0,1.0,2630.333333,0.619800333,5.05,3.5,0.577350269,0,0.222222222,1.0,0,0,2.35,0,-1,1,0,1.25,0,0,0,2,1,0,1,0,0,0,1,0,0,1,1,0,0,0,0,0
41,3,3,9757,14.3,3,4,4,4,1,3,58,0,1,6,18,2,4,3,7,1,0,0.75,0,1.0,3252.333333,0.636767318,3.575,3.0,1.414213562,0,0.5,0.5,1,1,2.571428571,0,1,1,1,1.75,0,0,0,1,1,1,0,0,0,0,0,0,1,0,0,1,0,0,0,0
41,3,1,8675,14.0,3,3,3,3,5,1,42,1,0,7,27,1,15,3,5,1,0,0.25,1,1.0,2891.666667,0.661504425,3.5,3.0,1.632993162,0,0.066666667,0.25,1,3,3.375,0,0,0,0,1.25,0,0,0,3,0,1,0,0,0,1,0,0,1,0,0,1,0,0,0,0
36,3,1,5687,10.9,2,4,4,5,3,4,38,1,1,18,52,9,11,5,4,0,0,0.25,1,1.5,2843.5,0.054614629,2.725,4.0,0.816496581,0,0.818181818,2.25,2,5,2.736842105,0,-1,1,0,1.0,0,1,0,1,1,0,1,0,1,0,0,0,1,0,0,1,0,0,1,0
37,2,0,7413,23.6,2,5,4,5,3,3,71,0,0,60,142,3,4,3,8,1,0,0.0,1,1.0,3706.5,0.544717138,7.866666667,3.75,0.957427108,0,0.75,1.0,0,1,2.327868852,1,2,1,1,2.666666667,1,2,0,3,1,0,1,0,0,0,1,0,1,0,0,1,0,0,0,0
44,18,3,14324,18.5,5,3,4,5,3,4,54,0,0,48,141,4,14,3,8,1,0,0.157894737,1,3.6,2864.8,0.900834561,0.973684211,4.0,0.816496581,0,0.285714286,0.210526316,2,2,2.87755102,1,0,0,0,0.421052632,1,2,0,1,0,0,1,0,1,0,0,0,1,0,0,1,0,0,0,0
36,0,0,4137,12.7,1,3,4,4,4,4,24,0,0,7,20,3,6,3,8,0,0,0.0,0,0.0,4137.0,0.044800885,12.7,4.0,0.0,0,0.5,3.0,0,0,2.5,0,0,0,0,8.0,1,2,0,2,0,1,0,0,0,1,0,0,1,0,0,1,0,0,0,1
42,5,4,11121,10.9,3,3,4,3,3,5,15,0,0,17,45,6,5,3,4,1,0,0.666666667,1,1.666666667,3707.0,0.911813644,1.816666667,3.75,0.957427108,0,1.2,1.0,1,2,2.5,0,0,0,0,0.666666667,0,1,0,3,1,0,0,0,0,0,1,0,1,0,0,1,0,0,0,0
36,8,1,12321,15.7,4,3,4,2,3,2,31,0,0,45,146,1,5,3,2,1,0,0.111111111,1,2.0,3080.25,0.905113986,1.744444444,2.75,0.957427108,0,0.2,0.111111111,1,1,3.173913043,1,0,0,0,0.222222222,0,1,0,3,0,0,0,0,0,0,0,1,0,1,0,1,0,0,0,0
42,2,0,6454,12.2,2,4,3,3,5,3,36,0,1,6,22,4,13,4,7,0,0,0.0,1,1.0,3227.0,0.3781198,4.066666667,3.5,1.0,0,0.307692308,1.333333333,1,1,3.142857143,0,0,1,0,2.333333333,0,1,0,2,1,0,1,0,0,0,1,0,1,0,0,1,0,0,0,0
24,4,2,8031,17.3,2,1,4,4,4,3,16,1,1,11,44,1,8,3,6,1,0,0.4,1,2.0,4015.5,0.301546392,3.46,3.75,0.5,0,0.125,0.2,1,3,3.666666667,0,-2,0,0,1.2,0,1,0,2,1,0,1,0,1,0,0,0,1,0,0,0,0,0,1,1
26,8,3,11391,14.4,3,3,3,1,1,3,21,0,0,5,13,2,7,3,5,1,0,0.333333333,1,2.666666667,3797.0,0.900442478,1.6,2.0,1.154700538,1,0.285714286,0.222222222,1,1,2.166666667,0,0,0,0,0.555555556,0,1,0,3,1,0,1,0,0,1,0,0,1,0,1,0,0,0,0,0
26,8,5,10123,15.0,2,3,5,3,2,3,3,0,1,10,23,5,2,3,6,0,0,0.555555556,1,4.0,5061.5,0.68250444,1.666666667,3.25,1.258305739,0,2.5,0.555555556,0,1,2.090909091,0,0,0,0,0.666666667,0,1,0,3,0,0,0,0,0,0,0,0,0,0,1,0,0,0,1,1
37,5,0,15045,13.4,5,2,3,2,3,3,52,0,1,23,76,3,2,4,1,1,0,0.0,1,1.0,3009.0,0.92562592,2.233333333,2.75,0.5,0,1.5,0.5,2,3,3.166666667,1,-2,0,0,0.166666667,0,1,0,2,1,0,1,0,1,0,0,0,1,0,0,1,0,0,1,0
47,1,1,7646,10.3,1,3,3,4,3,4,32,1,0,13,36,3,6,4,6,0,0,0.5,0,1.0,7646.0,0.251350025,5.15,3.5,0.577350269,0,0.5,1.5,1,3,2.571428571,0,-1,0,0,3.0,0,1,0,2,0,0,1,0,1,0,0,0,1,0,0,0,1,0,1,0
40,1,1,13817,16.4,3,4,3,5,3,1,46,0,1,8,23,5,10,4,5,1,0,0.5,0,0.333333333,4605.666667,0.918738899,8.2,3.0,1.632993162,0,0.5,2.5,1,1,2.555555556,0,0,1,0,2.5,0,0,0,3,0,1,0,0,0,0,0,0,0,1,0,1,0,0,0,0
39,3,3,7808,9.4,2,3,4,2,4,5,19,0,0,18,30,2,4,2,4,0,0,0.75,0,1.5,3904.0,0.607321131,2.35,3.75,1.258305739,0,0.5,0.5,2,2,1.578947368,0,1,0,1,1.0,0,0,0,2,1,1,0,0,0,0,1,0,1,0,0,1,0,0,0,0
33,2,1,6037,19.9,2,3,4,4,4,2,68,0,1,12,37,6,2,2,9,1,0,0.333333333,1,1.0,3018.5,0.375822368,6.633333333,3.5,1.0,0,3.0,2.0,1,2,2.846153846,0,1,0,1,3.0,1,2,0,2,0,0,1,1,0,0,0,0,1,0,1,0,0,0,0,1
45,4,2,8535,15.1,2,5,4,4,2,3,12,1,1,18,53,5,2,3,4,0,0,0.4,1,2.0,4267.5,0.646570796,3.02,3.25,0.957427108,0,2.5,1.0,0,3,2.789473684,0,2,1,1,0.8,0,0,0,2,0,1,0,0,0,1,0,0,0,0,0,0,1,0,1,1
32,11,8,16658,13.2,5,3,2,2,1,3,27,0,1,15,38,6,6,4,8,1,0,0.666666667,1,2.2,3331.6,0.960726559,1.1,2.0,0.816496581,1,1.0,0.5,1,2,2.375,0,-1,0,0,0.666666667,1,3,0,3,0,1,0,0,1,0,0,0,0,1,1,0,0,0,0,0
44,2,0,7606,14.2,2,4,3,5,4,2,37,1,0,16,56,1,3,4,8,0,0,0.0,1,1.0,3803.0,0.442390635,4.733333333,3.5,1.290994449,0,0.333333333,0.333333333,0,2,3.294117647,0,0,1,0,2.666666667,1,2,0,2,0,0,1,0,0,0,0,1,1,0,0,1,0,0,0,1
32,2,1,12632,17.8,3,4,1,3,3,3,28,1,0,3,11,4,4,4,3,1,0,0.333333333,1,0.666666667,4210.666667,0.816642121,5.933333333,2.5,1.0,0,1.0,1.333333333,1,4,2.75,0,0,1,0,1.0,0,0,0,3,1,0,0,0,1,0,0,0,1,0,1,0,0,0,0,0
18,0,0,5198,14.0,1,3,4,2,3,2,3,0,1,33,120,4,10,4,10,0,0,0.0,0,0.0,5198.0,0.219161184,14.0,2.75,0.957427108,0,0.4,4.0,1,1,3.529411765,1,-1,0,0,10.0,1,3,0,2,0,1,0,1,0,0,0,0,1,0,0,0,0,0,0,0
54,2,1,6590,11.6,1,3,3,3,2,2,26,1,0,25,69,5,20,4,7,1,1,0.333333333,1,2.0,6590.0,0.12616593,3.866666667,2.5,0.577350269,0,0.25,1.666666667,0,2,2.653846154,1,-1,0,0,2.333333333,0,2,0,2,0,1,0,0,1,0,0,0,1,0,0,0,1,0,1,0
52,2,1,7963,17.9,2,3,2,5,3,5,23,0,0,5,16,2,14,3,2,0,1,0.333333333,1,1.0,3981.5,0.496919285,5.966666667,3.75,1.5,0,0.142857143,0.666666667,1,1,2.666666667,0,0,0,0,0.666666667,0,1,0,2,1,1,0,0,0,0,0,1,1,0,0,0,1,0,0,1
41,1,0,7344,18.4,1,3,3,4,4,2,30,0,1,2,7,3,2,1,3,0,0,0.0,1,1.0,7344.0,0.213058419,9.2,3.25,0.957427108,0,1.5,1.5,1,2,2.333333333,0,2,0,1,1.5,0,1,0,2,0,1,0,0,1,0,0,0,1,0,0,1,0,0,0,0
33,1,1,4790,14.6,2,4,4,3,3,2,47,0,0,18,51,3,7,4,6,0,0,0.5,0,0.5,2395.0,0.095409292,7.3,3.0,0.816496581,0,0.428571429,1.5,1,1,2.684210526,0,0,1,0,3.0,0,1,0,1,1,0,1,0,0,1,0,0,1,0,1,0,0,0,1,0
46,11,4,15275,13.4,5,2,3,5,2,3,53,0,1,26,109,3,2,3,5,1,0,0.333333333,1,2.2,3055.0,0.933603338,1.116666667,3.25,1.258305739,0,1.5,0.25,0,1,4.037037037,1,-1,0,0,0.416666667,0,2,0,2,0,0,1,0,1,0,0,0,1,0,0,0,1,0,1,1
42,10,7,10426,17.9,4,4,5,1,5,3,17,0,0,22,64,1,5,4,5,1,0,0.636363636,1,2.5,2606.5,0.795748614,1.627272727,3.5,1.914854216,0,0.2,0.090909091,1,1,2.782608696,1,0,1,0,0.454545455,0,1,0,2,1,1,0,0,0,0,0,1,1,0,0,1,0,0,0,0
27,1,1,8089,11.3,2,4,5,3,3,1,27,0,0,20,76,6,8,3,7,0,0,0.5,0,0.5,4044.5,0.403197158,5.65,3.0,1.632993162,0,0.75,3.0,1,2,3.619047619,1,1,1,1,3.5,0,2,0,2,0,0,1,0,0,0,0,0,1,0,1,0,0,0,1,1
37,4,3,4874,13.2,1,3,4,4,5,3,31,0,1,9,11,2,9,4,3,0,0,0.6,1,4.0,4874.0,0.102323009,2.64,4.0,0.816496581,0,0.222222222,0.4,1,1,1.1,0,-1,0,0,0.6,0,1,0,1,1,1,0,0,0,1,0,0,1,0,0,1,0,0,1,1
32,3,2,5932,8.1,2,2,4,2,4,2,54,1,1,13,50,7,11,2,4,0,0,0.5,1,1.5,2966.0,0.227876106,2.025,3.0,1.154700538,0,0.636363636,1.75,1,4,3.571428571,0,0,0,0,1.0,0,1,0,2,0,1,0,0,0,1,0,0,1,0,1,0,0,0,1,1
34,6,1,9630,14.3,3,4,4,5,2,3,17,0,0,32,124,3,4,3,7,1,0,0.142857143,1,2.0,3210.0,0.850328947,2.042857143,3.5,1.290994449,0,0.75,0.428571429,1,2,3.757575758,1,1,1,1,1.0,0,1,0,3,0,0,0,1,0,0,0,0,1,0,1,0,0,0,0,0
34,3,2,10332,19.3,2,4,3,3,3,4,60,1,1,3,10,5,7,3,5,0,0,0.5,1,1.5,5166.0,0.702930728,4.825,3.25,0.5,0,0.714285714,1.25,1,4,2.5,0,1,1,1,1.25,0,0,0,3,1,1,0,0,0,0,0,0,1,0,1,0,0,0,0,0
24,0,0,5075,16.9,1,3,1,2,3,5,51,0,1,9,34,3,6,2,5,0,0,0.0,0,0.0,5075.0,0.122234513,16.9,2.75,1.707825128,0,0.5,3.0,1,1,3.4,0,1,0,1,5.0,0,1,0,2,0,1,0,0,0,1,0,0,1,0,0,0,0,0,0,1
38,8,6,14222,12.3,3,4,3,3,3,2,52,0,0,10,28,1,6,5,3,1,0,0.666666667,1,2.666666667,4740.666667,0.960566852,1.366666667,2.75,0.5,0,0.166666667,0.111111111,0,0,2.545454545,0,-1,1,0,0.333333333,0,1,0,4,0,1,0,0,0,0,0,1,1,0,0,1,0,0,0,0
29,5,5,7471,16.8,3,4,3,2,5,3,40,0,0,12,54,1,15,1,5,1,0,0.833333333,0,1.666666667,2490.333333,0.420363524,2.8,3.25,1.258305739,0,0.066666667,0.166666667,1,1,4.153846154,0,3,1,1,0.833333333,0,2,0,1,0,1,0,0,0,0,0,1,1,0,1,0,0,0,1,0
29,0,0,8566,14.1,2,4,4,5,2,1,61,0,0,17,57,6,9,2,7,0,0,0.0,0,0.0,4283.0,0.649059735,14.1,3.0,1.825741858,0,0.666666667,6.0,0,1,3.166666667,0,2,1,1,7.0,0,0,0,3,1,0,1,0,0,1,0,0,1,0,1,0,0,0,0,0
37,6,5,10921,7.5,3,2,3,3,3,3,1,0,0,3,9,3,9,3,4,1,0,0.714285714,1,2.0,3640.333333,0.669612175,1.071428571,3.0,0.0,0,0.333333333,0.428571429,1,1,2.25,0,-1,0,0,0.571428571,0,1,0,1,1,0,0,0,1,0,0,0,1,0,0,1,0,0,1,1
18,0,0,4502,17.6,1,3,2,3,2,3,25,0,1,29,60,5,12,3,2,0,0,0.0,0,0.0,4502.0,0.07079646,17.6,2.5,0.577350269,0,0.416666667,5.0,1,1,2.0,0,0,0,0,2.0,0,1,0,3,0,1,0,0,0,1,0,0,1,0,0,0,0,0,0,1
40,5,1,9918,11.7,2,4,5,3,2,4,53,1,0,1,5,1,3,3,6,0,0,0.166666667,1,2.5,4959.0,0.655639432,1.95,3.5,1.290994449,0,0.333333333,0.166666667,0,2,2.5,0,1,1,1,1.0,0,0,0,2,1,1,0,0,0,0,0,0,1,0,0,1,0,0,0,1
33,15,15,16800,10.1,5,4,3,2,3,4,34,0,1,7,14,2,13,1,9,1,0,0.9375,0,3.0,3360.0,1.0,0.63125,3.0,0.816496581,0,0.153846154,0.125,1,1,1.75,0,3,1,1,0.5625,1,2,0,4,1,0,0,1,0,0,0,0,1,0,1,0,0,0,0,0
36,6,0,5776,15.1,2,3,2,3,2,3,26,1,0,19,62,8,10,3,12,0,0,0.0,1,3.0,2888.0,0.269966722,2.157142857,2.5,0.577350269,0,0.8,1.142857143,1,4,3.1,1,0,0,0,1.714285714,1,3,0,1,0,1,0,0,0,0,1,0,0,0,0,1,0,0,1,1
29,11,6,15988,14.3,4,2,2,5,3,3,24,0,1,13,46,2,4,3,2,1,0,0.5,1,2.75,3997.0,0.950662739,1.191666667,3.25,1.258305739,0,0.5,0.166666667,1,1,3.285714286,0,-1,0,0,0.166666667,0,1,0,3,1,0,0,0,1,0,0,0,1,0,1,0,0,0,1,1
57,14,1,10955,15.7,4,4,3,3,3,3,6,0,1,4,14,5,13,3,6,1,1,0.066666667,1,3.5,2738.75,0.903494176,1.046666667,3.0,0.0,0,0.384615385,0.333333333,1,1,2.8,0,1,1,1,0.4,0,0,0,2,0,0,1,0,0,0,1,0,1,0,0,0,0,1,0,0
39,8,2,10872,14.8,4,2,1,3,5,3,33,1,0,7,24,3,6,5,10,1,0,0.222222222,1,2.0,2718.0,0.897670549,1.644444444,3.0,1.632993162,0,0.5,0.333333333,2,4,3.0,0,-3,0,0,1.111111111,1,1,0,2,0,0,0,0,0,0,1,0,1,0,0,1,0,0,0,1
52,11,11,9279,12.7,5,3,3,3,2,2,53,0,0,13,45,7,4,2,7,1,1,0.916666667,0,2.2,1855.8,0.825657895,1.058333333,2.5,0.577350269,0,1.75,0.583333333,0,1,3.214285714,0,1,0,1,0.583333333,0,1,0,1,0,0,1,1,0,0,0,0,1,0,0,0,1,0,0,0
45,18,13,21867,14.3,5,1,3,3,3,3,22,1,0,17,52,3,13,4,9,1,0,0.684210526,1,3.6,4373.4,0.999018164,0.752631579,3.0,0.0,0,0.230769231,0.157894737,2,4,2.888888889,0,-3,0,0,0.473684211,1,2,0,4,1,1,0,0,1,0,0,0,1,0,0,0,1,0,0,0
26,8,5,11406,10.3,3,3,5,4,4,4,22,0,0,4,11,4,11,3,8,1,0,0.555555556,1,2.666666667,3802.0,0.901548673,1.144444444,4.25,0.5,0,0.363636364,0.444444444,1,1,2.2,0,0,0,0,0.888888889,1,2,0,3,1,1,0,0,0,1,0,0,1,0,1,0,0,0,0,0
41,10,1,9594,13.7,2,4,5,2,4,3,39,1,1,16,61,3,7,3,10,0,0,0.090909091,1,5.0,4797.0,0.811148087,1.245454545,3.5,1.290994449,0,0.428571429,0.272727273,1,3,3.588235294,1,1,1,1,0.909090909,1,2,0,3,0,0,0,0,0,0,1,0,0,0,0,1,0,0,0,1
31,10,4,9680,14.5,3,3,3,3,3,5,51,0,0,11,31,3,14,1,3,1,0,0.363636364,1,3.333333333,3226.666667,0.854440789,1.318181818,3.5,1.0,0,0.214285714,0.272727273,0,0,2.583333333,0,2,0,1,0.272727273,0,1,0,3,1,1,0,1,0,0,0,0,1,0,1,0,0,0,0,0
31,11,5,9884,15.8,4,3,5,1,4,3,56,0,0,1,5,6,7,4,2,1,0,0.416666667,1,2.75,2471.0,0.834442596,1.316666667,3.25,1.707825128,0,0.857142857,0.5,1,2,2.5,0,-1,0,0,0.166666667,0,1,0,2,0,0,1,0,0,0,1,0,1,0,1,0,0,0,0,0
24,6,2,8912,20.7,3,5,2,3,4,3,56,0,0,13,23,8,9,3,4,1,0,0.285714286,1,2.0,2970.666667,0.628773876,2.957142857,3.0,0.816496581,0,0.888888889,1.142857143,0,1,1.642857143,0,2,1,1,0.571428571,0,0,0,1,0,1,0,0,0,0,0,1,0,1,0,0,0,0,0,0
56,1,1,7122,16.8,1,4,4,4,3,2,34,1,1,5,15,6,8,3,8,0,1,0.5,0,1.0,7122.0,0.185076092,8.4,3.25,0.957427108,0,0.75,3.0,1,4,2.5,0,1,1,1,4.0,1,2,0,3,1,0,1,0,1,0,0,0,1,0,0,0,0,1,1,0
43,7,4,13856,19.1,4,3,2,3,3,3,34,0,0,7,17,3,5,2,9,1,0,0.5,1,1.75,3464.0,0.95194085,2.3875,2.75,0.5,0,0.6,0.375,1,2,2.125,0,1,0,1,1.125,1,2,0,3,1,0,0,0,0,0,0,1,1,0,0,1,0,0,0,0
59,0,0,6050,21.6,1,4,2,2,2,3,44,0,1,17,49,4,11,3,1,1,1,0.0,0,0.0,6050.0,0.204559458,21.6,2.25,0.5,1,0.363636364,4.0,1,1,2.722222222,0,1,1,1,1.0,0,2,0,2,1,0,1,0,0,0,0,1,1,0,0,0,0,1,1,0
41,1,0,3656,13.0,2,3,4,3,2,2,31,0,0,12,55,3,6,4,1,0,0,0.0,1,0.5,1828.0,0.050575658,6.5,2.75,0.957427108,0,0.5,1.5,0,0,4.230769231,0,-1,0,0,0.5,0,1,0,1,0,0,0,1,0,0,0,0,1,0,0,1,0,0,1,0
22,4,4,7175,14.8,2,3,4,4,2,3,13,0,0,5,15,3,9,4,5,0,0,0.8,0,2.0,3587.5,0.504575707,2.96,3.25,0.957427108,0,0.333333333,0.6,0,0,2.5,0,-1,0,0,1.0,0,1,0,3,1,1,0,0,0,0,1,0,1,0,0,0,0,0,1,1
33,0,0,3989,14.8,1,4,4,2,1,5,49,1,1,21,83,1,4,4,5,0,0,0.0,0,0.0,3989.0,0.046173045,14.8,3.0,1.825741858,0,0.25,1.0,1,3,3.772727273,1,0,1,0,5.0,0,2,0,1,1,0,0,0,0,0,1,0,1,0,1,0,0,0,1,1
47,29,2,15586,19.4,5,4,3,3,4,4,25,0,0,21,67,4,12,3,6,1,0,0.066666667,1,5.8,3117.2,0.997088186,0.646666667,3.5,0.577350269,0,0.333333333,0.133333333,0,0,3.045454545,1,1,1,1,0.2,0,1,0,3,0,1,0,0,0,0,1,0,1,0,0,0,1,0,0,0
38,1,0,7582,10.9,1,3,3,5,4,2,57,1,0,18,45,4,14,3,4,0,0,0.0,1,1.0,7582.0,0.243740795,5.45,3.5,1.290994449,0,0.285714286,2.0,2,4,2.368421053,0,0,0,0,2.0,0,1,0,3,1,0,1,0,1,0,0,0,1,0,0,1,0,0,1,0
37,6,1,10222,13.2,3,3,4,3,3,1,9,0,0,14,35,7,4,4,8,1,0,0.142857143,1,2.0,3407.333333,0.859400998,1.885714286,2.75,1.258305739,0,1.75,1.0,1,2,2.333333333,0,-1,0,0,1.142857143,1,1,0,3,0,0,1,0,0,0,1,0,0,0,0,1,0,0,0,0
30,0,0,7297,13.9,1,4,3,5,3,3,40,0,0,7,25,5,12,3,5,0,0,0.0,0,0.0,7297.0,0.205940108,13.9,3.5,1.0,0,0.416666667,5.0,1,1,3.125,0,1,1,1,5.0,0,1,0,4,0,1,0,0,1,0,0,0,1,0,1,0,0,0,0,1
20,1,1,7862,10.4,3,2,4,2,4,2,43,0,1,10,40,3,2,5,6,1,0,0.5,0,0.333333333,2620.666667,0.481823783,5.2,3.0,1.154700538,0,1.5,1.5,1,2,3.636363636,0,-3,0,0,3.0,0,1,0,2,0,0,1,0,0,0,0,1,1,0,0,0,0,0,1,1
35,3,0,7362,18.0,1,3,4,4,2,4,20,0,0,2,7,5,11,3,3,0,0,0.0,1,3.0,7362.0,0.215022091,4.5,3.5,1.0,0,0.454545455,1.25,0,0,2.333333333,0,0,0,0,0.75,0,1,0,2,1,0,0,0,1,0,0,0,0,1,0,1,0,0,0,1
22,0,0,6540,20.3,1,4,5,4,3,4,67,1,1,5,18,3,5,3,6,0,0,0.0,0,0.0,6540.0,0.31664823,20.3,4.0,0.816496581,0,0.6,3.0,0,3,3.0,0,1,1,1,6.0,0,1,0,3,0,1,0,0,0,1,0,0,1,0,0,0,0,0,1,1
27,7,5,8340,16.8,3,3,4,4,5,1,24,0,1,38,142,5,12,2,6,1,0,0.625,1,2.333333333,2780.0,0.686980033,2.1,3.5,1.732050808,0,0.416666667,0.625,2,2,3.641025641,1,1,0,1,0.75,0,2,0,2,0,0,1,0,0,0,1,0,1,0,1,0,0,0,0,0
38,1,0,4824,16.4,1,4,3,4,2,2,39,1,1,14,36,1,3,5,4,0,0,0.0,1,1.0,4824.0,0.030639432,8.2,2.75,0.957427108,0,0.333333333,0.5,2,4,2.4,0,-1,1,0,2.0,0,1,0,1,0,0,1,0,0,0,0,0,1,0,0,1,0,0,1,1
28,9,2,11252,22.2,4,5,3,3,2,4,0,0,1,9,26,4,6,2,9,1,0,0.2,1,2.25,2813.0,0.918885191,2.22,3.0,0.816496581,0,0.666666667,0.4,0,1,2.6,0,3,1,1,0.9,1,1,0,3,0,0,1,0,0,0,1,0,0,1,1,0,0,0,0,0
42,10,2,10700,20.4,3,3,3,1,5,3,57,0,0,8,26,2,9,5,7,1,0,0.181818182,1,3.333333333,3566.666667,0.820856439,1.854545455,3.0,1.632993162,0,0.222222222,0.181818182,1,1,2.888888889,0,-2,0,0,0.636363636,0,0,0,2,0,1,0,0,0,0,0,1,1,0,0,1,0,0,0,0
50,9,0,11281,16.2,3,3,3,4,4,4,25,0,1,16,44,1,6,3,3,1,1,0.0,1,3.0,3760.333333,0.939144737,1.62,3.75,0.5,0,0.166666667,0.1,1,1,2.588235294,0,0,0,0,0.3,0,0,0,4,0,0,1,1,0,0,0,0,1,0,0,0,1,0,0,0
39,3,2,7054,13.7,2,3,1,4,4,3,16,1,0,9,31,5,5,3,7,0,0,0.5,1,1.5,3527.0,0.414823009,3.425,3.0,1.414213562,0,1.0,1.25,0,3,3.1,0,0,0,0,1.75,0,1,0,2,1,0,1,0,0,1,0,0,1,0,0,1,0,0,0,1
28,3,1,6027,12.7,2,4,2,3,3,4,34,1,0,6,21,6,12,1,3,0,0,0.25,1,1.5,3013.5,0.31281198,3.175,3.0,0.816496581,0,0.5,1.5,1,3,3.0,0,3,1,1,0.75,0,1,0,2,1,1,0,0,0,0,1,0,0,0,1,0,0,0,1,0
28,10,5,13629,17.3,4,3,3,3,3,4,22,0,0,6,17,1,7,3,4,1,0,0.454545455,1,2.5,3407.25,0.869415808,1.572727273,3.25,0.5,0,0.142857143,0.090909091,0,0,2.428571429,0,0,0,0,0.363636364,0,1,0,2,1,0,1,0,1,0,0,0,1,0,1,0,0,0,0,0
40,2,0,5997,13.7,2,3,3,3,3,3,25,0,0,17,68,3,8,4,6,0,0,0.0,1,1.0,2998.5,0.236725664,4.566666667,3.0,0.0,0,0.375,1.0,0,0,3.777777778,1,-1,0,0,2.0,0,2,0,1,0,1,0,0,0,1,0,0,1,0,0,1,0,0,1,0
38,5,3,11134,13.2,3,3,2,5,3,4,45,0,0,16,63,1,2,4,4,1,0,0.5,1,1.666666667,3711.333333,0.773978686,2.2,3.5,1.290994449,0,0.5,0.166666667,1,1,3.705882353,1,-1,0,0,0.666666667,0,1,0,2,0,0,1,0,0,0,0,0,0,1,0,1,0,0,0,0
33,2,1,10416,18.8,2,3,4,3,3,4,75,0,0,9,40,3,8,3,9,0,0,0.333333333,1,1.0,5208.0,0.794670364,6.266666667,3.5,0.577350269,0,0.375,1.0,1,1,4.0,0,0,0,0,3.0,1,1,0,3,0,1,0,0,0,0,0,1,0,1,1,0,0,0,0,0
32,2,2,11883,18.3,3,4,1,3,1,3,7,0,1,3,12,3,9,4,3,1,0,0.666666667,0,0.666666667,3961.0,0.765341188,6.1,2.0,1.154700538,1,0.333333333,1.0,1,1,3.0,0,0,1,0,1.0,0,1,0,2,0,1,0,0,1,0,0,0,0,0,1,0,0,0,0,0
39,2,1,2474,16.3,1,4,3,2,3,3,9,0,0,4,13,6,2,3,6,0,0,0.333333333,1,2.0,2474.0,0.005756579,5.433333333,2.75,0.5,0,3.0,2.0,1,2,2.6,0,1,1,1,2.0,0,1,0,1,1,1,0,1,0,0,0,0,1,0,0,1,0,0,1,1
39,9,8,7494,9.7,2,3,4,4,1,5,23,0,1,22,59,3,8,3,4,0,0,0.8,1,4.5,3747.0,0.233186058,0.97,3.5,1.732050808,0,0.375,0.3,1,1,2.565217391,0,0,0,0,0.4,0,2,0,2,1,1,0,0,1,0,0,0,1,0,0,1,0,0,1,1
42,0,0,5592,17.5,2,3,3,3,4,3,19,0,0,29,82,5,10,3,6,0,0,0.0,0,0.0,2796.0,0.04958272,17.5,3.25,0.5,0,0.5,5.0,2,2,2.733333333,1,0,0,0,6.0,0,2,0,1,1,0,1,0,1,0,0,0,0,1,0,1,0,0,1,1
22,4,4,8604,13.4,2,5,1,4,3,3,47,0,0,24,82,4,10,4,4,0,0,0.8,0,2.0,4302.0,0.481571936,2.68,2.75,1.258305739,0,0.4,0.8,2,2,3.28,1,1,1,1,0.8,0,3,0,2,0,0,1,0,0,0,0,0,0,0,0,0,0,0,1,1
28,2,0,6432,14.4,1,2,4,3,4,5,35,0,1,19,62,4,8,4,4,1,0,0.0,1,2.0,6432.0,0.257393715,4.8,4.0,0.816496581,0,0.5,1.333333333,1,1,3.1,1,-2,0,0,1.333333333,0,2,0,2,1,1,0,0,0,0,0,1,1,0,1,0,0,0,1,1
56,4,3,8121,12.7,2,3,5,3,4,1,2,1,0,11,38,4,6,3,7,0,1,0.6,1,2.0,4060.5,0.316642121,2.54,3.25,1.707825128,0,0.666666667,0.8,0,3,3.166666667,0,0,0,0,1.4,0,1,0,1,1,1,0,0,1,0,0,0,0,1,0,0,0,1,1,1
39,4,2,10204,16.1,2,4,2,2,3,4,10,0,0,27,97,2,11,3,5,1,0,0.4,1,2.0,5102.0,0.587874325,3.22,2.75,0.957427108,0,0.181818182,0.4,1,1,3.464285714,1,1,1,1,1.0,0,1,0,3,1,0,1,0,1,0,0,0,1,0,0,1,0,0,1,1
25,0,0,7921,15.7,2,3,3,3,3,5,34,1,0,20,64,2,6,4,6,1,0,0.0,0,0.0,3960.5,0.287432499,15.7,3.5,1.0,0,0.333333333,2.0,1,3,3.047619048,1,-1,0,0,6.0,0,2,0,1,1,1,0,0,1,0,0,0,0,1,1,0,0,0,0,1
48,2,1,7988,18.0,2,3,3,1,1,2,15,0,1,6,19,2,7,5,4,0,0,0.333333333,1,1.0,3994.0,0.501232286,6.0,1.75,0.957427108,1,0.285714286,0.666666667,2,2,2.714285714,0,-2,0,0,1.333333333,0,1,0,3,1,0,1,0,0,0,0,1,0,0,0,0,1,0,0,0
40,3,1,5131,19.8,1,3,2,3,1,1,41,1,0,5,20,7,7,1,6,0,0,0.25,1,3.0,5131.0,0.209292763,4.95,1.75,0.957427108,1,1.0,1.75,1,4,3.333333333,0,2,0,1,1.5,0,2,1,2,1,1,0,1,0,0,0,0,1,0,0,1,0,0,1,1
38,2,1,9086,13.6,3,3,4,5,3,3,0,0,1,17,55,2,7,3,9,1,0,0.333333333,1,0.666666667,3028.666667,0.450171821,4.533333333,3.75,0.957427108,0,0.285714286,0.666666667,1,1,3.055555556,0,0,0,0,3.0,1,2,0,2,1,1,0,0,1,0,0,0,1,0,0,1,0,0,0,1
27,4,4,13260,16.3,3,4,3,4,5,4,37,1,1,11,37,8,5,4,8,1,0,0.8,0,1.333333333,4420.0,0.936691312,3.26,4.0,0.816496581,0,1.6,1.6,1,4,3.083333333,0,0,1,0,1.6,1,2,0,4,0,1,0,0,0,0,0,1,0,1,1,0,0,0,0,0
26,0,0,9013,23.9,2,4,1,3,4,4,0,0,0,19,54,1,5,2,7,0,0,0.0,0,0.0,4506.5,0.641404806,23.9,3.0,1.414213562,0,0.2,1.0,0,0,2.7,0,2,1,1,7.0,0,0,0,4,0,0,1,0,0,0,0,1,1,0,1,0,0,0,0,0
32,3,0,8122,10.9,2,1,4,2,4,3,38,1,0,5,17,3,11,4,6,0,0,0.0,1,1.5,4061.0,0.515557609,2.725,3.25,0.957427108,0,0.272727273,0.75,1,3,2.833333333,0,-3,0,0,1.5,0,0,0,3,0,1,0,0,0,0,0,1,1,0,1,0,0,0,0,1
38,2,2,3766,15.6,2,2,3,2,4,2,22,1,1,9,34,6,5,3,5,1,0,0.666666667,0,1.0,1883.0,0.024889381,5.2,2.75,0.957427108,0,1.2,2.0,2,5,3.4,0,-1,0,0,1.666666667,0,1,0,2,1,1,0,0,0,1,0,0,1,0,0,1,0,0,1,1
32,3,1,5771,13.5,1,3,4,1,3,3,17,0,0,10,19,1,8,3,4,0,0,0.25,1,3.0,5771.0,0.326480263,3.375,2.75,1.258305739,0,0.125,0.25,1,1,1.727272727,0,0,0,0,1.0,0,1,0,2,0,0,1,1,0,0,0,0,1,0,1,0,0,0,1,1
49,0,0,7697,12.7,3,4,5,2,3,4,46,0,1,26,83,5,6,3,5,1,0,0.0,0,0.0,2565.666667,0.531803097,12.7,3.5,1.290994449,0,0.833333333,5.0,1,2,3.074074074,1,1,1,1,5.0,0,1,0,2,0,1,0,0,0,1,0,0,0,0,0,0,1,0,0,0
25,3,2,8825,15.8,3,3,2,4,1,3,34,0,0,11,32,5,2,2,3,1,0,0.5,1,1.0,2941.666667,0.618299445,3.95,2.5,1.290994449,0,2.5,1.25,1,2,2.666666667,0,1,0,1,0.75,0,0,0,2,0,0,1,0,0,0,0,1,1,0,1,0,0,0,0,0
40,0,0,6203,14.2,1,3,1,3,4,2,49,1,0,9,33,4,2,3,7,0,0,0.0,0,0.0,6203.0,0.223813925,14.2,2.5,1.290994449,0,2.0,4.0,1,4,3.3,0,0,0,0,7.0,0,1,0,2,0,0,1,0,0,0,0,1,0,0,0,1,0,0,1,1
48,21,21,9962,10.4,5,5,3,4,5,3,13,0,0,11,32,6,10,4,2,1,0,0.954545455,0,4.2,1992.4,0.840266223,0.472727273,3.75,0.957427108,0,0.6,0.272727273,2,3,2.666666667,0,1,1,1,0.090909091,0,0,0,1,1,0,1,0,0,0,1,0,1,0,0,0,1,0,0,0
37,2,1,3703,10.1,1,3,5,4,4,3,31,0,1,7,21,2,8,3,2,0,0,0.333333333,1,2.0,3703.0,0.034109817,3.366666667,4.0,0.816496581,0,0.25,0.666666667,1,1,2.625,0,0,0,0,0.666666667,0,1,0,1,0,0,0,0,0,0,1,0,0,1,0,1,0,0,0,0
29,5,3,9999,20.3,3,3,4,4,3,3,26,0,0,15,34,3,17,3,10,1,0,0.5,1,1.666666667,3333.0,0.84359401,3.383333333,3.5,0.577350269,0,0.176470588,0.5,0,0,2.125,0,0,0,0,1.666666667,1,1,0,3,1,0,1,0,0,0,1,0,0,1,1,0,0,0,0,0
29,4,2,10625,14.6,2,2,4,4,2,1,40,1,0,17,40,3,13,4,6,0,0,0.4,1,2.0,5312.5,0.640279823,2.92,2.75,1.5,0,0.230769231,0.6,2,4,2.222222222,0,-2,0,0,1.2,0,0,0,4,0,1,0,0,1,0,0,0,1,0,1,0,0,0,1,1
24,6,0,16533,12.6,5,3,1,3,3,5,27,0,0,7,22,3,2,2,4,1,0,0.0,1,1.2,3306.6,0.987677141,1.8,3.0,1.632993162,0,1.5,0.428571429,0,1,2.75,0,1,0,1,0.571428571,0,0,0,4,1,1,0,0,0,0,0,1,1,0,0,0,0,0,0,0
27,9,7,11929,14.5,4,4,3,4,4,4,43,1,1,17,70,2,8,4,12,1,0,0.7,1,2.25,2982.25,0.825932504,1.45,3.75,0.5,0,0.25,0.2,1,3,3.888888889,1,0,1,0,1.2,1,2,0,2,1,1,0,0,0,0,0,0,0,1,1,0,0,0,0,0
40,19,6,14272,5.9,5,2,1,4,4,3,70,1,0,48,117,3,9,3,8,1,0,0.3,1,3.8,2854.4,0.961799137,0.295,3.0,1.414213562,0,0.333333333,0.15,1,3,2.387755102,1,-1,0,0,0.4,1,3,0,2,1,0,1,0,0,0,0,1,1,0,0,1,0,0,1,0
36,18,1,16135,15.9,5,2,4,2,4,3,20,1,1,20,58,1,6,5,4,1,0,0.052631579,1,3.6,3227.0,0.985520641,0.836842105,3.25,0.957427108,0,0.166666667,0.052631579,1,3,2.761904762,0,-3,0,0,0.210526316,0,0,0,3,0,0,0,0,0,0,0,1,1,0,0,1,0,0,0,0
21,3,1,8629,19.2,3,3,2,3,1,3,24,1,0,8,29,5,6,3,10,1,0,0.25,1,1.0,2876.333333,0.720049917,4.8,2.25,0.957427108,1,0.833333333,1.25,2,5,3.222222222,0,0,0,0,2.5,1,2,1,3,1,1,0,0,0,0,1,0,1,0,0,0,0,0,0,0
36,8,6,11605,14.7,3,4,4,3,2,4,41,0,0,6,18,2,3,4,2,1,0,0.666666667,1,2.666666667,3868.333333,0.932196339,1.633333333,3.25,0.957427108,0,0.666666667,0.222222222,2,3,2.571428571,0,0,1,0,0.222222222,0,1,0,3,1,0,1,0,0,0,1,0,1,0,0,1,0,0,0,0
30,5,0,9549,15.6,3,4,3,3,3,5,10,1,1,23,94,5,15,3,5,1,0,0.0,1,1.666666667,3183.0,0.70918053,2.6,3.5,1.0,0,0.333333333,0.833333333,1,3,3.916666667,1,1,1,1,0.833333333,0,1,0,2,0,0,1,0,0,0,0,1,1,0,1,0,0,0,0,0
47,15,13,17047,19.5,4,4,4,5,4,4,57,0,0,11,26,2,5,2,10,1,0,0.8125,1,3.75,4261.75,0.966372116,1.21875,4.25,0.5,0,0.4,0.125,1,1,2.166666667,0,2,1,1,0.625,1,1,0,3,1,1,0,0,1,0,0,0,0,1,0,0,1,0,0,0
41,1,1,9522,16.4,2,3,4,2,3,4,15,1,0,24,79,5,14,3,6,0,0,0.5,0,0.5,4761.0,0.501227295,8.2,3.25,0.957427108,0,0.357142857,2.5,0,2,3.16,1,0,0,0,3.0,0,1,0,3,1,1,0,0,1,0,0,0,0,0,0,1,0,0,0,0
34,1,0,6183,15.5,2,3,2,5,4,3,20,0,1,3,8,1,4,2,3,0,0,0.0,1,0.5,3091.5,0.221195317,7.75,3.5,1.290994449,0,0.25,0.5,2,2,2.0,0,1,0,1,1.5,0,1,0,1,1,1,0,0,0,0,0,1,1,0,1,0,0,0,1,1
40,5,1,9203,17.1,3,4,3,4,3,4,29,0,1,48,150,5,3,4,3,1,0,0.166666667,1,1.666666667,3067.666667,0.666358595,2.85,3.5,0.577350269,0,1.666666667,0.833333333,1,2,3.06122449,1,0,1,0,0.5,0,1,0,2,1,1,0,0,0,0,0,1,1,0,0,1,0,0,0,0
31,1,1,6468,18.0,1,3,2,4,5,4,54,0,1,14,52,5,10,3,4,0,0,0.5,0,1.0,6468.0,0.112174767,9.0,3.75,1.258305739,0,0.5,2.5,1,1,3.466666667,0,0,0,0,2.0,0,1,0,2,0,1,0,0,1,0,0,0,1,0,1,0,0,0,1,1
42,5,3,7870,16.6,2,3,4,4,1,3,31,0,1,17,58,6,8,3,4,0,0,0.5,1,2.5,3935.0,0.482131855,2.766666667,3.0,1.414213562,0,0.75,1.0,1,2,3.222222222,0,0,0,0,0.666666667,0,1,0,2,0,0,1,0,0,0,0,1,1,0,0,1,0,0,1,1
41,0,0,6187,12.8,1,3,2,3,5,4,57,1,1,9,37,4,9,2,5,0,0,0.0,0,0.0,6187.0,0.22181146,12.8,3.5,1.290994449,0,0.444444444,4.0,0,2,3.7,0,1,0,1,5.0,0,1,0,3,1,1,0,0,0,0,0,1,1,0,0,1,0,0,0,0
28,1,0,5940,8.3,2,3,2,3,1,4,46,0,0,16,63,6,12,3,6,0,0,0.0,1,0.5,2970.0,0.301580699,4.15,2.5,1.290994449,0,0.5,3.0,1,1,3.705882353,1,0,0,0,3.0,0,2,0,2,0,1,0,0,0,0,1,0,1,0,1,0,0,0,0,1
23,5,2,9376,16.3,2,3,2,1,2,3,26,0,1,10,39,3,2,4,3,0,0,0.333333333,1,2.5,4688.0,0.585257549,2.716666667,2.0,0.816496581,1,1.5,0.5,2,3,3.545454545,0,-1,0,0,0.5,0,1,0,3,1,0,1,0,0,0,0,0,1,0,0,0,0,0,1,1
31,4,3,10283,15.2,3,3,3,3,3,3,35,0,1,10,20,2,7,1,5,1,0,0.6,1,1.333333333,3427.666667,0.596710849,3.04,3.0,0.0,0,0.285714286,0.4,0,0,1.818181818,0,2,0,1,1.0,0,0,0,1,0,0,1,0,1,0,0,0,1,0,1,0,0,0,0,0
37,6,6,13744,9.7,3,3,5,2,3,4,59,0,0,5,14,3,2,3,7,1,0,0.857142857,0,2.0,4581.333333,0.874570447,1.385714286,3.5,1.290994449,0,1.5,0.428571429,1,2,2.333333333,0,0,0,0,1.0,0,1,0,3,1,0,0,0,1,0,0,0,1,0,0,1,0,0,0,0
29,2,1,9934,15.5,3,4,3,2,4,4,12,1,0,23,73,1,5,3,9,1,0,0.333333333,1,0.666666667,3311.333333,0.835690516,5.166666667,3.25,0.957427108,0,0.2,0.333333333,0,2,3.041666667,1,1,1,1,3.0,1,2,0,3,1,0,1,0,0,0,1,0,1,0,1,0,0,0,0,0
60,0,0,9206,16.0,2,3,2,3,3,3,47,1,0,11,36,5,7,2,5,1,1,0.0,0,0.0,4603.0,0.464408444,16.0,2.75,0.5,0,0.714285714,5.0,0,3,3.0,0,1,0,1,5.0,0,1,0,2,0,0,1,0,1,0,0,0,1,0,0,0,0,1,0,1
39,1,1,6885,12.2,2,3,4,4,2,3,50,0,1,8,36,6,4,1,1,0,0,0.5,0,0.5,3442.5,0.527138158,6.1,3.25,0.957427108,0,1.5,3.0,0,1,4.0,0,2,0,1,0.5,0,0,0,2,1,1,0,1,0,0,0,0,1,0,0,1,0,0,0,0
28,10,4,8617,22.2,3,4,3,2,3,3,34,0,1,30,140,5,10,4,3,1,0,0.363636364,1,3.333333333,2872.333333,0.774671053,2.018181818,2.75,0.5,0,0.5,0.454545455,2,2,4.516129032,1,0,1,0,0.272727273,0,1,0,2,1,1,0,1,0,0,0,0,1,0,1,0,0,0,0,0
29,7,4,9264,13.2,3,2,5,5,5,3,60,1,1,12,33,3,10,4,5,1,0,0.5,1,2.333333333,3088.0,0.47029946,1.65,4.5,1.0,0,0.3,0.375,1,3,2.538461538,0,-2,0,0,0.625,0,2,0,1,0,1,0,0,1,0,0,0,1,0,1,0,0,0,1,1
32,6,0,8275,13.4,2,4,3,4,3,4,56,0,0,8,27,6,9,2,3,0,0,0.0,1,3.0,4137.5,0.432282416,1.914285714,3.5,0.577350269,0,0.666666667,0.857142857,2,3,3.0,0,2,1,1,0.428571429,0,1,0,2,0,1,0,0,0,0,0,0,1,0,1,0,0,0,1,1
31,7,2,9651,13.4,3,4,1,2,2,4,30,0,0,16,72,1,10,1,5,1,0,0.25,1,2.333333333,3217.0,0.620337478,1.675,2.25,1.258305739,1,0.1,0.125,0,0,4.235294118,1,3,1,1,0.625,0,2,0,1,1,0,0,0,0,0,0,0,1,0,1,0,0,0,0,0
28,1,1,7739,19.3,1,3,4,3,4,4,52,0,1,10,33,4,8,4,5,1,0,0.5,0,1.0,7739.0,0.463339495,9.65,3.75,0.5,0,0.5,2.0,1,1,3.0,0,-1,0,0,2.5,0,1,0,2,0,0,1,0,0,0,0,1,0,1,1,0,0,0,1,1
37,6,0,15635,16.1,4,4,2,3,1,3,28,0,0,28,127,8,3,3,6,1,0,0.0,1,1.5,3908.75,0.941580756,2.3,2.25,0.957427108,1,2.666666667,1.142857143,1,2,4.379310345,1,1,1,1,0.857142857,0,2,0,3,1,0,1,0,1,0,0,0,1,0,0,1,0,0,0,0
19,1,0,5941,17.8,1,4,3,3,4,3,58,0,0,8,22,4,14,3,5,0,0,0.0,1,1.0,5941.0,0.188539741,8.9,3.25,0.5,0,0.285714286,2.0,1,1,2.444444444,0,1,1,1,2.5,0,1,0,2,1,0,1,0,0,0,0,1,1,0,0,0,0,0,1,1
31,8,8,10519,13.5,3,2,4,3,2,4,28,0,1,3,11,4,8,4,3,1,0,0.888888889,0,2.666666667,3506.333333,0.626779578,1.5,3.25,0.957427108,0,0.5,0.444444444,1,1,2.75,0,-2,0,0,0.333333333,0,1,0,2,0,0,1,0,1,0,0,0,0,0,1,0,0,0,1,0
42,0,0,9165,17.4,2,4,1,5,4,4,30,0,0,8,34,4,8,1,4,0,0,0.0,0,0.0,4582.5,0.660813309,17.4,3.5,1.732050808,0,0.5,4.0,1,1,3.777777778,0,3,1,1,4.0,0,0,0,2,0,0,1,0,0,0,0,1,1,0,0,1,0,0,0,0
31,6,4,12354,17.0,3,3,1,4,4,4,5,0,0,13,42,1,10,1,3,1,0,0.571428571,1,2.0,4118.0,0.798478154,2.428571429,3.25,1.5,0,0.1,0.142857143,1,1,3.0,0,2,0,1,0.428571429,0,1,0,3,0,1,0,0,1,0,0,0,0,0,1,0,0,0,0,0
34,12,6,13746,12.7,4,4,2,5,4,3,54,0,1,3,7,5,12,4,3,1,0,0.461538462,1,3.0,3436.5,0.983361065,0.976923077,3.5,1.290994449,0,0.416666667,0.384615385,0,0,1.75,0,0,1,0,0.230769231,0,1,0,3,0,0,1,0,0,0,1,0,1,0,1,0,0,0,0,0
25,3,1,6110,16.4,2,4,4,5,5,3,0,0,0,13,54,2,7,4,0,0,0,0.25,1,1.5,3055.0,0.212261245,4.1,4.25,0.957427108,0,0.285714286,0.5,1,1,3.857142857,0,0,1,0,0.0,0,1,0,1,1,0,0,0,0,0,0,1,0,0,1,0,0,0,0,1
37,4,2,5553,16.7,2,3,4,4,2,4,7,1,0,4,11,7,9,3,6,0,0,0.4,1,2.0,2776.5,0.142945163,3.34,3.5,1.0,0,0.777777778,1.4,1,4,2.2,0,0,0,0,1.2,0,1,0,1,0,1,0,0,0,0,0,1,1,0,0,1,0,0,1,1
42,3,2,6562,20.6,1,5,5,3,3,3,53,0,0,17,58,2,2,3,0,0,0,0.5,1,3.0,6562.0,0.193161634,5.15,3.5,1.0,0,1.0,0.5,0,1,3.222222222,0,2,1,1,0.0,0,1,0,2,0,1,0,0,0,0,0,0,1,0,0,1,0,0,0,0
38,3,3,8904,16.0,4,5,3,3,4,2,42,0,0,8,31,2,9,3,7,1,0,0.75,0,0.75,2226.0,0.690265487,4.0,3.0,0.816496581,0,0.222222222,0.5,0,0,3.444444444,0,2,1,1,1.75,0,0,0,1,1,1,0,0,0,1,0,0,1,0,0,1,0,0,0,0
30,0,0,5233,15.7,1,2,2,3,5,3,46,0,1,3,10,3,2,3,3,0,0,0.0,0,0.0,5233.0,0.108903266,15.7,3.25,1.258305739,0,1.5,3.0,1,2,2.5,0,-1,0,0,3.0,0,1,0,2,1,0,1,0,0,0,0,1,1,0,1,0,0,0,1,1
49,6,1,8660,17.0,2,4,5,3,2,4,24,1,0,17,58,5,15,4,7,0,0,0.142857143,1,3.0,4330.0,0.659292035,2.428571429,3.5,1.290994449,0,0.333333333,0.714285714,1,3,3.222222222,0,0,1,0,1.0,0,0,0,3,0,0,1,0,0,1,0,0,1,0,0,0,1,0,1,1
31,8,8,11772,16.5,4,4,5,4,4,4,34,1,0,8,23,4,8,4,7,1,0,0.888888889,0,2.0,2943.0,0.882008626,1.833333333,4.25,0.5,0,0.5,0.444444444,0,2,2.555555556,0,0,1,0,0.777777778,0,0,0,2,1,1,0,0,0,0,0,1,0,0,1,0,0,0,0,0
44,15,5,13698,15.6,5,4,4,3,3,3,16,1,1,22,94,5,8,3,11,1,0,0.3125,1,3.0,2739.6,0.948243993,0.975,3.25,0.5,0,0.625,0.3125,1,4,4.086956522,1,1,1,1,0.6875,1,2,0,2,1,0,0,0,0,0,0,1,0,0,0,1,0,0,0,0
38,2,0,5885,18.5,1,4,4,3,3,4,59,1,0,9,36,9,6,3,8,0,0,0.0,1,2.0,5885.0,0.114120782,6.166666667,3.5,0.577350269,0,1.5,3.0,2,5,3.6,0,1,1,1,2.666666667,1,2,0,2,1,0,1,0,0,0,0,0,1,0,0,1,0,0,1,0
34,0,0,9211,14.1,2,3,2,2,3,3,42,0,0,9,36,3,15,4,6,0,0,0.0,0,0.0,4605.5,0.666666667,14.1,2.5,0.577350269,0,0.2,3.0,1,1,3.6,0,-1,0,0,6.0,0,0,0,2,0,1,0,0,0,0,0,1,1,0,1,0,0,0,0,0
34,8,3,11169,14.9,3,3,5,2,3,4,34,1,0,8,22,5,8,3,7,1,0,0.333333333,1,2.666666667,3723.0,0.698453608,1.655555556,3.5,1.290994449,0,0.625,0.555555556,1,4,2.444444444,0,0,0,0,0.777777778,0,0,0,1,1,1,0,0,1,0,0,0,0,0,1,0,0,0,0,0
40,20,0,16585,15.8,5,4,3,3,5,2,15,0,0,21,81,1,12,4,7,1,0,0.0,1,4.0,3317.0,0.988601356,0.752380952,3.25,1.258305739,0,0.083333333,0.047619048,0,0,3.681818182,1,0,1,0,0.333333333,0,1,0,3,0,0,0,0,0,0,0,1,1,0,0,1,0,0,0,0
26,8,3,7329,14.5,2,4,2,3,2,3,26,1,1,16,35,4,4,4,3,0,0,0.333333333,1,4.0,3664.5,0.462665929,1.611111111,2.5,0.577350269,0,1.0,0.444444444,1,4,2.058823529,0,0,1,0,0.333333333,0,1,0,2,0,1,0,0,0,1,0,0,0,1,1,0,0,0,1,1
29,8,8,17139,11.3,4,4,3,4,4,1,11,0,1,22,67,3,11,2,4,1,0,0.888888889,0,2.0,4284.75,0.967108493,1.255555556,3.0,1.414213562,0,0.272727273,0.333333333,1,1,2.913043478,1,2,1,1,0.444444444,0,2,0,3,1,0,0,0,1,0,0,0,1,0,1,0,0,0,0,0
30,4,4,10898,19.6,2,3,5,2,3,3,38,0,0,12,34,4,5,3,4,1,0,0.8,0,2.0,5449.0,0.667648503,3.92,3.25,1.258305739,0,0.8,0.8,1,2,2.615384615,0,0,0,0,0.8,0,1,0,3,0,1,0,0,1,0,0,0,1,0,1,0,0,0,1,1
36,6,2,9528,12.8,3,1,3,3,4,3,9,1,1,19,43,2,6,3,5,1,0,0.285714286,1,2.0,3176.0,0.707178065,1.828571429,3.25,0.5,0,0.333333333,0.285714286,1,3,2.15,0,-2,0,0,0.714285714,0,0,0,2,1,0,1,0,0,0,0,1,1,0,0,1,0,0,0,0
28,0,0,8023,14.9,2,3,4,1,3,2,67,1,0,17,78,4,8,5,10,0,0,0.0,0,0.0,4011.5,0.300073638,14.9,2.5,1.290994449,0,0.5,4.0,1,3,4.333333333,1,-2,0,0,10.0,1,3,0,2,1,1,0,0,1,0,0,0,1,0,1,0,0,0,1,0
51,1,1,4983,16.1,1,4,1,4,3,3,43,0,0,14,46,5,7,3,4,0,1,0.5,0,1.0,4983.0,0.021600393,8.05,2.75,1.258305739,0,0.714285714,2.5,1,2,3.066666667,0,1,1,1,2.0,0,1,0,1,1,0,0,0,1,0,0,0,0,1,0,0,1,0,0,0
33,1,0,7548,15.4,2,2,3,2,4,3,53,0,1,12,30,4,9,3,3,0,0,0.0,1,0.5,3774.0,0.566763727,7.7,3.0,0.816496581,0,0.444444444,2.0,2,2,2.307692308,0,-1,0,0,1.5,0,0,0,3,0,0,0,0,0,0,1,0,1,0,1,0,0,0,0,0
38,1,1,5935,12.2,2,3,3,3,3,4,36,0,1,26,89,2,6,1,1,1,0,0.5,0,0.5,2967.5,0.072164948,6.1,3.25,0.5,0,0.333333333,1.0,2,2,3.296296296,1,2,0,1,0.5,0,2,0,1,0,1,0,0,1,0,0,0,1,0,0,1,0,0,0,0
27,2,0,9396,17.1,3,3,3,2,3,2,44,0,0,6,15,6,7,4,2,1,0,0.0,1,0.666666667,3132.0,0.794509151,5.7,2.5,0.577350269,0,0.857142857,2.0,1,2,2.142857143,0,-1,0,0,0.666666667,0,0,0,3,1,0,0,0,0,0,1,0,0,1,1,0,0,0,0,0
44,2,1,5114,14.6,1,3,2,4,4,1,60,0,1,11,36,5,4,3,5,1,0,0.333333333,1,2.0,5114.0,0.051065719,4.866666667,2.75,1.5,0,1.25,1.666666667,1,2,3.0,0,0,0,0,1.666666667,0,1,0,2,1,0,1,0,0,0,0,0,0,0,0,1,0,0,0,1
35,6,6,8367,14.8,3,3,5,2,4,3,86,0,0,30,60,5,8,5,6,1,0,0.857142857,0,2.0,2789.0,0.69093178,2.114285714,3.5,1.290994449,0,0.625,0.714285714,1,2,1.935483871,0,-2,0,0,0.857142857,0,1,0,2,0,1,0,0,0,0,1,0,1,0,0,1,0,0,0,0
41,1,0,8437,16.7,3,3,4,4,2,4,60,0,0,27,107,6,10,2,7,1,0,0.0,1,0.333333333,2812.333333,0.695923461,8.35,3.5,1.0,0,0.6,3.0,1,2,3.821428571,1,1,0,1,3.5,0,1,0,3,0,0,1,0,0,0,1,0,1,0,0,1,0,0,0,0
44,3,0,5796,10.8,2,2,4,4,2,1,29,1,0,19,83,3,5,3,5,0,0,0.0,1,1.5,2898.0,0.214048673,2.7,2.75,1.5,0,0.6,0.75,0,3,4.15,1,-1,0,0,1.25,0,2,0,1,0,1,0,0,0,1,0,0,0,1,0,1,0,0,1,1
33,10,6,11715,12.4,4,3,3,2,2,5,29,0,1,15,44,3,15,2,9,1,0,0.545454545,1,2.5,2928.75,0.750490918,1.127272727,3.0,1.414213562,0,0.2,0.272727273,1,1,2.75,0,1,0,1,0.818181818,1,2,0,1,1,1,0,0,1,0,0,0,0,1,1,0,0,0,0,0
41,2,2,6197,11.9,1,2,4,3,3,1,80,0,1,26,75,2,2,4,6,1,0,0.666666667,0,2.0,6197.0,0.267699115,3.966666667,2.75,1.258305739,0,1.0,0.666666667,2,3,2.777777778,1,-2,0,0,2.0,0,2,0,3,1,0,1,0,0,1,0,0,1,0,0,1,0,0,1,1
36,5,5,10258,16.3,2,3,4,2,3,4,37,1,1,54,150,3,5,3,4,0,0,0.833333333,0,2.5,5129.0,0.593765341,2.716666667,3.25,0.957427108,0,0.6,0.5,0,3,2.727272727,1,0,0,0,0.666666667,0,2,0,2,0,1,0,0,1,0,0,0,1,0,0,1,0,0,1,1
35,10,3,17728,16.7,4,4,2,4,4,3,39,0,0,12,46,6,4,2,9,1,0,0.272727273,1,2.5,4432.0,0.974717722,1.518181818,3.25,0.957427108,0,1.5,0.545454545,1,2,3.538461538,0,2,1,1,0.818181818,1,1,0,3,1,0,1,0,1,0,0,0,1,0,0,1,0,0,0,0
31,2,2,5934,16.0,1,4,5,4,3,2,21,0,0,25,71,7,5,2,3,0,0,0.666666667,0,2.0,5934.0,0.121003552,5.333333333,3.5,1.290994449,0,1.4,2.333333333,2,3,2.730769231,1,2,1,1,1.0,0,2,0,2,1,1,0,0,0,0,0,0,0,1,1,0,0,0,0,0
18,0,0,7778,14.4,1,3,4,3,3,4,51,0,0,14,47,5,5,3,4,1,0,0.0,0,0.0,7778.0,0.358348135,14.4,3.5,0.577350269,0,1.0,5.0,0,1,3.133333333,0,0,0,0,4.0,0,1,0,3,1,1,0,0,0,0,0,0,1,0,0,0,0,0,0,1
18,0,0,2950,16.7,1,3,2,4,1,4,28,1,0,13,44,2,7,2,4,0,0,0.0,0,0.0,2950.0,0.003871681,16.7,2.75,1.5,0,0.285714286,2.0,2,4,3.142857143,0,1,0,1,4.0,0,1,0,1,0,0,0,0,0,1,0,0,1,0,0,0,0,0,1,1
33,8,1,5633,16.3,2,3,4,3,4,4,14,0,1,5,12,3,9,2,8,0,0,0.111111111,1,4.0,2816.5,0.298519737,1.811111111,3.75,0.5,0,0.333333333,0.333333333,1,1,2.0,0,1,0,1,0.888888889,1,2,0,2,1,0,1,1,0,0,0,0,0,1,1,0,0,0,1,1
42,11,5,13183,15.5,4,4,5,3,4,5,11,1,0,6,20,3,15,5,3,1,0,0.416666667,1,2.75,3295.75,0.896980462,1.291666667,4.25,0.957427108,0,0.2,0.25,1,3,2.857142857,0,-1,1,0,0.25,0,1,0,2,0,0,1,0,0,0,0,0,0,1,0,1,0,0,0,0
51,0,0,4401,18.6,2,3,3,4,2,2,42,1,1,14,47,3,13,4,10,0,1,0.0,0,0.0,2200.5,0.120888158,18.6,2.75,0.957427108,0,0.230769231,3.0,2,4,3.133333333,0,-1,0,0,10.0,1,2,0,2,1,1,0,1,0,0,0,0,1,0,0,0,1,0,1,1
42,2,1,5118,14.1,1,2,3,3,1,5,31,0,1,15,63,4,8,3,5,0,0,0.333333333,1,2.0,5118.0,0.051509769,4.7,3.0,1.632993162,0,0.5,1.333333333,0,0,3.9375,1,-1,0,0,1.666666667,0,2,0,3,1,1,0,0,0,0,0,0,1,0,0,1,0,0,1,1
36,10,0,9610,13.6,4,3,1,3,2,5,51,0,0,5,19,2,8,3,6,1,0,0.0,1,2.5,2402.5,0.717190388,1.236363636,2.75,1.707825128,0,0.25,0.181818182,1,1,3.166666667,0,0,0,0,0.545454545,0,0,0,1,0,1,0,0,0,0,0,1,1,0,0,1,0,0,0,0
30,10,2,8938,15.1,3,4,4,2,1,4,68,0,1,18,61,3,4,3,7,1,0,0.181818182,1,3.333333333,2979.333333,0.800164474,1.372727273,2.75,1.5,0,0.75,0.272727273,0,1,3.210526316,1,1,1,1,0.636363636,0,1,0,2,0,0,1,1,0,0,0,0,1,0,1,0,0,0,0,0
38,2,1,11377,14.2,2,3,3,4,1,3,45,1,0,7,27,4,16,2,8,0,0,0.333333333,1,1.0,5688.5,0.720422189,4.733333333,2.75,1.258305739,0,0.25,1.333333333,2,4,3.375,0,1,0,1,2.666666667,1,1,0,3,0,0,1,0,1,0,0,0,0,1,0,1,0,0,0,0
32,7,1,16611,7.7,4,3,4,3,2,1,32,0,1,7,28,2,12,5,6,1,0,0.125,1,1.75,4152.75,0.977797513,0.9625,2.5,1.290994449,0,0.166666667,0.25,0,0,3.5,0,-2,0,0,0.75,0,0,0,4,0,0,1,0,0,0,0,0,0,1,1,0,0,0,0,0
25,7,2,9739,18.6,4,4,4,4,1,2,34,0,1,9,22,2,10,4,6,1,0,0.25,1,1.75,2434.75,0.726740604,2.325,2.75,1.5,0,0.2,0.25,1,1,2.2,0,0,1,0,0.75,0,0,0,2,0,1,0,0,0,0,0,1,1,0,1,0,0,0,0,0
29,1,0,7203,19.1,1,4,3,4,2,2,23,0,0,23,87,5,4,5,4,0,0,0.0,1,1.0,7203.0,0.276865009,9.55,2.75,0.957427108,0,1.25,2.5,0,1,3.625,1,-1,1,0,2.0,0,2,0,2,0,0,0,0,0,0,0,0,1,0,1,0,0,0,1,1
44,9,9,19489,16.7,4,4,1,4,1,5,23,1,0,30,107,4,10,4,4,1,0,0.9,0,2.25,4872.25,0.992881689,1.67,2.75,2.061552813,0,0.4,0.4,2,4,3.451612903,1,0,1,0,0.4,0,2,0,4,0,0,1,0,1,0,0,0,0,0,0,1,0,0,0,0
30,2,2,6477,20.2,2,3,3,4,4,3,43,1,1,9,38,4,10,3,6,0,0,0.666666667,0,1.0,3238.5,0.309181416,6.733333333,3.5,0.577350269,0,0.4,1.333333333,1,3,3.8,0,0,0,0,2.0,0,1,0,2,1,1,0,0,0,1,0,0,0,1,1,0,0,0,1,0
60,1,1,6554,16.8,2,4,4,3,3,1,23,0,0,8,29,1,10,2,3,0,1,0.5,0,0.5,3277.0,0.317477876,8.4,2.75,1.258305739,0,0.1,0.5,1,1,3.222222222,0,2,1,1,1.5,0,1,0,2,1,0,1,0,0,1,0,0,0,0,0,0,0,1,1,0
37,0,0,6938,14.2,2,3,5,2,3,4,46,0,0,8,29,7,2,2,4,0,0,0.0,0,0.0,3469.0,0.324707332,14.2,3.5,1.290994449,0,3.5,7.0,1,2,3.222222222,0,1,0,1,4.0,0,1,0,1,0,0,0,0,0,0,0,1,1,0,0,1,0,0,1,1
36,3,2,4726,18.5,1,3,3,5,3,1,61,0,0,16,45,4,4,3,4,1,0,0.5,1,3.0,4726.0,0.090154867,4.625,3.0,1.632993162,0,1.0,1.0,0,1,2.647058824,0,0,0,0,1.0,0,1,0,1,0,1,0,0,0,1,0,0,1,0,0,1,0,0,0,1
37,3,0,7450,15.4,2,3,3,3,3,5,54,0,0,25,63,4,8,3,4,0,0,0.0,1,1.5,3725.0,0.552204659,3.85,3.5,1.0,0,0.5,1.0,0,0,2.423076923,1,0,0,0,1.0,0,1,0,2,1,0,1,0,0,0,1,0,1,0,0,1,0,0,0,0
37,1,1,7752,13.7,1,3,2,1,4,3,35,0,1,24,85,1,10,2,4,0,0,0.5,0,1.0,7752.0,0.26239568,6.85,2.5,1.290994449,0,0.1,0.5,1,1,3.4,1,1,0,1,2.0,0,2,0,3,0,0,1,0,1,0,0,0,1,0,0,1,0,0,1,0
34,0,0,5695,14.3,2,4,5,4,2,4,16,1,0,5,16,4,6,3,11,0,0,0.0,0,0.0,2847.5,0.256239601,14.3,3.75,1.258305739,0,0.666666667,4.0,2,5,2.666666667,0,1,1,1,11.0,1,2,0,2,1,1,0,0,0,0,1,0,0,0,1,0,0,0,1,1
50,0,0,7604,18.3,2,4,1,2,3,4,9,0,0,23,77,2,9,1,2,0,1,0.0,0,0.0,3802.0,0.331705151,18.3,2.5,1.290994449,0,0.222222222,2.0,1,1,3.208333333,1,3,1,1,2.0,0,2,0,2,0,0,1,0,0,0,0,0,1,0,0,0,1,0,1,0
39,6,4,10491,7.3,5,2,4,3,2,4,16,0,0,28,129,2,3,3,3,1,0,0.571428571,1,1.2,2098.2,0.878951747,1.042857143,3.25,0.957427108,0,0.666666667,0.285714286,1,2,4.448275862,1,-1,0,0,0.428571429,0,2,0,2,1,1,0,0,0,0,1,0,1,0,0,1,0,0,0,0
29,5,5,13692,17.7,3,4,3,4,5,1,1,1,0,20,57,3,5,3,6,1,0,0.833333333,0,1.666666667,4564.0,0.872852234,2.95,3.25,1.707825128,0,0.6,0.5,0,3,2.714285714,0,1,1,1,1.0,0,1,0,3,1,1,0,0,1,0,0,0,0,0,1,0,0,0,0,0
37,8,2,6229,21.0,1,4,2,3,4,4,25,1,0,23,70,3,3,3,8,0,0,0.222222222,1,8.0,6229.0,0.225662354,2.333333333,3.25,0.957427108,0,1.0,0.333333333,1,4,2.916666667,1,1,1,1,0.888888889,1,3,0,1,0,0,1,0,0,0,0,1,0,1,0,1,0,0,1,1
47,10,4,6727,13.3,3,2,3,3,2,5,31,1,0,16,34,2,8,3,8,1,0,0.363636364,1,3.333333333,2242.333333,0.422836938,1.209090909,3.25,1.258305739,0,0.25,0.181818182,1,3,2.0,0,-1,0,0,0.727272727,1,3,0,1,0,1,0,0,0,0,1,0,1,0,0,0,1,0,1,1
40,2,2,8159,12.6,2,2,2,2,2,3,24,1,1,13,45,4,9,2,5,1,0,0.666666667,0,1.0,4079.5,0.413854352,4.2,2.25,0.5,1,0.444444444,1.333333333,1,3,3.214285714,0,0,0,0,1.666666667,0,2,1,2,0,1,0,0,0,0,0,0,1,0,0,1,0,0,1,1
26,8,0,7110,17.4,2,4,4,3,4,3,44,1,0,19,67,6,2,4,10,1,0,0.0,1,4.0,3555.0,0.574835526,1.933333333,3.5,0.577350269,0,3.0,0.666666667,1,4,3.35,1,0,1,0,1.111111111,1,2,0,2,1,0,1,1,0,0,0,0,1,0,1,0,0,0,1,1
24,6,1,9634,17.2,3,3,1,2,3,3,41,0,0,18,60,5,8,4,6,1,0,0.142857143,1,2.0,3211.333333,0.775995575,2.457142857,2.25,0.957427108,1,0.625,0.714285714,1,2,3.157894737,0,-1,0,0,0.857142857,0,1,0,2,1,1,0,0,0,1,0,0,1,0,0,0,0,0,0,0
50,10,3,11375,14.0,3,2,4,4,5,2,33,0,1,3,9,5,9,3,7,1,1,0.272727273,1,3.333333333,3791.666667,0.72017673,1.272727273,3.75,1.258305739,0,0.555555556,0.454545455,1,2,2.25,0,-1,0,0,0.636363636,0,0,0,2,1,0,1,0,1,0,0,0,1,0,0,0,1,0,1,1
43,11,0,15826,18.3,5,4,4,5,3,3,60,0,0,15,58,1,10,3,3,1,0,0.0,1,2.2,3165.2,0.995022124,1.525,3.75,0.957427108,0,0.1,0.083333333,2,2,3.625,0,1,1,1,0.25,0,0,0,3,1,1,0,0,0,1,0,0,1,0,0,1,0,0,0,0
46,3,3,9091,17.0,2,5,1,3,4,3,70,0,1,27,74,2,3,4,1,0,0,0.75,0,1.5,4545.5,0.451276387,4.25,2.75,1.258305739,0,0.666666667,0.5,1,2,2.642857143,1,1,1,1,0.25,0,2,0,2,1,1,0,0,1,0,0,0,1,0,0,0,1,0,1,0
50,2,2,5382,16.3,1,4,3,2,2,3,32,1,1,22,51,2,9,3,8,0,1,0.666666667,0,2.0,5382.0,0.126925447,5.433333333,2.5,0.577350269,0,0.222222222,0.666666667,0,2,2.217391304,0,1,1,1,2.666666667,1,2,0,2,0,0,1,0,0,0,0,1,0,1,0,0,1,0,0,0
36,1,1,9548,15.6,3,4,4,4,2,3,32,1,1,34,106,5,10,3,7,1,0,0.5,0,0.333333333,3182.666667,0.506504664,7.8,3.25,0.957427108,0,0.5,2.5,1,3,3.028571429,1,1,1,1,3.5,0,1,0,1,0,1,0,0,1,0,0,0,1,0,0,1,0,0,0,0
46,3,0,7610,20.5,2,4,2,3,3,2,36,0,1,9,21,3,2,4,4,1,0,0.0,1,1.5,3805.0,0.575083195,5.125,2.5,0.577350269,0,1.5,0.75,2,3,2.1,0,0,1,0,1.0,0,0,0,1,1,0,1,0,0,0,1,0,0,1,0,0,1,0,0,0
50,4,1,11414,18.9,4,4,3,3,4,3,25,0,0,5,14,2,6,4,6,1,1,0.2,1,1.0,2853.5,0.796625222,3.78,3.25,0.5,0,0.333333333,0.4,2,2,2.333333333,0,0,1,0,1.2,0,0,0,2,1,1,0,0,0,0,0,0,1,0,0,0,1,0,0,0
18,0,0,7540,16.1,2,2,4,2,5,2,38,0,1,12,31,6,5,5,6,0,0,0.0,0,0.0,3770.0,0.503318584,16.1,3.25,1.5,0,1.2,6.0,1,2,2.384615385,0,-3,0,0,6.0,0,0,0,3,1,1,0,0,0,1,0,0,0,1,0,0,0,0,0,0
45,2,2,7314,11.8,2,3,5,3,3,3,42,0,1,7,27,6,2,5,6,0,0,0.666666667,0,1.0,3657.0,0.459623894,3.933333333,3.5,1.0,0,3.0,2.0,1,2,3.375,0,-2,0,0,2.0,0,1,0,2,0,0,1,0,0,1,0,0,0,1,0,0,1,0,1,0
18,0,0,7187,11.6,1,3,4,3,1,2,13,0,1,8,32,1,10,3,1,0,0,0.0,0,0.0,7187.0,0.193912617,11.6,2.5,1.290994449,0,0.1,1.0,0,0,3.555555556,0,0,0,0,1.0,0,1,0,4,1,1,0,0,1,0,0,0,0,1,0,0,0,0,1,0
38,13,8,18416,10.3,5,3,2,3,2,5,43,0,0,18,56,8,7,3,5,1,0,0.571428571,1,2.6,3683.2,0.984290623,0.735714286,3.0,1.414213562,0,1.142857143,0.571428571,1,2,2.947368421,0,0,0,0,0.357142857,0,1,0,3,1,0,1,0,1,0,0,0,1,0,0,1,0,0,0,0
25,7,4,9874,13.3,2,3,2,4,2,4,12,1,0,32,67,5,10,3,8,1,0,0.5,1,3.5,4937.0,0.549091802,1.6625,3.0,1.154700538,0,0.5,0.625,1,3,2.03030303,1,0,0,0,1.0,1,3,0,2,0,0,1,0,1,0,0,0,0,0,1,0,0,0,1,1
18,0,0,6422,8.2,1,2,4,4,5,4,25,0,0,8,23,3,6,2,4,1,0,0.0,0,0.0,6422.0,0.255083179,8.2,4.25,0.5,0,0.5,3.0,1,1,2.555555556,0,0,0,0,4.0,0,1,0,2,0,0,1,0,0,0,0,1,1,0,0,0,0,0,1,1
28,10,0,12243,14.3,3,4,3,2,3,3,18,0,1,9,42,7,7,4,8,1,0,0.0,1,3.333333333,4081.0,0.790623466,1.3,2.75,0.5,0,1.0,0.636363636,0,1,4.2,0,0,1,0,0.727272727,1,1,0,2,1,1,0,0,1,0,0,0,0,0,1,0,0,0,0,0
40,1,1,6696,17.8,1,4,4,3,1,4,56,0,1,3,7,1,9,2,4,0,0,0.5,0,1.0,6696.0,0.134879725,8.9,3.0,1.414213562,0,0.111111111,0.5,1,1,1.75,0,2,1,1,2.0,0,1,0,2,1,0,1,0,1,0,0,0,1,0,0,1,0,0,0,0
47,4,3,6885,16.4,3,4,3,4,3,4,13,0,1,20,60,7,2,3,4,1,0,0.6,1,1.333333333,2295.0,0.453826955,3.28,3.5,0.577350269,0,3.5,1.4,1,2,2.857142857,0,1,1,1,0.8,0,1,0,2,0,1,0,0,0,0,1,0,0,0,0,0,1,0,0,0
32,1,0,5044,9.1,2,3,1,2,3,3,32,0,1,10,32,1,7,4,6,0,0,0.0,1,0.5,2522.0,0.045515098,4.55,2.25,0.957427108,1,0.142857143,0.5,1,1,2.909090909,0,-1,0,0,3.0,0,2,0,1,0,0,1,0,0,0,0,0,0,1,1,0,0,0,1,1
38,13,4,10019,9.8,3,3,3,5,4,4,30,1,0,37,113,5,7,5,3,1,0,0.285714286,1,4.333333333,3339.666667,0.816924779,0.7,4.0,0.816496581,0,0.714285714,0.357142857,0,3,2.973684211,1,-2,0,0,0.214285714,0,2,0,2,1,0,0,0,0,1,0,0,1,0,0,1,0,0,0,0
49,3,0,6817,7.9,3,1,1,2,2,3,28,0,1,12,30,3,7,2,7,1,0,0.0,1,1.0,2272.333333,0.36670354,1.975,2.0,0.816496581,1,0.428571429,0.75,0,0,2.307692308,0,-1,0,0,1.75,0,2,0,1,0,1,0,0,0,1,0,0,1,0,0,0,1,0,1,1
42,7,6,6826,14.7,1,3,3,2,4,3,67,1,1,21,44,3,8,3,8,0,0,0.75,1,7.0,6826.0,0.441347754,1.8375,3.0,0.816496581,0,0.375,0.375,1,3,2.0,0,0,0,0,1.0,1,3,0,4,1,0,1,0,0,0,1,0,1,0,0,1,0,0,1,1
53,2,0,7006,16.1,3,4,2,4,2,5,77,1,0,15,47,3,10,2,7,1,1,0.0,1,0.666666667,2335.333333,0.552631579,5.366666667,3.25,1.5,0,0.3,1.0,2,4,2.9375,0,2,1,1,2.333333333,0,0,0,2,0,1,0,1,0,0,0,0,1,0,0,0,1,0,0,0
34,12,1,15047,12.8,5,1,4,5,3,2,59,0,1,11,35,7,14,3,3,1,0,0.076923077,1,2.4,3009.4,0.974430068,0.984615385,3.5,1.290994449,0,0.5,0.538461538,0,0,2.916666667,0,-2,0,0,0.230769231,0,0,0,4,1,0,1,0,0,0,0,1,1,0,1,0,0,0,1,0
44,0,0,6078,14.6,1,4,4,4,5,4,46,0,1,5,19,5,7,3,6,0,0,0.0,0,0.0,6078.0,0.247234513,14.6,4.25,0.5,0,0.714285714,5.0,1,2,3.166666667,0,1,1,1,6.0,0,1,0,2,0,0,1,0,0,1,0,0,1,0,0,1,0,0,1,1
39,0,0,3795,13.2,1,3,4,5,2,3,11,0,1,13,8,4,9,4,4,0,0,0.0,0,0.0,3795.0,0.061677632,13.2,3.5,1.290994449,0,0.444444444,4.0,2,2,0.571428571,0,-1,0,0,4.0,0,1,0,3,0,1,0,1,0,0,0,0,0,0,0,1,0,0,1,0
38,0,0,5875,15.3,2,4,5,1,3,3,21,0,0,27,92,1,9,3,4,0,0,0.0,0,0.0,2937.5,0.342105263,15.3,3.0,1.632993162,0,0.111111111,1.0,0,0,3.285714286,1,1,1,1,4.0,0,2,0,2,0,1,0,1,0,0,0,0,0,1,0,1,0,0,1,0
38,11,1,15886,17.4,3,4,3,3,3,3,71,0,1,28,97,2,4,5,4,1,0,0.083333333,1,3.666666667,5295.333333,0.94796269,1.45,3.0,0.0,0,0.5,0.166666667,2,2,3.344827586,1,-1,1,0,0.333333333,0,1,0,3,1,1,0,0,1,0,0,0,1,0,0,1,0,0,0,0
30,0,0,6588,15.0,1,3,3,4,3,2,53,0,0,1,5,4,7,4,5,0,0,0.0,0,0.0,6588.0,0.125920471,15.0,3.0,0.816496581,0,0.571428571,4.0,0,1,2.5,0,-1,0,0,5.0,0,1,0,3,1,0,1,0,1,0,0,0,1,0,1,0,0,0,1,1
22,3,3,7995,11.8,1,3,2,2,5,3,22,1,1,19,42,1,8,3,7,1,0,0.75,0,3.0,7995.0,0.295287187,2.95,3.0,1.414213562,0,0.125,0.25,1,3,2.1,0,0,0,0,1.75,0,1,0,3,0,1,0,0,1,0,0,0,1,0,0,0,0,0,0,1
41,0,0,4428,15.5,1,2,3,5,3,4,39,1,0,5,17,4,13,3,7,1,0,0.0,0,0.0,4428.0,0.043130006,15.5,3.75,0.957427108,0,0.307692308,4.0,0,2,2.833333333,0,-1,0,0,7.0,0,1,0,1,1,1,0,0,0,0,0,1,1,0,0,1,0,0,1,1
25,6,6,13134,11.7,4,3,1,4,3,3,33,0,0,5,17,7,7,3,2,1,0,0.857142857,0,1.5,3283.5,0.845606284,1.671428571,2.75,1.258305739,0,1.0,1.0,0,1,2.833333333,0,0,0,0,0.285714286,0,1,0,2,0,1,0,0,1,0,0,0,1,0,1,0,0,0,0,0
36,4,1,8786,23.2,2,4,1,3,4,4,53,1,0,12,57,5,6,2,6,1,0,0.2,1,2.0,4393.0,0.612446087,4.64,3.0,1.414213562,0,0.833333333,1.0,0,3,4.384615385,0,2,1,1,1.2,0,0,0,2,1,1,0,0,0,0,0,1,1,0,0,1,0,0,1,1
32,6,2,9648,17.2,3,3,3,2,2,2,52,0,1,18,67,4,2,3,5,1,0,0.285714286,1,2.0,3216.0,0.619893428,2.457142857,2.25,0.5,1,2.0,0.571428571,0,1,3.526315789,1,0,0,0,0.714285714,0,2,0,2,1,0,1,0,0,0,0,0,1,0,1,0,0,0,0,0
28,3,3,6735,8.3,2,1,2,4,3,3,41,1,1,23,69,6,6,2,7,1,0,0.75,0,1.5,3367.5,0.139543446,2.075,3.0,0.816496581,0,1.0,1.5,0,3,2.875,1,-1,0,0,1.75,0,2,0,2,0,0,1,0,1,0,0,0,1,0,1,0,0,0,1,1
27,0,0,7251,23.5,1,5,5,5,4,1,24,1,1,10,41,3,2,4,7,0,0,0.0,0,0.0,7251.0,0.380930376,23.5,3.75,1.892969449,0,1.5,3.0,1,4,3.727272727,0,1,1,1,7.0,0,1,0,2,1,1,0,0,0,0,0,1,0,1,1,0,0,0,1,1
45,1,1,5489,16.4,1,3,1,2,3,3,40,0,0,19,57,6,5,3,3,1,0,0.5,0,1.0,5489.0,0.043691703,8.2,2.25,0.957427108,1,1.2,3.0,1,2,2.85,0,0,0,0,1.5,0,2,0,2,0,1,0,0,1,0,0,0,1,0,0,0,1,0,0,0
40,1,0,5131,7.4,1,2,3,1,2,4,44,0,0,17,42,4,2,3,5,0,0,0.0,1,1.0,5131.0,0.0982748,3.7,2.5,1.290994449,0,2.0,2.0,1,2,2.333333333,0,-1,0,0,2.5,0,1,0,2,1,1,0,0,0,0,0,1,1,0,0,1,0,0,1,1
35,11,4,13800,15.5,5,4,4,3,3,3,1,0,0,2,7,8,10,5,4,1,0,0.333333333,1,2.2,2760.0,0.987664474,1.291666667,3.25,0.5,0,0.8,0.666666667,0,1,2.333333333,0,-1,1,0,0.333333333,0,1,0,4,0,0,0,1,0,0,0,0,1,0,0,1,0,0,0,0
49,6,3,7665,16.2,3,3,3,2,3,5,81,0,1,19,76,3,8,3,2,1,0,0.428571429,1,2.0,2555.0,0.253681885,2.314285714,3.25,1.258305739,0,0.375,0.428571429,2,2,3.8,1,0,0,0,0.285714286,0,2,0,1,1,0,0,0,1,0,0,0,1,0,0,0,1,0,1,1
18,0,0,4627,14.9,1,2,3,3,4,4,53,0,0,11,25,4,8,3,7,0,0,0.0,0,0.0,4627.0,0.143914474,14.9,3.5,0.577350269,0,0.5,4.0,1,1,2.083333333,0,-1,0,0,7.0,0,1,0,2,0,0,1,1,0,0,0,0,0,0,0,0,0,0,1,1
26,1,0,5005,16.2,2,1,1,2,3,4,39,0,1,5,11,8,2,4,3,0,0,0.0,1,0.5,2502.5,0.085181762,8.1,2.5,1.290994449,0,4.0,4.0,0,1,1.833333333,0,-3,0,0,1.5,0,1,0,2,1,0,1,0,0,0,0,1,1,0,1,0,0,0,1,1
29,8,6,10130,11.9,3,3,4,2,2,4,47,1,0,7,24,4,7,3,9,1,0,0.666666667,1,2.666666667,3376.666667,0.767252002,1.322222222,3.0,1.154700538,0,0.571428571,0.444444444,0,3,3.0,0,0,0,0,1.0,1,2,0,2,1,1,0,0,0,0,0,1,0,1,1,0,0,0,0,0
56,7,2,7549,9.9,2,4,5,1,5,4,29,0,0,4,5,2,3,4,4,1,1,0.25,1,3.5,3774.5,0.507743363,1.2375,3.75,1.892969449,0,0.666666667,0.25,0,1,1.0,0,0,1,0,0.5,0,0,0,2,1,1,0,0,0,1,0,0,0,0,0,0,0,1,1,1
38,9,1,9785,13.8,5,3,4,4,2,4,30,0,0,28,68,1,11,5,6,1,0,0.1,1,1.8,1957.0,0.863486842,1.38,3.5,1.0,0,0.090909091,0.1,0,0,2.344827586,1,-2,0,0,0.6,0,1,0,1,1,0,1,1,0,0,0,0,1,0,0,1,0,0,0,0
36,6,1,8370,17.4,1,5,1,4,2,2,16,0,0,13,36,5,12,2,5,1,0,0.142857143,1,6.0,8370.0,0.444715808,2.485714286,2.25,1.258305739,1,0.416666667,0.714285714,0,0,2.571428571,0,3,1,1,0.714285714,0,2,0,3,1,1,0,0,0,0,0,0,1,0,0,1,0,0,1,1
37,1,1,6784,17.3,1,4,5,1,4,5,43,0,1,18,70,2,10,3,7,0,0,0.5,0,1.0,6784.0,0.146539028,8.65,3.75,1.892969449,0,0.2,1.0,1,1,3.684210526,1,1,1,1,3.5,0,2,0,2,1,0,1,0,1,0,0,0,1,0,0,1,0,0,1,1
33,6,0,6366,13.7,2,3,3,5,5,2,45,1,0,14,33,2,7,3,3,0,0,0.0,1,3.0,3183.0,0.296460177,1.957142857,3.75,1.5,0,0.285714286,0.285714286,2,4,2.2,0,0,0,0,0.428571429,0,1,0,1,0,0,1,0,0,1,0,0,1,0,1,0,0,0,1,1
30,3,0,5431,13.9,2,2,5,3,1,4,34,0,1,22,82,1,2,5,5,1,0,0.0,1,1.5,2715.5,0.209442596,3.475,3.25,1.707825128,0,0.5,0.25,1,1,3.565217391,1,-3,0,0,1.25,0,2,0,2,0,0,0,0,0,0,1,0,1,0,1,0,0,0,1,1
37,2,1,4229,15.4,1,4,4,4,5,1,36,0,1,6,21,4,6,4,0,1,0,0.333333333,1,2.0,4229.0,0.006627393,5.133333333,3.5,1.732050808,0,0.666666667,1.333333333,0,1,3.0,0,0,1,0,0.0,0,1,0,1,1,1,0,0,1,0,0,0,1,0,0,1,0,0,0,1
30,3,3,12411,11.1,2,4,3,4,4,3,20,0,0,13,33,5,8,4,5,0,0,0.75,0,1.5,6205.5,0.802282769,2.775,3.5,0.577350269,0,0.625,1.25,1,2,2.357142857,0,0,1,0,1.25,0,0,0,3,1,0,0,0,1,0,0,0,0,1,1,0,0,0,0,0
28,1,0,4046,14.0,1,4,3,2,3,3,33,0,1,10,24,5,7,4,1,1,0,0.0,1,1.0,4046.0,0.042035398,7.0,2.75,0.5,0,0.714285714,2.5,0,1,2.181818182,0,0,1,0,0.5,0,1,0,2,0,0,1,0,0,1,0,0,1,0,1,0,0,0,1,0
50,22,12,11601,14.4,5,4,4,2,3,5,36,0,1,11,37,2,3,3,7,1,1,0.52173913,1,4.4,2320.2,0.942434211,0.626086957,3.5,1.290994449,0,0.666666667,0.086956522,1,2,3.083333333,0,1,1,1,0.304347826,0,0,0,2,1,0,1,1,0,0,0,0,1,0,0,0,1,0,0,0
25,6,4,6771,11.4,3,3,3,4,2,3,87,1,0,19,42,1,15,5,5,1,0,0.571428571,1,2.0,2257.0,0.429284526,1.628571429,3.0,0.816496581,0,0.066666667,0.142857143,0,2,2.1,0,-2,0,0,0.714285714,0,2,0,2,1,1,0,0,0,0,1,0,0,1,1,0,0,0,1,1
39,5,2,14445,16.9,4,4,2,1,5,4,10,0,0,2,9,7,10,5,5,1,0,0.333333333,1,1.25,3611.25,0.904516446,2.816666667,3.0,1.825741858,0,0.7,1.166666667,1,2,3.0,0,-1,1,0,0.833333333,0,0,0,3,1,1,0,0,1,0,0,0,1,0,0,1,0,0,0,0
47,13,12,8657,8.2,3,1,4,4,2,3,46,0,0,14,51,1,9,3,5,1,0,0.857142857,1,4.333333333,2885.666667,0.722545757,0.585714286,3.25,0.957427108,0,0.111111111,0.071428571,1,1,3.4,0,-2,0,0,0.357142857,0,1,0,1,1,0,1,0,0,0,1,0,1,0,0,0,1,0,1,1
26,3,1,7540,8.8,2,1,4,2,4,4,8,0,0,60,146,3,7,3,6,0,0,0.25,1,1.5,3770.0,0.238831615,2.2,3.5,1.0,0,0.428571429,0.75,0,0,2.393442623,1,-2,0,0,1.5,0,2,0,2,0,1,0,0,1,0,0,0,1,0,1,0,0,0,1,1
35,0,0,4091,15.2,1,2,2,1,4,2,33,0,0,20,52,5,8,4,5,1,0,0.0,0,0.0,4091.0,0.054076539,15.2,2.25,1.258305739,1,0.625,5.0,1,2,2.476190476,0,-2,0,0,5.0,0,2,0,3,1,1,0,0,0,0,1,0,1,0,0,1,0,0,1,1
46,10,4,10627,24.2,3,5,3,2,3,4,36,0,0,23,99,6,8,3,5,1,0,0.363636364,1,3.333333333,3542.333333,0.849557522,2.2,3.0,0.816496581,0,0.75,0.545454545,1,2,4.125,1,2,1,1,0.454545455,0,2,0,2,0,1,0,0,0,1,0,0,0,1,0,0,1,0,0,0
44,10,3,12185,16.2,4,4,5,2,3,3,51,1,0,13,43,3,2,3,8,1,0,0.272727273,1,2.5,3046.25,0.958881579,1.472727273,3.25,1.258305739,0,1.5,0.272727273,0,3,3.071428571,0,1,1,1,0.727272727,1,1,0,2,1,1,0,1,0,0,0,0,0,1,0,1,0,0,0,0
32,3,3,5580,16.4,2,3,4,3,5,2,52,1,0,13,48,6,4,2,10,0,0,0.75,0,1.5,2790.0,0.048109966,4.1,3.5,1.290994449,0,1.5,1.5,0,3,3.428571429,0,1,0,1,2.5,1,2,0,1,0,1,0,0,1,0,0,0,0,0,1,0,0,0,0,0
29,11,3,11556,18.3,3,4,5,2,3,5,26,1,1,4,11,2,17,4,4,1,0,0.25,1,3.666666667,3852.0,0.930116473,1.525,3.75,1.5,0,0.117647059,0.166666667,0,2,2.2,0,0,1,0,0.333333333,0,0,0,3,1,1,0,0,0,0,1,0,1,0,1,0,0,0,0,0
31,6,4,7064,15.8,4,4,3,4,3,4,28,0,1,5,20,2,7,3,3,1,0,0.571428571,1,1.5,1766.0,0.486064892,2.257142857,3.5,0.577350269,0,0.285714286,0.285714286,1,1,3.333333333,0,1,1,1,0.428571429,0,2,0,1,1,1,0,0,0,0,1,0,1,0,1,0,0,0,1,0
35,0,0,4882,18.3,1,3,4,2,3,4,48,0,0,48,150,5,7,4,6,0,0,0.0,0,0.0,4882.0,0.073166975,18.3,3.25,0.957427108,0,0.714285714,5.0,1,2,3.06122449,1,-1,0,0,6.0,0,2,0,2,0,0,0,0,0,0,0,1,1,0,0,1,0,0,1,1
47,3,3,10700,9.5,2,2,3,2,5,3,61,1,1,17,34,6,10,3,4,0,0,0.75,0,1.5,5350.0,0.820856439,2.375,3.25,1.258305739,0,0.6,1.5,1,4,1.888888889,0,-1,0,0,1.0,0,0,0,4,1,1,0,0,0,0,0,1,1,0,0,0,1,0,0,0
42,2,1,10260,17.0,2,3,4,4,3,4,40,1,0,27,123,5,5,4,11,1,0,0.333333333,1,1.0,5130.0,0.694493783,5.666666667,3.75,0.5,0,1.0,1.666666667,2,5,4.392857143,1,-1,0,0,3.666666667,1,2,0,3,1,1,0,0,0,0,0,0,0,1,0,1,0,0,0,0
18,0,0,4665,14.1,1,3,5,4,4,4,19,0,0,8,31,2,12,3,2,1,0,0.0,0,0.0,4665.0,0.084623894,14.1,4.25,0.5,0,0.166666667,2.0,1,1,3.444444444,0,0,0,0,2.0,0,1,0,2,1,1,0,0,0,1,0,0,1,0,0,0,0,0,0,1
41,12,10,12136,10.5,4,1,2,5,4,4,6,0,0,8,23,6,14,4,4,1,0,0.769230769,1,3.0,3034.0,0.839698046,0.807692308,3.75,1.258305739,0,0.428571429,0.461538462,0,0,2.555555556,0,-3,0,0,0.307692308,0,1,0,1,1,1,0,0,0,0,0,0,1,0,0,1,0,0,0,0
42,10,8,12457,16.6,3,3,4,4,3,4,30,1,0,3,11,2,9,2,4,1,0,0.727272727,1,3.333333333,4152.333333,0.944690265,1.509090909,3.75,0.5,0,0.222222222,0.181818182,1,3,2.75,0,1,0,1,0.363636364,0,1,0,3,1,0,1,0,0,1,0,0,1,0,0,1,0,0,0,0
35,9,6,7086,7.5,3,1,2,3,4,4,34,0,0,8,22,6,9,4,1,1,0,0.6,1,3.0,2362.0,0.423119469,0.75,3.25,0.957427108,0,0.666666667,0.6,1,2,2.444444444,0,-3,0,0,0.1,0,2,0,2,1,1,0,0,0,1,0,0,1,0,0,1,0,0,1,1
39,5,3,11230,15.0,3,3,1,4,3,3,8,0,0,13,24,6,2,2,6,1,0,0.5,1,1.666666667,3743.333333,0.856438694,2.5,2.75,1.258305739,0,3.0,1.0,0,1,1.714285714,0,1,0,1,1.0,0,0,0,3,1,0,0,0,0,0,0,1,0,0,0,1,0,0,0,0
39,1,0,8243,15.7,2,2,4,2,3,5,32,0,0,21,74,3,10,4,5,0,0,0.0,1,0.5,4121.5,0.539433148,7.85,3.5,1.290994449,0,0.3,1.5,0,0,3.363636364,1,-2,0,0,2.5,0,1,0,2,1,0,1,0,0,0,0,1,0,1,0,1,0,0,1,1
46,1,0,7909,13.7,2,3,2,3,1,3,28,0,0,7,27,4,14,2,2,1,0,0.0,1,0.5,3954.5,0.286327933,6.85,2.25,0.957427108,1,0.285714286,2.0,1,1,3.375,0,1,0,1,1.0,0,2,0,2,1,0,1,0,1,0,0,0,1,0,0,0,1,0,1,1
51,11,3,10560,18.7,2,4,4,1,4,2,32,0,0,9,22,3,7,3,4,0,1,0.25,1,5.5,5280.0,0.631811487,1.558333333,2.75,1.5,0,0.428571429,0.25,1,1,2.2,0,1,1,1,0.333333333,0,0,0,2,1,1,0,0,1,0,0,0,1,0,0,0,1,0,1,1
25,2,2,4348,8.1,1,2,3,4,2,3,34,0,1,19,27,3,11,4,9,1,0,0.666666667,0,2.0,4348.0,0.069467554,2.7,3.0,0.816496581,0,0.272727273,1.0,1,1,1.35,0,-2,0,0,3.0,1,2,0,2,1,1,0,0,0,0,1,0,0,0,1,0,0,0,1,1
36,1,1,6579,18.4,1,5,3,4,4,3,22,0,0,20,64,4,10,3,3,1,0,0.5,0,1.0,6579.0,0.124202258,9.2,3.5,0.577350269,0,0.4,2.0,1,1,3.047619048,1,2,1,1,1.5,0,2,0,2,0,0,1,0,1,0,0,0,0,1,0,1,0,0,0,0
36,2,0,3657,15.4,1,5,4,5,4,4,4,1,0,14,44,4,13,4,6,0,0,0.0,1,2.0,3657.0,0.03202995,5.133333333,4.25,0.5,0,0.307692308,1.333333333,1,3,2.933333333,0,1,1,1,2.0,0,1,0,1,0,0,1,0,0,0,1,0,1,0,0,1,0,0,0,0
41,5,0,12339,16.2,4,4,4,3,2,4,95,1,0,39,103,3,10,3,8,1,0,0.0,1,1.25,3084.75,0.852131439,2.7,3.25,0.957427108,0,0.3,0.5,1,3,2.575,1,1,1,1,1.333333333,1,2,0,2,0,1,0,0,0,0,0,0,1,0,0,1,0,0,0,0
31,1,0,6624,14.2,2,4,3,4,3,1,21,0,0,13,44,4,8,4,5,0,0,0.0,1,0.5,3312.0,0.199156306,7.1,2.75,1.258305739,0,0.5,2.0,2,2,3.142857143,0,0,1,0,2.5,0,1,0,2,1,1,0,0,0,0,0,0,1,0,1,0,0,0,1,0
31,2,1,5536,14.3,1,3,1,3,5,4,42,0,1,42,141,8,3,2,1,0,0,0.333333333,1,2.0,5536.0,0.141404806,4.766666667,3.25,1.707825128,0,2.666666667,2.666666667,0,1,3.279069767,1,1,0,1,0.333333333,0,2,0,1,1,1,0,0,0,0,0,1,1,0,1,0,0,0,0,0
40,2,2,6094,14.2,1,3,2,4,3,2,27,0,1,37,150,9,10,2,7,0,0,0.666666667,0,2.0,6094.0,0.084806087,4.733333333,2.75,0.957427108,0,0.9,3.0,0,1,3.947368421,1,1,0,1,2.333333333,0,2,0,2,0,1,0,0,1,0,0,0,1,0,0,1,0,0,0,0
44,2,0,7888,15.5,2,3,2,3,4,4,15,0,0,16,35,5,6,3,3,0,0,0.0,1,1.0,3944.0,0.556692478,5.166666667,3.25,0.957427108,0,0.833333333,1.666666667,0,1,2.058823529,0,0,0,0,1.0,0,0,0,2,0,0,0,0,0,1,0,0,1,0,0,1,0,0,0,0
41,3,1,8601,16.7,2,4,4,3,2,4,0,1,1,8,34,3,9,3,8,1,0,0.25,1,1.5,4300.5,0.382056946,4.175,3.25,0.957427108,0,0.333333333,0.75,2,4,3.777777778,0,1,1,1,2.0,1,2,0,1,1,0,1,0,1,0,0,0,1,0,0,1,0,0,0,1
37,5,3,10310,8.4,3,3,3,3,3,4,15,1,0,13,49,3,12,3,6,1,0,0.5,1,1.666666667,3436.666667,0.70071048,1.4,3.25,0.5,0,0.25,0.5,0,2,3.5,0,0,0,0,1.0,0,0,0,2,0,1,0,0,0,0,0,0,0,0,0,1,0,0,0,0
39,0,0,6755,10.2,2,1,1,3,3,3,53,0,0,31,80,6,6,4,6,0,0,0.0,0,0.0,3377.5,0.141875307,10.2,2.5,1.0,0,1.0,6.0,0,1,2.5,1,-3,0,0,6.0,0,2,0,2,0,1,0,0,1,0,0,0,1,0,0,1,0,0,1,1
46,3,3,9783,22.7,3,4,4,4,3,3,29,0,1,24,57,5,6,3,5,1,0,0.75,0,1.0,3261.0,0.639431616,5.675,3.5,0.577350269,0,0.833333333,1.25,1,2,2.28,0,1,1,1,1.25,0,0,0,2,1,1,0,0,0,0,0,0,1,0,0,0,1,0,0,0
33,11,10,11993,13.0,2,3,2,3,4,2,26,0,1,17,64,5,3,2,8,1,0,0.833333333,1,5.5,5996.5,0.772704958,1.083333333,2.75,0.957427108,0,1.666666667,0.416666667,1,2,3.555555556,1,1,0,1,0.666666667,1,3,0,3,0,0,0,0,1,0,0,0,1,0,1,0,0,0,1,1
32,1,0,6267,19.3,1,4,5,3,5,4,15,1,0,60,150,3,2,3,9,0,0,0.0,1,1.0,6267.0,0.34546589,9.65,4.25,0.957427108,0,1.5,1.5,0,3,2.459016393,1,1,1,1,4.5,1,3,0,2,1,1,0,0,0,0,1,0,1,0,1,0,0,0,0,0
31,5,4,9221,11.7,2,3,4,5,2,5,49,0,0,3,12,4,9,3,4,0,0,0.666666667,1,2.5,4610.5,0.465881198,1.95,4.0,1.414213562,0,0.444444444,0.666666667,1,1,3.0,0,0,0,0,0.666666667,0,2,0,2,1,0,0,0,1,0,0,0,1,0,1,0,0,0,1,1
38,0,0,3154,12.4,2,2,3,4,3,1,49,1,1,11,40,6,5,4,1,0,0,0.0,0,0.0,1577.0,0.027138158,12.4,2.75,1.258305739,0,1.2,6.0,2,5,3.333333333,0,-2,0,0,1.0,0,1,0,2,0,0,1,1,0,0,0,0,1,0,0,1,0,0,1,1
25,3,2,10253,14.6,3,2,3,4,4,2,34,0,0,8,29,5,2,3,8,1,0,0.5,1,1.0,3417.666667,0.82909292,3.65,3.25,0.957427108,0,2.5,1.25,1,2,3.222222222,0,-1,0,0,2.0,1,1,0,4,1,1,0,0,0,1,0,0,1,0,1,0,0,0,1,0
25,2,0,5924,13.0,1,3,3,3,3,4,27,0,0,7,22,4,4,3,10,0,0,0.0,1,2.0,5924.0,0.186691312,4.333333333,3.25,0.5,0,1.0,1.333333333,1,2,2.75,0,0,0,0,3.333333333,1,2,0,4,1,1,0,0,0,0,0,1,1,0,1,0,0,0,0,1
27,3,3,10141,7.8,2,3,3,3,3,3,45,1,0,7,14,1,9,2,6,1,0,0.75,0,1.5,5070.5,0.768330253,1.95,3.0,0.0,0,0.111111111,0.25,1,3,1.75,0,1,0,1,1.5,0,0,0,3,0,0,1,0,0,0,0,1,1,0,1,0,0,0,0,0
50,6,3,11121,16.2,3,4,3,4,3,4,51,1,1,20,76,6,5,2,5,1,1,0.428571429,1,2.0,3707.0,0.694158076,2.314285714,3.5,0.577350269,0,1.2,0.857142857,2,5,3.619047619,1,2,1,1,0.714285714,0,1,0,2,0,1,0,0,1,0,0,0,1,0,0,0,1,0,0,0
33,1,0,8110,19.1,2,4,3,3,3,5,42,0,1,6,23,2,15,5,4,1,0,0.0,1,0.5,4055.0,0.514171288,9.55,3.5,1.0,0,0.133333333,1.0,0,0,3.285714286,0,-1,1,0,2.0,0,0,0,3,0,0,1,0,0,0,0,1,1,0,1,0,0,0,0,0
33,1,1,3997,12.3,1,3,3,2,2,3,14,0,0,3,7,6,8,3,4,0,0,0.5,0,1.0,3997.0,0.046589018,6.15,2.5,0.577350269,0,0.75,3.0,1,2,1.75,0,0,0,0,2.0,0,1,0,1,1,1,0,0,0,0,1,0,1,0,1,0,0,0,1,0
18,0,0,6225,12.9,2,3,3,4,2,4,49,0,1,19,54,4,7,5,3,0,0,0.0,0,0.0,3112.5,0.410361842,12.9,3.25,0.957427108,0,0.571428571,4.0,0,1,2.7,0,-2,0,0,3.0,0,1,0,3,1,1,0,1,0,0,0,0,1,0,0,0,0,0,0,1
43,11,5,15503,14.2,3,4,3,4,5,4,54,0,0,14,32,6,10,2,6,1,0,0.416666667,1,3.666666667,5167.666667,0.961367673,1.183333333,4.0,0.816496581,0,0.6,0.5,1,2,2.133333333,0,2,1,1,0.5,0,1,0,4,1,0,1,0,0,0,0,0,0,1,0,1,0,0,0,0
44,7,2,9536,17.3,2,4,3,4,5,4,44,0,1,24,65,3,2,4,6,0,0,0.25,1,3.5,4768.0,0.504663721,2.1625,4.0,0.816496581,0,1.5,0.375,0,1,2.6,1,0,1,0,0.75,0,1,0,2,1,0,1,0,1,0,0,0,1,0,0,1,0,0,1,1
40,7,7,9723,12.2,4,3,3,4,3,4,41,0,0,11,38,2,10,2,4,1,0,0.875,0,1.75,2430.75,0.824043261,1.525,3.5,0.577350269,0,0.2,0.25,0,0,3.166666667,0,1,0,1,0.5,0,1,0,1,1,1,0,0,0,0,1,0,0,0,0,1,0,0,0,0
47,6,1,11596,13.1,3,2,4,3,5,5,44,1,1,21,74,7,13,3,6,1,0,0.142857143,1,2.0,3865.333333,0.808170515,1.871428571,4.25,0.957427108,0,0.538461538,1.0,1,4,3.363636364,1,-1,0,0,0.857142857,0,1,0,2,1,0,0,0,0,0,0,0,1,0,0,0,1,0,1,0
26,2,0,9496,16.0,3,3,1,4,5,4,16,0,0,15,41,1,12,4,3,1,0,0.0,1,0.666666667,3165.333333,0.703327172,5.333333333,3.5,1.732050808,0,0.083333333,0.333333333,1,1,2.5625,0,-1,0,0,1.0,0,0,0,2,1,0,0,0,0,0,0,1,1,0,1,0,0,0,0,0
27,0,0,7733,15.3,3,3,3,3,3,3,48,0,1,46,150,5,10,3,5,1,0,0.0,0,0.0,2577.666667,0.462107209,15.3,3.0,0.0,0,0.5,5.0,2,2,3.191489362,1,0,0,0,5.0,0,2,0,2,1,1,0,0,0,0,0,1,1,0,1,0,0,0,0,1
46,0,0,7417,14.5,1,3,4,4,4,4,30,1,0,12,27,7,7,5,8,1,0,0.0,0,0.0,7417.0,0.307060391,14.5,4.0,0.0,0,1.0,7.0,2,5,2.076923077,0,-2,0,0,8.0,1,2,0,1,0,0,0,0,0,0,0,0,1,0,0,0,1,0,0,1
33,3,2,7751,17.8,3,3,1,5,4,3,54,1,0,9,33,6,13,3,2,1,0,0.5,1,1.0,2583.666667,0.59671381,4.45,3.25,1.707825128,0,0.461538462,1.5,0,2,3.3,0,0,0,0,0.5,0,0,0,1,0,0,1,0,0,0,1,0,1,0,1,0,0,0,0,0
49,0,0,4414,14.9,1,4,3,5,3,4,35,1,0,23,65,5,14,3,9,0,0,0.0,0,0.0,4414.0,0.077787022,14.9,3.75,0.957427108,0,0.357142857,5.0,0,2,2.708333333,1,1,1,1,9.0,1,3,0,3,1,1,0,0,0,0,1,0,1,0,0,0,1,0,0,0
50,3,0,8423,10.0,2,1,5,5,4,3,56,1,1,11,37,2,12,2,6,1,1,0.0,1,1.5,4211.5,0.567467652,2.5,4.25,0.957427108,0,0.166666667,0.5,1,3,3.083333333,0,-1,0,0,1.5,0,0,0,3,0,0,1,0,0,0,0,1,1,0,0,0,1,0,1,1
30,5,1,8655,15.5,2,3,3,1,1,3,3,0,0,8,23,3,15,4,4,0,0,0.166666667,1,2.5,4327.5,0.389052528,2.583333333,2.0,1.154700538,1,0.2,0.5,1,1,2.555555556,0,-1,0,0,0.666666667,0,2,0,2,1,0,1,0,1,0,0,0,1,0,1,0,0,0,1,1
39,1,0,4005,15.2,1,4,1,4,2,3,28,0,0,13,25,4,7,2,5,0,0,0.0,1,1.0,4005.0,0.038716814,7.6,2.5,1.290994449,0,0.571428571,2.0,0,1,1.785714286,0,2,1,1,2.5,0,1,0,2,0,1,0,0,0,1,0,0,1,0,0,1,0,0,0,1
41,0,0,8037,17.5,1,3,1,4,3,4,30,1,0,13,34,6,2,3,5,1,0,0.0,0,0.0,8037.0,0.303141875,17.5,3.0,1.414213562,0,3.0,6.0,0,3,2.428571429,0,0,0,0,5.0,0,1,0,4,1,0,1,0,1,0,0,0,1,0,0,1,0,0,1,1
33,0,0,3966,15.9,1,3,3,4,1,2,53,1,0,10,36,6,9,3,8,0,0,0.0,0,0.0,3966.0,0.035951327,15.9,2.5,1.290994449,0,0.666666667,6.0,2,5,3.272727273,0,0,0,0,8.0,1,2,0,1,0,0,1,0,0,1,0,0,1,0,1,0,0,0,1,0
24,2,1,11913,12.8,4,5,3,3,4,3,37,0,1,12,21,3,9,3,6,1,0,0.333333333,1,0.5,2978.25,0.825044405,4.266666667,3.25,0.5,0,0.333333333,1.0,1,1,1.615384615,0,2,1,1,2.0,0,0,0,2,1,0,0,0,0,0,0,0,1,0,0,0,0,0,0,0
53,3,2,8617,17.6,3,2,3,5,4,3,31,0,1,5,14,9,7,5,4,1,1,0.5,1,1.0,2872.333333,0.590881084,4.4,3.75,0.957427108,0,1.285714286,2.25,1,2,2.333333333,0,-3,0,0,1.0,0,0,0,2,0,0,1,0,0,0,0,1,1,0,0,0,1,0,1,1
43,12,5,10051,10.2,4,3,3,4,2,3,53,1,1,13,54,1,2,2,3,1,0,0.384615385,1,3.0,2512.75,0.846505824,0.784615385,3.0,0.816496581,0,0.5,0.076923077,1,3,3.857142857,0,1,0,1,0.230769231,0,1,0,2,1,0,1,0,0,0,1,0,1,0,0,1,0,0,0,0
39,15,5,14117,8.0,4,1,4,2,4,3,38,0,0,6,18,9,5,5,3,1,0,0.3125,1,3.75,3529.25,0.958410351,0.5,3.25,0.957427108,0,1.8,0.5625,1,2,2.571428571,0,-4,0,0,0.1875,0,1,0,3,1,0,1,0,0,0,0,1,1,0,0,1,0,0,0,1
43,13,5,12100,15.1,4,3,5,4,4,4,29,0,0,11,42,6,10,1,8,1,0,0.357142857,1,3.25,3025.0,0.898028343,1.078571429,4.25,0.5,0,0.6,0.428571429,1,2,3.5,0,2,0,1,0.571428571,1,2,0,2,1,1,0,0,0,0,0,1,0,0,0,1,0,0,0,0
45,10,8,12272,14.1,5,3,2,4,5,2,27,0,1,3,8,5,7,4,3,1,0,0.727272727,1,2.0,2454.4,0.903573629,1.281818182,3.25,1.5,0,0.714285714,0.454545455,0,1,2.0,0,-1,0,0,0.272727273,0,1,0,2,1,1,0,0,0,0,0,1,0,0,0,0,1,0,0,0
52,4,4,6292,12.3,2,3,3,1,2,4,64,0,0,15,51,5,16,2,3,0,1,0.8,0,2.0,3146.0,0.098183603,2.46,2.5,1.290994449,0,0.3125,1.0,1,1,3.1875,0,1,0,1,0.6,0,2,0,1,0,1,0,0,1,0,0,0,1,0,0,0,1,0,1,1
39,5,3,9176,17.5,3,3,3,3,3,1,27,0,0,40,131,3,13,3,4,1,0,0.5,1,1.666666667,3058.666667,0.776206323,2.916666667,2.5,1.0,0,0.230769231,0.5,0,0,3.195121951,1,0,0,0,0.666666667,0,1,0,2,1,1,0,0,0,0,1,0,1,0,0,1,0,0,0,0
41,2,0,4671,14.5,1,3,3,3,1,3,29,0,1,19,53,3,5,4,2,0,0,0.0,1,2.0,4671.0,0.024866785,4.833333333,2.5,1.0,0,0.6,1.0,1,2,2.65,0,-1,0,0,0.666666667,0,1,0,2,0,0,1,0,0,0,0,0,1,0,0,1,0,0,0,1
25,7,6,11506,12.6,3,3,3,3,2,4,41,0,0,26,44,3,9,4,3,1,0,0.75,1,2.333333333,3835.333333,0.731467845,1.575,3.0,0.816496581,0,0.333333333,0.375,1,1,1.62962963,0,-1,0,0,0.375,0,1,0,2,1,1,0,0,1,0,0,0,0,0,1,0,0,0,0,0
37,2,1,8576,13.1,4,3,1,3,2,3,27,0,1,12,43,4,9,3,6,1,0,0.333333333,1,0.5,2144.0,0.585643869,4.366666667,2.25,0.957427108,1,0.444444444,1.333333333,0,0,3.307692308,0,0,0,0,2.0,0,1,0,1,1,0,1,0,0,0,0,1,1,0,0,1,0,0,0,0
34,1,1,10778,19.8,2,5,3,3,3,1,51,1,0,14,50,3,10,4,7,1,0,0.5,0,0.5,5389.0,0.865597345,9.9,2.5,1.0,0,0.3,1.5,2,4,3.333333333,0,1,1,1,3.5,0,0,0,4,0,0,1,0,0,1,0,0,1,0,1,0,0,0,0,0
40,2,1,9422,12.5,2,5,3,3,3,3,30,0,0,16,54,4,7,3,3,0,0,0.333333333,1,1.0,4711.0,0.590142096,4.166666667,3.0,0.0,0,0.571428571,1.333333333,0,1,3.176470588,0,2,1,1,1.0,0,0,0,3,0,1,0,0,0,0,0,0,1,0,0,1,0,0,0,0
39,3,1,10128,11.4,4,3,3,4,5,3,52,1,0,18,51,4,12,4,3,1,0,0.25,1,0.75,2532.0,0.766789895,2.85,3.75,0.957427108,0,0.333333333,1.0,0,2,2.684210526,0,-1,0,0,0.75,0,0,0,2,1,0,1,0,0,0,0,1,1,0,0,1,0,0,0,0
41,0,0,8850,19.1,3,3,3,1,3,1,63,1,0,25,78,8,7,3,7,1,0,0.0,0,0.0,2950.0,0.621688232,19.1,2.0,1.154700538,1,1.142857143,8.0,1,4,3.0,1,0,0,0,7.0,0,2,1,2,1,1,0,0,0,0,0,1,1,0,0,1,0,0,0,0
35,8,6,8934,17.2,3,4,4,2,5,3,7,0,1,19,68,2,13,3,4,1,0,0.666666667,1,2.666666667,2978.0,0.531749556,1.911111111,3.5,1.290994449,0,0.153846154,0.222222222,1,1,3.4,1,1,1,1,0.444444444,0,2,0,2,1,1,0,0,0,0,0,0,1,0,0,1,0,0,0,0
48,1,1,11387,9.1,4,5,4,3,3,3,63,0,0,28,110,3,10,3,9,1,0,0.5,0,0.25,2846.75,0.865372766,4.55,3.25,0.5,0,0.3,1.5,2,2,3.793103448,1,2,1,1,4.5,1,2,0,2,0,1,0,0,0,0,0,1,0,0,0,0,1,0,0,0
52,0,0,5294,11.5,2,3,2,3,3,4,30,0,0,10,32,2,7,3,2,0,1,0.0,0,0.0,2647.0,0.034855179,11.5,3.0,0.816496581,0,0.285714286,2.0,1,1,2.909090909,0,0,0,0,2.0,0,1,0,1,1,0,0,0,1,0,0,0,1,0,0,0,1,0,0,1
28,10,4,7509,13.5,3,3,2,2,1,3,70,0,0,31,83,5,2,3,3,1,0,0.363636364,1,3.333333333,2503.0,0.499446903,1.227272727,2.0,0.816496581,1,2.5,0.454545455,1,2,2.59375,1,0,0,0,0.272727273,0,4,0,1,1,0,0,0,0,1,0,0,0,1,1,0,0,0,1,0
35,8,5,11018,16.4,3,4,4,3,3,1,21,0,1,8,24,6,3,3,3,1,0,0.555555556,1,2.666666667,3672.666667,0.881084071,1.822222222,2.75,1.258305739,0,2.0,0.666666667,1,2,2.666666667,0,1,1,1,0.333333333,0,1,0,3,0,0,1,0,0,1,0,0,0,0,0,1,0,0,0,0
24,3,1,11445,16.3,2,5,1,3,2,4,48,0,0,10,29,5,13,1,1,0,0,0.25,1,1.5,5722.5,0.725454099,4.075,2.5,1.290994449,0,0.384615385,1.25,1,1,2.636363636,0,4,1,1,0.25,0,0,0,2,1,0,1,0,1,0,0,0,0,1,0,0,0,0,0,0
40,3,0,5899,10.6,2,2,2,2,4,4,31,0,1,16,52,4,5,2,3,0,0,0.0,1,1.5,2949.5,0.291389351,2.65,3.0,1.154700538,0,0.8,1.0,2,3,3.058823529,0,0,0,0,0.75,0,1,0,1,1,1,0,0,0,0,1,0,1,0,0,1,0,0,1,1
41,4,2,6360,15.0,2,3,4,3,4,3,51,0,0,36,76,6,5,3,6,0,0,0.4,1,2.0,3180.0,0.360232945,3.0,3.5,0.577350269,0,1.2,1.2,1,2,2.054054054,1,0,0,0,1.2,0,2,0,2,0,1,0,0,0,0,1,0,1,0,0,1,0,0,1,1
35,14,1,12048,10.5,4,3,3,4,4,5,44,0,0,23,75,3,10,2,5,1,0,0.066666667,1,3.5,3012.0,0.945507488,0.7,4.0,0.816496581,0,0.3,0.2,0,0,3.125,1,1,0,1,0.333333333,0,1,0,3,0,0,1,0,0,0,1,0,1,0,0,1,0,0,0,0
50,15,10,10794,13.9,5,4,4,2,2,3,37,0,1,6,19,1,8,3,4,1,1,0.625,1,3.0,2158.8,0.893094842,0.86875,2.75,0.957427108,0,0.125,0.0625,1,1,2.714285714,0,1,1,1,0.25,0,0,0,1,1,0,1,0,0,0,1,0,1,0,0,0,1,0,0,0
41,17,10,17403,10.5,5,3,4,3,4,4,42,0,0,11,23,3,9,4,4,1,0,0.555555556,1,3.4,3480.6,0.971772214,0.583333333,3.75,0.5,0,0.333333333,0.166666667,2,2,1.916666667,0,-1,0,0,0.222222222,0,1,0,2,1,1,0,0,1,0,0,0,1,0,0,1,0,0,0,0
44,6,5,15653,10.9,3,3,5,3,5,1,28,0,1,5,21,6,3,3,4,1,0,0.714285714,1,2.0,5217.666667,0.942071674,1.557142857,3.5,1.914854216,0,2.0,0.857142857,1,2,3.5,0,0,0,0,0.571428571,0,1,0,4,1,1,0,0,1,0,0,0,1,0,0,1,0,0,0,0
43,6,1,8359,19.4,3,3,4,3,3,4,71,0,1,39,94,3,5,4,1,1,0,0.142857143,1,2.0,2786.333333,0.557609365,2.771428571,3.5,0.577350269,0,0.6,0.428571429,0,1,2.35,1,-1,0,0,0.142857143,0,1,0,2,0,1,0,0,0,0,0,1,1,0,0,1,0,0,0,0
32,0,0,5319,19.4,1,3,4,4,2,2,61,0,1,26,97,2,8,1,7,0,0,0.0,0,0.0,5319.0,0.117375231,19.4,3.0,1.154700538,0,0.25,2.0,1,1,3.592592593,1,2,0,1,7.0,0,2,0,2,0,1,0,0,0,0,0,1,1,0,1,0,0,0,1,1
18,0,0,6888,11.1,1,4,2,2,2,5,30,1,0,13,35,5,6,2,4,0,0,0.0,0,0.0,6888.0,0.315311152,11.1,2.75,1.5,0,0.833333333,5.0,1,4,2.5,0,2,1,1,4.0,0,1,0,3,1,1,0,0,0,0,0,1,0,0,0,0,0,0,0,1
39,0,0,7569,15.9,3,5,4,3,5,3,34,1,1,19,56,3,12,5,8,1,0,0.0,0,0.0,2523.0,0.437769563,15.9,3.75,0.957427108,0,0.25,3.0,0,2,2.8,0,0,1,0,8.0,1,2,0,2,0,0,1,0,0,0,0,1,1,0,0,1,0,0,0,1
47,5,2,5525,15.1,1,3,2,4,3,2,17,0,1,7,17,8,8,4,4,0,0,0.333333333,1,5.0,5525.0,0.227537438,2.516666667,2.75,0.957427108,0,1.0,1.333333333,2,3,2.125,0,-1,0,0,0.666666667,0,1,0,2,0,1,0,0,0,0,1,0,1,0,0,0,1,0,1,1
43,2,1,2750,13.9,1,3,2,2,3,3,53,1,1,7,23,4,10,4,5,0,0,0.333333333,1,2.0,2750.0,0.009868421,4.633333333,2.5,0.577350269,0,0.4,1.333333333,1,3,2.875,0,-1,0,0,1.666666667,0,1,0,2,1,1,0,1,0,0,0,0,1,0,0,1,0,0,0,0
41,2,1,5576,7.5,1,2,4,4,3,1,50,0,1,5,19,3,9,3,3,0,0,0.333333333,1,2.0,5576.0,0.146025878,2.5,3.0,1.414213562,0,0.333333333,1.0,2,2,3.166666667,0,-1,0,0,1.0,0,1,0,2,1,0,1,0,0,0,0,1,0,1,0,1,0,0,1,1
41,2,2,6225,19.9,1,5,3,3,3,3,42,0,0,7,25,4,6,5,5,1,0,0.666666667,0,2.0,6225.0,0.093028964,6.633333333,3.0,0.0,0,0.666666667,1.333333333,1,2,3.125,0,0,1,0,1.666666667,0,1,0,1,0,0,1,0,1,0,0,0,0,1,0,1,0,0,0,0
37,0,0,9309,17.3,2,3,3,3,3,4,89,1,0,7,18,4,10,4,7,0,0,0.0,0,0.0,4654.5,0.477172312,17.3,3.25,0.5,0,0.4,4.0,0,2,2.25,0,-1,0,0,7.0,0,1,0,3,1,1,0,0,1,0,0,0,1,0,0,1,0,0,1,0
33,4,3,6488,18.8,2,4,2,5,3,2,0,0,0,10,40,1,8,4,2,0,0,0.6,1,2.0,3244.0,0.18383659,3.76,3.0,1.414213562,0,0.125,0.2,1,1,3.636363636,0,0,1,0,0.4,0,1,0,1,0,0,0,0,0,0,0,0,1,0,1,0,0,0,1,1
33,8,3,8606,11.8,3,1,5,2,3,4,38,0,1,3,9,4,9,4,7,1,0,0.333333333,1,2.666666667,2868.666667,0.58995687,1.311111111,3.5,1.290994449,0,0.444444444,0.444444444,1,1,2.25,0,-3,0,0,0.777777778,0,0,0,1,0,0,1,0,0,0,0,1,1,0,1,0,0,0,0,0
48,1,0,9341,12.5,2,3,1,2,2,3,51,1,1,9,39,4,12,2,9,0,0,0.0,1,0.5,4670.5,0.479995091,6.25,2.0,0.816496581,1,0.333333333,2.0,2,4,3.9,0,1,0,1,4.5,1,3,1,3,0,1,0,0,1,0,0,0,1,0,0,0,1,0,0,0
49,5,0,6855,12.7,2,5,4,3,4,3,15,0,1,16,39,6,6,5,2,0,0,0.0,1,2.5,3427.5,0.155252823,2.116666667,3.5,0.577350269,0,1.0,1.0,1,2,2.294117647,0,0,1,0,0.333333333,0,1,0,1,0,1,0,0,1,0,0,0,1,0,0,0,1,0,1,1
29,11,8,15383,12.8,5,3,3,2,4,4,26,1,1,9,28,6,11,4,9,1,0,0.666666667,1,2.2,3076.6,0.936671576,1.066666667,3.25,0.957427108,0,0.545454545,0.5,1,4,2.8,0,-1,0,0,0.75,1,2,0,2,0,0,0,0,1,0,0,0,1,0,1,0,0,0,0,0
40,10,1,12072,14.4,3,5,2,3,2,2,40,0,0,2,7,6,10,3,4,1,0,0.090909091,1,3.333333333,4024.0,0.895563771,1.309090909,2.25,0.5,1,0.6,0.545454545,2,3,2.333333333,0,2,1,1,0.363636364,0,1,0,3,1,1,0,0,0,0,0,1,1,0,0,1,0,0,0,0
41,5,0,6947,12.2,3,3,2,4,1,4,55,0,0,31,131,1,7,5,6,1,0,0.0,1,1.666666667,2315.666667,0.326093654,2.033333333,2.75,1.5,0,0.142857143,0.166666667,1,1,4.09375,1,-2,0,0,1.0,0,2,0,1,1,0,1,0,0,0,0,1,1,0,0,1,0,0,1,0
33,2,1,7190,16.6,2,3,4,5,3,3,0,0,1,19,83,5,9,3,4,1,0,0.333333333,1,1.0,3595.0,0.194648994,5.533333333,3.75,0.957427108,0,0.555555556,1.666666667,1,2,4.15,1,0,0,0,1.333333333,0,2,0,1,1,1,0,0,1,0,0,0,1,0,1,0,0,0,1,1
32,2,0,13945,14.2,4,5,2,3,4,3,56,1,0,13,38,5,9,3,6,1,0,0.0,1,0.5,3486.25,0.922291297,4.733333333,3.0,0.816496581,0,0.555555556,1.666666667,1,4,2.714285714,0,2,1,1,2.0,0,0,0,3,1,1,0,0,0,0,0,0,0,0,1,0,0,0,0,0
25,0,0,3595,15.7,1,4,4,4,3,2,38,0,0,16,68,6,7,4,4,0,0,0.0,0,0.0,3595.0,0.011706716,15.7,3.25,0.957427108,0,0.857142857,6.0,1,2,4.0,1,0,1,0,4.0,0,2,0,1,0,1,0,0,0,0,0,1,1,0,1,0,0,0,1,0
28,7,4,8624,18.3,3,3,1,2,3,2,70,0,1,32,112,5,17,4,4,1,0,0.5,1,2.333333333,2874.666667,0.71859401,2.2875,2.0,0.816496581,1,0.294117647,0.625,0,0,3.393939394,1,-1,0,0,0.5,0,3,0,2,0,1,0,0,0,0,1,0,1,0,1,0,0,0,0,0
45,0,0,5530,16.5,1,4,3,4,4,4,43,0,0,9,29,2,13,3,6,0,0,0.0,0,0.0,5530.0,0.228369384,16.5,3.75,0.5,0,0.153846154,2.0,0,0,2.9,0,1,1,1,6.0,0,1,0,2,0,0,1,0,0,0,1,0,1,0,0,0,1,0,1,0
27,3,0,8226,12.8,2,4,3,2,5,5,33,0,1,14,44,1,5,5,6,0,0,0.0,1,1.5,4113.0,0.605088496,3.2,3.75,1.5,0,0.2,0.25,1,1,2.933333333,0,-1,1,0,1.5,0,0,0,2,0,0,1,0,0,1,0,0,1,0,1,0,0,0,0,0
51,8,0,11226,13.1,4,2,4,2,4,3,51,0,1,15,58,4,15,4,3,1,1,0.0,1,2.0,2806.5,0.704958272,1.455555556,3.25,0.957427108,0,0.266666667,0.444444444,1,1,3.625,0,-2,0,0,0.333333333,0,0,0,2,0,1,0,0,1,0,0,0,1,0,0,0,1,0,1,1
39,1,1,3491,16.3,1,4,3,4,1,4,55,0,0,4,6,6,14,3,6,0,0,0.5,0,1.0,3491.0,0.014380531,8.15,3.0,1.414213562,0,0.428571429,3.0,1,1,1.2,0,1,1,1,3.0,0,1,0,2,1,1,0,0,0,1,0,0,1,0,0,1,0,0,0,0
42,3,0,7885,18.6,2,4,1,5,3,3,7,1,0,18,52,4,6,3,6,0,0,0.0,1,1.5,3942.5,0.617096506,4.65,3.0,1.632993162,0,0.666666667,1.0,0,3,2.736842105,0,1,1,1,1.5,0,0,0,2,0,1,0,0,0,0,1,0,1,0,0,1,0,0,0,0
39,2,0,7334,16.4,1,3,3,4,2,4,13,0,0,15,48,8,4,5,5,0,0,0.0,1,2.0,7334.0,0.210726559,5.466666667,3.25,0.957427108,0,2.0,2.666666667,0,1,3.0,0,-2,0,0,1.666666667,0,1,0,2,0,0,1,0,1,0,0,0,0,0,0,1,0,0,1,0
30,2,1,6318,12.6,1,4,5,4,3,3,23,0,0,8,38,4,11,1,7,0,0,0.333333333,1,2.0,6318.0,0.099901816,4.2,3.75,0.957427108,0,0.363636364,1.333333333,0,0,4.222222222,0,3,1,1,2.333333333,0,1,0,2,1,1,0,0,1,0,0,0,1,0,1,0,0,0,1,1
47,1,0,7501,16.0,3,4,1,1,4,3,45,1,1,15,40,3,4,3,2,1,0,0.0,1,0.333333333,2500.333333,0.31749556,8.0,2.25,1.5,1,0.75,1.5,1,4,2.5,0,1,1,1,1.0,0,2,1,2,0,1,0,0,0,0,0,0,1,0,0,0,1,0,0,1
47,1,1,6340,20.6,1,5,2,3,4,1,35,0,0,18,41,3,10,4,6,0,0,0.5,0,1.0,6340.0,0.431743421,10.3,2.5,1.290994449,0,0.3,1.5,2,2,2.157894737,0,1,1,1,3.0,0,1,0,2,1,1,0,1,0,0,0,0,1,0,0,0,1,0,1,1
37,2,1,5094,12.9,1,3,3,3,2,3,37,0,1,6,21,2,6,3,1,0,0,0.333333333,1,2.0,5094.0,0.15765391,4.3,2.75,0.5,0,0.333333333,0.666666667,1,1,3.0,0,0,0,0,0.333333333,0,1,0,2,0,0,0,0,0,0,1,0,1,0,0,1,0,0,0,1
39,4,2,8366,18.2,2,3,5,3,4,3,50,0,1,25,85,1,6,3,3,1,0,0.4,1,2.0,4183.0,0.443161634,3.64,3.75,0.957427108,0,0.166666667,0.2,1,1,3.269230769,1,0,0,0,0.6,0,2,0,2,1,1,0,0,0,0,0,0,1,0,0,1,0,0,1,1
53,2,0,6527,10.5,1,3,2,3,4,4,15,1,0,7,29,4,11,5,5,0,1,0.0,1,2.0,6527.0,0.271719039,3.5,3.25,0.957427108,0,0.363636364,1.333333333,1,3,3.625,0,-2,0,0,1.666666667,0,1,0,3,0,0,1,0,0,0,0,1,1,0,0,0,1,0,0,1
37,5,3,8713,16.0,4,4,2,3,3,4,47,0,1,4,13,5,7,3,5,1,0,0.5,1,1.25,2178.25,0.602433765,2.666666667,3.0,0.816496581,0,0.714285714,0.833333333,0,1,2.6,0,1,1,1,0.833333333,0,0,0,1,0,1,0,0,0,0,0,1,1,0,0,1,0,0,0,0
21,1,0,8639,16.9,3,4,5,5,4,4,40,0,0,15,41,3,21,3,7,1,0,0.0,1,0.333333333,2879.666667,0.72171381,8.45,4.5,0.577350269,0,0.142857143,1.5,2,2,2.5625,0,1,1,1,3.5,0,0,0,2,1,0,0,0,0,0,1,0,1,0,0,0,0,0,0,0
27,9,1,14129,18.8,3,3,3,4,2,3,2,0,1,19,36,3,9,1,6,1,0,0.1,1,3.0,4709.666667,0.891998036,1.88,3.0,0.816496581,0,0.333333333,0.3,1,1,1.8,0,2,0,1,0.6,0,0,0,3,1,0,1,0,1,0,0,0,0,0,1,0,0,0,0,0
27,4,4,10908,9.4,3,2,3,3,4,5,20,0,0,14,31,3,4,3,8,1,0,0.8,0,1.333333333,3636.0,0.668630339,1.88,3.75,0.957427108,0,0.75,0.6,0,1,2.066666667,0,-1,0,0,1.6,1,2,0,2,1,0,1,0,1,0,0,0,1,0,1,0,0,0,0,1
28,1,0,9454,13.4,2,3,2,2,2,3,29,0,1,12,42,4,9,3,6,1,0,0.0,1,0.5,4727.0,0.69762785,6.7,2.25,0.5,1,0.444444444,2.0,2,2,3.230769231,0,0,0,0,3.0,0,1,0,3,1,0,1,0,0,0,0,1,1,0,1,0,0,0,0,0
21,0,0,5090,16.3,1,3,3,4,4,4,2,0,1,24,85,5,5,3,5,0,0,0.0,0,0.0,5090.0,0.124446903,16.3,3.75,0.5,0,1.0,5.0,0,1,3.4,1,0,0,0,5.0,0,2,0,2,1,1,0,0,0,1,0,0,1,0,0,0,0,0,0,0
45,0,0,5975,17.5,1,2,5,2,4,4,38,1,0,39,120,2,13,2,9,1,0,0.0,0,0.0,5975.0,0.125222025,17.5,3.75,1.258305739,0,0.153846154,2.0,0,2,3.0,1,0,0,0,9.0,1,3,0,2,0,0,1,0,0,0,0,0,1,0,0,0,1,0,1,1
40,4,3,6251,13.4,2,3,3,2,4,5,50,1,0,4,12,1,6,3,14,1,0,0.6,1,2.0,3125.5,0.229667283,2.68,3.5,1.290994449,0,0.166666667,0.2,0,2,2.4,0,0,0,0,2.8,1,2,0,2,1,1,0,0,0,0,0,1,1,0,0,1,0,0,1,1
43,16,15,17440,17.7,5,4,4,3,5,2,68,1,0,33,88,4,2,3,9,1,0,0.882352941,1,3.2,3488.0,0.972263132,1.041176471,3.5,1.290994449,0,2.0,0.235294118,2,5,2.588235294,1,1,1,1,0.529411765,1,2,0,2,1,1,0,0,1,0,0,0,1,0,0,1,0,0,0,0
41,0,0,8993,17.1,1,3,4,3,4,4,14,0,0,13,33,7,15,4,6,0,0,0.0,0,0.0,8993.0,0.436917035,17.1,3.75,0.5,0,0.466666667,7.0,0,0,2.357142857,0,-1,0,0,6.0,0,1,0,4,0,1,0,0,1,0,0,0,1,0,0,1,0,0,0,1
26,2,0,5730,16.6,1,4,2,3,3,5,54,1,0,27,93,4,6,2,7,1,0,0.0,1,2.0,5730.0,0.057437408,5.533333333,3.25,1.258305739,0,0.666666667,1.333333333,1,4,3.321428571,1,2,1,1,2.333333333,0,2,0,2,1,1,0,0,1,0,0,0,1,0,1,0,0,0,0,1
41,6,5,8167,18.6,3,4,4,3,4,4,29,0,1,9,25,2,9,3,6,1,0,0.714285714,1,2.0,2722.333333,0.717927632,2.657142857,3.75,0.5,0,0.222222222,0.285714286,1,1,2.5,0,1,1,1,0.857142857,0,1,0,2,0,1,0,1,0,0,0,0,0,1,0,1,0,0,0,0
41,9,9,16229,14.6,5,3,1,1,3,2,29,1,0,9,29,6,12,3,8,1,0,0.9,0,1.8,3245.8,0.954835542,1.46,1.75,0.957427108,1,0.5,0.6,1,3,2.9,0,0,0,0,0.8,1,3,1,2,1,1,0,0,1,0,0,0,1,0,0,1,0,0,0,0
50,1,0,5814,14.2,1,4,4,3,1,4,33,0,1,19,80,1,17,3,6,0,1,0.0,1,1.0,5814.0,0.330592105,7.1,3.0,1.414213562,0,0.058823529,0.5,1,1,4.0,1,1,1,1,3.0,0,2,0,2,1,1,0,1,0,0,0,0,1,0,0,0,1,0,0,0
25,7,1,7980,18.0,3,4,4,3,2,3,5,0,0,1,5,6,19,4,5,1,0,0.125,1,2.333333333,2660.0,0.632071547,2.25,3.0,0.816496581,0,0.315789474,0.75,1,1,2.5,0,0,1,0,0.625,0,0,0,1,0,1,0,0,0,0,1,0,1,0,1,0,0,0,0,0
31,5,2,7166,19.7,2,3,3,4,4,3,31,1,0,24,98,1,16,4,11,0,0,0.333333333,1,2.5,3583.0,0.435011062,3.283333333,3.5,0.577350269,0,0.0625,0.166666667,1,3,3.92,1,-1,0,0,1.833333333,1,3,0,2,1,1,0,0,0,1,0,0,1,0,1,0,0,0,1,1
31,2,2,10078,11.1,3,4,4,1,3,4,49,0,0,9,35,3,3,3,4,1,0,0.666666667,0,0.666666667,3359.333333,0.849833611,3.7,3.0,1.414213562,0,1.0,1.0,1,2,3.5,0,1,1,1,1.333333333,0,0,0,3,1,0,1,0,0,0,1,0,1,0,1,0,0,0,0,0
45,2,1,8315,20.5,2,4,3,3,2,3,13,0,0,28,69,2,11,1,5,0,0,0.333333333,1,1.0,4157.5,0.341188022,6.833333333,2.75,0.5,0,0.181818182,0.666666667,1,1,2.379310345,1,3,1,1,1.666666667,0,2,0,2,0,0,1,0,1,0,0,0,1,0,0,0,1,0,0,0
27,2,1,6141,14.7,2,4,5,3,3,4,22,0,0,6,24,6,9,3,1,0,0,0.333333333,1,1.0,3070.5,0.215804067,4.9,3.75,0.957427108,0,0.666666667,2.0,0,1,3.428571429,0,1,1,1,0.333333333,0,1,0,1,1,1,0,0,0,0,0,1,1,0,1,0,0,0,0,1
39,3,1,3111,13.8,1,3,4,2,3,4,33,0,0,4,7,2,7,3,4,1,0,0.25,1,3.0,3111.0,0.012063228,3.45,3.25,0.957427108,0,0.285714286,0.5,2,2,1.4,0,0,0,0,1.0,0,1,0,2,0,1,0,0,0,0,1,0,1,0,0,1,0,0,1,1
28,10,0,7378,18.8,4,4,5,4,2,4,43,0,1,7,26,2,10,2,4,1,0,0.0,1,2.5,1844.5,0.610197368,1.709090909,3.75,1.258305739,0,0.2,0.181818182,1,1,3.25,0,2,1,1,0.363636364,0,0,0,1,0,0,1,1,0,0,0,0,1,0,1,0,0,0,0,0
36,0,0,7439,12.3,3,2,2,3,2,4,46,0,1,18,65,6,8,3,3,1,0,0.0,0,0.0,2479.666667,0.548668885,12.3,2.75,0.957427108,0,0.75,6.0,1,2,3.421052632,1,-1,0,0,3.0,0,1,0,2,0,0,1,0,0,0,1,0,1,0,0,1,0,0,0,0
29,10,6,11203,17.9,2,3,4,3,4,2,40,1,0,18,57,2,5,4,3,1,0,0.545454545,1,5.0,5601.5,0.701644575,1.627272727,3.25,0.957427108,0,0.4,0.181818182,1,3,3.0,0,-1,0,0,0.272727273,0,1,0,3,0,0,0,0,1,0,0,0,1,0,1,0,0,0,1,1
32,11,10,10099,14.2,5,4,2,5,1,1,43,0,0,7,29,3,10,2,8,1,0,0.833333333,1,2.2,2019.8,0.761860752,1.183333333,2.25,1.892969449,1,0.3,0.25,1,1,3.625,0,2,1,1,0.666666667,1,3,0,1,1,0,1,0,0,0,0,1,1,0,1,0,0,0,0,0
24,4,0,8356,21.2,2,5,2,4,3,3,13,1,0,49,128,5,8,4,3,1,0,0.0,1,2.0,4178.0,0.34904271,4.24,3.0,0.816496581,0,0.625,1.0,1,4,2.56,1,1,1,1,0.6,0,2,0,2,1,0,1,0,1,0,0,0,1,0,0,0,0,0,1,1
34,3,2,11159,13.0,4,4,5,2,4,3,35,0,0,31,81,6,7,4,4,1,0,0.5,1,0.75,2789.75,0.778419183,3.25,3.5,1.290994449,0,0.857142857,1.5,0,1,2.53125,1,0,1,0,1.0,0,1,0,2,1,1,0,0,0,0,0,0,1,0,1,0,0,0,0,0
45,4,2,4282,13.6,1,3,3,4,5,4,7,0,0,7,16,1,8,3,8,0,0,0.4,1,4.0,4282.0,0.109375,2.72,4.0,0.816496581,0,0.125,0.2,1,1,2.0,0,0,0,0,1.6,1,2,0,2,0,1,0,1,0,0,0,0,1,0,0,0,1,0,1,1
40,2,1,7381,16.2,3,4,3,2,4,3,50,0,1,27,101,3,10,1,4,1,0,0.333333333,1,0.666666667,2460.333333,0.539101498,5.4,3.0,0.816496581,0,0.3,1.0,2,2,3.607142857,1,3,1,1,1.333333333,0,1,0,1,1,1,0,0,0,0,1,0,0,0,0,1,0,0,0,0
40,19,1,17231,14.2,5,3,2,3,2,4,33,1,0,9,34,3,11,3,7,1,0,0.05,1,3.8,3446.2,0.984458259,0.71,2.75,0.957427108,0,0.272727273,0.15,0,2,3.4,0,0,0,0,0.35,0,0,0,3,1,0,1,0,0,0,0,0,1,0,0,1,0,0,0,0
47,0,0,4050,17.1,1,4,4,2,5,3,48,0,0,25,93,2,11,3,11,1,0,0.0,0,0.0,4050.0,0.024953789,17.1,3.5,1.290994449,0,0.181818182,2.0,1,1,3.576923077,1,1,1,1,11.0,1,3,0,2,1,0,1,0,0,0,0,1,1,0,0,0,1,0,0,1
56,2,0,4417,13.4,2,4,1,5,4,3,39,0,0,11,24,2,12,4,9,0,1,0.0,1,1.0,2208.5,0.061393805,4.466666667,3.25,1.707825128,0,0.166666667,0.666666667,2,2,2.0,0,0,1,0,3.0,1,2,0,1,0,0,1,0,0,1,0,0,1,0,0,0,0,1,1,1
18,0,0,7924,15.4,2,3,4,3,3,4,46,1,0,35,84,7,5,4,8,0,0,0.0,0,0.0,3962.0,0.49060382,15.4,3.5,0.577350269,0,1.4,7.0,1,4,2.333333333,1,-1,0,0,8.0,1,3,0,3,1,0,1,0,0,0,0,1,1,0,0,0,0,0,1,0
28,1,1,6481,11.7,2,3,3,4,3,4,15,0,1,9,20,1,12,3,3,0,0,0.5,0,0.5,3240.5,0.113156603,5.85,3.5,0.577350269,0,0.083333333,0.5,0,0,2.0,0,0,0,0,1.5,0,1,0,2,1,0,1,0,1,0,0,0,0,1,1,0,0,0,1,0
20,2,0,7474,18.6,2,5,5,3,3,3,26,0,1,14,52,2,12,3,5,1,0,0.0,1,1.0,3737.0,0.49170354,6.2,3.5,1.0,0,0.166666667,0.666666667,1,1,3.466666667,0,2,1,1,1.666666667,0,1,0,2,1,0,0,0,0,1,0,0,0,0,0,0,0,0,0,0
35,1,1,4895,9.7,1,3,2,2,3,4,21,0,1,19,85,4,6,3,5,0,0,0.5,0,1.0,4895.0,0.128951747,4.85,2.75,0.957427108,0,0.666666667,2.0,0,1,4.25,1,0,0,0,2.5,0,2,0,3,1,0,1,0,0,0,1,0,1,0,0,1,0,0,1,0
37,1,0,4175,20.7,1,3,3,5,3,4,44,0,1,9,26,2,6,5,6,1,0,0.0,1,1.0,4175.0,0.007992895,10.35,3.75,0.957427108,0,0.333333333,1.0,1,1,2.6,0,-2,0,0,3.0,0,1,0,2,0,1,0,0,0,0,0,0,1,0,0,1,0,0,1,0
51,0,0,5086,17.4,1,3,5,3,2,2,48,1,1,10,32,6,4,4,8,0,1,0.0,0,0.0,5086.0,0.093345656,17.4,3.0,1.414213562,0,1.5,6.0,0,3,2.909090909,0,-1,0,0,8.0,1,2,0,2,1,0,1,0,0,0,0,1,0,1,0,0,1,0,1,1
43,25,1,19465,18.3,5,3,2,4,3,1,28,1,0,10,32,1,8,4,9,1,0,0.038461538,1,5.0,3893.0,0.996447602,0.703846154,2.5,1.290994449,0,0.125,0.038461538,1,3,2.909090909,0,-1,0,0,0.346153846,1,1,0,3,1,0,1,0,0,0,0,0,0,0,0,1,0,0,0,0
30,4,3,6728,19.1,1,5,4,3,4,5,54,1,0,4,13,1,8,3,8,0,0,0.6,1,4.0,6728.0,0.139175258,3.82,4.0,0.816496581,0,0.125,0.2,1,3,2.6,0,2,1,1,1.6,1,2,0,2,1,1,0,0,1,0,0,0,1,0,1,0,0,0,1,1
28,1,0,11342,13.1,3,4,5,2,5,2,59,0,1,13,46,4,9,4,3,1,0,0.0,1,0.333333333,3780.666667,0.716126657,6.55,3.5,1.732050808,0,0.444444444,2.0,1,1,3.285714286,0,0,1,0,1.5,0,0,0,2,1,1,0,0,1,0,0,0,1,0,1,0,0,0,0,0
39,8,4,6977,11.9,2,3,2,3,3,3,59,1,0,3,10,4,10,2,9,0,0,0.444444444,1,4.0,3488.5,0.396570796,1.322222222,2.75,0.5,0,0.4,0.444444444,1,3,2.5,0,1,0,1,1.0,1,3,0,1,1,0,1,0,0,1,0,0,1,0,0,1,0,0,1,1
28,1,1,5329,13.3,2,3,3,1,4,1,36,1,1,13,50,2,11,3,6,0,0,0.5,0,0.5,2664.5,0.118915588,6.65,2.25,1.5,1,0.181818182,1.0,0,2,3.571428571,0,0,0,0,3.0,0,2,1,1,1,0,1,0,0,0,0,1,0,1,1,0,0,0,0,1
39,2,2,4713,9.4,1,4,3,5,3,4,54,0,0,23,64,8,8,2,6,0,0,0.666666667,0,2.0,4713.0,0.08960177,3.133333333,3.75,0.957427108,0,1.0,2.666666667,1,2,2.666666667,1,2,1,1,2.0,0,2,0,2,1,1,0,0,0,1,0,0,0,0,0,1,0,0,1,1
25,1,1,9851,13.4,2,3,3,3,3,4,36,0,0,15,42,3,9,4,10,0,0,0.5,0,0.5,4925.5,0.546146294,6.7,3.25,0.5,0,0.333333333,1.5,1,1,2.625,0,-1,0,0,5.0,1,1,0,3,1,1,0,0,1,0,0,0,1,0,1,0,0,0,0,0
39,5,1,5989,16.6,2,3,3,3,2,4,48,1,1,12,32,3,11,3,12,0,0,0.166666667,1,2.5,2994.5,0.306988353,2.766666667,3.0,0.816496581,0,0.272727273,0.5,2,4,2.461538462,0,0,0,0,2.0,1,2,0,2,0,0,1,0,0,0,1,0,1,0,0,1,0,0,1,1
36,18,11,16780,12.6,5,2,4,3,3,4,4,0,1,5,10,2,4,3,4,1,0,0.578947368,1,3.6,3356.0,0.979573712,0.663157895,3.5,0.577350269,0,0.5,0.105263158,0,0,1.666666667,0,-1,0,0,0.210526316,0,1,0,2,1,0,1,0,0,0,0,0,1,0,0,1,0,0,0,1
53,8,3,15864,14.8,4,2,3,4,5,4,43,0,0,9,19,3,12,5,5,1,1,0.333333333,1,2.0,3966.0,0.983056069,1.644444444,4.0,0.816496581,0,0.25,0.333333333,0,0,1.9,0,-3,0,0,0.555555556,0,0,0,4,1,0,1,0,0,0,0,1,0,0,0,0,1,0,0,1
33,2,2,6366,8.4,1,4,2,3,4,4,43,0,0,19,56,3,2,3,3,0,0,0.666666667,0,2.0,6366.0,0.361064892,2.8,3.25,0.957427108,0,1.5,1.0,2,3,2.8,0,1,1,1,1.0,0,1,0,3,0,0,1,0,0,0,1,0,1,0,1,0,0,0,0,0
26,8,7,13925,11.6,5,4,5,4,2,5,46,1,1,19,51,2,12,4,7,1,0,0.777777778,1,1.6,2785.0,0.976216814,1.288888889,4.0,1.414213562,0,0.166666667,0.222222222,1,3,2.55,0,0,1,0,0.777777778,0,0,0,2,1,1,0,0,0,1,0,0,1,0,1,0,0,0,0,0
23,5,5,11370,20.4,3,4,4,3,3,3,39,0,0,26,67,5,7,3,5,1,0,0.833333333,0,1.666666667,3790.0,0.793294849,3.4,3.25,0.5,0,0.714285714,0.833333333,0,1,2.481481481,1,1,1,1,0.833333333,0,1,0,3,1,0,0,0,0,0,0,0,1,0,0,0,0,0,0,0
35,7,6,6082,14.1,3,3,4,3,4,2,35,1,0,11,33,5,2,3,9,1,0,0.75,1,2.333333333,2027.333333,0.321547421,1.7625,3.25,0.957427108,0,2.5,0.625,1,4,2.75,0,0,0,0,1.125,1,3,0,1,1,0,1,0,0,0,1,0,0,1,0,1,0,0,1,1
32,8,4,5729,12.4,2,1,3,3,3,3,35,0,1,10,29,3,4,4,6,1,0,0.444444444,1,4.0,2864.5,0.20409292,1.377777778,3.0,0.0,0,0.75,0.333333333,0,1,2.636363636,0,-3,0,0,0.666666667,0,2,0,1,0,0,0,0,0,1,0,0,0,0,1,0,0,0,1,1
29,6,6,6135,10.4,2,1,4,5,4,4,43,1,1,12,57,4,13,4,7,0,0,0.857142857,0,3.0,3067.5,0.142539964,1.485714286,4.25,0.5,0,0.307692308,0.571428571,1,3,4.384615385,0,-3,0,0,1.0,0,2,0,1,0,0,1,0,0,0,0,0,1,0,1,0,0,0,1,1
54,1,1,8071,13.8,3,3,3,4,1,4,0,0,0,23,92,4,8,3,6,1,1,0.5,0,0.333333333,2690.333333,0.584347345,6.9,3.0,1.414213562,0,0.5,2.0,1,1,3.833333333,1,0,0,0,3.0,0,1,0,3,1,0,1,0,0,1,0,0,1,0,0,0,1,0,0,0
21,3,2,7501,22.5,3,4,2,1,3,4,46,0,1,22,71,2,12,2,2,1,0,0.5,1,1.0,2500.333333,0.497787611,5.625,2.5,1.290994449,0,0.166666667,0.5,0,0,3.086956522,1,2,1,1,0.5,0,2,0,2,0,1,0,0,0,1,0,0,1,0,0,0,0,0,0,1
36,4,2,8681,15.1,1,4,2,4,4,2,17,0,1,11,42,4,6,3,5,0,0,0.4,1,4.0,8681.0,0.492007105,3.02,3.0,1.154700538,0,0.666666667,0.8,2,3,3.5,0,1,1,1,1.0,0,1,0,3,1,0,1,0,0,0,0,0,1,0,0,1,0,0,1,1
43,6,0,7728,18.8,2,4,3,3,2,3,70,0,0,9,33,3,8,3,8,0,0,0.0,1,3.0,3864.0,0.461491066,2.685714286,2.75,0.5,0,0.375,0.428571429,2,2,3.3,0,1,1,1,1.142857143,1,2,0,2,0,0,0,0,0,0,0,1,1,0,0,1,0,0,1,1
42,24,13,18592,17.6,5,5,4,3,4,5,20,0,0,7,30,8,8,3,1,1,0,0.52,1,4.8,3718.4,0.985763378,0.704,4.0,0.816496581,0,1.0,0.32,1,2,3.75,0,2,1,1,0.04,0,1,0,2,0,0,1,0,1,0,0,0,0,0,0,1,0,0,0,0
38,4,3,10408,18.7,4,3,3,3,1,3,39,0,0,15,37,5,8,3,3,1,0,0.6,1,1.0,2602.0,0.836836283,3.74,2.5,1.0,0,0.625,1.0,1,2,2.3125,0,0,0,0,0.6,0,0,0,2,1,1,0,0,0,1,0,0,1,0,0,1,0,0,0,0
42,2,1,5550,10.1,2,3,3,5,3,4,61,1,1,2,5,3,10,3,4,1,0,0.333333333,1,1.0,2775.0,0.142637092,3.366666667,3.75,0.957427108,0,0.3,1.0,0,2,1.666666667,0,0,0,0,1.333333333,0,1,0,1,1,1,0,0,0,0,0,1,1,0,0,1,0,0,1,0
45,3,0,7215,17.8,3,3,3,4,3,3,16,1,0,20,64,6,12,2,9,1,0,0.0,1,1.0,2405.0,0.279529307,4.45,3.25,0.5,0,0.5,1.5,1,3,3.047619048,1,1,0,1,2.25,1,3,0,1,0,1,0,0,0,0,0,0,1,0,0,0,1,0,1,1
35,2,1,10033,14.0,2,4,3,2,4,2,1,0,1,3,10,3,6,3,4,0,0,0.333333333,1,1.0,5016.5,0.670959147,4.666666667,2.75,0.957427108,0,0.5,1.0,1,1,2.5,0,1,1,1,1.333333333,0,0,0,3,0,1,0,0,0,0,0,0,1,0,0,1,0,0,0,0
27,3,1,7929,24.6,2,4,3,3,2,3,52,1,0,9,35,3,5,3,11,0,0,0.25,1,1.5,3964.5,0.561946903,6.15,2.75,0.5,0,0.6,0.75,0,3,3.5,0,1,1,1,2.75,1,1,0,2,1,1,0,0,0,1,0,0,0,0,1,0,0,0,0,0
39,1,1,9091,15.7,2,3,4,3,3,3,17,1,1,15,36,4,5,4,9,0,0,0.5,0,0.5,4545.5,0.451276387,7.85,3.25,0.5,0,0.8,2.0,2,5,2.25,0,-1,0,0,4.5,1,2,0,1,0,1,0,0,1,0,0,0,1,0,0,1,0,0,0,0
44,3,1,2600,18.4,1,4,5,2,4,2,37,1,1,8,33,5,12,3,5,0,0,0.25,1,3.0,2600.0,0.007401316,4.6,3.25,1.5,0,0.416666667,1.25,2,4,3.666666667,0,1,1,1,1.25,0,1,0,2,1,1,0,1,0,0,0,0,1,0,0,1,0,0,0,0
36,3,1,5631,19.2,2,3,3,3,4,5,19,0,0,10,49,6,8,4,7,0,0,0.25,1,1.5,2815.5,0.153419593,4.8,3.75,0.957427108,0,0.75,1.5,1,2,4.454545455,0,-1,0,0,1.75,0,1,0,1,1,1,0,0,0,0,0,1,0,0,0,1,0,0,0,0
35,0,0,4882,18.0,1,4,3,2,4,3,32,0,1,24,97,7,11,3,1,1,0,0.0,0,0.0,4882.0,0.073166975,18.0,3.0,0.816496581,0,0.636363636,7.0,0,1,3.88,1,1,1,1,1.0,0,2,0,1,1,0,1,0,0,0,0,1,0,1,0,1,0,0,1,1
34,0,0,9400,13.8,2,5,1,3,5,4,35,0,0,22,50,4,3,3,5,0,0,0.0,0,0.0,4700.0,0.486622484,13.8,3.25,1.707825128,0,1.333333333,4.0,0,1,2.173913043,0,2,1,1,5.0,0,1,0,2,1,0,0,0,1,0,0,0,1,0,1,0,0,0,0,0
30,4,3,8134,15.5,2,4,3,5,3,5,43,0,1,21,62,4,7,2,1,0,0,0.6,1,2.0,4067.0,0.318851252,3.1,4.0,1.154700538,0,0.571428571,0.8,1,2,2.818181818,1,2,1,1,0.2,0,2,0,2,1,1,0,0,1,0,0,0,0,0,1,0,0,0,1,1
46,0,0,6289,20.7,2,3,4,2,4,4,0,0,1,30,112,3,9,3,4,1,0,0.0,0,0.0,3144.5,0.349625624,20.7,3.5,1.0,0,0.333333333,3.0,1,1,3.612903226,1,0,0,0,4.0,0,2,0,3,0,0,1,0,0,0,1,0,1,0,0,0,1,0,1,0
45,6,5,12433,14.2,4,3,2,4,2,3,24,1,0,12,36,3,11,4,4,1,0,0.714285714,1,1.5,3108.25,0.857904085,2.028571429,2.75,0.957427108,0,0.272727273,0.428571429,2,4,2.769230769,0,-1,0,0,0.571428571,0,1,0,3,1,1,0,0,0,0,0,0,1,0,0,0,1,0,0,0
41,5,3,8180,9.8,2,3,2,4,3,3,43,0,0,21,73,8,7,4,6,0,0,0.5,1,2.5,4090.0,0.418294849,1.633333333,3.0,0.816496581,0,1.142857143,1.333333333,1,2,3.318181818,1,-1,0,0,1.0,0,2,0,1,1,0,1,0,0,0,0,0,1,0,0,1,0,0,1,1
44,9,1,12521,12.3,4,3,1,2,3,4,20,1,1,6,19,3,4,2,4,1,0,0.1,1,2.25,3130.25,0.94800885,1.23,2.5,1.290994449,0,0.75,0.3,1,4,2.714285714,0,1,0,1,0.4,0,0,0,3,1,0,1,0,0,1,0,0,1,0,0,1,0,0,0,0
27,4,4,11119,18.1,2,4,5,3,3,4,43,0,0,7,23,4,10,1,2,0,0,0.8,0,2.0,5559.5,0.693298969,3.62,3.75,0.957427108,0,0.4,0.8,1,1,2.875,0,3,1,1,0.4,0,1,0,2,1,1,0,0,1,0,0,0,1,0,1,0,0,0,1,1
35,3,1,5887,9.7,2,3,4,3,3,5,70,0,0,21,57,1,7,4,8,0,0,0.25,1,1.5,2943.5,0.115008881,2.425,3.75,0.957427108,0,0.142857143,0.25,1,1,2.590909091,0,-1,0,0,2.0,1,2,0,1,0,1,0,0,0,0,0,0,0,1,0,1,0,0,1,0
30,8,8,12037,15.2,3,3,3,1,2,5,28,0,0,15,42,8,5,2,5,1,0,0.888888889,0,2.666666667,4012.333333,0.776141384,1.688888889,2.75,1.707825128,0,1.6,0.888888889,1,2,2.625,0,1,0,1,0.555555556,0,1,0,3,1,1,0,0,1,0,0,0,1,0,1,0,0,0,0,0
24,5,2,13806,18.4,4,4,3,2,4,3,77,0,0,25,82,6,4,3,2,1,0,0.333333333,1,1.25,3451.5,0.878497791,3.066666667,3.0,0.816496581,0,1.5,1.0,0,1,3.153846154,1,1,1,1,0.333333333,0,1,0,2,1,0,0,0,1,0,0,0,0,1,0,0,0,0,0,0
40,5,1,8759,12.6,3,3,3,3,3,4,43,0,1,6,20,5,8,4,4,1,0,0.166666667,1,1.666666667,2919.666667,0.735440932,2.1,3.25,0.5,0,0.625,0.833333333,0,1,2.857142857,0,-1,0,0,0.666666667,0,0,0,2,1,1,0,0,0,0,1,0,1,0,0,1,0,0,0,0
41,1,1,7271,14.3,2,3,3,4,4,3,45,0,1,12,50,2,2,3,5,0,0,0.5,0,0.5,3635.5,0.385705484,7.15,3.5,0.577350269,0,1.0,1.0,1,2,3.846153846,0,0,0,0,2.5,0,1,0,2,0,0,1,0,0,0,0,1,1,0,0,1,0,0,0,0
46,4,4,6192,12.7,1,2,4,2,4,4,45,0,1,16,59,3,9,4,8,0,0,0.8,0,4.0,6192.0,0.149422735,2.54,3.5,1.0,0,0.333333333,0.6,0,0,3.470588235,0,-2,0,0,1.6,1,3,0,2,0,1,0,0,0,0,0,0,1,0,0,0,1,0,1,1
30,10,9,8290,15.0,2,4,3,4,3,4,28,0,1,12,38,4,7,4,2,0,0,0.818181818,1,5.0,4145.0,0.678868552,1.363636364,3.5,0.577350269,0,0.571428571,0.363636364,0,1,2.923076923,0,0,1,0,0.181818182,0,0,0,3,1,0,0,0,0,0,1,0,1,0,1,0,0,0,1,1
30,7,7,9517,18.8,2,4,5,4,2,4,70,1,0,24,70,3,7,5,8,0,0,0.875,0,3.5,4758.5,0.604795737,2.35,3.75,1.258305739,0,0.428571429,0.375,0,2,2.8,1,-1,1,0,1.0,1,2,0,3,1,1,0,0,0,0,0,0,1,0,1,0,0,0,0,1
20,0,0,5875,19.2,2,4,2,2,3,2,26,1,1,8,29,2,4,3,12,0,0,0.0,0,0.0,2937.5,0.22289823,19.2,2.25,0.5,1,0.5,2.0,1,3,3.222222222,0,1,1,1,12.0,1,3,1,2,0,1,0,0,0,1,0,0,1,0,0,0,0,0,1,0
45,1,1,8651,14.9,2,3,2,3,1,2,16,0,0,6,22,4,12,2,4,0,0,0.5,0,0.5,4325.5,0.658738938,7.45,2.0,0.816496581,1,0.333333333,2.0,2,2,3.142857143,0,1,0,1,2.0,0,1,0,4,1,1,0,0,0,1,0,0,1,0,0,0,1,0,0,0
24,1,1,9883,15.0,2,4,3,3,3,3,30,1,0,16,60,8,6,2,7,0,0,0.5,0,0.5,4941.5,0.648756661,7.5,3.0,0.0,0,1.333333333,4.0,1,4,3.529411765,0,2,1,1,3.5,0,0,0,2,0,0,1,0,0,0,0,0,1,0,0,0,0,0,0,0
42,2,1,8936,16.5,2,3,2,5,2,3,22,0,0,34,109,4,7,4,5,0,0,0.333333333,1,1.0,4468.0,0.63185459,5.5,3.0,1.414213562,0,0.571428571,1.333333333,1,2,3.114285714,1,-1,0,0,1.666666667,0,1,0,3,0,0,1,0,0,0,0,1,0,1,0,1,0,0,0,0
41,8,7,11359,8.5,3,1,2,3,3,3,25,1,1,14,68,4,12,4,7,1,0,0.777777778,1,2.666666667,3786.333333,0.718458517,0.944444444,2.75,0.5,0,0.333333333,0.444444444,0,2,4.533333333,1,-3,0,0,0.777777778,0,2,0,2,1,1,0,0,1,0,0,0,1,0,0,1,0,0,0,0
27,3,0,10549,14.9,2,5,3,3,3,5,48,0,1,18,59,3,2,2,3,0,0,0.0,1,1.5,5274.5,0.726021314,3.725,3.5,1.0,0,1.5,0.75,2,3,3.105263158,0,3,1,1,0.75,0,0,0,4,1,1,0,0,0,0,0,0,1,0,1,0,0,0,0,0
44,3,3,9441,16.8,2,3,4,3,4,3,39,0,0,18,69,1,6,3,7,0,0,0.75,0,1.5,4720.5,0.695933457,4.2,3.5,0.577350269,0,0.166666667,0.25,1,1,3.631578947,1,0,0,0,1.75,0,1,0,4,0,0,0,0,0,0,0,1,1,0,0,1,0,0,0,0
40,1,0,5904,6.4,2,1,3,5,2,4,32,1,1,33,114,3,3,4,7,0,0,0.0,1,0.5,2952.0,0.292429285,3.2,3.5,1.290994449,0,1.0,1.5,1,4,3.352941176,1,-3,0,0,3.5,0,2,0,3,1,0,1,0,0,0,1,0,1,0,0,1,0,0,1,1
24,6,4,9209,18.3,4,3,1,4,5,3,19,1,0,9,20,3,3,2,8,1,0,0.571428571,1,1.5,2302.25,0.77953411,2.614285714,3.25,1.707825128,0,1.0,0.428571429,1,4,2.0,0,1,0,1,1.142857143,1,2,0,2,1,1,0,0,0,0,1,0,0,1,0,0,0,0,0,0
21,2,2,5855,12.4,1,4,2,3,2,2,35,1,1,15,68,7,2,5,2,0,0,0.666666667,0,2.0,5855.0,0.06676485,4.133333333,2.25,0.5,1,3.5,2.333333333,0,3,4.25,1,-1,1,0,0.666666667,0,3,1,2,0,0,1,0,1,0,0,0,0,1,0,0,0,0,1,0
50,1,1,5813,8.7,2,3,4,4,3,4,20,0,0,4,13,2,4,4,4,0,1,0.5,0,0.5,2906.5,0.329769737,4.35,3.75,0.5,0,0.5,1.0,1,1,2.6,0,-1,0,0,2.0,0,1,0,2,1,0,1,1,0,0,0,0,1,0,0,0,1,0,1,1
23,2,0,5025,13.5,1,3,1,4,5,4,28,0,0,14,26,1,18,3,4,1,0,0.0,1,2.0,5025.0,0.086876155,4.5,3.5,1.732050808,0,0.055555556,0.333333333,1,1,1.733333333,0,0,0,0,1.333333333,0,1,0,2,1,0,1,0,0,0,0,1,1,0,0,0,0,0,1,0
25,4,3,6243,14.6,2,1,4,4,4,3,40,0,0,2,7,1,2,4,8,0,0,0.6,1,2.0,3121.5,0.34172213,2.92,3.75,0.5,0,0.5,0.2,2,2,2.333333333,0,-3,0,0,1.6,1,2,0,2,0,1,0,0,0,0,1,0,0,0,1,0,0,0,1,1
43,2,1,7619,10.8,3,3,4,4,2,5,22,0,1,8,17,6,14,3,7,1,0,0.333333333,1,0.666666667,2539.666667,0.33348135,3.6,3.75,1.258305739,0,0.428571429,2.0,1,1,1.888888889,0,0,0,0,2.333333333,0,1,0,2,1,1,0,0,0,0,0,0,1,0,0,1,0,0,1,1
29,2,0,11450,13.0,3,2,3,4,3,4,16,0,0,13,45,3,7,3,6,1,0,0.0,1,0.666666667,3816.666667,0.798401421,4.333333333,3.5,0.577350269,0,0.428571429,1.0,2,2,3.214285714,0,-1,0,0,2.0,0,0,0,3,0,1,0,0,0,0,0,0,0,0,1,0,0,0,1,0
52,4,0,8201,17.4,2,4,5,3,2,4,42,0,0,8,16,4,13,3,7,0,1,0.0,1,2.0,4100.5,0.601769912,3.48,3.5,1.290994449,0,0.307692308,0.8,1,1,1.777777778,0,1,1,1,1.4,0,0,0,2,0,0,1,0,0,1,0,0,1,0,0,0,1,0,1,1
32,0,0,5331,17.5,1,3,3,2,3,5,45,1,0,37,116,6,8,4,8,0,0,0.0,0,0.0,5331.0,0.119377696,17.5,3.25,1.258305739,0,0.75,6.0,2,5,3.052631579,1,-1,0,0,8.0,1,3,0,1,1,1,0,0,0,0,0,1,1,0,1,0,0,0,1,1
46,3,2,8169,20.0,3,5,5,3,2,4,12,0,0,4,14,3,2,2,6,1,0,0.5,1,1.0,2723.0,0.415852575,5.0,3.5,1.290994449,0,1.5,0.75,2,3,2.8,0,3,1,1,1.5,0,1,0,1,1,1,0,0,0,0,0,0,1,0,0,0,1,0,0,1
38,7,5,10136,11.6,2,3,5,2,5,3,20,0,0,13,50,5,3,4,6,0,0,0.625,1,3.5,5068.0,0.580142366,1.45,3.75,1.5,0,1.666666667,0.625,1,2,3.571428571,0,-1,0,0,0.75,0,1,0,3,0,0,1,0,1,0,0,0,0,1,0,1,0,0,1,1
30,12,9,10647,19.5,4,2,4,3,2,5,36,1,0,11,24,3,2,3,13,1,0,0.692307692,1,3.0,2661.75,0.887063228,1.5,3.5,1.290994449,0,1.5,0.230769231,2,5,2.0,0,-1,0,0,1.0,1,2,0,3,0,0,0,0,0,0,1,0,0,0,1,0,0,0,1,1
32,4,3,9968,14.0,2,4,3,3,1,3,39,0,0,10,25,5,5,3,9,0,0,0.6,1,2.0,4984.0,0.560137457,2.8,2.5,1.0,0,1.0,1.0,1,2,2.272727273,0,1,1,1,1.8,1,1,0,2,0,1,0,0,1,0,0,0,1,0,1,0,0,0,1,1
25,0,0,7146,17.3,2,3,4,2,4,3,22,0,0,25,57,7,12,4,1,1,0,0.0,0,0.0,3573.0,0.188389789,17.3,3.25,0.957427108,0,0.583333333,7.0,1,2,2.192307692,0,-1,0,0,1.0,0,1,0,1,1,1,0,0,1,0,0,0,0,0,1,0,0,0,1,0
35,1,1,7240,11.2,2,3,4,3,2,4,37,1,1,15,51,3,2,4,8,1,0,0.5,0,0.5,3620.0,0.286412078,5.6,3.25,0.957427108,0,1.5,1.5,0,3,3.1875,0,-1,0,0,4.0,1,2,0,1,1,1,0,0,0,0,0,0,1,0,0,1,0,0,1,0
30,9,2,14478,14.9,4,4,2,2,5,4,50,1,1,21,52,5,13,3,10,1,0,0.2,1,2.25,3619.5,0.990848586,1.49,3.25,1.5,0,0.384615385,0.5,1,3,2.363636364,0,1,1,1,1.0,1,1,0,4,1,1,0,0,0,0,1,0,0,1,1,0,0,0,0,0
22,4,3,7569,15.9,2,3,2,2,3,4,38,0,0,5,16,3,2,2,5,0,0,0.6,1,2.0,3784.5,0.326820604,3.18,2.75,0.957427108,0,1.5,0.6,1,2,2.666666667,0,1,0,1,1.0,0,1,0,2,1,1,0,0,0,0,0,0,1,0,0,0,0,0,1,1
25,2,0,6080,18.5,1,4,4,4,2,4,39,0,1,19,57,2,8,3,3,1,0,0.0,1,2.0,6080.0,0.20810228,6.166666667,3.5,1.0,0,0.25,0.666666667,1,1,2.85,0,1,1,1,1.0,0,1,0,3,1,1,0,0,0,0,0,1,1,0,1,0,0,0,1,1
26,2,1,10426,11.4,2,3,3,2,4,3,56,0,1,22,68,2,7,2,1,0,0,0.333333333,1,1.0,5213.0,0.711811723,3.8,3.0,0.816496581,0,0.285714286,0.666666667,0,0,2.956521739,1,1,0,1,0.333333333,0,1,0,3,1,0,0,0,0,0,0,0,1,0,1,0,0,0,0,0
28,4,1,7277,15.5,2,2,3,4,4,3,5,0,0,4,19,7,11,5,8,0,0,0.2,1,2.0,3638.5,0.387861984,3.1,3.5,0.577350269,0,0.636363636,1.4,0,1,3.8,0,-3,0,0,1.6,1,2,0,2,0,0,0,0,0,0,0,1,1,0,1,0,0,0,1,1
29,10,5,12449,13.3,3,3,4,4,3,3,29,1,0,35,100,3,12,4,8,1,0,0.454545455,1,3.333333333,4149.666667,0.858348135,1.209090909,3.5,0.577350269,0,0.25,0.272727273,2,4,2.777777778,1,-1,0,0,0.727272727,1,3,0,3,0,0,0,0,0,0,0,0,0,1,1,0,0,0,0,0
26,1,1,3662,14.8,1,4,3,4,4,4,29,0,1,39,150,5,4,2,2,0,0,0.5,0,1.0,3662.0,0.032861897,7.4,3.75,0.5,0,1.25,2.5,0,1,3.75,1,2,1,1,1.0,0,2,0,1,0,0,1,0,0,0,1,0,1,0,1,0,0,0,1,0
36,5,4,12078,16.3,2,4,4,3,2,3,40,0,0,12,43,2,6,4,7,0,0,0.666666667,1,2.5,6039.0,0.778595974,2.716666667,3.0,0.816496581,0,0.333333333,0.333333333,0,0,3.307692308,0,0,1,0,1.166666667,0,1,0,3,1,1,0,0,1,0,0,0,1,0,0,1,0,0,1,1
20,2,2,7076,12.4,1,3,3,3,3,1,13,0,1,3,8,6,12,3,0,0,0,0.666666667,0,2.0,7076.0,0.179062347,4.133333333,2.5,1.0,0,0.5,2.0,1,1,2.0,0,0,0,0,0.0,0,1,0,1,1,1,0,0,1,0,0,0,0,0,0,0,0,0,0,0
22,4,3,9289,16.0,3,3,1,4,3,4,36,0,1,7,19,3,7,3,5,1,0,0.6,1,1.333333333,3096.333333,0.675908811,3.2,3.0,1.414213562,0,0.428571429,0.6,2,2,2.375,0,0,0,0,1.0,0,0,0,2,0,1,0,0,0,0,0,1,1,0,0,0,0,0,0,0
52,2,0,7060,16.9,2,5,2,3,4,2,15,0,0,21,76,3,13,3,8,1,1,0.0,1,1.0,3530.0,0.345348121,5.633333333,2.75,0.957427108,0,0.230769231,1.0,0,0,3.454545455,1,2,1,1,2.666666667,1,3,0,2,0,0,0,0,0,0,0,1,0,0,0,0,1,0,1,0
37,4,1,9351,16.5,2,4,1,5,4,3,41,0,0,4,14,3,2,4,4,0,0,0.2,1,2.0,4675.5,0.685767098,3.3,3.25,1.707825128,0,1.5,0.6,0,1,2.8,0,0,1,0,0.8,0,0,0,3,1,0,1,0,0,0,0,1,1,0,0,1,0,0,1,1
33,11,8,9945,13.9,3,3,3,5,2,2,46,0,1,19,68,3,13,3,2,1,0,0.666666667,1,3.666666667,3315.0,0.558910162,1.158333333,3.0,1.414213562,0,0.230769231,0.25,1,1,3.4,1,0,0,0,0.166666667,0,2,0,1,1,1,0,0,1,0,0,0,1,0,1,0,0,0,0,0
38,1,1,6618,14.3,1,3,3,2,2,4,16,0,1,20,37,4,14,5,7,0,0,0.5,0,1.0,6618.0,0.283733826,7.15,2.75,0.957427108,0,0.285714286,2.0,0,0,1.761904762,0,-2,0,0,3.5,0,1,0,2,0,1,0,0,0,0,0,1,0,1,0,1,0,0,1,0
31,7,6,11837,16.2,3,3,3,2,5,3,20,0,0,26,56,4,7,3,3,1,0,0.75,1,2.333333333,3945.666667,0.761413844,2.025,3.25,1.258305739,0,0.571428571,0.5,1,2,2.074074074,0,0,0,0,0.375,0,1,0,2,1,1,0,0,1,0,0,0,1,0,1,0,0,0,0,0
34,11,1,13354,15.8,4,2,4,4,1,3,51,0,0,15,35,2,9,3,8,1,0,0.083333333,1,2.75,3338.5,0.939926063,1.316666667,3.0,1.414213562,0,0.222222222,0.166666667,2,2,2.1875,0,-1,0,0,0.666666667,1,1,0,3,1,0,0,0,0,0,0,1,1,0,1,0,0,0,1,0
40,6,2,7585,16.2,2,3,4,3,3,2,36,0,0,9,35,7,7,4,4,0,0,0.285714286,1,3.0,3792.5,0.512997788,2.314285714,3.0,0.816496581,0,1.0,1.0,0,1,3.5,0,-1,0,0,0.571428571,0,0,0,2,1,1,0,0,0,1,0,0,1,0,0,1,0,0,1,1
38,1,1,6180,16.5,2,4,3,3,4,3,42,0,1,6,21,6,5,3,5,0,0,0.5,0,0.5,3090.0,0.264380531,8.25,3.25,0.5,0,1.2,3.0,1,2,3.0,0,1,1,1,2.5,0,1,0,2,1,1,0,0,0,1,0,0,1,0,0,1,0,0,0,0
36,3,1,8105,21.6,2,5,1,3,3,4,51,1,0,6,15,2,2,2,4,0,0,0.25,1,1.5,4052.5,0.313451154,5.4,2.75,1.258305739,0,1.0,0.5,2,5,2.142857143,0,3,1,1,1.0,0,1,0,1,1,0,1,0,1,0,0,0,0,1,0,1,0,0,1,0
34,9,5,9802,17.0,3,4,3,3,4,4,30,1,0,22,45,5,4,3,2,1,0,0.5,1,3.0,3267.333333,0.732439926,1.7,3.5,0.577350269,0,1.25,0.5,1,4,1.956521739,0,1,1,1,0.2,0,1,0,2,0,0,1,0,0,0,0,1,1,0,1,0,0,0,0,0
26,6,3,7445,16.2,1,3,2,3,4,4,43,0,0,5,11,9,2,3,3,0,0,0.428571429,1,6.0,7445.0,0.309946714,2.314285714,3.25,0.957427108,0,4.5,1.285714286,0,1,1.833333333,0,0,0,0,0.428571429,0,1,0,2,0,0,0,0,0,0,0,0,1,0,1,0,0,0,1,1
38,5,4,7795,19.0,3,3,3,2,3,3,63,0,1,4,13,4,5,5,3,1,0,0.666666667,1,1.666666667,2598.333333,0.54369469,3.166666667,2.75,0.5,0,0.8,0.666666667,1,2,2.6,0,-2,0,0,0.5,0,1,0,1,1,0,1,0,0,1,0,0,1,0,0,1,0,0,0,0
45,2,2,8688,18.4,3,4,4,4,5,4,16,0,1,15,45,8,9,3,3,1,0,0.666666667,0,0.666666667,2896.0,0.664823009,6.133333333,4.25,0.5,0,0.888888889,2.666666667,1,2,2.8125,0,1,1,1,1.0,0,0,0,1,1,1,0,0,0,1,0,0,1,0,0,0,1,0,0,0
40,0,0,5262,11.8,2,3,3,2,3,4,43,0,1,19,53,3,8,4,8,0,0,0.0,0,0.0,2631.0,0.230674342,11.8,3.0,0.816496581,0,0.375,3.0,0,0,2.65,0,-1,0,0,8.0,1,2,0,2,1,0,0,1,0,0,0,0,1,0,0,1,0,0,1,1
39,1,0,7251,15.1,1,3,4,3,3,4,23,0,0,14,26,4,8,3,5,0,0,0.0,1,1.0,7251.0,0.380930376,7.55,3.5,0.577350269,0,0.5,2.0,0,0,1.733333333,0,0,0,0,2.5,0,1,0,3,1,0,1,0,0,0,0,1,0,1,0,1,0,0,1,0
28,1,0,9381,14.8,2,3,4,2,3,5,26,0,1,8,18,7,11,3,4,0,0,0.0,1,0.5,4690.5,0.691620456,7.4,3.5,1.290994449,0,0.636363636,3.5,1,2,2.0,0,0,0,0,2.0,0,0,0,4,0,1,0,0,0,0,0,1,1,0,1,0,0,0,0,0
25,7,6,7628,14.2,3,3,1,3,4,4,49,0,1,19,64,3,9,3,3,1,0,0.75,1,2.333333333,2542.666667,0.578202995,1.775,3.0,1.414213562,0,0.333333333,0.375,2,2,3.2,1,0,0,0,0.375,0,2,0,2,0,0,1,0,0,0,1,0,1,0,1,0,0,0,0,0
40,8,2,12640,9.3,4,2,3,2,3,4,65,0,0,10,40,1,15,2,4,1,0,0.222222222,1,2.0,3160.0,0.962562396,1.033333333,3.0,0.816496581,0,0.066666667,0.111111111,0,0,3.636363636,0,0,0,0,0.444444444,0,0,0,3,1,0,1,0,0,0,1,0,1,0,0,1,0,0,0,1
32,2,0,4970,16.7,2,3,5,4,4,1,33,0,0,17,52,7,13,4,8,0,0,0.0,1,1.0,2485.0,0.113938053,5.566666667,3.5,1.732050808,0,0.538461538,2.333333333,1,2,2.888888889,0,-1,0,0,2.666666667,1,2,0,1,1,0,1,0,0,1,0,0,0,1,1,0,0,0,0,0
39,11,4,11416,15.4,4,3,4,2,5,3,60,0,0,12,46,6,17,5,3,1,0,0.333333333,1,2.75,2854.0,0.866913124,1.283333333,3.5,1.290994449,0,0.352941176,0.5,1,1,3.538461538,0,-2,0,0,0.25,0,1,0,3,1,1,0,0,0,0,0,1,1,0,0,1,0,0,0,0
38,4,0,9705,18.8,2,3,3,2,3,2,38,0,1,13,43,4,11,3,5,0,0,0.0,1,2.0,4852.5,0.528227786,3.76,2.5,0.577350269,0,0.363636364,0.8,0,0,3.071428571,0,0,0,0,1.0,0,0,0,2,0,1,0,0,1,0,0,0,1,0,0,1,0,0,1,1
21,3,3,10419,12.3,2,2,3,4,2,4,48,0,1,11,34,5,12,3,7,0,0,0.75,0,1.5,5209.5,0.61389298,3.075,3.25,0.957427108,0,0.416666667,1.25,1,1,2.833333333,0,-1,0,0,1.75,0,0,0,4,0,1,0,0,1,0,0,0,0,0,0,0,0,0,1,1
34,8,6,7645,9.7,2,3,1,3,3,2,14,0,0,26,97,4,5,1,5,0,0,0.666666667,1,4.0,3822.5,0.581946755,1.077777778,2.25,0.957427108,1,0.8,0.444444444,1,2,3.592592593,1,2,0,1,0.555555556,0,3,0,2,0,1,0,0,0,0,1,0,0,1,1,0,0,0,1,1
28,10,6,7432,11.5,4,3,4,4,3,4,56,0,0,12,39,4,4,3,8,1,0,0.545454545,1,2.5,1858.0,0.482853982,1.045454545,3.75,0.5,0,1.0,0.363636364,1,2,3.0,0,0,0,0,0.727272727,1,3,0,1,0,0,1,0,0,1,0,0,1,0,1,0,0,0,0,0
50,4,0,6351,20.3,2,3,2,1,2,4,23,0,1,10,37,3,12,3,2,0,1,0.0,1,2.0,3175.5,0.436266447,4.06,2.25,1.258305739,1,0.25,0.6,1,1,3.363636364,0,0,0,0,0.4,0,2,0,2,0,0,1,1,0,0,0,0,1,0,0,0,1,0,1,1
34,3,2,11349,17.8,3,3,2,2,4,4,60,0,1,24,69,3,4,2,2,1,0,0.5,1,1.0,3783.0,0.717108493,4.45,3.0,1.154700538,0,0.75,0.75,0,1,2.76,1,1,0,1,0.5,0,1,0,2,0,0,1,0,1,0,0,0,0,1,1,0,0,0,0,0
50,1,1,8007,17.8,2,3,4,2,2,4,48,1,0,4,14,4,2,4,8,0,1,0.5,0,0.5,4003.5,0.392984014,8.9,3.0,1.154700538,0,2.0,2.0,0,3,2.8,0,-1,0,0,4.0,1,2,0,3,0,0,1,0,0,0,0,0,0,0,0,0,1,0,0,0
33,14,13,11442,18.6,4,4,1,4,2,3,20,0,1,6,7,2,14,3,6,1,0,0.866666667,1,3.5,2860.5,0.867221195,1.24,2.5,1.290994449,0,0.142857143,0.133333333,1,1,1.0,0,1,1,1,0.4,0,1,0,2,1,1,0,0,0,0,0,1,1,0,1,0,0,0,0,0
26,8,3,6249,12.7,3,1,4,3,4,2,21,0,0,15,52,2,11,4,5,1,0,0.333333333,1,2.666666667,2083.0,0.342762063,1.411111111,3.25,0.957427108,0,0.181818182,0.222222222,1,1,3.25,0,-3,0,0,0.555555556,0,1,0,1,1,0,1,0,0,0,1,0,1,0,1,0,0,0,1,1
34,9,3,10047,13.3,3,2,4,3,2,3,61,1,1,60,150,9,11,3,8,1,0,0.3,1,3.0,3349.0,0.56921944,1.33,3.0,0.816496581,0,0.818181818,0.9,2,5,2.459016393,1,-1,0,0,0.8,1,2,0,2,1,1,0,0,1,0,0,0,1,0,1,0,0,0,1,0
33,4,4,8889,17.8,3,4,1,4,3,3,56,0,1,13,46,5,13,3,7,1,0,0.8,0,1.333333333,2963.0,0.796052632,3.56,2.75,1.258305739,0,0.384615385,1.0,2,2,3.285714286,0,1,1,1,1.4,0,1,0,3,1,0,1,1,0,0,0,0,1,0,1,0,0,0,0,0
33,5,2,6141,17.2,2,4,2,2,3,4,41,1,1,9,32,2,8,3,9,0,0,0.333333333,1,2.5,3070.5,0.255807522,2.866666667,2.75,0.957427108,0,0.25,0.333333333,1,3,3.2,0,1,1,1,1.5,1,2,0,2,0,0,1,0,0,1,0,0,1,0,1,0,0,0,1,1
44,4,3,8463,14.5,3,2,3,1,3,5,49,0,0,17,53,3,11,3,8,1,0,0.6,1,1.333333333,2821.0,0.573937153,2.9,3.0,1.632993162,0,0.272727273,0.6,1,1,2.944444444,0,-1,0,0,1.6,1,1,0,2,0,0,0,0,0,0,0,1,1,0,0,1,0,0,0,1
39,10,2,13322,17.7,4,5,1,4,5,3,28,1,1,6,15,4,11,5,9,1,0,0.181818182,1,2.5,3330.5,0.965154867,1.609090909,3.25,1.707825128,0,0.363636364,0.363636364,0,2,2.142857143,0,0,1,0,0.818181818,1,1,0,3,1,1,0,0,0,1,0,0,1,0,0,1,0,0,0,0
35,2,0,12599,19.1,3,3,5,4,4,2,38,0,1,4,11,3,8,4,3,1,0,0.0,1,0.666666667,4199.666667,0.814555719,6.366666667,3.75,1.258305739,0,0.375,1.0,0,0,2.2,0,-1,0,0,1.0,0,0,0,3,0,0,1,0,1,0,0,0,1,0,0,1,0,0,0,0
38,4,2,8065,19.3,3,2,4,1,3,4,63,0,1,25,79,4,10,4,10,1,0,0.4,1,1.333333333,2688.333333,0.643094842,3.86,3.0,1.414213562,0,0.4,0.8,1,1,3.038461538,1,-2,0,0,2.0,1,2,0,3,1,1,0,0,0,0,1,0,1,0,0,1,0,0,1,1
22,4,1,8950,12.9,2,2,4,5,3,2,7,1,0,24,80,6,7,3,10,1,0,0.2,1,2.0,4475.0,0.430044183,2.58,3.5,1.290994449,0,0.857142857,1.2,2,5,3.2,1,-1,0,0,2.0,1,3,0,3,1,1,0,0,1,0,0,0,1,0,0,0,0,0,1,1
27,7,2,10123,11.4,3,3,3,3,3,4,33,0,0,35,96,3,10,4,5,1,0,0.25,1,2.333333333,3374.333333,0.578055965,1.425,3.25,0.5,0,0.3,0.375,1,1,2.666666667,1,-1,0,0,0.625,0,1,0,1,0,0,1,0,1,0,0,0,1,0,1,0,0,0,0,0
38,4,0,10345,13.8,3,3,3,4,3,3,31,0,0,8,24,4,7,4,4,1,0,0.0,1,1.333333333,3448.333333,0.703818828,2.76,3.25,0.5,0,0.571428571,0.8,1,2,2.666666667,0,-1,0,0,0.8,0,0,0,2,1,0,1,0,0,0,0,0,1,0,0,1,0,0,0,0
40,4,0,10129,14.3,3,4,2,3,4,3,25,0,0,10,27,5,10,3,5,1,0,0.0,1,1.333333333,3376.333333,0.854201331,2.86,3.0,0.816496581,0,0.5,1.0,1,1,2.454545455,0,1,1,1,1.0,0,0,0,3,1,0,1,0,0,0,1,0,1,0,0,1,0,0,0,0
32,4,1,8929,12.9,2,5,3,3,4,5,59,1,0,45,150,3,12,3,6,1,0,0.2,1,2.0,4464.5,0.529973357,2.58,3.75,0.957427108,0,0.25,0.6,0,2,3.260869565,1,2,1,1,1.2,0,1,0,2,0,1,0,0,0,0,0,0,0,0,1,0,0,0,1,1
52,3,0,5357,14.6,1,3,4,2,3,3,60,0,1,22,92,1,9,3,4,0,1,0.0,1,3.0,5357.0,0.03706431,3.65,3.0,0.816496581,0,0.111111111,0.25,0,0,4.0,1,0,0,0,1.0,0,2,0,1,1,0,1,0,1,0,0,0,0,0,0,0,1,0,0,0
46,2,0,9181,17.0,2,3,4,2,3,3,27,0,0,8,18,7,11,2,5,0,0,0.0,1,1.0,4590.5,0.819901316,5.666666667,3.0,0.816496581,0,0.636363636,2.333333333,2,3,2.0,0,1,0,1,1.666666667,0,0,0,4,0,1,0,1,0,0,0,0,1,0,0,0,1,0,0,0
42,12,5,11196,16.6,4,3,3,4,4,3,31,0,1,30,85,5,17,3,7,1,0,0.384615385,1,3.0,2799.0,0.916389351,1.276923077,3.5,0.577350269,0,0.294117647,0.384615385,1,1,2.741935484,1,0,0,0,0.538461538,0,2,0,2,1,1,0,0,0,0,1,0,1,0,0,1,0,0,0,0
35,7,6,13383,18.6,3,3,3,3,4,1,25,0,1,11,47,4,4,4,7,1,0,0.75,1,2.333333333,4461.0,0.859597447,2.325,2.75,1.258305739,0,1.0,0.5,1,2,3.916666667,0,-1,0,0,0.875,0,1,0,3,0,1,0,0,1,0,0,0,1,0,0,1,0,0,0,0
42,0,0,7728,13.0,2,4,4,2,4,4,24,1,0,5,15,3,10,3,3,0,0,0.0,0,0.0,3864.0,0.59359401,13.0,3.5,1.0,0,0.3,3.0,0,2,2.5,0,1,1,1,3.0,0,0,0,2,1,0,0,0,0,0,1,0,1,0,0,1,0,0,0,0
57,5,4,7587,12.1,2,3,1,3,2,2,32,1,1,47,124,3,11,3,8,0,1,0.666666667,1,2.5,3793.5,0.513827434,2.016666667,2.0,0.816496581,1,0.272727273,0.5,1,3,2.583333333,1,0,0,0,1.333333333,1,4,1,3,0,0,0,0,0,1,0,0,1,0,0,0,0,1,1,1
44,1,0,5899,14.9,2,3,4,4,4,1,69,0,0,10,36,7,9,4,2,0,0,0.0,1,0.5,2949.5,0.184380776,7.45,3.25,1.5,0,0.777777778,3.5,2,3,3.272727273,0,-1,0,0,1.0,0,1,0,1,1,0,0,0,0,0,0,1,0,0,0,1,0,0,0,0
20,2,2,8510,19.0,2,4,5,2,2,3,28,1,0,3,8,7,2,4,9,1,0,0.666666667,0,1.0,4255.0,0.370888562,6.333333333,3.0,1.414213562,0,3.5,2.333333333,1,4,2.0,0,0,1,0,3.0,1,2,0,2,0,0,0,0,1,0,0,0,1,0,0,0,0,0,0,0
40,6,1,14705,15.3,3,3,4,1,4,4,0,0,0,3,6,3,9,3,6,1,0,0.142857143,1,2.0,4901.666667,0.91593029,2.185714286,3.25,1.5,0,0.333333333,0.428571429,1,1,1.5,0,0,0,0,0.857142857,0,0,0,4,1,0,1,0,1,0,0,0,1,0,0,1,0,0,0,0
27,2,2,9441,16.5,3,4,2,3,3,3,49,0,1,19,40,4,10,3,3,1,0,0.666666667,0,0.666666667,3147.0,0.593916519,5.5,2.75,0.5,0,0.4,1.333333333,1,1,2.0,0,1,1,1,1.0,0,0,0,2,0,0,1,0,0,0,0,0,0,1,1,0,0,0,0,0
33,0,0,5478,19.2,1,3,1,3,3,5,35,1,1,14,39,4,11,3,4,1,0,0.0,0,0.0,5478.0,0.135551448,19.2,3.0,1.632993162,0,0.363636364,4.0,1,3,2.6,0,0,0,0,4.0,0,1,0,2,0,0,0,0,0,0,0,1,1,0,1,0,0,0,1,0
39,4,4,7555,13.7,2,4,3,2,5,3,41,1,0,32,103,1,7,3,5,0,0,0.8,0,2.0,3777.5,0.568219634,2.74,3.25,1.258305739,0,0.142857143,0.2,0,2,3.121212121,1,1,1,1,1.0,0,2,0,2,0,0,0,0,0,0,1,0,0,0,0,1,0,0,1,1
38,0,0,6388,16.2,2,3,2,3,4,1,30,0,1,15,46,1,13,4,4,1,0,0.0,0,0.0,3194.0,0.250770179,16.2,2.5,1.290994449,0,0.076923077,1.0,2,2,2.875,0,-1,0,0,4.0,0,1,0,2,0,1,0,0,0,0,0,1,1,0,0,1,0,0,0,1
35,17,4,12353,15.3,4,3,3,3,3,4,64,0,1,8,33,5,12,4,8,1,0,0.222222222,1,4.25,3088.25,0.798232695,0.85,3.25,0.5,0,0.416666667,0.277777778,2,2,3.666666667,0,-1,0,0,0.444444444,1,2,0,1,0,1,0,0,1,0,0,0,1,0,0,1,0,0,0,0
33,3,3,7484,14.9,1,3,3,3,4,2,17,1,1,28,76,4,6,4,7,0,0,0.75,0,3.0,7484.0,0.494745575,3.725,3.0,0.816496581,0,0.666666667,1.0,1,4,2.620689655,1,-1,0,0,1.75,0,2,0,3,1,0,1,0,0,1,0,0,0,0,1,0,0,0,0,0
50,15,14,11843,10.8,4,3,4,2,2,3,37,0,0,10,28,5,12,3,3,1,1,0.875,1,3.75,2960.75,0.885397412,0.675,2.75,0.957427108,0,0.416666667,0.3125,0,0,2.545454545,0,0,0,0,0.1875,0,1,0,2,1,1,0,0,0,0,0,1,1,0,0,0,1,0,0,0
30,2,0,7352,8.2,1,3,2,4,3,3,25,1,1,9,32,5,5,3,2,0,0,0.0,1,2.0,7352.0,0.214285714,2.733333333,3.0,0.816496581,0,1.0,1.666666667,0,3,3.2,0,0,0,0,0.666666667,0,1,0,1,1,0,1,0,1,0,0,0,1,0,1,0,0,0,0,1
26,0,0,7368,15.0,2,4,4,2,4,2,49,0,1,8,28,2,5,4,6,0,0,0.0,0,0.0,3684.0,0.608552632,15.0,3.0,1.154700538,0,0.4,2.0,1,1,3.111111111,0,0,1,0,6.0,0,0,0,2,0,1,0,1,0,0,0,0,0,1,1,0,0,0,0,0
47,2,0,7813,16.0,1,4,4,4,3,2,69,1,1,12,35,4,13,3,4,0,0,0.0,1,2.0,7813.0,0.270618557,5.333333333,3.25,0.957427108,0,0.307692308,1.333333333,2,4,2.692307692,0,1,1,1,1.333333333,0,1,0,3,0,1,0,0,1,0,0,0,0,0,0,0,1,0,1,0
39,16,11,10687,17.8,4,3,3,3,5,2,36,1,0,27,67,5,14,2,8,1,0,0.647058824,1,4.0,2671.75,0.737344583,1.047058824,3.25,1.258305739,0,0.357142857,0.294117647,0,2,2.392857143,1,1,0,1,0.470588235,1,3,0,1,0,1,0,0,0,0,0,0,0,1,0,1,0,0,0,0
32,11,5,15558,19.3,5,4,4,1,2,3,37,1,0,14,53,7,2,2,10,1,0,0.416666667,1,2.2,3111.6,0.996710526,1.608333333,2.5,1.290994449,0,3.5,0.583333333,1,4,3.533333333,0,2,1,1,0.833333333,1,1,0,4,0,0,1,1,0,0,0,0,1,0,1,0,0,0,0,0
28,10,3,15705,17.3,4,4,3,1,3,1,46,1,1,22,67,5,7,2,5,1,0,0.272727273,1,2.5,3926.25,0.982439926,1.572727273,2.0,1.154700538,1,0.714285714,0.454545455,0,3,2.913043478,1,2,1,1,0.454545455,0,2,1,4,1,0,1,0,0,0,0,1,1,0,1,0,0,0,0,0
45,1,0,6563,11.7,2,3,2,3,1,2,45,0,1,9,32,6,5,2,2,0,0,0.0,1,0.5,3281.5,0.276648182,5.85,2.0,0.816496581,1,1.2,3.0,1,2,3.2,0,1,0,1,1.0,0,2,0,2,1,0,1,0,0,0,0,1,0,1,0,0,1,0,1,0
34,3,2,9197,12.7,3,2,4,3,5,4,34,0,1,2,8,6,5,3,6,1,0,0.5,1,1.0,3065.666667,0.665126309,3.175,4.0,0.816496581,0,1.2,1.5,0,1,2.666666667,0,-1,0,0,1.5,0,0,0,2,1,1,0,0,0,0,0,1,1,0,1,0,0,0,0,1
32,5,3,10309,17.3,4,3,3,3,3,5,15,0,0,8,19,4,4,1,5,1,0,0.5,1,1.25,2577.25,0.865224626,2.883333333,3.5,1.0,0,1.0,0.666666667,0,1,2.111111111,0,2,0,1,0.833333333,0,0,0,2,1,0,1,0,0,0,1,0,1,0,1,0,0,0,0,0
45,1,1,8014,17.0,1,5,5,4,3,2,42,0,0,5,13,1,5,4,2,0,0,0.5,0,1.0,8014.0,0.297864507,8.5,3.5,1.290994449,0,0.2,0.5,0,0,2.166666667,0,1,1,1,1.0,0,1,0,3,0,0,1,0,1,0,0,0,1,0,0,0,1,0,0,0
33,1,0,6406,16.0,1,3,3,4,2,4,43,0,0,20,89,2,2,2,8,0,0,0.0,1,1.0,6406.0,0.10652921,8.0,3.25,0.957427108,0,1.0,1.0,2,3,4.238095238,1,1,0,1,4.0,1,3,0,2,0,1,0,0,1,0,0,0,0,1,1,0,0,0,1,1
40,0,0,3715,16.6,1,5,4,4,2,3,0,0,0,25,90,6,13,4,1,0,0,0.0,0,0.0,3715.0,0.021570796,16.6,3.25,0.957427108,0,0.461538462,6.0,1,1,3.461538462,1,1,1,1,1.0,0,2,0,1,1,1,0,0,0,1,0,0,1,0,0,1,0,0,0,0
39,4,3,5960,14.4,2,4,1,5,3,2,63,0,0,15,61,6,3,2,3,1,0,0.6,1,2.0,2980.0,0.123889876,2.88,2.75,1.707825128,0,2.0,1.2,0,1,3.8125,1,2,1,1,0.6,0,2,0,1,0,0,1,0,0,0,0,0,1,0,0,1,0,0,1,1
29,4,0,7573,16.7,1,3,3,3,4,1,57,0,1,9,28,1,7,1,6,0,0,0.0,1,4.0,7573.0,0.243004418,3.34,2.75,1.258305739,0,0.142857143,0.2,0,0,2.8,0,2,0,1,1.2,0,1,0,2,1,0,1,0,1,0,0,0,1,0,1,0,0,0,1,1
26,0,0,5313,16.2,1,3,3,1,2,2,22,0,1,1,5,2,10,3,5,0,0,0.0,0,0.0,5313.0,0.240131579,16.2,2.0,0.816496581,1,0.2,2.0,1,1,2.5,0,0,0,0,5.0,0,2,0,3,1,1,0,1,0,0,0,0,0,1,1,0,0,0,0,1
38,4,3,8738,16.4,2,4,4,3,4,2,54,0,1,27,104,4,10,4,4,0,0,0.6,1,2.0,4369.0,0.730449251,3.28,3.25,0.957427108,0,0.4,0.8,1,1,3.714285714,1,0,1,0,0.8,0,1,0,2,1,1,0,0,0,0,1,0,1,0,0,1,0,0,1,1
26,3,2,7287,19.4,3,3,2,4,1,3,25,0,1,19,50,1,2,3,7,1,0,0.5,1,1.0,2429.0,0.601151316,4.85,2.5,1.290994449,0,0.5,0.25,2,2,2.5,0,0,0,0,1.75,0,0,0,2,0,0,1,1,0,0,0,0,1,0,1,0,0,0,0,0
28,6,4,10468,18.0,3,3,4,3,3,2,32,0,0,2,5,7,13,3,5,1,0,0.571428571,1,2.0,3489.333333,0.71669627,2.571428571,3.0,0.816496581,0,0.538461538,1.0,1,2,1.666666667,0,0,0,0,0.714285714,0,1,0,2,1,1,0,0,0,0,0,0,0,1,1,0,0,0,0,0
29,3,0,4946,12.5,1,2,4,1,2,3,28,1,0,12,38,2,14,4,6,1,0,0.0,1,3.0,4946.0,0.135607321,3.125,2.5,1.290994449,0,0.142857143,0.5,1,3,2.923076923,0,-2,0,0,1.5,0,1,0,2,1,0,0,0,0,0,1,0,1,0,1,0,0,0,1,1
45,5,4,6966,13.3,2,3,4,3,4,4,9,1,1,16,44,1,6,3,9,0,0,0.666666667,1,2.5,3483.0,0.245559503,2.216666667,3.75,0.5,0,0.166666667,0.166666667,1,3,2.588235294,0,0,0,0,1.5,1,3,0,2,1,1,0,0,0,0,0,0,1,0,0,0,1,0,1,1
50,9,9,12301,19.9,4,4,3,4,4,2,0,1,1,21,60,5,7,5,11,1,1,0.9,0,2.25,3075.25,0.904189772,1.99,3.25,0.957427108,0,0.714285714,0.5,1,4,2.727272727,0,-1,1,0,1.1,1,1,0,2,0,0,1,0,0,0,0,1,1,0,0,0,1,0,0,0
49,9,2,8530,14.7,3,3,4,3,2,3,33,1,1,7,23,2,4,4,10,1,0,0.2,1,3.0,2843.333333,0.57948244,1.47,3.0,0.816496581,0,0.5,0.2,0,2,2.875,0,-1,0,0,1.0,1,1,0,2,1,0,1,0,0,0,0,1,1,0,0,0,1,0,0,0
27,1,0,5928,15.8,1,4,5,2,5,4,15,0,0,23,95,2,3,2,6,0,0,0.0,1,1.0,5928.0,0.297212978,7.9,4.0,1.414213562,0,0.666666667,1.0,0,1,3.958333333,1,2,1,1,3.0,0,2,0,2,1,1,0,0,0,0,1,0,1,0,1,0,0,0,0,1
38,6,4,11197,16.9,2,3,5,4,3,4,45,0,0,11,23,2,9,5,7,0,0,0.571428571,1,3.0,5598.5,0.701030928,2.414285714,4.0,0.816496581,0,0.222222222,0.285714286,1,1,1.916666667,0,-2,0,0,1.0,0,1,0,3,1,1,0,0,1,0,0,0,1,0,0,1,0,0,1,1
18,0,0,9522,13.8,3,3,4,2,5,1,34,0,0,14,40,5,2,2,6,1,0,0.0,0,0.0,3174.0,0.501227295,13.8,3.0,1.825741858,0,2.5,5.0,0,1,2.666666667,0,1,0,1,6.0,0,0,0,2,0,0,1,0,1,0,0,0,1,0,0,0,0,0,0,0
28,10,0,8407,19.3,2,4,3,5,4,2,46,1,1,8,19,1,11,3,10,0,0,0.0,1,5.0,4203.5,0.566697474,1.754545455,3.5,1.290994449,0,0.090909091,0.090909091,1,3,2.111111111,0,1,1,1,0.909090909,1,1,0,3,1,0,1,0,0,0,0,1,1,0,1,0,0,0,1,1
42,24,7,14178,13.5,5,2,3,3,3,2,40,1,0,4,14,2,4,4,4,1,0,0.28,1,4.8,2835.6,0.981747788,0.54,2.75,0.5,0,0.5,0.08,2,4,2.8,0,-2,0,0,0.16,0,1,0,2,1,1,0,0,0,1,0,0,1,0,0,1,0,0,1,0
39,4,0,8101,16.3,2,4,3,3,2,3,14,0,0,28,82,2,5,4,2,1,0,0.0,1,2.0,4050.5,0.649750416,3.26,2.75,0.5,0,0.4,0.4,1,1,2.827586207,1,0,1,0,0.4,0,1,0,3,0,1,0,0,0,0,1,0,1,0,0,1,0,0,1,1
23,4,3,10925,12.0,3,3,4,1,4,4,65,0,1,12,34,3,2,4,4,1,0,0.6,1,1.333333333,3641.666667,0.834873691,2.4,3.25,1.5,0,1.5,0.6,1,2,2.615384615,0,-1,0,0,0.8,0,0,0,3,0,0,1,0,0,0,0,1,1,0,0,0,0,0,0,0
34,7,4,9521,13.0,3,3,5,1,4,5,5,1,1,17,48,4,6,3,7,1,0,0.5,1,2.333333333,3173.666667,0.605239787,1.625,3.75,1.892969449,0,0.666666667,0.5,2,5,2.666666667,0,0,0,0,0.875,0,1,0,2,0,0,1,0,0,0,0,0,0,1,1,0,0,0,0,0
18,0,0,4638,13.0,1,2,1,3,3,3,0,0,1,36,131,3,15,3,1,1,0,0.0,0,0.0,4638.0,0.099417637,13.0,2.5,1.0,0,0.2,3.0,1,1,3.540540541,1,-1,0,0,1.0,0,2,0,2,1,0,1,0,0,0,1,0,1,0,0,0,0,0,1,1
39,16,6,12167,9.0,3,3,3,4,4,4,39,0,0,26,108,3,3,4,5,1,0,0.352941176,1,5.333333333,4055.666667,0.784118802,0.529411765,3.75,0.5,0,1.0,0.176470588,2,3,4.0,1,-1,0,0,0.294117647,0,2,0,2,1,1,0,0,1,0,0,0,1,0,0,1,0,0,0,0
42,9,1,10770,14.0,3,3,1,3,2,3,31,0,0,13,48,4,7,3,5,1,0,0.1,1,3.0,3590.0,0.653657339,1.4,2.25,0.957427108,1,0.571428571,0.4,1,2,3.428571429,0,0,0,0,0.5,0,1,0,2,0,1,0,0,1,0,0,0,1,0,0,1,0,0,0,0
44,1,0,7193,9.7,1,3,1,2,2,3,44,1,1,11,34,7,4,4,6,1,0,0.0,1,1.0,7193.0,0.195017182,4.85,2.0,0.816496581,1,1.75,3.5,1,4,2.833333333,0,-1,0,0,3.0,0,2,1,2,1,0,1,0,1,0,0,0,1,0,0,1,0,0,1,1
35,1,1,5583,16.4,1,3,5,2,4,2,21,0,1,10,32,4,8,3,6,0,0,0.5,0,1.0,5583.0,0.186393805,8.2,3.25,1.5,0,0.5,2.0,1,1,2.909090909,0,0,0,0,3.0,0,1,0,2,1,1,0,0,0,1,0,0,1,0,0,1,0,0,0,1
44,7,5,9027,8.2,3,3,3,3,5,3,31,1,1,11,30,3,14,2,8,1,0,0.625,1,2.333333333,3009.0,0.543072824,1.025,3.5,1.0,0,0.214285714,0.375,2,4,2.5,0,1,0,1,1.0,1,2,0,2,0,1,0,0,0,0,0,0,0,0,0,1,0,0,0,0
46,4,0,10741,6.2,3,1,3,3,5,3,25,0,0,24,70,3,2,1,5,1,0,0.0,1,1.333333333,3580.333333,0.650711831,1.24,3.5,1.0,0,1.5,0.6,0,1,2.8,1,0,0,0,1.0,0,1,0,2,0,0,1,0,1,0,0,0,1,0,0,0,1,0,0,1
33,0,0,4124,6.2,1,2,4,2,3,2,6,0,0,25,75,5,2,5,5,1,0,0.0,0,0.0,4124.0,0.091282895,6.2,2.75,0.957427108,0,2.5,5.0,0,1,2.884615385,1,-3,0,0,5.0,0,2,0,1,0,0,1,1,0,0,0,0,1,0,1,0,0,0,1,1
35,1,0,10118,20.5,2,4,3,3,4,5,59,0,0,9,32,4,9,3,5,0,0,0.0,1,0.5,5059.0,0.764633395,10.25,3.75,0.957427108,0,0.444444444,2.0,0,0,3.2,0,1,1,1,2.5,0,0,0,4,1,0,1,0,0,0,0,1,1,0,0,1,0,0,0,0
30,12,9,9946,11.4,4,3,5,3,5,5,28,0,0,17,25,2,3,3,3,1,0,0.692307692,1,3.0,2486.5,0.810840708,0.876923077,4.5,1.0,0,0.666666667,0.153846154,1,2,1.388888889,0,0,0,0,0.230769231,0,1,0,2,1,0,1,0,0,1,0,0,1,0,1,0,0,0,0,0
45,3,1,7804,15.2,2,4,1,1,1,2,12,0,0,14,40,3,12,3,6,0,0,0.25,1,1.5,3902.0,0.269268532,3.8,1.25,0.5,1,0.25,0.75,0,0,2.666666667,0,1,1,1,1.5,0,2,0,2,1,0,1,0,1,0,0,0,0,1,0,0,1,0,0,1
57,3,3,4845,13.8,1,2,3,3,3,4,67,1,0,19,43,5,9,2,7,0,1,0.75,0,3.0,4845.0,0.122920133,3.45,3.25,0.5,0,0.555555556,1.25,1,4,2.15,0,0,0,0,1.75,0,1,0,2,0,0,1,0,0,0,1,0,1,0,0,0,0,1,1,1
41,0,0,6383,16.6,1,4,3,1,2,2,39,1,0,8,19,5,10,2,7,0,0,0.0,0,0.0,6383.0,0.172735346,16.6,2.0,0.816496581,1,0.5,5.0,1,3,2.111111111,0,2,1,1,7.0,0,2,1,3,1,0,1,0,0,0,0,0,0,1,0,1,0,0,1,1
32,2,0,10379,13.5,3,5,3,2,3,5,33,1,0,8,27,3,5,5,4,1,0,0.0,1,0.666666667,3459.666667,0.609106529,4.5,3.25,1.258305739,0,0.6,1.0,1,4,3.0,0,0,1,0,1.333333333,0,0,0,2,1,0,1,0,1,0,0,0,1,0,1,0,0,0,0,0
29,10,3,9544,6.0,3,2,1,5,3,4,57,0,0,5,10,5,4,4,7,1,0,0.272727273,1,3.333333333,3181.333333,0.506013746,0.545454545,3.25,1.707825128,0,1.25,0.454545455,0,1,1.666666667,0,-2,0,0,0.636363636,0,0,0,1,1,1,0,0,1,0,0,0,1,0,1,0,0,0,1,1
37,5,3,10273,18.5,4,3,1,2,2,3,42,1,1,36,121,6,16,1,10,1,0,0.5,1,1.25,2568.25,0.695825933,3.083333333,2.0,0.816496581,1,0.375,1.0,2,4,3.27027027,1,2,0,1,1.666666667,1,3,1,2,0,1,0,0,0,0,0,0,1,0,0,1,0,0,0,0
27,2,1,7583,20.1,2,3,4,4,3,4,24,0,1,6,23,8,8,3,6,0,0,0.333333333,1,1.0,3791.5,0.329040853,6.7,3.75,0.5,0,1.0,2.666666667,1,2,3.285714286,0,0,0,0,2.0,0,1,0,2,1,1,0,0,0,0,0,0,0,0,1,0,0,0,0,1
25,7,4,7561,14.2,3,3,4,5,5,3,49,1,0,16,49,2,16,3,8,1,0,0.5,1,2.333333333,2520.333333,0.435921134,1.775,4.25,0.957427108,0,0.125,0.25,2,4,2.882352941,0,0,0,0,1.0,1,3,0,1,1,1,0,0,0,0,0,1,1,0,1,0,0,0,0,0
50,2,1,10378,16.1,2,3,2,5,5,4,48,0,1,8,21,3,13,1,7,0,1,0.333333333,1,1.0,5189.0,0.608615611,5.366666667,4.0,1.414213562,0,0.230769231,1.0,0,0,2.333333333,0,2,0,1,2.333333333,0,0,0,3,1,1,0,0,1,0,0,0,1,0,0,0,1,0,0,0
40,4,4,6734,18.3,2,5,3,3,3,5,44,0,0,19,62,8,6,3,5,0,0,0.8,0,2.0,3367.0,0.424916805,3.66,3.5,1.0,0,1.333333333,1.6,1,2,3.1,1,2,1,1,1.0,0,3,0,2,1,0,0,0,0,0,1,0,1,0,0,1,0,0,1,1
47,5,2,9489,18.8,2,4,4,3,5,4,46,0,0,22,53,5,13,4,8,1,0,0.333333333,1,2.5,4744.5,0.841282895,3.133333333,4.0,0.816496581,0,0.384615385,0.833333333,2,2,2.304347826,0,0,1,0,1.333333333,1,1,0,4,1,1,0,1,0,0,0,0,1,0,0,0,1,0,1,1
46,2,2,6229,12.6,1,3,2,3,3,3,43,1,0,5,13,4,8,4,7,0,0,0.666666667,0,2.0,6229.0,0.411184211,4.2,2.75,0.5,0,0.5,1.333333333,1,3,2.166666667,0,-1,0,0,2.333333333,0,1,0,3,1,1,0,1,0,0,0,0,1,0,0,0,1,0,1,0
36,5,3,8993,15.3,3,4,5,3,4,3,35,0,1,11,48,1,11,5,4,1,0,0.5,1,1.666666667,2997.666667,0.639556377,2.55,3.75,0.957427108,0,0.090909091,0.166666667,1,1,4.0,0,-1,1,0,0.666666667,0,0,0,2,1,0,1,0,0,0,0,1,0,0,0,1,0,0,0,0
33,5,2,8970,14.7,2,4,1,2,3,3,20,0,0,3,8,1,4,1,2,0,0,0.333333333,1,2.5,4485.0,0.536856128,2.45,2.25,0.957427108,1,0.25,0.166666667,1,1,2.0,0,3,1,1,0.333333333,0,1,0,2,1,1,0,0,0,0,0,0,0,0,1,0,0,0,1,1
43,7,0,8658,10.0,3,3,5,1,2,3,60,0,0,15,49,2,14,2,6,1,0,0.0,1,2.333333333,2886.0,0.777138158,1.25,2.75,1.707825128,0,0.142857143,0.25,0,0,3.0625,0,1,0,1,0.75,0,0,0,2,0,1,0,1,0,0,0,0,1,0,0,1,0,0,0,0
27,1,1,4783,10.5,1,2,3,5,3,3,21,0,1,3,5,3,5,3,6,0,0,0.5,0,1.0,4783.0,0.027753108,5.25,3.5,1.0,0,0.6,1.5,1,2,1.25,0,-1,0,0,3.0,0,1,0,2,1,1,0,0,0,0,0,0,1,0,1,0,0,0,1,1
37,10,10,11128,13.8,3,2,3,2,3,4,50,1,1,29,114,5,5,4,5,1,0,0.909090909,0,3.333333333,3709.333333,0.772202487,1.254545455,3.0,0.816496581,0,1.0,0.454545455,1,4,3.8,1,-2,0,0,0.454545455,0,2,0,2,0,0,0,0,0,0,0,0,0,1,0,1,0,0,0,0
34,5,3,4471,19.1,1,4,3,4,2,4,54,0,0,23,63,5,5,5,1,1,0,0.5,1,5.0,4471.0,0.066924779,3.183333333,3.25,0.957427108,0,1.0,0.833333333,1,2,2.625,1,-1,1,0,0.166666667,0,2,0,1,1,1,0,0,0,1,0,0,1,0,1,0,0,0,1,1
34,0,0,4383,21.4,1,4,4,3,4,5,29,0,0,7,25,9,11,4,4,1,0,0.0,0,0.0,4383.0,0.059181416,21.4,4.0,0.816496581,0,0.818181818,9.0,1,2,3.125,0,0,1,0,4.0,0,1,0,2,1,1,0,0,0,1,0,0,0,0,1,0,0,0,0,1
25,2,1,6630,17.9,2,4,4,4,4,2,21,1,1,26,111,3,7,4,4,0,0,0.333333333,1,1.0,3315.0,0.40453411,5.966666667,3.5,1.0,0,0.428571429,1.0,1,3,4.111111111,1,0,1,0,1.333333333,0,2,0,2,1,1,0,0,0,0,1,0,1,0,1,0,0,0,1,1
39,3,2,7708,16.8,3,5,4,3,3,4,74,1,1,7,20,1,13,3,10,1,0,0.5,1,1.0,2569.333333,0.459334566,4.2,3.5,0.577350269,0,0.076923077,0.25,0,2,2.5,0,2,1,1,2.5,1,2,0,1,1,1,0,0,0,0,0,1,1,0,0,1,0,0,1,0
44,1,0,5752,13.1,1,2,3,3,3,3,37,1,0,10,41,6,13,3,10,0,0,0.0,1,1.0,5752.0,0.098579041,6.55,3.0,0.0,0,0.461538462,3.0,0,2,3.727272727,0,-1,0,0,5.0,1,2,0,2,0,1,0,0,0,0,0,0,1,0,0,1,0,0,1,1
31,5,1,9055,16.9,3,4,4,3,4,4,39,1,1,15,53,5,5,4,4,1,0,0.166666667,1,1.666666667,3018.333333,0.766222962,2.816666667,3.75,0.5,0,1.0,0.833333333,0,3,3.3125,0,0,1,0,0.666666667,0,0,0,2,1,1,0,0,0,0,1,0,1,0,1,0,0,0,0,0
35,2,2,10700,10.4,3,4,4,4,3,5,12,0,1,10,36,7,2,4,3,1,0,0.666666667,0,0.666666667,3566.666667,0.858960177,3.466666667,4.0,0.816496581,0,3.5,2.333333333,1,2,3.272727273,0,0,1,0,1.0,0,0,0,3,0,0,1,0,0,1,0,0,1,0,0,1,0,0,0,0
48,5,4,10367,10.9,4,3,4,5,4,4,27,0,1,15,38,3,9,3,6,1,0,0.666666667,1,1.25,2591.75,0.869800333,1.816666667,4.25,0.5,0,0.333333333,0.5,1,1,2.375,0,0,0,0,1.0,0,1,0,2,1,1,0,0,0,0,1,0,1,0,0,0,1,0,0,0
30,5,3,14393,14.4,4,3,3,3,4,4,42,0,1,16,38,2,2,4,3,1,0,0.5,1,1.25,3598.25,0.902798233,2.4,3.5,0.577350269,0,1.0,0.333333333,2,3,2.235294118,0,-1,0,0,0.5,0,0,0,2,1,1,0,0,1,0,0,0,1,0,1,0,0,0,0,0
48,1,1,4064,12.4,1,3,3,2,5,3,0,1,0,18,59,1,9,4,6,0,0,0.5,0,1.0,4064.0,0.042588496,6.2,3.25,1.258305739,0,0.111111111,0.5,0,2,3.105263158,0,-1,0,0,3.0,0,1,0,1,1,1,0,0,0,1,0,0,1,0,0,0,1,0,0,0
41,4,2,8020,14.3,2,4,4,1,4,5,39,0,1,19,43,7,10,4,6,0,0,0.4,1,2.0,4010.0,0.299214531,2.86,3.5,1.732050808,0,0.7,1.4,2,3,2.15,0,0,1,0,1.2,0,1,0,2,0,1,0,0,1,0,0,0,0,0,0,1,0,0,1,1
42,1,1,9490,13.2,2,3,4,3,1,4,40,0,0,22,54,5,9,2,3,1,0,0.5,0,0.5,4745.0,0.49742268,6.6,3.0,1.414213562,0,0.555555556,2.5,0,1,2.347826087,0,1,0,1,1.5,0,1,0,4,1,0,1,0,1,0,0,0,1,0,0,1,0,0,0,1
40,6,3,6581,13.1,2,3,4,3,3,3,43,1,0,27,55,2,2,4,8,0,0,0.428571429,1,3.0,3290.5,0.396838602,1.871428571,3.25,0.5,0,1.0,0.285714286,1,4,1.964285714,0,-1,0,0,1.142857143,1,2,0,2,1,1,0,0,0,0,1,0,1,0,0,1,0,0,1,1
37,0,0,4276,12.0,1,2,5,3,4,3,12,1,0,27,132,9,11,3,11,0,0,0.0,0,0.0,4276.0,0.053097345,12.0,3.75,0.957427108,0,0.818181818,9.0,2,5,4.714285714,1,-1,0,0,11.0,1,3,0,1,1,1,0,0,0,1,0,0,0,1,0,1,0,0,1,1
38,1,0,5960,14.4,2,4,1,1,3,2,26,0,0,6,15,4,3,3,7,0,0,0.0,1,0.5,2980.0,0.361842105,7.2,1.75,0.957427108,1,1.333333333,2.0,1,2,2.142857143,0,1,1,1,3.5,0,2,0,3,0,1,0,1,0,0,0,0,1,0,0,1,0,0,0,1
51,3,3,8331,13.1,3,3,3,3,3,2,31,0,1,9,33,5,9,3,4,1,1,0.75,0,1.0,2777.0,0.344378989,3.275,2.75,0.5,0,0.555555556,1.25,1,2,3.3,0,0,0,0,1.0,0,1,0,1,1,1,0,0,1,0,0,0,1,0,0,0,1,0,0,0
44,2,1,10377,13.5,2,2,4,4,3,4,54,0,0,30,79,3,11,3,5,0,0,0.333333333,1,1.0,5188.5,0.835176991,4.5,3.75,0.5,0,0.272727273,1.0,1,1,2.548387097,1,-1,0,0,1.666666667,0,1,0,4,1,1,0,0,0,1,0,0,1,0,0,1,0,0,0,1
38,1,1,6169,12.1,2,3,3,5,1,3,19,1,0,1,5,7,7,2,8,0,0,0.5,0,0.5,3084.5,0.220271103,6.05,3.0,1.632993162,0,1.0,3.5,2,5,2.5,0,1,0,1,4.0,1,2,0,2,1,0,0,0,0,0,0,1,1,0,0,1,0,0,1,1
45,2,0,12025,18.3,2,3,4,3,4,3,0,1,0,29,78,4,11,1,11,0,0,0.0,1,1.0,6012.5,0.775159548,6.1,3.5,0.577350269,0,0.363636364,1.333333333,0,2,2.6,1,2,0,1,3.666666667,1,2,0,4,1,0,0,0,1,0,0,0,0,0,0,0,1,0,0,0
44,11,2,10863,13.4,5,3,2,3,3,4,7,0,1,8,11,4,10,4,5,1,0,0.166666667,1,2.2,2172.6,0.870575221,1.116666667,3.0,0.816496581,0,0.4,0.333333333,1,1,1.222222222,0,-1,0,0,0.416666667,0,0,0,1,1,0,1,0,0,1,0,0,1,0,0,1,0,0,0,0
26,5,0,9290,15.0,4,1,4,4,4,4,52,0,1,13,47,5,7,3,8,1,0,0.0,1,1.25,2322.5,0.737002212,2.5,4.0,0.0,0,0.714285714,0.833333333,2,3,3.357142857,0,-2,0,0,1.333333333,1,1,0,2,1,0,1,0,0,1,0,0,0,1,1,0,0,0,0,0
46,6,5,6581,19.0,1,4,3,4,4,1,36,1,1,8,24,1,14,3,7,0,0,0.714285714,1,6.0,6581.0,0.278804683,2.714285714,3.0,1.414213562,0,0.071428571,0.142857143,0,2,2.666666667,0,1,1,1,1.0,0,2,0,2,1,1,0,0,0,0,0,1,1,0,0,0,1,0,1,1
43,2,0,7388,19.6,2,4,5,5,4,3,47,0,0,20,67,5,15,4,4,0,0,0.0,1,1.0,3694.0,0.40680838,6.533333333,4.25,0.957427108,0,0.333333333,1.666666667,1,1,3.19047619,1,0,1,0,1.333333333,0,2,0,3,0,0,1,0,0,0,0,1,0,1,0,1,0,0,0,1
33,15,13,12587,15.6,4,3,3,3,4,3,10,1,0,30,90,2,9,3,10,1,0,0.8125,1,3.75,3146.75,0.960066556,0.975,3.25,0.5,0,0.222222222,0.125,1,3,2.903225806,1,0,0,0,0.625,1,3,0,2,1,1,0,0,0,0,1,0,1,0,1,0,0,0,0,0
35,1,0,6761,11.5,2,4,3,3,2,4,49,1,0,18,64,4,4,4,2,1,0,0.0,1,0.5,3380.5,0.300369686,5.75,3.0,0.816496581,0,1.0,2.0,1,4,3.368421053,1,0,1,0,1.0,0,2,0,2,1,1,0,0,0,0,0,1,1,0,0,1,0,0,0,1
30,11,6,10174,23.1,3,4,4,2,2,1,48,1,1,12,27,3,2,3,7,1,0,0.5,1,3.666666667,3391.333333,0.888157895,1.925,2.25,1.258305739,1,1.5,0.25,1,4,2.076923077,0,1,1,1,0.583333333,0,1,1,2,0,0,1,1,0,0,0,0,1,0,1,0,0,0,0,0
24,3,0,11338,13.4,3,4,2,3,3,3,27,0,1,28,82,4,11,3,5,1,0,0.0,1,1.0,3779.333333,0.861675909,3.35,2.75,0.5,0,0.363636364,1.0,0,0,2.827586207,1,1,1,1,1.25,0,1,0,3,0,0,1,0,0,0,0,1,0,1,0,0,0,0,0,0
42,5,5,10069,17.4,2,2,4,2,4,3,28,0,0,3,12,5,8,3,7,0,0,0.833333333,0,2.5,5034.5,0.572164948,2.9,3.25,0.957427108,0,0.625,0.833333333,0,1,3.0,0,-1,0,0,1.166666667,0,1,0,3,0,0,0,0,1,0,0,0,0,1,0,1,0,0,1,1
39,1,0,8138,10.7,2,3,1,4,1,3,27,1,0,7,30,6,5,4,5,0,0,0.0,1,0.5,4069.0,0.319710358,5.35,2.25,1.5,1,1.2,3.0,0,3,3.75,0,-1,0,0,2.5,0,2,1,2,1,1,0,0,1,0,0,0,1,0,0,1,0,0,1,0
27,9,0,11639,12.8,4,2,2,4,4,3,49,0,0,10,23,6,9,4,3,1,0,0.0,1,2.25,2909.75,0.945723684,1.28,3.25,0.957427108,0,0.666666667,0.6,1,2,2.090909091,0,-2,0,0,0.3,0,0,0,3,1,0,1,1,0,0,0,0,1,0,1,0,0,0,1,0
36,2,1,9347,17.1,2,3,4,3,3,3,51,0,0,22,46,6,7,2,7,0,0,0.333333333,1,1.0,4673.5,0.684380776,5.7,3.25,0.5,0,0.857142857,2.0,1,2,2.0,0,1,0,1,2.333333333,0,0,0,3,0,1,0,0,0,0,0,1,0,1,0,1,0,0,0,0
35,1,0,8530,17.7,2,3,4,3,4,2,37,1,1,15,40,5,8,4,7,0,0,0.0,1,0.5,4265.0,0.373465881,8.85,3.25,0.957427108,0,0.625,2.5,1,4,2.5,0,-1,0,0,3.5,0,1,0,2,1,0,1,0,1,0,0,0,1,0,0,1,0,0,0,0
45,2,1,6125,13.5,2,4,2,5,4,4,8,0,1,12,36,3,10,2,4,0,0,0.333333333,1,1.0,3062.5,0.253318584,4.5,3.75,1.258305739,0,0.3,1.0,2,2,2.769230769,0,2,1,1,1.333333333,0,1,0,2,0,1,0,0,0,1,0,0,1,0,0,0,1,0,1,1
39,17,9,14036,13.0,4,3,3,5,3,3,39,0,1,7,30,5,4,2,3,1,0,0.5,1,4.25,3509.0,0.927175844,0.722222222,3.5,1.0,0,1.25,0.277777778,0,1,3.75,0,1,0,1,0.166666667,0,1,0,2,1,0,0,0,0,0,0,0,1,0,0,1,0,0,0,0
33,2,2,4766,14.4,3,3,3,2,4,5,18,0,0,14,56,8,11,1,6,1,0,0.666666667,0,0.666666667,1588.666667,0.160361842,4.8,3.5,1.290994449,0,0.727272727,2.666666667,2,3,3.733333333,0,2,0,1,2.0,0,1,0,2,1,1,0,1,0,0,0,0,1,0,1,0,0,0,1,0
33,3,3,9037,14.8,3,4,5,5,4,4,67,0,1,16,54,3,8,3,5,1,0,0.75,0,1.0,3012.333333,0.710176991,3.7,4.5,0.577350269,0,0.375,0.75,0,0,3.176470588,0,1,1,1,1.25,0,0,0,1,1,0,1,0,0,1,0,0,1,0,1,0,0,0,0,0
45,3,2,8703,15.0,2,3,1,5,2,2,39,0,1,21,70,2,9,3,6,1,0,0.5,1,1.5,4351.5,0.396661757,3.75,2.5,1.732050808,0,0.222222222,0.5,1,1,3.181818182,1,0,0,0,1.5,0,2,0,2,1,1,0,0,1,0,0,0,1,0,0,0,1,0,1,1
39,12,2,11844,17.8,4,4,4,2,2,3,34,1,1,3,7,5,7,4,6,1,0,0.153846154,1,3.0,2961.0,0.885705484,1.369230769,2.75,0.957427108,0,0.714285714,0.384615385,0,3,1.75,0,0,1,0,0.461538462,0,0,0,2,0,1,0,0,0,0,0,1,1,0,0,1,0,0,0,0
32,3,2,5854,14.6,2,4,3,3,5,4,17,1,1,3,8,5,3,3,9,0,0,0.5,1,1.5,2927.0,0.178681454,3.65,3.75,0.957427108,0,1.666666667,1.25,1,4,2.0,0,1,1,1,2.25,1,2,0,1,1,1,0,0,0,0,0,1,1,0,1,0,0,0,1,1
28,8,1,6742,18.9,3,3,4,3,3,2,42,1,0,24,60,6,13,3,7,1,0,0.111111111,1,2.666666667,2247.333333,0.353429204,2.1,3.0,0.816496581,0,0.461538462,0.666666667,1,3,2.4,0,0,0,0,0.777777778,0,1,0,2,1,1,0,0,0,1,0,0,1,0,1,0,0,0,0,0
25,2,2,8347,15.2,2,3,3,3,4,2,52,1,1,35,72,3,10,3,9,0,0,0.666666667,0,1.0,4173.5,0.347569956,5.066666667,3.0,0.816496581,0,0.3,1.0,1,3,2.0,1,0,0,0,3.0,1,3,0,2,1,0,1,0,1,0,0,0,1,0,1,0,0,0,0,0
38,3,2,6488,13.8,1,4,5,1,4,4,33,0,1,23,62,5,8,5,4,0,0,0.5,1,3.0,6488.0,0.265711645,3.45,3.5,1.732050808,0,0.625,1.25,1,2,2.583333333,1,-1,1,0,1.0,0,2,0,2,1,1,0,0,0,0,0,1,1,0,0,1,0,0,1,1
50,5,0,9242,14.2,3,2,2,2,2,4,25,1,0,50,150,5,13,1,7,1,1,0.0,1,1.666666667,3080.666667,0.468213058,2.366666667,2.5,1.0,0,0.384615385,0.833333333,1,3,2.941176471,1,1,0,1,1.166666667,0,2,0,1,0,0,0,0,1,0,0,0,1,0,0,0,1,0,1,1
52,5,4,6313,16.0,1,4,3,1,3,3,24,0,0,6,24,2,7,4,3,0,1,0.666666667,1,5.0,6313.0,0.24060382,2.666666667,2.5,1.0,0,0.285714286,0.333333333,1,1,3.428571429,0,0,1,0,0.5,0,2,0,2,1,0,1,0,0,0,0,1,0,0,0,0,1,0,1,1
25,2,2,7837,16.8,1,3,2,1,3,4,57,0,1,41,128,4,6,1,4,0,0,0.666666667,0,2.0,7837.0,0.274177712,5.6,2.5,1.290994449,0,0.666666667,1.333333333,0,1,3.047619048,1,2,0,1,1.333333333,0,2,0,3,1,0,1,0,1,0,0,0,1,0,1,0,0,0,1,1
36,1,1,4489,12.4,1,1,3,2,1,2,39,1,1,20,56,4,4,3,6,0,0,0.5,0,1.0,4489.0,0.046210721,6.2,2.0,0.816496581,1,1.0,2.0,1,4,2.666666667,0,-2,0,0,3.0,0,2,1,2,0,0,1,0,0,0,0,1,1,0,0,1,0,0,1,1
31,0,0,4591,11.5,1,3,4,4,4,3,20,0,0,4,13,3,10,4,3,1,0,0.0,0,0.0,4591.0,0.138980263,11.5,3.75,0.5,0,0.3,3.0,1,1,2.6,0,-1,0,0,3.0,0,1,0,2,1,1,0,1,0,0,0,0,0,0,1,0,0,0,1,1
29,1,0,6268,15.6,2,3,2,3,3,3,14,1,0,8,14,3,15,3,6,1,0,0.0,1,0.5,3134.0,0.231669747,7.8,2.75,0.5,0,0.2,1.5,1,3,1.555555556,0,0,0,0,3.0,0,1,0,2,1,0,0,0,0,0,0,1,0,1,1,0,0,0,0,0
44,2,0,4975,21.4,2,4,4,3,4,2,44,0,1,1,5,4,5,5,4,0,0,0.0,1,1.0,2487.5,0.083025262,7.133333333,3.25,0.957427108,0,0.8,1.333333333,1,2,2.5,0,-1,1,0,1.333333333,0,1,0,1,1,0,1,0,0,0,0,1,0,1,0,1,0,0,0,1
28,9,6,7562,15.6,4,4,4,4,5,3,20,1,1,9,29,6,6,2,11,1,0,0.6,1,2.25,1890.5,0.633223684,1.56,4.0,0.816496581,0,1.0,0.6,1,4,2.9,0,2,1,1,1.1,1,1,0,1,0,0,1,1,0,0,0,0,1,0,1,0,0,0,0,0
37,1,0,5091,17.0,2,3,4,3,4,5,30,0,0,22,75,2,6,4,7,0,0,0.0,1,0.5,2545.5,0.156198003,8.5,4.0,0.816496581,0,0.333333333,1.0,0,0,3.260869565,1,-1,0,0,3.5,0,2,0,2,1,0,0,0,0,0,1,0,0,0,0,1,0,0,1,0
23,5,0,7783,12.1,2,2,3,3,3,2,79,0,1,3,13,5,3,3,6,0,0,0.0,1,2.5,3891.5,0.469038817,2.016666667,2.75,0.5,0,1.666666667,0.833333333,1,2,3.25,0,-1,0,0,1.0,0,1,0,2,1,1,0,0,0,0,0,1,0,0,0,0,0,0,1,1
18,0,0,4615,10.8,1,1,2,3,2,4,61,0,0,10,34,2,6,4,5,0,0,0.0,0,0.0,4615.0,0.09484193,10.8,2.75,0.957427108,0,0.333333333,2.0,1,1,3.090909091,0,-3,0,0,5.0,0,1,0,2,0,1,0,0,0,0,1,0,1,0,0,0,0,0,1,1
45,2,1,5055,12.8,1,3,1,4,3,2,27,0,0,16,53,4,2,3,7,0,0,0.333333333,1,2.0,5055.0,0.023564065,4.266666667,2.5,1.290994449,0,2.0,1.333333333,1,2,3.117647059,0,0,0,0,2.333333333,0,1,0,2,1,1,0,0,1,0,0,0,1,0,0,0,1,0,1,1
34,1,1,4878,10.3,1,1,3,1,4,5,50,0,0,21,80,5,7,4,3,0,0,0.5,0,1.0,4878.0,0.03330373,5.15,3.25,1.707825128,0,0.714285714,2.5,1,2,3.636363636,1,-3,0,0,1.5,0,2,0,2,0,0,0,0,0,0,0,0,1,0,1,0,0,0,1,1
32,7,5,9964,16.1,3,4,4,3,3,4,61,0,0,4,12,2,2,4,3,1,0,0.625,1,2.333333333,3321.333333,0.840682196,2.0125,3.5,0.577350269,0,1.0,0.25,0,1,2.4,0,0,1,0,0.375,0,1,0,3,0,0,1,0,0,0,1,0,1,0,1,0,0,0,0,0
51,2,1,3931,12.8,1,2,1,1,4,4,19,1,1,41,100,4,12,2,12,0,1,0.333333333,1,2.0,3931.0,0.034845133,4.266666667,2.5,1.732050808,0,0.333333333,1.333333333,0,2,2.380952381,1,0,0,0,4.0,1,3,0,1,1,0,1,0,0,1,0,0,0,0,0,0,1,0,1,1
23,3,3,8450,13.4,2,2,4,2,3,5,91,0,0,18,50,2,12,3,7,0,0,0.75,0,1.5,4225.0,0.638827434,3.35,3.5,1.290994449,0,0.166666667,0.5,1,1,2.631578947,0,-1,0,0,1.75,0,0,0,2,0,1,0,0,0,1,0,0,1,0,0,0,0,0,0,0
45,2,1,4657,13.1,1,3,4,2,3,3,29,1,0,16,78,4,2,2,8,0,0,0.333333333,1,2.0,4657.0,0.057301294,4.366666667,3.0,0.816496581,0,2.0,1.333333333,1,4,4.588235294,1,1,0,1,2.666666667,1,3,0,1,1,0,1,0,0,0,0,1,0,1,0,0,1,0,1,1
21,3,2,4467,11.6,1,2,4,3,1,4,10,0,0,16,45,5,10,3,4,0,0,0.5,1,3.0,4467.0,0.018206039,2.9,3.0,1.414213562,0,0.5,1.25,0,0,2.647058824,0,-1,0,0,1.0,0,1,0,1,0,0,1,0,0,0,0,0,1,0,0,0,0,0,1,1
31,1,1,5155,18.2,1,5,3,4,5,5,28,0,0,34,132,4,21,4,3,0,0,0.5,0,1.0,5155.0,0.028473245,9.1,4.25,0.957427108,0,0.19047619,2.0,0,0,3.771428571,1,1,1,1,1.5,0,2,0,2,1,1,0,0,1,0,0,0,0,1,1,0,0,0,0,0
27,9,0,12383,15.1,4,3,3,4,4,3,47,0,0,10,26,11,10,3,2,1,0,0.0,1,2.25,3095.75,0.800196367,1.51,3.5,0.577350269,0,1.1,1.1,1,2,2.363636364,0,0,0,0,0.2,0,0,0,1,1,1,0,0,1,0,0,0,1,0,1,0,0,0,0,0
46,5,3,10096,19.8,2,5,2,2,3,3,19,0,0,4,12,2,14,4,6,0,0,0.5,1,2.5,5048.0,0.574864998,3.3,2.5,0.577350269,0,0.142857143,0.333333333,1,1,2.4,0,1,1,1,1.0,0,0,0,3,1,1,0,0,1,0,0,0,1,0,0,0,1,0,1,1
31,13,3,18050,16.9,4,3,3,5,4,4,32,0,0,39,124,4,15,3,1,1,0,0.214285714,1,3.25,4512.5,0.991119005,1.207142857,4.0,0.816496581,0,0.266666667,0.285714286,2,2,3.1,1,0,0,0,0.071428571,0,1,0,4,1,1,0,0,0,0,0,0,0,0,1,0,0,0,0,0
33,2,0,4067,17.2,1,4,3,1,4,3,0,1,0,8,23,2,7,4,4,0,0,0.0,1,2.0,4067.0,0.025723968,5.733333333,2.75,1.258305739,0,0.285714286,0.666666667,1,3,2.555555556,0,0,1,0,1.333333333,0,1,0,2,1,1,0,0,0,0,0,1,1,0,1,0,0,0,1,1
33,3,2,10293,15.3,3,4,4,2,2,3,40,0,0,7,20,2,2,4,2,1,0,0.5,1,1.0,3431.0,0.784349969,3.825,2.75,0.957427108,0,1.0,0.5,1,2,2.5,0,0,1,0,0.5,0,0,0,2,0,0,1,0,0,0,0,1,1,0,1,0,0,0,0,0
19,1,1,8737,18.4,2,5,3,3,2,3,53,0,0,24,78,3,5,4,6,0,0,0.5,0,0.5,4368.5,0.5,9.2,2.75,0.5,0,0.6,1.5,1,2,3.12,1,1,1,1,3.0,0,1,0,2,0,0,1,0,0,0,0,0,0,0,0,0,0,0,0,0
47,2,0,11206,14.6,3,3,4,2,3,3,44,0,0,21,66,4,2,2,3,1,0,0.0,1,0.666666667,3735.333333,0.702258223,4.866666667,3.0,0.816496581,0,2.0,1.333333333,0,1,3.0,1,1,0,1,1.0,0,1,0,2,1,0,1,0,1,0,0,0,0,1,0,0,1,0,0,0
40,5,4,12947,14.4,3,4,3,4,2,4,2,1,0,6,17,4,14,4,8,1,0,0.666666667,1,1.666666667,4315.666667,0.886767318,2.4,3.25,0.957427108,0,0.285714286,0.666666667,2,4,2.428571429,0,0,1,0,1.333333333,1,2,0,3,1,0,1,0,0,0,0,0,1,0,0,1,0,0,0,0
21,3,2,8592,18.7,2,4,4,2,4,5,21,0,0,6,25,2,8,3,6,0,0,0.5,1,1.5,4296.0,0.38119784,4.675,3.75,1.258305739,0,0.25,0.5,1,1,3.571428571,0,1,1,1,1.5,0,1,0,2,0,0,1,0,1,0,0,0,0,1,0,0,0,0,1,1
25,3,0,8789,16.4,3,3,3,3,1,4,40,0,0,9,21,1,6,4,3,1,0,0.0,1,1.0,2929.666667,0.409425626,4.1,2.75,1.258305739,0,0.166666667,0.25,1,1,2.1,0,-1,0,0,0.75,0,1,0,2,1,1,0,0,1,0,0,0,1,0,1,0,0,0,0,1
37,7,4,9287,11.8,3,3,3,3,4,4,33,0,0,24,63,3,16,1,8,1,0,0.5,1,2.333333333,3095.666667,0.675138632,1.475,3.5,0.577350269,0,0.1875,0.375,0,0,2.52,1,2,0,1,1.0,1,3,0,2,1,0,1,0,0,0,0,1,1,0,0,1,0,0,0,0
32,6,3,7528,14.1,3,5,3,3,2,4,52,0,0,12,43,6,8,3,6,1,0,0.428571429,1,2.0,2509.333333,0.562396007,2.014285714,3.0,0.816496581,0,0.75,0.857142857,0,1,3.307692308,0,2,1,1,0.857142857,0,0,0,2,0,1,0,0,0,0,1,0,1,0,1,0,0,0,0,0
32,14,8,11610,15.9,3,4,3,3,5,4,35,0,0,6,23,4,9,5,8,1,0,0.533333333,1,4.666666667,3870.0,0.874922982,1.06,3.75,0.957427108,0,0.444444444,0.266666667,1,1,3.285714286,0,-1,1,0,0.533333333,1,1,0,2,0,0,1,0,0,0,0,1,1,0,1,0,0,0,0,0
41,3,3,5268,7.7,1,2,4,2,2,5,37,0,1,4,10,6,16,1,9,0,0,0.75,0,3.0,5268.0,0.062611012,1.925,3.25,1.5,0,0.375,1.5,1,1,2.0,0,1,0,1,2.25,1,2,0,2,1,1,0,0,0,0,0,0,1,0,0,1,0,0,1,1
39,8,3,10519,17.1,3,3,2,4,3,3,1,1,1,2,6,2,2,4,8,1,0,0.333333333,1,2.666666667,3506.333333,0.8034504,1.9,3.0,0.816496581,0,1.0,0.222222222,0,3,2.0,0,-1,0,0,0.888888889,1,1,0,3,0,1,0,0,0,0,0,1,1,0,0,1,0,0,0,0
23,5,0,7452,16.4,1,3,2,4,4,3,36,1,1,15,41,3,6,3,6,0,0,0.0,1,5.0,7452.0,0.418207024,2.733333333,3.25,0.957427108,0,0.5,0.5,1,3,2.5625,0,0,0,0,1.0,0,1,0,1,0,0,1,0,0,0,0,1,1,0,0,0,0,0,1,1
30,1,0,8301,14.0,2,4,3,2,2,3,52,1,0,2,5,5,13,4,4,0,0,0.0,1,0.5,4150.5,0.735197368,7.0,2.5,0.577350269,0,0.384615385,2.5,1,3,1.666666667,0,0,1,0,2.0,0,0,0,3,1,1,0,1,0,0,0,0,1,0,1,0,0,0,0,0
26,1,0,9557,17.4,2,4,3,2,4,3,67,0,0,5,14,1,4,4,8,0,0,0.0,1,0.5,4778.5,0.710104744,8.7,3.0,0.816496581,0,0.25,0.5,0,0,2.333333333,0,0,1,0,4.0,1,1,0,4,0,0,1,0,0,0,0,1,1,0,1,0,0,0,0,0
32,3,3,6402,13.4,2,4,3,3,2,4,0,0,1,7,22,10,12,4,4,0,0,0.75,0,1.5,3201.0,0.30420354,3.35,3.0,0.816496581,0,0.833333333,2.5,1,2,2.75,0,0,1,0,1.0,0,1,0,1,1,0,1,0,0,1,0,0,1,0,1,0,0,0,0,1
29,1,0,5991,14.4,1,4,5,2,4,1,47,0,1,13,46,5,12,4,5,0,0,0.0,1,1.0,5991.0,0.197473814,7.2,3.0,1.825741858,0,0.416666667,2.5,0,0,3.285714286,0,0,1,0,2.5,0,1,0,2,0,1,0,0,0,0,0,1,1,0,1,0,0,0,1,0
35,0,0,3783,9.7,1,2,4,4,2,3,37,1,0,13,51,3,9,2,3,1,0,0.0,0,0.0,3783.0,0.060855263,9.7,3.25,0.957427108,0,0.333333333,3.0,1,3,3.642857143,0,0,0,0,3.0,0,1,0,2,1,0,1,1,0,0,0,0,1,0,0,1,0,0,1,1
20,1,0,8413,13.9,2,4,3,1,4,3,51,0,0,6,19,1,10,4,5,0,0,0.0,1,0.5,4206.5,0.356897398,6.95,2.75,1.258305739,0,0.1,0.5,2,2,2.714285714,0,0,1,0,2.5,0,1,0,2,1,0,1,0,1,0,0,0,0,1,0,0,0,0,1,0
55,7,3,13063,17.9,4,4,2,2,2,4,63,0,1,19,39,7,6,4,6,1,1,0.375,1,1.75,3265.75,0.842415317,2.2375,2.5,1.0,0,1.166666667,0.875,1,2,1.95,0,0,1,0,0.75,0,0,0,2,0,0,1,0,1,0,0,0,1,0,0,0,0,1,0,0
25,0,0,6900,18.9,3,5,3,3,3,3,12,1,0,15,45,4,2,2,6,1,0,0.0,0,0.0,2300.0,0.457154742,18.9,3.0,0.0,0,2.0,4.0,1,4,2.8125,0,3,1,1,6.0,0,1,0,1,1,1,0,0,0,0,1,0,1,0,1,0,0,0,0,0
28,2,2,5005,13.6,1,3,2,2,3,3,14,0,0,11,31,4,9,5,6,0,0,0.666666667,0,2.0,5005.0,0.085181762,4.533333333,2.5,0.577350269,0,0.444444444,1.333333333,1,1,2.583333333,0,-2,0,0,2.0,0,1,0,1,0,0,1,0,0,0,0,1,1,0,1,0,0,0,1,0
43,4,4,8652,14.4,3,3,3,2,4,3,30,0,1,6,17,2,10,5,2,1,0,0.8,0,1.333333333,2884.0,0.595194085,2.88,3.0,0.816496581,0,0.2,0.4,0,0,2.428571429,0,-2,0,0,0.4,0,1,0,3,0,1,0,0,0,0,0,1,1,0,0,1,0,0,0,0
38,7,2,10306,6.4,2,4,4,3,3,3,1,0,0,10,33,4,9,3,7,0,0,0.25,1,3.5,5153.0,0.599901816,0.8,3.25,0.5,0,0.444444444,0.5,1,1,3.0,0,1,1,1,0.875,0,0,0,3,0,0,1,0,1,0,0,0,1,0,0,1,0,0,1,1
42,0,0,2835,19.0,1,3,4,4,4,5,41,0,0,18,53,4,4,4,3,0,0,0.0,0,0.0,2835.0,0.007279534,19.0,4.25,0.5,0,1.0,4.0,1,2,2.789473684,0,-1,0,0,3.0,0,1,0,2,1,0,1,0,0,0,1,0,1,0,0,1,0,0,0,0
40,6,6,9355,16.0,3,3,5,4,3,5,7,1,0,18,69,4,10,3,10,1,0,0.857142857,0,2.0,3118.333333,0.686383241,2.285714286,4.25,0.957427108,0,0.4,0.571428571,2,4,3.631578947,1,0,0,0,1.428571429,1,3,0,2,1,0,1,0,0,0,0,1,1,0,0,1,0,0,0,0
24,6,3,8285,14.5,2,4,4,2,4,2,74,1,1,17,57,1,4,1,10,0,0,0.428571429,1,3.0,4142.5,0.337874325,2.071428571,3.0,1.154700538,0,0.25,0.142857143,1,3,3.166666667,0,3,1,1,1.428571429,1,2,0,2,0,0,1,0,1,0,0,0,0,1,0,0,0,0,1,1
22,4,0,9065,20.4,2,3,4,4,3,4,17,0,0,13,37,4,2,2,4,1,0,0.0,1,2.0,4532.5,0.647720271,4.08,3.75,0.5,0,2.0,0.8,1,2,2.642857143,0,1,0,1,0.8,0,0,0,3,1,1,0,0,0,0,0,1,1,0,0,0,0,0,1,1
34,6,3,10513,13.4,2,3,3,2,4,3,24,0,0,7,21,6,2,4,6,1,0,0.428571429,1,3.0,5256.5,0.625675012,1.914285714,3.0,0.816496581,0,3.0,0.857142857,1,2,2.625,0,-1,0,0,0.857142857,0,0,0,2,0,0,0,0,1,0,0,0,1,0,1,0,0,0,1,1
53,4,2,10808,16.7,3,3,4,2,3,4,45,1,0,23,62,3,12,2,4,1,1,0.4,1,1.333333333,3602.666667,0.658075601,3.34,3.25,0.957427108,0,0.25,0.6,2,4,2.583333333,1,1,0,1,0.8,0,1,0,1,0,0,1,0,1,0,0,0,1,0,0,0,1,0,0,0
45,0,0,5783,12.6,1,4,3,5,4,3,31,1,0,17,59,7,9,3,6,1,0,0.0,0,0.0,5783.0,0.101687389,12.6,3.75,0.957427108,0,0.777777778,7.0,0,3,3.277777778,0,1,1,1,6.0,0,1,0,2,0,1,0,0,0,0,0,0,1,0,0,0,1,0,0,1
56,3,3,9145,11.3,3,2,3,4,5,3,32,0,1,4,11,5,2,3,9,1,1,0.75,0,1.0,3048.333333,0.722345133,2.825,3.75,0.957427108,0,2.5,1.25,0,1,2.2,0,-1,0,0,2.25,1,1,0,3,0,0,1,0,0,1,0,0,1,0,0,0,0,1,0,1
31,1,0,5532,15.5,1,3,4,2,1,5,41,1,0,18,70,6,9,3,2,0,0,0.0,1,1.0,5532.0,0.140634627,7.75,3.0,1.825741858,0,0.666666667,3.0,1,4,3.684210526,1,0,0,0,1.0,0,2,0,2,1,1,0,0,0,0,0,1,0,0,1,0,0,0,1,1
46,1,0,3731,13.7,1,3,2,5,3,2,35,0,1,7,23,4,9,3,7,0,0,0.0,1,1.0,3731.0,0.055921053,6.85,3.0,1.414213562,0,0.444444444,2.0,1,1,2.875,0,0,0,0,3.5,0,1,0,1,0,1,0,1,0,0,0,0,1,0,0,0,1,0,0,1
37,7,3,9690,12.8,2,4,5,3,4,3,61,0,0,23,76,2,11,4,5,0,0,0.375,1,3.5,4845.0,0.525036819,1.6,3.75,0.957427108,0,0.181818182,0.25,2,2,3.166666667,1,0,1,0,0.625,0,1,0,2,0,0,1,0,1,0,0,0,1,0,0,1,0,0,1,1
38,2,0,7531,16.1,2,2,1,2,2,3,47,1,0,4,16,3,11,1,4,0,0,0.0,1,1.0,3765.5,0.430683919,5.366666667,2.0,0.816496581,1,0.272727273,1.0,1,3,3.2,0,1,0,1,1.333333333,0,2,1,4,0,0,0,0,0,0,0,1,1,0,0,1,0,0,1,1
43,14,5,9590,9.9,4,2,3,3,4,3,21,1,1,23,51,3,11,3,7,1,0,0.333333333,1,3.5,2397.5,0.715033888,0.66,3.25,0.5,0,0.272727273,0.2,1,3,2.125,0,-1,0,0,0.466666667,0,1,0,1,1,0,0,0,0,0,0,1,1,0,0,1,0,0,1,0
18,0,0,5641,15.4,2,2,4,4,2,3,28,0,1,18,39,1,9,3,3,1,0,0.0,0,0.0,2820.5,0.194137168,15.4,3.25,0.957427108,0,0.111111111,1.0,2,2,2.052631579,0,-1,0,0,3.0,0,1,0,2,0,1,0,0,0,1,0,0,1,0,0,0,0,0,1,1
34,1,1,10559,14.0,2,3,3,3,2,2,14,0,1,11,40,6,11,3,7,0,0,0.5,0,0.5,5279.5,0.631566028,7.0,2.5,0.577350269,0,0.545454545,3.0,1,2,3.333333333,0,0,0,0,3.5,0,0,0,3,1,1,0,0,1,0,0,0,1,0,1,0,0,0,0,0
36,6,4,11579,14.3,3,4,2,4,5,4,21,1,0,11,32,5,15,4,7,1,0,0.571428571,1,2.0,3859.666667,0.737849779,2.042857143,3.75,1.258305739,0,0.333333333,0.714285714,1,3,2.666666667,0,0,1,0,1.0,0,0,0,2,1,0,1,0,1,0,0,0,0,1,0,1,0,0,0,0
28,0,0,10243,15.4,3,3,3,4,4,3,40,0,0,33,68,2,10,2,6,1,0,0.0,0,0.0,3414.333333,0.693161634,15.4,3.5,0.577350269,0,0.2,2.0,2,2,2.0,1,1,0,1,6.0,0,1,0,1,1,1,0,0,0,0,0,0,1,0,1,0,0,0,0,0
39,5,3,8820,17.3,2,4,2,3,3,3,26,1,0,4,11,3,3,4,8,0,0,0.5,1,2.5,4410.0,0.743760399,2.883333333,2.75,0.5,0,1.0,0.5,1,4,2.2,0,0,1,0,1.333333333,1,1,0,2,1,1,0,0,0,0,1,0,1,0,0,1,0,0,1,1
35,0,0,5836,14.7,2,4,3,3,1,3,59,0,0,5,11,4,4,3,5,0,0,0.0,0,0.0,2918.0,0.219579646,14.7,2.5,1.0,0,1.0,4.0,0,1,1.833333333,0,1,1,1,5.0,0,1,0,2,1,1,0,0,0,1,0,0,1,0,0,1,0,0,0,1
19,1,0,9601,13.8,3,3,3,5,2,2,31,0,1,8,26,5,14,3,5,1,0,0.0,1,0.333333333,3200.333333,0.513009327,6.9,3.0,1.414213562,0,0.357142857,2.5,1,1,2.888888889,0,0,0,0,2.5,0,0,0,2,1,0,1,0,1,0,0,0,0,0,0,0,0,0,0,0
56,2,1,8196,20.3,2,5,4,4,4,4,42,0,0,32,86,3,3,3,8,1,1,0.333333333,1,1.0,4098.0,0.327565047,6.766666667,4.0,0.0,0,1.0,1.0,0,1,2.606060606,1,2,1,1,2.666666667,1,3,0,2,0,1,0,0,1,0,0,0,1,0,0,0,0,1,1,1
47,19,16,14366,13.7,4,3,5,3,5,3,44,1,0,14,64,5,5,4,7,1,0,0.8,1,4.75,3591.5,0.901570938,0.685,4.0,1.154700538,0,1.0,0.25,1,4,4.266666667,1,-1,0,0,0.35,0,2,0,2,1,1,0,0,1,0,0,0,1,0,0,0,1,0,0,0
47,13,10,10868,17.2,3,3,3,3,5,2,38,0,1,5,16,2,5,2,5,1,0,0.714285714,1,4.333333333,3622.666667,0.664457536,1.228571429,3.25,1.258305739,0,0.4,0.142857143,0,0,2.666666667,0,1,0,1,0.357142857,0,1,0,2,0,0,1,0,1,0,0,0,1,0,0,0,1,0,0,0
45,14,11,13066,18.7,4,3,3,2,3,4,32,0,0,12,48,4,2,4,3,1,0,0.733333333,1,3.5,3266.5,0.892095915,1.246666667,3.0,0.816496581,0,2.0,0.266666667,1,2,3.692307692,0,-1,0,0,0.2,0,1,0,2,1,1,0,0,0,0,0,0,1,0,0,0,1,0,0,0
35,2,0,5075,19.0,2,2,4,2,3,3,20,0,0,6,24,5,6,3,6,0,0,0.0,1,1.0,2537.5,0.152454243,6.333333333,3.0,0.816496581,0,0.833333333,1.666666667,1,2,3.428571429,0,-1,0,0,2.0,0,1,0,1,1,0,1,0,0,0,1,0,1,0,0,1,0,0,1,1
48,0,0,8464,16.5,3,3,2,3,2,5,55,0,1,5,18,6,13,2,5,1,0,0.0,0,0.0,2821.333333,0.364506627,16.5,3.0,1.414213562,0,0.461538462,6.0,1,1,3.0,0,1,0,1,5.0,0,1,0,1,1,1,0,0,1,0,0,0,1,0,0,0,1,0,1,1
31,6,1,13391,16.9,4,5,2,1,3,1,57,0,1,26,101,6,9,4,3,1,0,0.142857143,1,1.5,3347.75,0.980263158,2.414285714,1.75,0.957427108,1,0.666666667,0.857142857,0,1,3.740740741,1,1,1,1,0.428571429,0,2,0,3,1,0,0,1,0,0,0,0,1,0,1,0,0,0,0,0
46,2,2,5843,17.4,1,3,4,4,4,4,20,0,0,38,100,4,2,3,3,0,0,0.666666667,0,2.0,5843.0,0.108792185,5.8,4.0,0.0,0,2.0,1.333333333,1,2,2.564102564,1,0,0,0,1.0,0,2,0,1,0,1,0,0,0,0,0,0,1,0,0,0,1,0,0,1
37,1,0,8420,15.8,1,4,3,3,3,5,30,1,0,3,15,4,10,4,11,0,0,0.0,1,1.0,8420.0,0.358001964,7.9,3.5,1.0,0,0.4,2.0,1,3,3.75,0,0,1,0,5.5,1,2,0,4,0,1,0,0,1,0,0,0,1,0,0,1,0,0,0,0
49,0,0,4287,12.3,1,3,1,2,2,4,52,0,1,19,60,4,5,4,8,0,0,0.0,0,0.0,4287.0,0.034195933,12.3,2.25,1.258305739,1,0.8,4.0,0,1,3.0,0,-1,0,0,8.0,1,3,0,1,1,0,1,0,0,0,0,1,1,0,0,0,1,0,1,0
29,4,0,7451,17.5,2,5,3,3,2,3,16,0,0,14,41,3,9,3,6,0,0,0.0,1,2.0,3725.5,0.484513274,3.5,2.75,0.5,0,0.333333333,0.6,0,0,2.733333333,0,2,1,1,1.2,0,1,0,2,1,0,1,0,0,1,0,0,0,0,1,0,0,0,1,1
32,5,1,12812,13.9,3,4,3,1,3,1,24,0,0,16,32,7,15,5,2,1,0,0.166666667,1,1.666666667,4270.666667,0.826460481,2.316666667,2.0,1.154700538,1,0.466666667,1.166666667,1,1,1.882352941,0,-1,1,0,0.333333333,0,1,0,3,0,1,0,0,1,0,0,0,1,0,1,0,0,0,0,0
42,9,7,10271,11.5,3,3,5,3,3,4,68,1,1,33,113,4,5,4,7,1,0,0.7,1,3.0,3423.666667,0.781885397,1.15,3.75,0.957427108,0,0.8,0.4,0,3,3.323529412,1,-1,0,0,0.7,0,2,0,2,1,1,0,0,0,0,0,1,1,0,0,1,0,0,0,0
37,1,0,7391,17.9,2,3,1,3,4,1,33,0,0,12,47,5,8,5,10,1,0,0.0,1,0.5,3695.5,0.474004425,8.95,2.25,1.5,1,0.625,2.5,2,3,3.615384615,0,-2,0,0,5.0,1,3,0,2,0,0,1,0,0,1,0,0,1,0,0,1,0,0,1,1
30,6,0,6058,18.0,3,3,5,1,3,1,63,1,0,30,89,1,10,2,8,1,0,0.0,1,2.0,2019.333333,0.318219634,2.571428571,2.5,1.914854216,0,0.1,0.142857143,1,3,2.870967742,1,1,0,1,1.142857143,1,3,0,1,0,0,0,0,0,0,1,0,1,0,1,0,0,0,1,0
30,5,2,8372,12.7,2,4,4,4,5,2,50,0,1,15,51,9,14,3,11,1,0,0.333333333,1,2.5,4186.0,0.3514973,2.116666667,3.75,1.258305739,0,0.642857143,1.5,1,2,3.1875,0,1,1,1,1.833333333,1,2,0,2,1,1,0,0,1,0,0,0,1,0,1,0,0,0,1,1
42,10,8,8932,18.0,3,3,3,2,2,3,61,0,1,5,18,4,7,2,10,1,0,0.727272727,1,3.333333333,2977.333333,0.694690265,1.636363636,2.5,0.577350269,0,0.571428571,0.363636364,0,1,3.0,0,1,0,1,0.909090909,1,2,0,2,0,0,1,0,0,1,0,0,0,0,0,1,0,0,0,0
36,3,3,8463,12.4,3,2,4,2,2,5,17,0,1,28,101,3,6,3,8,1,0,0.75,0,1.0,2821.0,0.700915141,3.1,3.25,1.5,0,0.5,0.75,0,0,3.482758621,1,-1,0,0,2.0,1,2,0,3,0,0,1,0,0,0,1,0,1,0,0,1,0,0,1,1
41,9,5,9379,15.0,4,3,2,3,5,1,16,1,1,10,17,2,8,2,4,1,0,0.5,1,2.25,2344.75,0.744192478,1.5,2.75,1.707825128,0,0.25,0.2,1,3,1.545454545,0,1,0,1,0.4,0,1,0,1,0,1,0,0,0,1,0,0,1,0,0,1,0,0,0,0
32,6,2,11458,9.9,3,4,4,3,2,3,23,0,1,21,66,5,3,3,5,1,0,0.285714286,1,2.0,3819.333333,0.79928952,1.414285714,3.0,0.816496581,0,1.666666667,0.714285714,2,3,3.0,1,1,1,1,0.714285714,0,1,0,2,0,1,0,0,0,0,0,0,1,0,1,0,0,0,0,0
28,3,0,5798,17.2,2,3,4,2,3,5,37,0,0,18,54,7,2,3,7,0,0,0.0,1,1.5,2899.0,0.275790349,4.3,3.5,1.290994449,0,3.5,1.75,1,2,2.842105263,0,0,0,0,1.75,0,1,0,2,1,0,1,0,0,0,1,0,1,0,1,0,0,0,0,1
25,7,3,17957,9.3,4,3,2,1,4,3,15,1,1,5,12,10,10,4,7,1,0,0.375,1,1.75,4489.25,0.977417771,1.1625,2.5,1.290994449,0,1.0,1.25,2,5,2.0,0,-1,0,0,0.875,0,0,0,4,0,1,0,0,1,0,0,0,1,0,1,0,0,0,0,0
33,1,0,10904,19.2,2,4,5,4,3,4,18,0,1,10,29,4,2,4,3,0,0,0.0,1,0.5,5452.0,0.66838488,9.6,4.0,0.816496581,0,2.0,2.0,1,2,2.636363636,0,0,1,0,1.5,0,0,0,3,1,1,0,0,1,0,0,0,1,0,1,0,0,0,0,0
41,2,1,8321,14.5,2,4,3,1,2,4,26,0,1,26,76,3,12,1,5,0,0,0.333333333,1,1.0,4160.5,0.343397153,4.833333333,2.5,1.290994449,0,0.25,1.0,1,1,2.814814815,1,3,1,1,1.666666667,0,2,0,2,0,0,1,0,1,0,0,0,0,1,0,1,0,0,0,0
28,10,8,11752,14.2,3,4,3,3,5,3,32,0,0,17,75,3,8,3,6,1,0,0.727272727,1,3.333333333,3917.333333,0.916482301,1.290909091,3.5,1.0,0,0.375,0.272727273,2,2,4.166666667,1,1,1,1,0.545454545,0,1,0,3,0,1,0,0,0,1,0,0,1,0,1,0,0,0,0,0
23,2,0,7141,16.1,2,4,3,4,3,5,28,0,0,14,36,2,4,4,3,0,0,0.0,1,1.0,3570.5,0.187530682,5.366666667,3.75,0.957427108,0,0.5,0.666666667,2,2,2.4,0,0,1,0,1.0,0,1,0,1,0,0,1,0,1,0,0,0,0,1,0,0,0,0,1,1
33,3,0,6146,18.3,1,3,2,4,3,2,29,1,0,21,42,4,12,3,7,0,0,0.0,1,3.0,6146.0,0.142984014,4.575,2.75,0.957427108,0,0.333333333,1.0,2,4,1.909090909,0,0,0,0,1.75,0,1,0,2,1,0,1,0,0,0,0,0,1,0,1,0,0,0,1,1
27,9,0,9939,14.5,4,3,1,5,2,5,25,0,1,6,21,6,3,3,5,1,0,0.0,1,2.25,2484.75,0.557928326,1.45,3.25,2.061552813,0,2.0,0.6,0,1,3.0,0,0,0,0,0.5,0,0,0,1,1,0,0,0,1,0,0,0,0,0,1,0,0,0,0,0
40,1,0,5465,17.1,2,3,4,3,2,4,27,1,0,14,35,3,7,4,11,0,0,0.0,1,0.5,2732.5,0.169800885,8.55,3.25,0.957427108,0,0.428571429,1.5,1,3,2.333333333,0,-1,0,0,5.5,1,2,0,1,1,0,1,0,0,1,0,0,1,0,0,1,0,0,0,1
35,15,10,10752,15.3,4,5,2,3,5,4,47,0,0,4,10,3,4,3,6,1,0,0.625,1,3.75,2688.0,0.863938053,0.95625,3.5,1.290994449,0,0.75,0.1875,0,1,2.0,0,2,1,1,0.375,0,1,0,1,0,1,0,0,0,1,0,0,1,0,0,1,0,0,0,0
24,6,0,6336,20.6,2,4,3,5,3,3,2,1,0,21,82,4,13,1,7,1,0,0.0,1,3.0,3168.0,0.357737105,2.942857143,3.5,1.0,0,0.307692308,0.571428571,1,3,3.727272727,1,3,1,1,1.0,0,2,0,2,0,1,0,0,0,0,1,0,1,0,0,0,0,0,1,1
32,1,1,6646,19.3,1,5,5,4,4,5,54,1,0,12,41,8,6,4,12,1,0,0.5,0,1.0,6646.0,0.335730088,9.65,4.5,0.577350269,0,1.333333333,4.0,1,4,3.153846154,0,1,1,1,6.0,1,2,0,3,1,0,1,0,0,1,0,0,1,0,1,0,0,0,1,0
41,4,1,12401,10.3,4,3,4,5,3,3,39,0,0,6,17,4,10,1,8,1,0,0.2,1,1.0,3100.25,0.943584071,2.06,3.75,0.957427108,0,0.4,0.8,1,1,2.428571429,0,2,0,1,1.6,1,1,0,3,0,0,0,0,0,1,0,0,1,0,0,1,0,0,0,0
32,4,3,7273,12.6,2,4,4,3,4,4,77,0,1,11,30,4,9,4,5,0,0,0.6,1,2.0,3636.5,0.386629698,2.52,3.75,0.5,0,0.444444444,0.8,0,0,2.5,0,0,1,0,1.0,0,1,0,2,0,0,0,0,0,0,0,1,1,0,1,0,0,0,1,1
42,7,2,9190,16.1,2,4,4,4,3,4,26,0,0,58,123,5,13,4,2,1,0,0.25,1,3.5,4595.0,0.463181149,2.0125,3.75,0.5,0,0.384615385,0.625,0,0,2.084745763,1,0,1,0,0.25,0,2,0,2,1,1,0,0,1,0,0,0,0,1,0,1,0,0,1,1
35,5,0,8825,15.6,2,4,3,2,3,3,37,1,1,8,24,5,8,4,4,0,0,0.0,1,2.5,4412.5,0.4134757,2.6,2.75,0.5,0,0.625,0.833333333,0,3,2.666666667,0,0,1,0,0.666666667,0,1,0,2,0,0,1,0,1,0,0,0,0,0,0,1,0,0,1,1
18,0,0,8594,18.2,3,5,4,1,2,5,15,0,1,26,119,7,13,2,5,1,0,0.0,0,0.0,2864.666667,0.477353464,18.2,3.0,1.825741858,0,0.538461538,7.0,1,2,4.407407407,1,3,1,1,5.0,0,2,0,1,1,1,0,0,0,0,0,0,0,0,0,0,0,0,0,0
37,7,4,7112,11.6,3,2,3,2,5,5,40,0,1,5,20,6,10,3,5,1,0,0.5,1,2.333333333,2370.666667,0.493760399,1.45,3.75,1.5,0,0.6,0.75,1,2,3.333333333,0,-1,0,0,0.625,0,2,0,2,1,1,0,0,0,0,1,0,1,0,0,1,0,0,1,1
54,8,3,10783,17.6,3,4,1,4,3,5,47,1,0,13,33,2,7,2,7,1,1,0.333333333,1,2.666666667,3594.333333,0.743783304,1.955555556,3.25,1.707825128,0,0.285714286,0.222222222,1,3,2.357142857,0,2,1,1,0.777777778,0,0,0,2,1,1,0,0,0,0,0,0,1,0,0,0,1,0,0,0
43,5,3,12646,14.9,2,4,5,4,4,2,12,0,0,4,12,10,6,3,6,0,0,0.5,1,2.5,6323.0,0.817133039,2.483333333,3.75,1.258305739,0,1.666666667,1.666666667,2,3,2.4,0,1,1,1,1.0,0,0,0,4,1,0,0,0,1,0,0,0,0,1,0,1,0,0,1,1
34,3,1,8202,10.7,2,2,5,5,3,3,64,0,0,7,23,1,5,1,4,1,0,0.25,1,1.5,4101.0,0.602323009,2.675,4.0,1.154700538,0,0.2,0.25,0,0,2.875,0,1,0,1,1.0,0,0,0,3,1,1,0,0,0,1,0,0,1,0,1,0,0,0,0,0
41,0,0,8846,15.8,1,5,4,3,3,4,37,1,0,27,78,3,2,4,6,0,0,0.0,0,0.0,8846.0,0.514653641,15.8,3.5,0.577350269,0,1.5,3.0,0,3,2.785714286,1,1,1,1,6.0,0,1,0,4,1,0,1,0,0,0,0,0,1,0,0,1,0,0,0,0
31,4,4,5265,17.8,1,3,2,5,2,3,33,1,1,18,67,9,6,2,4,0,0,0.8,0,4.0,5265.0,0.183028286,3.56,3.0,1.414213562,0,1.5,1.8,1,4,3.526315789,1,1,0,1,0.8,0,3,0,2,1,0,1,0,0,0,1,0,1,0,1,0,0,0,1,1
47,7,6,11237,19.0,4,4,3,3,3,1,5,0,1,21,79,2,2,4,10,1,0,0.75,1,1.75,2809.25,0.706308297,2.375,2.5,1.0,0,1.0,0.25,1,2,3.590909091,1,0,1,0,1.25,1,3,0,1,1,1,0,0,1,0,0,0,1,0,0,0,1,0,0,0
38,8,1,11224,12.0,3,4,1,1,3,3,44,1,0,25,90,7,4,3,8,1,0,0.111111111,1,2.666666667,3741.333333,0.892146018,1.333333333,2.0,1.154700538,1,1.75,0.777777778,2,5,3.461538462,1,1,1,1,0.888888889,1,3,1,3,0,0,0,0,0,1,0,0,0,1,0,1,0,0,0,0
41,6,5,9069,9.9,2,3,2,2,3,3,16,0,1,38,81,6,8,3,5,0,0,0.714285714,1,3.0,4534.5,0.448699067,1.414285714,2.5,0.577350269,0,0.75,0.857142857,1,2,2.076923077,1,0,0,0,0.714285714,0,3,0,2,0,1,0,0,1,0,0,0,0,1,0,1,0,0,1,1
40,1,0,6109,15.0,1,3,2,2,2,3,40,0,0,4,12,2,7,4,4,0,0,0.0,1,1.0,6109.0,0.211799137,7.5,2.25,0.5,1,0.285714286,1.0,0,0,2.4,0,-1,0,0,2.0,0,2,0,2,0,0,1,0,0,0,0,1,1,0,0,1,0,0,1,1
56,6,5,7835,13.3,2,3,4,3,2,4,9,0,0,2,5,4,7,3,5,1,1,0.714285714,1,3.0,3917.5,0.476586568,1.9,3.25,0.957427108,0,0.571428571,0.571428571,1,2,1.666666667,0,0,0,0,0.714285714,0,2,0,2,1,1,0,0,0,0,0,1,1,0,0,0,0,1,1,1
37,4,0,6274,20.2,2,4,1,3,4,3,34,0,0,33,93,2,12,3,3,1,0,0.0,1,2.0,3137.0,0.346505824,4.04,2.75,1.258305739,0,0.166666667,0.4,1,1,2.735294118,1,1,1,1,0.6,0,2,0,2,1,0,1,0,0,0,1,0,0,1,0,1,0,0,1,1
32,4,0,7807,13.4,2,3,3,5,3,3,40,0,0,17,48,4,7,3,1,1,0,0.0,1,2.0,3903.5,0.362344583,2.68,3.5,1.0,0,0.571428571,0.8,1,2,2.666666667,0,0,0,0,0.2,0,1,0,2,1,0,0,0,0,0,0,0,1,0,1,0,0,0,1,1
38,1,0,6762,10.9,1,2,4,3,2,3,53,0,1,10,37,5,5,1,3,0,0,0.0,1,1.0,6762.0,0.214476021,5.45,3.0,0.816496581,0,1.0,2.5,0,1,3.363636364,0,1,0,1,1.5,0,1,0,1,1,0,1,0,0,0,0,0,1,0,0,1,0,0,1,1
33,3,2,7442,16.4,2,3,4,3,5,2,48,1,0,9,36,5,10,2,2,1,0,0.5,1,1.5,3721.0,0.549916805,4.1,3.5,1.290994449,0,0.5,1.25,1,3,3.6,0,1,0,1,0.5,0,0,0,2,1,0,0,0,0,0,1,0,1,0,1,0,0,0,0,0
37,7,4,10883,16.3,3,4,3,5,2,3,62,1,0,16,52,2,12,3,7,1,0,0.5,1,2.333333333,3627.666667,0.754884547,2.0375,3.25,1.258305739,0,0.166666667,0.25,1,3,3.058823529,0,1,1,1,0.875,0,0,0,1,1,1,0,0,0,0,0,0,0,0,0,1,0,0,0,0
37,1,0,6767,14.4,1,3,2,1,1,4,39,0,1,32,86,2,11,1,8,0,0,0.0,1,1.0,6767.0,0.215364121,7.2,2.0,1.414213562,1,0.181818182,1.0,2,2,2.606060606,1,2,0,1,4.0,1,4,0,1,0,1,0,0,0,0,0,0,1,0,0,1,0,0,0,1
24,4,3,8001,15.8,2,3,4,1,1,3,17,1,0,10,30,1,6,3,4,1,0,0.6,1,2.0,4000.5,0.296514482,3.16,2.25,1.5,1,0.166666667,0.2,0,2,2.727272727,0,0,0,0,0.8,0,2,1,2,1,0,1,0,1,0,0,0,1,0,0,0,0,0,1,1
31,7,3,9391,19.2,4,5,4,4,3,3,50,1,1,7,24,3,5,4,6,1,0,0.375,1,1.75,2347.75,0.834703947,2.4,3.5,0.577350269,0,0.6,0.375,1,4,3.0,0,1,1,1,0.75,0,0,0,1,1,0,1,1,0,0,0,0,0,0,1,0,0,0,0,0
53,9,8,7476,14.4,3,4,2,3,3,3,60,0,1,34,129,4,16,3,4,1,1,0.8,1,3.0,2492.0,0.421133703,1.44,2.75,0.5,0,0.25,0.4,0,0,3.685714286,1,1,1,1,0.4,0,3,0,1,1,0,1,0,0,0,0,1,1,0,0,0,1,0,0,1
21,3,1,10627,13.2,3,5,3,1,2,3,46,0,1,5,15,3,6,3,1,1,0,0.25,1,1.0,3542.333333,0.885191348,3.3,2.25,0.957427108,1,0.5,0.75,0,0,2.5,0,2,1,1,0.25,0,1,0,3,0,0,1,0,0,0,1,0,0,1,0,0,0,0,0,0
45,1,0,7117,16.7,2,3,1,2,3,4,19,1,1,20,76,1,4,4,14,0,0,0.0,1,0.5,3558.5,0.494384359,8.35,2.5,1.290994449,0,0.25,0.5,1,3,3.619047619,1,-1,0,0,7.0,1,3,0,3,1,0,1,0,0,0,1,0,1,0,0,0,1,0,1,1
37,7,6,11781,9.9,4,3,2,4,3,3,51,0,0,5,19,6,10,3,5,1,0,0.75,1,1.75,2945.25,0.917035398,1.2375,3.0,0.816496581,0,0.6,0.75,1,2,3.166666667,0,0,0,0,0.625,0,1,0,3,1,0,1,0,0,1,0,0,1,0,0,1,0,0,0,0
43,1,1,8823,11.3,3,4,3,2,3,1,8,0,1,7,17,3,7,2,3,1,0,0.5,0,0.333333333,2941.0,0.617991374,5.65,2.25,0.957427108,1,0.428571429,1.5,0,0,2.125,0,2,1,1,1.5,0,1,0,2,1,1,0,0,0,0,0,1,0,1,0,1,0,0,0,0
34,3,3,7506,19.3,2,4,1,2,4,4,43,1,0,8,28,7,4,5,12,1,0,0.75,0,1.5,3753.0,0.425138632,4.825,2.75,1.5,0,1.75,1.75,0,3,3.111111111,0,-1,1,0,3.0,1,2,0,2,1,0,1,0,0,0,0,1,1,0,1,0,0,0,1,0
47,14,0,16181,15.6,5,3,3,4,4,5,18,1,0,31,77,3,4,2,9,1,0,0.0,1,2.8,3236.2,0.985828712,1.04,4.0,0.816496581,0,0.75,0.2,0,3,2.40625,1,1,0,1,0.6,1,2,0,3,1,0,1,0,0,0,0,1,1,0,0,0,1,0,0,0
23,5,4,6613,15.3,2,5,4,3,4,5,42,0,0,7,25,3,6,3,8,1,0,0.666666667,1,2.5,3306.5,0.283117683,2.55,4.0,0.816496581,0,0.5,0.5,1,1,3.125,0,2,1,1,1.333333333,1,3,0,1,0,1,0,0,0,0,0,1,0,1,0,0,0,0,1,1
18,0,0,5770,14.3,1,4,2,1,4,3,52,1,1,17,45,4,6,3,6,0,0,0.0,0,0.0,5770.0,0.060382916,14.3,2.5,1.290994449,0,0.666666667,4.0,1,4,2.5,0,1,1,1,6.0,0,1,0,2,1,0,0,0,1,0,0,0,1,0,0,0,0,0,1,1
33,13,10,13667,19.5,4,3,4,2,2,3,20,0,1,14,43,3,9,4,7,1,0,0.714285714,1,3.25,3416.75,0.947935921,1.392857143,2.75,0.957427108,0,0.333333333,0.214285714,1,1,2.866666667,0,-1,0,0,0.5,0,1,0,3,1,1,0,0,0,0,0,1,1,0,1,0,0,0,0,0
34,15,15,11369,16.2,3,4,3,3,3,5,45,0,1,18,46,2,5,3,5,1,0,0.9375,0,5.0,3789.666667,0.719440353,1.0125,3.5,1.0,0,0.4,0.125,1,1,2.421052632,0,1,1,1,0.3125,0,1,0,2,0,0,0,0,1,0,0,0,1,0,1,0,0,0,0,0
45,5,3,8916,10.0,2,2,2,4,3,1,35,0,0,37,137,2,5,3,9,1,0,0.5,1,2.5,4458.0,0.692477876,1.666666667,2.5,1.290994449,0,0.4,0.333333333,1,1,3.605263158,1,-1,0,0,1.5,1,2,0,4,0,0,1,0,0,1,0,0,1,0,0,0,1,0,1,1
47,2,1,5199,15.2,1,4,3,4,4,3,22,0,0,33,106,4,2,4,5,1,0,0.333333333,1,2.0,5199.0,0.104744301,5.066666667,3.5,0.577350269,0,2.0,1.333333333,0,1,3.117647059,1,0,1,0,1.666666667,0,2,0,2,1,0,1,0,0,0,0,1,1,0,0,0,1,0,0,0
53,2,1,8421,20.4,2,5,1,3,3,5,46,1,1,18,51,7,12,3,7,0,1,0.333333333,1,1.0,4210.5,0.567159581,6.8,3.0,1.632993162,0,0.583333333,2.333333333,1,4,2.684210526,0,2,1,1,2.333333333,0,0,0,3,1,1,0,0,0,0,0,1,0,0,0,0,1,0,0,0
32,11,8,10779,9.3,3,2,1,2,3,2,50,0,1,18,72,5,2,5,6,1,0,0.666666667,1,3.666666667,3593.0,0.655130093,0.775,2.0,0.816496581,1,2.5,0.416666667,0,1,3.789473684,1,-3,0,0,0.5,0,3,0,2,1,1,0,0,1,0,0,0,1,0,1,0,0,0,1,0
44,4,0,5130,20.7,1,4,3,4,4,4,38,1,1,22,63,6,6,4,6,1,0,0.0,1,4.0,5130.0,0.208059211,4.14,3.75,0.5,0,1.0,1.2,0,3,2.739130435,1,0,1,0,1.2,0,2,0,2,1,0,1,1,0,0,0,0,1,0,0,1,0,0,1,1
44,5,5,9465,17.9,2,4,4,3,4,4,38,0,1,5,13,4,5,3,5,0,0,0.833333333,0,2.5,4732.5,0.597912966,2.983333333,3.75,0.5,0,0.8,0.666666667,1,2,2.166666667,0,1,1,1,0.833333333,0,1,0,2,1,0,0,0,0,0,0,0,1,0,0,1,0,0,1,1
32,14,3,15049,17.4,3,3,3,5,4,3,56,0,0,8,20,4,5,4,5,1,0,0.2,1,4.666666667,5016.333333,0.952930728,1.16,3.75,0.957427108,0,0.8,0.266666667,1,2,2.222222222,0,-1,0,0,0.333333333,0,0,0,4,1,1,0,0,0,0,0,0,1,0,1,0,0,0,0,0
31,0,0,9481,11.1,2,3,2,4,2,4,45,0,1,17,69,5,11,2,3,0,0,0.0,0,0.0,4740.5,0.495949926,11.1,3.0,1.154700538,0,0.454545455,5.0,0,0,3.833333333,1,1,0,1,3.0,0,2,0,2,0,1,0,0,1,0,0,0,1,0,1,0,0,0,0,1
57,23,6,14560,10.2,5,3,2,3,3,1,50,1,0,17,54,6,15,3,6,1,1,0.25,1,4.6,2912.0,0.941829485,0.425,2.25,0.957427108,1,0.4,0.25,1,3,3.0,0,0,0,0,0.25,0,2,1,2,1,1,0,0,0,0,0,0,0,0,0,0,0,1,0,0
29,0,0,9517,12.8,2,3,2,5,3,3,58,0,0,16,32,5,5,1,4,0,0,0.0,0,0.0,4758.5,0.500490918,12.8,3.25,1.258305739,0,1.0,5.0,2,3,1.882352941,0,2,0,1,4.0,0,0,0,2,1,1,0,0,1,0,0,0,1,0,1,0,0,0,0,0
20,2,0,6096,13.4,2,3,3,5,3,3,54,0,0,6,18,4,3,3,6,0,0,0.0,1,1.0,3048.0,0.249446903,4.466666667,3.5,1.0,0,1.333333333,1.333333333,2,3,2.571428571,0,0,0,0,2.0,0,1,0,1,1,1,0,0,0,1,0,0,1,0,0,0,0,0,0,1
41,10,5,11425,13.9,4,5,3,2,3,2,33,1,1,29,148,5,4,3,11,1,0,0.454545455,1,2.5,2856.25,0.723981345,1.263636364,2.5,0.577350269,0,1.25,0.454545455,0,3,4.933333333,1,2,1,1,1.0,1,3,0,1,1,1,0,0,1,0,0,0,1,0,0,1,0,0,0,0
30,2,0,7211,15.8,3,3,3,3,2,1,26,1,1,7,17,2,8,3,14,1,0,0.0,1,0.666666667,2403.666667,0.373998768,5.266666667,2.25,0.957427108,1,0.25,0.666666667,0,2,2.125,0,0,0,0,4.666666667,1,3,1,1,0,0,1,0,0,0,0,1,1,0,1,0,0,0,0,1
42,7,5,5954,10.9,3,2,4,3,3,3,29,0,0,11,53,7,9,4,6,1,0,0.625,1,2.333333333,1984.666667,0.358552632,1.3625,3.25,0.5,0,0.777777778,0.875,1,2,4.416666667,0,-2,0,0,0.75,0,2,0,2,1,1,0,1,0,0,0,0,1,0,0,1,0,0,1,1
40,16,7,17756,14.3,5,2,3,5,3,2,37,0,0,3,8,4,7,1,3,1,0,0.411764706,1,3.2,3551.2,0.988898757,0.841176471,3.25,1.258305739,0,0.571428571,0.235294118,0,1,2.0,0,1,0,1,0.176470588,0,1,0,3,0,0,1,0,0,0,0,0,1,0,0,1,0,0,0,0
24,5,4,11349,16.5,4,4,5,4,3,2,61,1,0,17,45,2,8,3,4,1,0,0.666666667,1,1.25,2837.25,0.717108493,2.75,3.5,1.290994449,0,0.25,0.333333333,0,2,2.5,0,1,1,1,0.666666667,0,0,0,1,0,0,1,0,1,0,0,0,1,0,0,0,0,0,0,0
23,5,5,9216,15.9,3,5,4,2,1,3,26,0,1,9,31,4,13,2,4,1,0,0.833333333,0,1.666666667,3072.0,0.564165187,2.65,2.5,1.290994449,0,0.307692308,0.666666667,0,0,3.1,0,3,1,1,0.666666667,0,1,0,1,0,1,0,0,0,0,0,0,1,0,0,0,0,0,0,0
37,1,0,7043,16.6,2,3,3,3,5,3,2,0,0,9,39,5,7,3,5,1,0,0.0,1,0.5,3521.5,0.410951327,8.3,3.5,1.0,0,0.714285714,2.5,1,2,3.9,0,0,0,0,2.5,0,1,0,3,0,1,0,0,0,1,0,0,0,1,0,1,0,0,0,1
42,1,0,9745,15.8,2,5,3,3,4,3,0,1,0,1,5,6,6,3,3,0,0,0.0,1,0.5,4872.5,0.63410302,7.9,3.25,0.5,0,1.0,3.0,2,5,2.5,0,2,1,1,1.5,0,0,0,3,0,1,0,0,0,0,0,0,1,0,0,1,0,0,0,0
45,0,0,10943,16.7,2,4,3,1,4,2,50,0,1,11,33,2,15,4,8,0,0,0.0,0,0.0,5471.5,0.836414048,16.7,2.5,1.290994449,0,0.133333333,2.0,1,1,2.75,0,0,1,0,8.0,1,1,0,3,1,1,0,0,0,0,0,1,0,0,0,0,1,0,0,0
24,1,0,4625,17.2,1,4,2,3,3,4,68,0,1,8,22,2,6,5,4,0,0,0.0,1,1.0,4625.0,0.055760937,8.6,3.0,0.816496581,0,0.333333333,1.0,1,1,2.444444444,0,-1,1,0,2.0,0,1,0,2,0,0,0,0,0,0,0,1,1,0,0,0,0,0,0,1
31,1,0,11515,16.1,2,4,3,3,3,4,26,0,0,9,32,1,8,3,6,1,0,0.0,1,0.5,5757.5,0.73257241,8.05,3.25,0.5,0,0.125,0.5,0,0,3.2,0,1,1,1,3.0,0,0,0,3,1,1,0,0,1,0,0,0,1,0,1,0,0,0,0,0
30,1,0,10136,17.1,2,4,5,3,2,4,37,1,1,2,7,5,5,3,10,0,0,0.0,1,0.5,5068.0,0.580142366,8.55,3.5,1.290994449,0,1.0,2.5,1,4,2.333333333,0,1,1,1,5.0,1,1,0,3,1,0,1,0,1,0,0,0,1,0,1,0,0,0,0,0
35,1,1,6706,14.2,2,4,4,4,5,4,24,0,1,29,108,6,8,4,4,1,0,0.5,0,0.5,3353.0,0.419301165,7.1,4.25,0.5,0,0.75,3.0,0,1,3.6,1,0,1,0,2.0,0,2,0,2,0,0,1,0,0,0,1,0,0,1,0,1,0,0,1,0
27,9,5,10188,21.9,3,3,3,2,3,2,43,0,1,5,12,8,10,3,6,1,0,0.5,1,3.0,3396.0,0.586401571,2.19,2.5,0.577350269,0,0.8,0.8,2,3,2.0,0,0,0,0,0.6,0,1,0,2,1,1,0,0,1,0,0,0,1,0,1,0,0,0,0,0
36,5,4,11389,13.5,4,4,4,2,3,3,42,1,0,27,94,5,17,4,8,1,0,0.666666667,1,1.25,2847.25,0.865680838,2.25,3.0,0.816496581,0,0.294117647,0.833333333,0,2,3.357142857,1,0,1,0,1.333333333,1,2,0,2,1,0,0,0,0,0,0,1,1,0,0,1,0,0,0,0
47,6,0,9548,13.0,3,3,3,4,3,4,11,0,1,7,23,6,12,2,3,1,0,0.0,1,2.0,3182.666667,0.708872458,1.857142857,3.5,0.577350269,0,0.5,0.857142857,2,2,2.875,0,1,0,1,0.428571429,0,0,0,2,1,0,1,0,0,0,0,1,1,0,0,0,1,0,0,0
54,9,5,16912,14.1,4,3,4,4,4,4,36,0,0,16,45,5,13,2,2,1,1,0.5,1,2.25,4228.0,0.964899362,1.41,4.0,0.0,0,0.384615385,0.5,1,1,2.647058824,0,1,0,1,0.2,0,1,0,4,1,0,1,0,1,0,0,0,1,0,0,0,1,0,0,0
37,13,6,19209,10.2,4,3,4,3,4,3,46,0,0,13,48,2,12,2,6,1,0,0.428571429,1,3.25,4802.25,0.990918017,0.728571429,3.5,0.577350269,0,0.166666667,0.142857143,1,1,3.428571429,0,1,0,1,0.428571429,0,1,0,4,1,1,0,0,1,0,0,0,1,0,0,1,0,0,0,0
37,5,3,10030,17.7,3,2,3,3,3,4,62,1,0,25,77,4,12,4,8,1,0,0.5,1,1.666666667,3343.333333,0.566642121,2.95,3.25,0.5,0,0.333333333,0.666666667,0,2,2.961538462,1,-2,0,0,1.333333333,1,2,0,1,1,1,0,0,1,0,0,0,1,0,0,1,0,0,1,0
26,2,0,10288,14.2,3,4,4,2,2,5,41,0,0,2,6,5,2,3,8,1,0,0.0,1,0.666666667,3429.333333,0.597201767,4.733333333,3.25,1.5,0,2.5,1.666666667,1,2,2.0,0,1,1,1,2.666666667,1,1,0,2,1,0,1,0,1,0,0,0,1,0,1,0,0,0,0,0
24,4,4,14031,15.7,4,3,2,3,3,4,53,1,0,11,39,3,13,3,4,1,0,0.8,0,1.0,3507.75,0.887579774,3.14,3.0,0.816496581,0,0.230769231,0.6,0,2,3.25,0,0,0,0,0.8,0,1,0,3,1,0,0,0,1,0,0,0,1,0,0,0,0,0,0,0
26,2,0,8367,13.7,2,3,2,5,4,3,76,0,1,17,47,4,2,3,5,1,0,0.0,1,1.0,4183.5,0.558687616,4.566666667,3.5,1.290994449,0,2.0,1.333333333,1,2,2.611111111,0,0,0,0,1.666666667,0,0,0,3,1,1,0,0,0,0,0,1,1,0,1,0,0,0,0,0
36,6,1,6502,18.6,2,4,2,4,3,2,38,1,0,13,45,5,6,2,8,1,0,0.142857143,1,3.0,3251.0,0.26771411,2.657142857,2.75,0.957427108,0,0.833333333,0.714285714,0,3,3.214285714,0,2,1,1,1.142857143,1,2,0,2,0,1,0,0,0,0,0,1,1,0,0,1,0,0,1,1
34,1,1,4012,11.3,1,2,4,2,3,4,40,0,0,14,41,2,6,2,3,1,0,0.5,0,1.0,4012.0,0.023413432,5.65,3.25,0.957427108,0,0.333333333,1.0,1,1,2.733333333,0,0,0,0,1.5,0,1,0,2,1,0,1,0,0,0,0,1,1,0,1,0,0,0,1,1
44,1,1,5584,13.6,2,2,3,3,3,3,42,0,0,14,49,5,12,2,3,0,0,0.5,0,0.5,2792.0,0.236272879,6.8,3.0,0.0,0,0.416666667,2.5,1,1,3.266666667,0,0,0,0,1.5,0,1,0,2,1,1,0,0,0,0,1,0,1,0,0,1,0,0,1,1
35,6,3,7178,16.1,2,3,3,2,2,5,5,1,1,1,5,5,8,3,8,0,0,0.428571429,1,3.0,3589.0,0.368761553,2.3,3.0,1.414213562,0,0.625,0.714285714,1,4,2.5,0,0,0,0,1.142857143,1,2,0,2,1,0,0,0,0,0,0,1,1,0,0,1,0,0,1,1
24,6,0,7888,11.3,3,3,3,4,1,4,50,0,1,16,55,9,7,1,11,1,0,0.0,1,2.0,2629.333333,0.618760399,1.614285714,3.0,1.414213562,0,1.285714286,1.285714286,1,2,3.235294118,0,2,0,1,1.571428571,1,1,0,2,1,0,1,0,0,0,1,0,0,0,0,0,0,0,0,0
30,1,0,3802,11.4,2,3,5,2,1,2,20,1,0,17,55,6,9,2,8,0,0,0.0,1,0.5,1901.0,0.063322368,5.7,2.5,1.732050808,0,0.666666667,3.0,1,4,3.055555556,0,1,0,1,4.0,1,2,0,1,0,1,0,1,0,0,0,0,0,1,1,0,0,0,1,1
36,4,3,5962,15.7,2,4,3,3,4,1,8,1,1,45,143,5,7,4,8,0,0,0.6,1,2.0,2981.0,0.363898026,3.14,2.75,1.258305739,0,0.714285714,1.0,2,5,3.108695652,1,0,1,0,1.6,1,3,0,2,1,0,1,1,0,0,0,0,0,0,0,1,0,0,1,1
45,12,12,7681,16.2,3,3,4,4,2,5,22,1,0,5,17,2,7,3,9,1,0,0.923076923,0,4.0,2560.333333,0.649259868,1.246153846,3.75,1.258305739,0,0.285714286,0.153846154,1,3,2.833333333,0,0,0,0,0.692307692,1,2,0,1,0,0,0,1,0,0,0,0,0,1,0,0,1,0,0,0
35,5,3,4879,17.4,2,3,3,2,2,2,41,0,1,7,24,7,13,3,1,0,0,0.5,1,2.5,2439.5,0.103429204,2.9,2.25,0.5,1,0.538461538,1.166666667,1,2,3.0,0,0,0,0,0.166666667,0,2,0,1,1,0,1,0,0,1,0,0,0,0,0,1,0,0,1,1
41,1,1,7740,14.8,1,3,4,2,3,4,25,0,0,8,21,1,5,3,2,0,0,0.5,0,1.0,7740.0,0.353241563,7.4,3.25,0.957427108,0,0.2,0.5,1,1,2.333333333,0,0,0,0,1.0,0,1,0,3,0,0,0,0,0,0,0,0,1,0,0,1,0,0,1,0
38,1,0,7641,15.2,1,4,2,3,3,5,14,1,1,6,20,6,6,2,8,0,0,0.0,1,1.0,7641.0,0.336145648,7.6,3.25,1.258305739,0,1.0,3.0,2,5,2.857142857,0,2,1,1,4.0,1,2,0,4,0,1,0,0,0,0,0,0,0,0,0,1,0,0,1,1
44,5,2,8270,10.0,2,2,4,2,3,3,40,0,1,26,87,6,13,3,5,0,0,0.333333333,1,2.5,4135.0,0.336401571,1.666666667,3.0,0.816496581,0,0.461538462,1.0,1,1,3.222222222,1,-1,0,0,0.833333333,0,2,0,2,0,0,0,0,1,0,0,0,1,0,0,1,0,0,1,1
43,1,0,6667,15.8,1,4,3,4,5,1,34,1,0,8,27,8,4,4,6,0,0,0.0,1,1.0,6667.0,0.204040853,7.9,3.25,1.707825128,0,2.0,4.0,1,4,3.0,0,0,1,0,3.0,0,1,0,2,0,1,0,0,0,0,0,0,1,0,0,1,0,0,0,1
31,1,1,5696,15.6,1,3,4,3,3,4,39,0,0,7,14,4,14,2,4,1,0,0.5,0,1.0,5696.0,0.256655574,7.8,3.5,0.577350269,0,0.285714286,2.0,1,1,1.75,0,1,0,1,2.0,0,1,0,2,0,0,1,0,0,0,1,0,1,0,1,0,0,0,1,0
25,0,0,5211,17.8,1,4,5,4,3,4,49,0,0,18,57,3,6,5,5,0,0,0.0,0,0.0,5211.0,0.030191458,17.8,4.0,0.816496581,0,0.5,3.0,1,1,3.0,0,-1,1,0,5.0,0,1,0,1,1,1,0,0,1,0,0,0,1,0,1,0,0,0,0,1
22,4,3,7157,17.1,2,3,3,3,4,2,44,1,1,22,59,4,8,2,12,0,0,0.6,1,2.0,3578.5,0.582236842,3.42,3.0,0.816496581,0,0.5,0.8,0,2,2.565217391,0,1,0,1,2.4,1,1,0,2,1,0,1,1,0,0,0,0,1,0,0,0,0,0,1,1
27,1,1,9421,14.5,2,4,4,3,4,3,36,0,0,11,30,11,8,3,4,0,0,0.5,0,0.5,4710.5,0.489690722,7.25,3.5,0.577350269,0,1.375,5.5,0,1,2.5,0,1,1,1,2.0,0,1,0,2,1,1,0,0,1,0,0,0,1,0,1,0,0,0,0,0
42,2,0,5607,11.8,2,3,3,4,3,4,1,0,0,25,72,2,17,3,3,0,0,0.0,1,1.0,2803.5,0.149876771,3.933333333,3.5,0.577350269,0,0.117647059,0.666666667,1,1,2.769230769,1,0,0,0,1.0,0,2,0,2,0,0,1,0,0,0,0,1,1,0,0,1,0,0,1,0
36,18,9,13479,17.5,5,4,1,5,5,5,73,1,1,17,58,3,11,2,7,1,0,0.473684211,1,3.6,2695.8,0.943930992,0.921052632,4.0,2.0,0,0.272727273,0.157894737,1,3,3.222222222,0,2,1,1,0.368421053,0,0,0,2,1,1,0,0,0,0,0,1,1,0,0,1,0,0,0,0
47,1,1,9342,17.5,3,4,4,3,4,2,61,1,1,23,56,5,3,4,8,1,0,0.5,0,0.333333333,3114.0,0.480363279,8.75,3.25,0.957427108,0,1.666666667,2.5,0,3,2.333333333,0,0,1,0,4.0,1,2,0,2,0,0,1,0,1,0,0,0,0,1,0,0,1,0,1,0
42,7,5,7748,9.0,2,4,3,1,2,2,3,1,1,3,11,4,3,4,5,0,0,0.625,1,3.5,3874.0,0.59608985,1.125,2.0,0.816496581,1,1.333333333,0.5,0,3,2.75,0,0,1,0,0.625,0,1,1,3,1,1,0,0,0,0,1,0,1,0,0,1,0,0,1,0
36,1,1,2265,18.3,1,4,5,3,4,4,30,1,0,2,7,5,16,3,8,0,0,0.5,0,1.0,2265.0,0.000822368,9.15,4.0,0.816496581,0,0.3125,2.5,0,2,2.333333333,0,1,1,1,4.0,1,2,0,2,1,0,1,1,0,0,0,0,0,0,0,1,0,0,1,0
26,2,0,6958,16.6,2,4,4,5,3,4,64,1,0,41,128,3,12,2,9,0,0,0.0,1,1.0,3479.0,0.391869469,5.533333333,4.0,0.816496581,0,0.25,1.0,2,4,3.047619048,1,2,1,1,3.0,1,3,0,2,1,0,1,0,0,1,0,0,0,1,1,0,0,0,1,0
24,2,0,5618,17.4,2,4,4,2,4,3,32,0,1,20,62,3,10,4,4,1,0,0.0,1,1.0,2809.0,0.191924779,5.8,3.25,0.957427108,0,0.3,1.0,0,0,2.952380952,1,0,1,0,1.333333333,0,2,0,1,1,1,0,0,0,1,0,0,0,1,0,0,0,0,1,1
35,2,2,9366,10.2,2,3,1,2,3,3,16,0,0,13,37,1,9,4,7,0,0,0.666666667,0,1.0,4683.0,0.689001848,3.4,2.25,0.957427108,1,0.111111111,0.333333333,0,0,2.642857143,0,-1,0,0,2.333333333,0,1,0,3,1,1,0,0,0,0,0,1,1,0,0,1,0,0,0,0
45,2,0,6205,17.7,1,3,2,2,4,3,20,0,1,15,43,5,5,4,2,0,0,0.0,1,2.0,6205.0,0.151420959,5.9,2.75,0.957427108,0,1.0,1.666666667,1,2,2.6875,0,-1,0,0,0.666666667,0,1,0,3,0,0,1,0,0,0,0,0,1,0,0,0,1,0,1,1
18,0,0,4166,12.8,1,3,1,3,3,3,24,0,1,28,75,2,6,5,6,0,0,0.0,0,0.0,4166.0,0.028650647,12.8,2.5,1.0,0,0.333333333,2.0,1,1,2.586206897,1,-2,0,0,6.0,0,2,0,2,0,0,1,0,0,0,0,1,1,0,0,0,0,0,1,1
52,5,3,11317,14.7,3,3,2,3,3,2,49,0,1,21,65,4,10,3,4,1,1,0.5,1,1.666666667,3772.333333,0.713794796,2.45,2.5,0.577350269,0,0.4,0.666666667,1,1,2.954545455,1,0,0,0,0.666666667,0,1,0,2,0,1,0,0,1,0,0,0,1,0,0,0,1,0,0,0
41,9,7,9913,19.7,5,4,2,4,3,3,47,0,1,11,34,5,7,4,2,1,0,0.7,1,1.8,1982.6,0.872532895,1.97,3.0,0.816496581,0,0.714285714,0.5,0,1,2.833333333,0,0,1,0,0.2,0,0,0,2,0,1,0,1,0,0,0,0,0,1,0,1,0,0,0,0
41,1,0,4308,22.1,1,4,3,3,3,3,19,0,0,11,35,1,13,3,3,0,0,0.0,1,1.0,4308.0,0.054756637,11.05,3.0,0.0,0,0.076923077,0.5,0,0,2.916666667,0,1,1,1,1.5,0,1,0,2,1,1,0,0,0,1,0,0,1,0,0,1,0,0,0,0
22,4,2,11057,14.1,3,3,3,2,3,5,15,1,0,13,40,3,5,3,8,1,0,0.4,1,1.333333333,3685.666667,0.685812469,2.82,3.25,1.258305739,0,0.6,0.6,2,5,2.857142857,0,0,0,0,1.6,1,1,0,2,1,1,0,0,1,0,0,0,1,0,0,0,0,0,0,0
50,8,5,10624,12.3,3,4,3,5,2,3,60,0,1,7,25,3,4,4,3,1,1,0.555555556,1,2.666666667,3541.333333,0.884359401,1.366666667,3.25,1.258305739,0,0.75,0.333333333,1,2,3.125,0,0,1,0,0.333333333,0,1,0,3,0,1,0,0,0,0,1,0,0,1,0,0,1,0,0,0
30,12,7,11359,14.6,3,4,4,2,2,4,34,1,0,33,106,3,10,4,1,1,0,0.538461538,1,4.0,3786.333333,0.862292052,1.123076923,3.0,1.154700538,0,0.3,0.230769231,1,3,3.117647059,1,0,1,0,0.076923077,0,2,0,3,0,0,1,0,0,0,0,1,1,0,1,0,0,0,0,0
25,5,5,6601,18.8,2,4,5,2,3,4,55,1,1,7,25,4,6,3,3,0,0,0.833333333,0,2.5,3300.5,0.281269254,3.133333333,3.5,1.290994449,0,0.666666667,0.666666667,1,4,3.125,0,1,1,1,0.5,0,2,0,1,1,0,1,0,0,0,0,1,1,0,1,0,0,0,1,1
34,4,2,6536,11.8,1,2,3,4,3,4,15,1,0,5,19,4,7,2,4,0,0,0.4,1,4.0,6536.0,0.391014975,2.36,3.5,0.577350269,0,0.571428571,0.8,0,3,3.166666667,0,0,0,0,0.8,0,1,0,3,1,1,0,0,0,0,1,0,1,0,1,0,0,0,1,1
38,0,0,4536,11.4,1,3,4,4,2,3,2,0,1,18,57,3,8,4,4,0,0,0.0,0,0.0,4536.0,0.088186356,11.4,3.25,0.957427108,0,0.375,3.0,2,2,3.0,0,-1,0,0,4.0,0,1,0,2,1,0,0,0,0,0,1,0,1,0,0,1,0,0,0,0
29,1,1,7238,17.7,1,3,2,4,4,3,54,0,0,15,37,3,9,3,8,0,0,0.5,0,1.0,7238.0,0.199558174,8.85,3.25,0.957427108,0,0.333333333,1.5,1,1,2.3125,0,0,0,0,4.0,1,2,0,2,0,1,0,0,1,0,0,0,1,0,1,0,0,0,1,1
44,6,0,9584,16.6,3,4,4,3,2,3,36,0,1,6,20,3,5,1,4,1,0,0.0,1,2.0,3194.666667,0.810732113,2.371428571,3.0,0.816496581,0,0.6,0.428571429,1,2,2.857142857,0,3,1,1,0.571428571,0,0,0,3,0,1,0,0,0,0,1,0,1,0,0,1,0,0,0,0
47,2,2,8954,14.2,2,5,3,3,3,3,56,1,1,21,62,5,7,3,5,1,0,0.666666667,0,1.0,4477.0,0.43065783,4.733333333,3.0,0.0,0,0.714285714,1.666666667,2,5,2.818181818,1,2,1,1,1.666666667,0,2,0,1,1,1,0,0,1,0,0,0,0,0,0,0,1,0,1,1
44,5,1,7956,18.0,2,3,4,4,3,4,51,0,0,5,22,4,15,3,2,0,0,0.166666667,1,2.5,3978.0,0.495686999,3.0,3.75,0.5,0,0.266666667,0.666666667,1,1,3.666666667,0,0,0,0,0.333333333,0,1,0,3,1,1,0,0,0,0,0,1,0,1,0,1,0,0,1,1
33,10,3,9311,16.6,3,4,5,2,4,2,29,0,0,30,98,1,16,2,3,1,0,0.272727273,1,3.333333333,3103.666667,0.738384956,1.509090909,3.25,1.5,0,0.0625,0.090909091,2,2,3.161290323,1,2,1,1,0.272727273,0,1,0,2,1,1,0,0,0,1,0,0,1,0,1,0,0,0,0,0
47,4,4,7819,19.1,2,4,2,4,3,4,22,0,0,9,29,2,6,4,5,0,0,0.8,0,2.0,3909.5,0.364120782,3.82,3.25,0.957427108,0,0.333333333,0.4,1,1,2.9,0,0,1,0,1.0,0,2,0,2,1,0,1,0,0,0,0,0,1,0,0,0,1,0,1,1
22,4,2,3388,19.6,1,3,1,2,4,3,56,0,1,14,44,6,5,4,2,0,0,0.4,1,4.0,3388.0,0.022462562,3.92,2.5,1.290994449,0,1.2,1.2,1,2,2.933333333,0,-1,0,0,0.4,0,1,0,2,1,0,1,0,0,0,1,0,1,0,0,0,0,0,1,1
32,4,3,7831,11.4,2,2,2,3,4,3,45,1,0,22,72,4,11,3,15,0,0,0.6,1,2.0,3915.5,0.365674956,2.28,3.0,0.816496581,0,0.363636364,0.8,1,3,3.130434783,1,-1,0,0,3.0,1,3,0,2,1,0,1,0,0,0,0,0,1,0,1,0,0,0,1,1
45,3,3,6679,16.1,3,4,1,3,5,4,28,0,0,11,31,5,4,3,2,1,0,0.75,0,1.0,2226.333333,0.415141431,4.025,3.25,1.707825128,0,1.25,1.25,1,2,2.583333333,0,1,1,1,0.5,0,1,0,2,1,1,0,0,0,0,1,0,0,1,0,0,1,0,1,1
20,2,2,9846,15.6,3,3,4,2,2,4,63,0,0,11,42,10,2,3,4,1,0,0.666666667,0,0.666666667,3282.0,0.736598891,5.2,3.0,1.154700538,0,5.0,3.333333333,1,2,3.5,0,0,0,0,1.333333333,0,0,0,3,0,1,0,0,0,0,0,1,1,0,0,0,0,0,0,0
21,1,1,7403,22.0,2,4,5,3,4,4,17,0,0,13,38,3,5,3,5,0,0,0.5,0,0.5,3701.5,0.408810844,11.0,4.0,0.816496581,0,0.6,1.5,2,3,2.714285714,0,1,1,1,2.5,0,1,0,2,1,0,0,0,0,0,0,1,1,0,0,0,0,0,0,1
31,1,0,8172,17.1,2,3,3,3,4,4,0,0,0,7,18,4,5,4,5,0,0,0.0,1,0.5,4086.0,0.66014975,8.55,3.5,0.577350269,0,0.8,2.0,0,1,2.25,0,-1,0,0,2.5,0,0,0,3,0,0,1,0,0,0,1,0,0,0,1,0,0,0,0,0
46,7,7,9818,13.6,2,3,3,3,4,5,0,0,0,30,115,5,10,3,7,0,0,0.875,0,3.5,4909.0,0.543078056,1.7,3.75,0.957427108,0,0.5,0.625,0,0,3.709677419,1,0,0,0,0.875,0,2,0,3,0,1,0,0,1,0,0,0,1,0,0,0,1,0,1,1
43,11,9,13375,11.1,3,3,2,5,4,4,55,0,0,20,64,5,13,3,9,1,0,0.75,1,3.666666667,4458.333333,0.904085258,0.925,3.75,1.258305739,0,0.384615385,0.416666667,1,1,3.047619048,1,0,0,0,0.75,1,3,0,3,1,0,1,0,0,0,0,0,1,0,0,1,0,0,0,0
49,5,4,10906,14.4,3,2,4,4,3,3,60,0,1,13,43,3,12,3,4,1,0,0.666666667,1,1.666666667,3635.333333,0.900998336,2.4,3.5,0.577350269,0,0.25,0.5,1,1,3.071428571,0,-1,0,0,0.666666667,0,1,0,4,1,0,1,0,0,0,1,0,1,0,0,0,1,0,1,0
37,1,0,7969,18.9,2,4,3,4,4,4,28,0,0,17,50,5,11,4,3,1,0,0.0,1,0.5,3984.5,0.498305607,9.45,3.75,0.5,0,0.454545455,2.5,1,1,2.777777778,0,0,1,0,1.5,0,1,0,2,0,1,0,0,0,0,0,1,1,0,0,1,0,0,1,0
33,4,4,8088,12.6,3,4,4,2,3,5,7,0,0,18,75,8,4,2,2,1,0,0.8,0,1.333333333,2696.0,0.511398644,2.52,3.5,1.290994449,0,2.0,1.6,0,1,3.947368421,1,2,1,1,0.4,0,2,0,2,0,1,0,0,0,0,0,1,1,0,1,0,0,0,0,0
42,4,2,4525,15.4,1,3,5,4,1,4,34,0,0,4,9,8,10,3,4,1,0,0.4,1,4.0,4525.0,0.087770383,3.08,3.5,1.732050808,0,0.8,1.6,0,1,1.8,0,0,0,0,0.8,0,1,0,2,0,1,0,0,0,0,1,0,1,0,0,1,0,0,1,1
23,5,1,12759,10.6,3,3,5,4,3,3,24,1,1,37,150,5,7,3,9,1,0,0.166666667,1,1.666666667,4253.0,0.877886323,1.766666667,3.75,0.957427108,0,0.714285714,0.833333333,0,3,3.947368421,1,0,0,0,1.5,1,2,0,3,0,1,0,0,0,0,0,0,1,0,0,0,0,0,0,0
35,0,0,4975,14.9,1,2,4,3,4,5,40,0,0,7,27,2,9,5,6,1,0,0.0,0,0.0,4975.0,0.140391015,14.9,4.0,0.816496581,0,0.222222222,2.0,1,1,3.375,0,-3,0,0,6.0,0,1,0,2,1,0,0,0,0,0,1,0,1,0,0,1,0,0,1,1
41,8,3,12577,14.8,3,4,4,4,5,5,26,0,1,12,31,5,12,3,3,1,0,0.333333333,1,2.666666667,4192.333333,0.813205695,1.644444444,4.5,0.577350269,0,0.416666667,0.555555556,0,0,2.384615385,0,1,1,1,0.333333333,0,0,0,2,1,0,1,0,1,0,0,0,1,0,0,1,0,0,0,0
44,4,2,11361,11.9,3,3,4,2,4,4,48,0,0,34,99,3,8,3,6,1,0,0.4,1,1.333333333,3787.0,0.862600123,2.38,3.5,1.0,0,0.375,0.6,1,1,2.828571429,1,0,0,0,1.2,0,1,0,4,1,0,1,0,0,0,0,1,0,0,0,1,0,0,0,0
32,3,2,7687,15.6,2,3,4,2,3,3,25,0,0,1,5,4,6,1,5,0,0,0.5,1,1.5,3843.5,0.587562396,3.9,3.0,0.816496581,0,0.666666667,1.0,0,1,2.5,0,2,0,1,1.25,0,0,0,3,0,0,0,0,0,0,1,0,0,1,1,0,0,0,0,0
60,4,0,7072,11.2,2,3,2,4,3,4,11,0,0,40,150,8,5,2,3,0,1,0.0,1,2.0,3536.0,0.487936772,2.24,3.25,0.957427108,0,1.6,1.6,1,2,3.658536585,1,1,0,1,0.6,0,2,0,2,0,1,0,0,0,0,1,0,1,0,0,0,0,1,1,1
30,1,1,5987,13.8,1,3,2,3,3,3,44,0,0,5,15,5,9,3,10,0,0,0.5,0,1.0,5987.0,0.077810506,6.9,2.75,0.5,0,0.555555556,2.5,1,2,2.5,0,0,0,0,5.0,1,2,0,2,1,0,1,0,1,0,0,0,0,0,1,0,0,0,0,1
27,8,1,10429,18.7,3,2,2,2,3,3,32,1,1,11,38,6,2,3,6,1,0,0.111111111,1,2.666666667,3476.333333,0.615243004,2.077777778,2.5,0.577350269,0,3.0,0.666666667,1,4,3.166666667,0,-1,0,0,0.666666667,0,0,0,2,1,1,0,0,1,0,0,0,1,0,1,0,0,0,0,0
42,5,1,7712,15.1,3,2,3,3,4,5,24,0,0,22,65,7,2,2,5,1,0,0.166666667,1,1.666666667,2570.666667,0.651315789,2.516666667,3.75,0.957427108,0,3.5,1.166666667,1,2,2.826086957,1,0,0,0,0.833333333,0,1,0,1,1,0,0,1,0,0,0,0,0,1,0,1,0,0,0,0
28,10,7,16913,14.0,4,3,3,3,5,3,34,0,1,13,48,3,13,3,5,1,0,0.636363636,1,2.5,4228.25,0.981349911,1.272727273,3.5,1.0,0,0.230769231,0.272727273,0,0,3.428571429,0,0,0,0,0.454545455,0,1,0,4,1,1,0,0,0,0,0,0,1,0,1,0,0,0,0,0
31,1,1,5392,12.3,1,5,3,3,3,4,41,0,1,12,37,9,17,3,4,0,0,0.5,0,1.0,5392.0,0.258223684,6.15,3.25,0.5,0,0.529411765,4.5,1,2,2.846153846,0,2,1,1,2.0,0,1,0,2,1,0,1,1,0,0,0,0,1,0,1,0,0,0,1,0
42,0,0,5086,12.3,1,3,3,4,5,2,44,0,0,23,92,7,10,2,6,1,0,0.0,0,0.0,5086.0,0.154118136,12.3,3.5,1.290994449,0,0.7,7.0,0,1,3.833333333,1,1,0,1,6.0,0,2,0,2,1,1,0,0,0,0,1,0,0,1,0,1,0,0,1,0
32,0,0,6238,15.9,1,5,4,2,3,3,20,0,1,7,21,3,12,3,6,0,0,0.0,0,0.0,6238.0,0.094256259,15.9,3.0,0.816496581,0,0.25,3.0,2,2,2.625,0,2,1,1,6.0,0,1,0,2,1,0,1,0,1,0,0,0,1,0,1,0,0,0,0,1
22,4,4,9888,16.5,2,4,1,2,4,4,37,0,1,25,49,8,11,5,4,1,0,0.8,0,2.0,4944.0,0.739679606,3.3,2.75,1.5,0,0.727272727,1.6,0,1,1.884615385,0,-1,1,0,0.8,0,1,0,3,0,1,0,0,0,0,0,1,0,0,0,0,0,0,1,1
29,11,9,10899,23.1,4,3,4,3,3,4,65,0,1,19,56,4,9,3,2,1,0,0.75,1,2.75,2724.75,0.833487369,1.925,3.5,0.577350269,0,0.444444444,0.333333333,1,1,2.8,0,0,0,0,0.166666667,0,1,0,2,1,0,1,0,0,0,0,1,1,0,1,0,0,0,0,0
27,5,0,6850,18.1,2,5,4,4,4,3,64,0,1,10,25,3,3,4,2,1,0,0.0,1,2.5,3425.0,0.154148257,3.016666667,3.75,0.5,0,1.0,0.5,1,2,2.272727273,0,1,1,1,0.333333333,0,1,0,1,1,0,1,0,1,0,0,0,1,0,1,0,0,0,1,1
43,25,22,13671,12.5,5,3,4,4,3,2,33,1,1,20,74,4,8,3,6,1,0,0.846153846,1,5.0,2734.2,0.984375,0.480769231,3.25,0.957427108,0,0.5,0.153846154,1,3,3.523809524,1,0,0,0,0.230769231,0,2,0,3,1,0,0,1,0,0,0,0,1,0,0,1,0,0,0,0
43,6,3,9287,11.1,3,3,3,3,4,5,52,0,0,3,7,8,5,3,8,1,0,0.428571429,1,2.0,3095.666667,0.675138632,1.585714286,3.75,0.957427108,0,1.6,1.142857143,1,2,1.75,0,0,0,0,1.142857143,1,1,0,2,0,0,1,0,0,0,0,1,1,0,0,1,0,0,0,0
40,4,4,11026,16.7,2,4,5,4,2,3,31,0,1,27,77,2,9,3,6,0,0,0.8,0,2.0,5513.0,0.680166912,3.34,3.5,1.290994449,0,0.222222222,0.4,1,1,2.75,1,1,1,1,1.2,0,2,0,3,0,1,0,0,1,0,0,0,1,0,0,1,0,0,1,1
57,2,0,3879,17.0,1,4,2,3,4,3,52,0,0,17,43,2,10,2,4,0,1,0.0,1,2.0,3879.0,0.072368421,5.666666667,3.0,0.816496581,0,0.2,0.666666667,1,1,2.388888889,0,2,1,1,1.333333333,0,1,0,2,1,0,0,1,0,0,0,0,1,0,0,0,0,1,0,1
32,3,0,6865,14.3,1,4,3,5,2,2,50,0,1,10,38,4,6,3,4,0,0,0.0,1,3.0,6865.0,0.311922366,3.575,3.0,1.414213562,0,0.666666667,1.0,1,2,3.454545455,0,1,1,1,1.0,0,1,0,2,1,1,0,0,0,0,0,1,1,0,1,0,0,0,0,0
32,14,5,15527,16.4,4,5,2,4,3,4,25,0,0,8,27,3,2,4,3,1,0,0.333333333,1,3.5,3881.75,0.938880707,1.093333333,3.25,0.957427108,0,1.5,0.2,1,2,3.0,0,1,1,1,0.2,0,0,0,2,1,1,0,0,1,0,0,0,1,0,1,0,0,0,0,0
33,1,1,7806,15.6,3,3,4,4,4,4,24,0,1,32,105,4,9,4,2,1,0,0.5,0,0.333333333,2602.0,0.661184211,7.8,4.0,0.0,0,0.444444444,2.0,0,0,3.181818182,1,-1,0,0,1.0,0,1,0,3,1,0,1,1,0,0,0,0,0,0,1,0,0,0,0,0
47,6,5,12379,15.1,4,4,2,2,5,3,47,0,1,16,56,1,6,5,3,1,0,0.714285714,1,1.5,3094.75,0.955490849,2.157142857,3.0,1.414213562,0,0.166666667,0.142857143,1,1,3.294117647,0,-1,1,0,0.428571429,0,1,0,3,0,0,1,0,0,0,1,0,1,0,0,0,1,0,0,0
35,4,1,11840,14.8,3,4,2,2,1,5,20,0,0,4,10,5,6,3,7,1,0,0.2,1,1.333333333,3946.666667,0.761904762,2.96,2.5,1.732050808,0,0.833333333,1.0,1,2,2.0,0,1,1,1,1.4,0,0,0,2,1,0,1,0,1,0,0,0,1,0,0,1,0,0,0,0
44,6,2,9859,12.5,4,2,2,3,4,2,40,1,1,11,42,2,7,3,3,1,0,0.285714286,1,1.5,2464.75,0.799225664,1.785714286,2.75,0.957427108,0,0.285714286,0.285714286,1,3,3.5,0,-1,0,0,0.428571429,0,0,0,1,1,1,0,0,0,1,0,0,0,1,0,1,0,0,0,0
19,1,0,8047,16.8,2,4,5,2,3,2,22,0,0,16,32,5,3,4,7,0,0,0.0,1,0.5,4023.5,0.640599002,8.4,3.0,1.414213562,0,1.666666667,2.5,0,1,1.882352941,0,0,1,0,3.5,0,0,0,2,1,0,0,0,0,0,1,0,1,0,0,0,0,0,0,0
39,7,2,9500,15.2,2,3,1,4,1,3,0,0,0,19,71,2,7,2,5,0,0,0.25,1,3.5,4750.0,0.758849558,1.9,2.25,1.5,1,0.285714286,0.25,1,1,3.55,1,1,0,1,0.625,0,2,0,3,0,0,1,0,0,1,0,0,1,0,0,1,0,0,1,1
39,2,1,5247,14.0,2,3,1,3,5,4,28,0,1,4,12,8,4,4,3,0,0,0.333333333,1,1.0,2623.5,0.179908486,4.666666667,3.25,1.707825128,0,2.0,2.666666667,2,3,2.4,0,-1,0,0,1.0,0,1,0,1,1,1,0,0,0,0,1,0,1,0,0,1,0,0,0,1
35,0,0,2822,12.9,1,2,2,3,5,2,22,1,0,13,42,4,15,2,5,0,0,0.0,0,0.0,2822.0,0.013157895,12.9,3.0,1.414213562,0,0.266666667,4.0,1,3,3.0,0,0,0,0,5.0,0,1,0,1,1,1,0,1,0,0,0,0,1,0,0,1,0,0,1,1
29,4,1,9426,16.2,2,4,3,3,3,3,25,0,1,3,9,2,16,4,4,0,0,0.2,1,2.0,4713.0,0.694855206,3.24,3.0,0.0,0,0.125,0.4,2,2,2.25,0,0,1,0,0.8,0,0,0,3,1,0,0,0,0,0,0,1,1,0,1,0,0,0,1,1
60,6,3,7066,9.1,3,4,4,4,5,4,60,0,1,28,86,1,12,2,2,1,1,0.428571429,1,2.0,2355.333333,0.486688852,1.3,4.25,0.5,0,0.083333333,0.142857143,0,0,2.965517241,1,2,1,1,0.285714286,0,2,0,2,1,0,1,0,0,0,1,0,0,1,0,0,0,1,0,0
32,8,0,8972,15.4,3,3,3,4,5,2,38,1,1,22,66,5,11,4,9,1,0,0.0,1,2.666666667,2990.666667,0.63693777,1.711111111,3.5,1.290994449,0,0.454545455,0.555555556,1,3,2.869565217,1,-1,0,0,1.0,1,2,0,2,1,0,1,0,0,0,0,1,1,0,1,0,0,0,0,0
45,1,1,7092,16.0,2,3,4,4,3,5,65,0,0,25,113,4,10,4,3,0,0,0.5,0,0.5,3546.0,0.352125693,8.0,4.0,0.816496581,0,0.4,2.0,1,1,4.346153846,1,-1,0,0,1.5,0,2,0,2,1,0,0,0,0,0,0,1,1,0,0,0,1,0,1,1
37,3,1,5777,7.6,2,2,3,5,2,3,6,1,0,4,13,3,7,2,6,0,0,0.25,1,1.5,2888.5,0.327302632,1.9,3.25,1.258305739,0,0.428571429,0.75,1,3,2.6,0,0,0,0,1.5,0,1,0,2,1,1,0,1,0,0,0,0,1,0,0,1,0,0,1,1
49,2,1,9525,15.4,2,2,2,4,2,3,41,0,0,6,22,5,14,2,4,0,0,0.333333333,1,1.0,4762.5,0.501840943,5.133333333,2.75,0.957427108,0,0.357142857,1.666666667,2,2,3.142857143,0,0,0,0,1.333333333,0,0,0,2,0,1,0,0,1,0,0,0,1,0,0,0,1,0,0,1
49,1,0,8702,12.8,3,3,1,4,4,4,32,1,1,10,27,3,12,5,10,1,0,0.0,1,0.333333333,2900.666667,0.727537438,6.4,3.25,1.5,0,0.25,1.5,1,3,2.454545455,0,-2,0,0,5.0,1,1,0,3,1,0,1,0,0,0,1,0,1,0,0,0,1,0,0,0
46,0,0,2539,12.8,1,2,4,3,3,5,44,1,0,6,25,3,12,3,9,0,0,0.0,0,0.0,2539.0,0.006578947,12.8,3.75,0.957427108,0,0.25,3.0,1,3,3.571428571,0,-1,0,0,9.0,1,2,0,2,1,1,0,1,0,0,0,0,1,0,0,0,1,0,1,1
23,5,5,8073,14.7,3,2,1,4,2,4,38,1,1,14,39,3,11,4,8,1,0,0.833333333,0,1.666666667,2691.0,0.705592105,2.45,2.75,1.5,0,0.272727273,0.5,2,4,2.6,0,-2,0,0,1.333333333,1,2,0,3,1,1,0,1,0,0,0,0,0,0,0,0,0,0,0,1
51,1,0,5977,23.0,1,5,4,4,1,2,65,0,0,30,56,6,6,3,3,1,1,0.0,1,1.0,5977.0,0.07682867,11.5,2.75,1.5,0,1.0,3.0,0,1,1.806451613,0,2,1,1,1.5,0,1,0,2,1,0,1,0,1,0,0,0,1,0,0,0,1,0,0,1
25,2,0,5599,14.1,2,3,3,2,3,2,25,1,0,11,33,2,2,4,7,0,0,0.0,1,1.0,2799.5,0.289473684,4.7,2.5,0.577350269,0,1.0,0.666666667,0,3,2.75,0,-1,0,0,2.333333333,0,1,0,2,0,1,0,1,0,0,0,0,1,0,1,0,0,0,0,1
29,1,1,7859,14.7,3,4,2,3,4,3,24,0,1,14,57,3,10,3,6,1,0,0.5,0,0.333333333,2619.666667,0.368561279,7.35,3.0,0.816496581,0,0.3,1.5,1,1,3.8,0,1,1,1,3.0,0,1,0,1,0,0,0,0,0,0,0,0,1,0,1,0,0,0,0,0
25,6,4,12733,19.3,4,4,3,3,2,2,58,0,1,24,92,3,11,3,2,1,0,0.571428571,1,1.5,3183.25,0.965058236,2.757142857,2.5,0.577350269,0,0.272727273,0.428571429,1,1,3.68,1,1,1,1,0.285714286,0,2,0,3,0,1,0,0,0,0,1,0,1,0,1,0,0,0,0,0
46,9,2,17019,12.6,4,3,5,4,2,4,25,1,0,13,18,2,8,4,11,1,0,0.2,1,2.25,4254.75,0.965881198,1.26,3.75,1.258305739,0,0.25,0.2,2,4,1.285714286,0,-1,0,0,1.1,1,1,0,3,1,0,0,0,1,0,0,0,1,0,0,0,1,0,0,0
20,2,0,7263,11.7,2,2,1,2,3,3,19,1,1,13,30,1,8,1,6,0,0,0.0,1,1.0,3631.5,0.383240912,3.9,2.25,0.957427108,1,0.125,0.333333333,2,4,2.142857143,0,1,0,1,2.0,0,2,1,2,1,0,0,0,0,0,0,1,0,0,0,0,0,0,1,1
41,1,0,4125,10.6,1,3,4,5,4,2,43,1,0,20,62,2,15,3,6,1,0,0.0,1,1.0,4125.0,0.005400098,5.3,3.75,1.258305739,0,0.133333333,1.0,2,4,2.952380952,1,0,0,0,3.0,0,2,0,1,1,0,1,0,1,0,0,0,0,1,0,1,0,0,1,1
21,2,0,9442,15.3,2,4,1,2,4,2,57,1,1,17,49,7,6,4,6,0,0,0.0,1,1.0,4721.0,0.696241528,5.1,2.25,1.258305739,1,1.166666667,2.333333333,1,4,2.722222222,0,0,1,0,2.0,0,1,1,3,0,0,1,0,0,0,0,1,1,0,0,0,0,0,0,0
22,4,0,6954,11.0,2,3,3,5,3,5,23,0,1,10,34,2,7,4,5,0,0,0.0,1,2.0,3477.0,0.391039823,2.2,4.0,1.154700538,0,0.285714286,0.4,0,0,3.090909091,0,-1,0,0,1.0,0,1,0,2,0,1,0,0,0,1,0,0,0,0,0,0,0,0,1,1
46,0,0,8147,14.7,3,3,2,3,2,5,19,1,0,7,30,5,11,3,8,1,0,0.0,0,0.0,2715.666667,0.715460526,14.7,3.0,1.414213562,0,0.454545455,5.0,1,3,3.75,0,0,0,0,8.0,1,1,0,2,1,1,0,1,0,0,0,0,1,0,0,0,1,0,0,0
18,0,0,5155,12.6,2,3,3,5,2,3,13,1,1,11,34,3,11,5,6,0,0,0.0,0,0.0,2577.5,0.168885191,12.6,3.25,1.258305739,0,0.272727273,3.0,1,3,2.833333333,0,-2,0,0,6.0,0,1,0,2,1,0,1,0,0,0,1,0,0,0,0,0,0,0,0,0
43,1,1,5746,24.2,2,3,3,4,3,2,22,0,1,13,60,4,15,4,7,0,0,0.5,0,0.5,2873.0,0.319901316,12.1,3.0,0.816496581,0,0.266666667,2.0,0,0,4.285714286,0,-1,0,0,3.5,0,1,0,2,0,0,1,1,0,0,0,0,1,0,0,1,0,0,0,0
23,3,0,5792,9.6,1,3,1,2,5,2,26,0,1,5,15,8,14,4,8,0,0,0.0,1,3.0,5792.0,0.170979667,2.4,2.5,1.732050808,0,0.571428571,2.0,0,1,2.5,0,-1,0,0,2.0,1,2,0,2,1,1,0,0,0,0,0,1,1,0,0,0,0,0,0,1
34,0,0,5045,16.3,2,3,1,3,3,3,47,0,1,5,8,2,6,3,9,1,0,0.0,0,0.0,2522.5,0.046181172,16.3,2.5,1.0,0,0.333333333,2.0,0,0,1.333333333,0,0,0,0,9.0,1,2,0,2,1,1,0,0,0,0,0,0,1,0,1,0,0,0,0,1
53,0,0,7596,17.4,3,3,3,5,5,4,32,0,1,45,148,5,8,4,4,1,1,0.0,0,0.0,2532.0,0.516039823,17.4,4.25,0.957427108,0,0.625,5.0,2,3,3.217391304,1,-1,0,0,4.0,0,1,0,1,0,0,1,0,0,1,0,0,0,0,0,0,1,0,0,0
27,0,0,5084,15.0,1,1,3,4,4,4,20,0,1,24,55,6,9,1,6,0,0,0.0,0,0.0,5084.0,0.025036819,15.0,3.75,0.5,0,0.666666667,6.0,0,1,2.2,0,0,0,0,6.0,0,1,0,2,0,0,1,0,1,0,0,0,0,0,1,0,0,0,1,1
28,8,2,10818,14.2,2,3,3,3,1,4,39,0,0,2,6,6,14,3,3,1,0,0.222222222,1,4.0,5409.0,0.659548355,1.577777778,2.75,1.258305739,0,0.428571429,0.666666667,0,0,2.0,0,0,0,0,0.333333333,0,0,0,3,0,1,0,0,1,0,0,0,1,0,1,0,0,0,1,1
38,7,7,10208,18.8,3,3,2,4,3,5,29,0,0,17,51,2,8,4,7,1,0,0.875,0,2.333333333,3402.666667,0.588487973,2.35,3.5,1.290994449,0,0.25,0.25,1,1,2.833333333,0,-1,0,0,0.875,0,1,0,2,0,1,0,0,1,0,0,0,1,0,0,1,0,0,0,0
38,4,4,5817,14.4,2,2,2,2,3,4,37,0,0,29,106,4,9,3,6,0,0,0.8,0,2.0,2908.5,0.063573883,2.88,2.75,0.957427108,0,0.444444444,0.8,1,1,3.533333333,1,-1,0,0,1.2,0,3,0,1,0,0,1,0,1,0,0,0,1,0,0,1,0,0,1,1
36,9,0,9732,14.6,3,3,3,2,5,3,24,0,1,23,78,5,14,3,7,1,0,0.0,1,3.0,3244.0,0.726124461,1.46,3.25,1.258305739,0,0.357142857,0.5,1,1,3.25,1,0,0,0,0.7,0,1,0,2,1,1,0,0,0,0,0,1,0,0,0,1,0,0,0,0
28,4,4,4868,15.1,1,3,5,4,4,4,4,0,1,45,150,1,7,2,8,1,0,0.8,0,4.0,4868.0,0.071472582,3.02,4.25,0.5,0,0.142857143,0.2,1,1,3.260869565,1,1,0,1,1.6,1,4,0,2,0,0,1,0,0,0,0,1,1,0,1,0,0,0,1,1
33,8,1,7083,19.7,2,3,3,4,4,2,32,0,0,20,81,5,2,5,6,0,0,0.111111111,1,4.0,3541.5,0.350893407,2.188888889,3.25,0.957427108,0,2.5,0.555555556,1,2,3.857142857,1,-2,0,0,0.666666667,0,2,0,1,1,1,0,0,0,0,0,1,1,0,1,0,0,0,1,1
27,1,0,4613,16.4,1,3,3,5,4,3,40,0,0,15,30,2,16,2,6,1,0,0.0,1,1.0,4613.0,0.141447368,8.2,3.75,0.957427108,0,0.125,1.0,1,1,1.875,0,1,0,1,3.0,0,1,0,2,1,0,0,1,0,0,0,0,0,0,1,0,0,0,0,1
38,3,1,9752,20.0,3,4,3,4,4,2,66,1,1,12,43,10,12,3,4,1,0,0.25,1,1.0,3250.666667,0.635879218,5.0,3.25,0.957427108,0,0.833333333,2.5,0,3,3.307692308,0,1,1,1,1.0,0,0,0,2,1,0,0,0,0,0,0,0,1,0,0,1,0,0,0,0
29,7,0,10921,13.5,3,1,4,4,3,3,54,1,0,7,23,3,17,5,8,1,0,0.0,1,2.333333333,3640.333333,0.757992895,1.6875,3.5,0.577350269,0,0.176470588,0.375,1,3,2.875,0,-4,0,0,1.0,1,1,0,3,0,0,1,0,0,0,0,0,0,1,1,0,0,0,1,0
28,8,8,9016,10.9,4,2,3,5,4,3,31,1,0,25,79,1,7,3,7,1,0,0.888888889,0,2.0,2254.0,0.706858407,1.211111111,3.75,0.957427108,0,0.142857143,0.111111111,1,3,3.038461538,1,-1,0,0,0.777777778,0,2,0,1,1,0,1,0,0,1,0,0,0,1,1,0,0,0,0,0
51,8,5,10855,15.6,4,3,3,3,3,3,42,1,1,23,83,1,8,4,3,1,1,0.555555556,1,2.0,2713.75,0.751776199,1.733333333,3.0,0.0,0,0.125,0.111111111,0,2,3.458333333,1,-1,0,0,0.333333333,0,2,0,2,0,1,0,0,0,0,0,0,1,0,0,0,1,0,0,0
33,9,2,11405,18.3,4,5,4,4,3,3,20,0,0,10,35,3,9,4,5,1,0,0.2,1,2.25,2851.25,0.924292845,1.83,3.5,0.577350269,0,0.333333333,0.3,1,1,3.181818182,0,1,1,1,0.5,0,0,0,2,0,1,0,0,0,0,1,0,1,0,1,0,0,0,0,0
36,13,6,11037,8.9,3,4,2,5,4,2,0,0,1,11,40,1,6,2,6,1,0,0.428571429,1,4.333333333,3679.0,0.931743421,0.635714286,3.25,1.5,0,0.166666667,0.071428571,2,2,3.333333333,0,2,1,1,0.428571429,0,1,0,3,1,1,0,1,0,0,0,0,1,0,0,1,0,0,0,0
24,1,0,5305,10.9,2,2,4,5,4,3,3,1,0,8,25,4,9,2,5,1,0,0.0,1,0.5,2652.5,0.115218731,5.45,4.0,0.816496581,0,0.444444444,2.0,0,2,2.777777778,0,0,0,0,2.5,0,1,0,2,0,0,1,0,0,0,0,1,0,0,0,0,0,0,1,1
26,5,5,7663,12.5,2,3,1,3,4,2,16,1,1,5,22,8,13,4,7,0,0,0.833333333,0,2.5,3831.5,0.526548673,2.083333333,2.5,1.290994449,0,0.615384615,1.333333333,2,5,3.666666667,0,-1,0,0,1.166666667,0,1,0,2,0,1,0,0,0,1,0,0,1,0,1,0,0,0,1,1
46,12,10,12251,11.9,3,3,4,4,5,1,31,0,0,13,51,4,14,2,7,1,0,0.769230769,1,4.0,4083.666667,0.950499168,0.915384615,3.5,1.732050808,0,0.285714286,0.307692308,0,0,3.642857143,0,1,0,1,0.538461538,0,1,0,3,1,1,0,0,0,0,1,0,1,0,0,0,1,0,0,0
39,1,0,7333,13.1,1,4,3,2,5,2,21,1,0,16,53,2,10,3,7,0,0,0.0,1,1.0,7333.0,0.21035837,6.55,3.0,1.414213562,0,0.2,1.0,0,2,3.117647059,0,1,1,1,3.5,0,1,0,2,1,0,1,0,1,0,0,0,0,1,0,1,0,0,1,0
41,0,0,10902,16.2,3,3,3,2,2,2,4,1,0,6,22,2,9,3,6,1,0,0.0,0,0.0,3634.0,0.756216696,16.2,2.25,0.5,1,0.222222222,2.0,0,2,3.142857143,0,0,0,0,6.0,0,1,1,3,1,0,1,0,0,0,0,0,1,0,0,1,0,0,0,0
34,3,3,6338,16.1,2,4,4,4,3,3,23,0,0,9,29,2,12,1,7,1,0,0.75,0,1.5,3169.0,0.169626998,4.025,3.5,0.577350269,0,0.166666667,0.5,1,1,2.9,0,3,1,1,1.75,0,1,0,1,1,1,0,0,0,0,0,0,0,0,1,0,0,0,0,1
39,2,2,7963,16.7,1,4,5,3,3,3,51,0,1,39,116,4,6,2,3,0,0,0.666666667,0,2.0,7963.0,0.291114384,5.566666667,3.5,1.0,0,0.666666667,1.333333333,1,2,2.9,1,2,1,1,1.0,0,2,0,2,1,0,1,0,1,0,0,0,1,0,0,1,0,0,0,0
44,15,10,8342,21.0,3,3,4,2,3,4,0,0,1,5,13,4,8,3,3,1,0,0.625,1,5.0,2780.666667,0.346710849,1.3125,3.25,0.957427108,0,0.5,0.25,0,0,2.166666667,0,0,0,0,0.1875,0,2,0,1,0,0,0,0,1,0,0,0,1,0,0,1,0,0,1,1
24,6,3,6870,12.0,3,3,4,3,3,3,46,0,0,13,24,2,12,1,6,1,0,0.428571429,1,2.0,2290.0,0.449667221,1.714285714,3.25,0.5,0,0.166666667,0.285714286,1,1,1.714285714,0,2,0,1,0.857142857,0,1,0,2,1,1,0,0,0,0,1,0,1,0,0,0,0,0,1,0
36,6,4,4902,13.5,1,4,5,3,2,3,41,0,0,20,57,7,2,3,4,0,0,0.571428571,1,6.0,4902.0,0.107024336,1.928571429,3.25,1.258305739,0,3.5,1.0,1,2,2.714285714,0,1,1,1,0.571428571,0,2,0,2,1,0,1,0,0,1,0,0,1,0,0,1,0,0,1,1
20,2,1,5857,13.0,1,4,3,3,3,3,46,0,0,10,24,1,9,3,9,0,0,0.333333333,1,2.0,5857.0,0.110568384,4.333333333,3.0,0.0,0,0.111111111,0.333333333,2,2,2.181818182,0,1,1,1,3.0,1,2,0,2,0,1,0,0,0,0,0,0,0,1,0,0,0,0,1,1
35,5,5,12108,21.9,2,5,2,3,2,4,42,1,0,7,26,3,9,3,7,0,0,0.833333333,0,2.5,6054.0,0.780314188,3.65,2.75,0.957427108,0,0.333333333,0.5,2,4,3.25,0,2,1,1,1.166666667,0,0,0,3,1,0,0,0,1,0,0,0,0,1,0,1,0,0,1,1
50,7,6,7166,18.1,4,3,4,4,5,3,15,0,0,8,35,6,8,4,6,1,1,0.75,1,1.75,1791.5,0.502287854,2.2625,4.0,0.816496581,0,0.75,0.75,0,1,3.888888889,0,-1,0,0,0.75,0,1,0,1,1,0,0,0,0,0,1,0,1,0,0,0,1,0,0,0
24,1,1,8544,13.7,2,3,2,2,3,2,21,0,1,6,20,4,9,3,7,0,0,0.5,0,0.5,4272.0,0.648230088,6.85,2.25,0.5,1,0.444444444,2.0,2,2,2.857142857,0,0,0,0,3.5,0,1,0,3,1,1,0,0,0,1,0,0,1,0,0,0,0,0,0,0
26,8,3,12478,17.1,3,5,2,1,4,2,0,1,0,4,10,7,8,4,7,1,0,0.333333333,1,2.666666667,4159.333333,0.913739988,1.9,2.25,1.258305739,1,0.875,0.777777778,1,4,2.0,0,1,1,1,0.777777778,0,1,1,3,1,0,0,0,0,0,0,1,1,0,1,0,0,0,0,0
33,8,0,10560,11.5,2,4,4,2,2,4,3,0,0,27,116,2,12,2,4,0,0,0.0,1,4.0,5280.0,0.807147258,1.277777778,3.0,1.154700538,0,0.166666667,0.222222222,1,1,4.142857143,1,2,1,1,0.444444444,0,1,0,4,1,1,0,0,0,0,0,1,0,1,1,0,0,0,1,1
46,1,1,13180,10.8,4,3,3,3,4,5,46,0,1,10,42,2,6,2,3,1,0,0.5,0,0.25,3295.0,0.847815415,5.4,3.75,0.957427108,0,0.333333333,1.0,1,1,3.818181818,0,1,0,1,1.5,0,0,0,3,1,0,1,0,1,0,0,0,1,0,0,0,1,0,0,0
46,8,2,16764,18.5,5,3,3,3,4,2,21,0,1,28,97,5,11,2,4,1,0,0.222222222,1,1.6,3352.8,0.979129663,2.055555556,3.0,0.816496581,0,0.454545455,0.555555556,1,1,3.344827586,1,1,0,1,0.444444444,0,1,0,3,0,0,1,0,0,0,0,0,1,0,0,0,1,0,0,0
38,1,1,7318,16.8,1,3,5,5,2,3,46,0,0,6,23,5,6,2,5,0,0,0.5,0,1.0,7318.0,0.208640157,8.4,3.75,1.5,0,0.833333333,2.5,1,2,3.285714286,0,1,0,1,2.5,0,1,0,2,0,1,0,0,1,0,0,0,1,0,0,1,0,0,1,1
43,4,4,7129,13.8,2,2,1,4,5,4,14,0,0,26,90,6,8,3,8,0,0,0.8,0,2.0,3564.5,0.360443623,2.76,3.5,1.732050808,0,0.75,1.2,1,2,3.333333333,1,-1,0,0,1.6,1,4,0,2,1,1,0,0,0,0,0,1,0,0,0,1,0,0,1,1
49,8,6,11182,13.7,4,3,2,2,3,3,47,0,0,12,53,1,7,4,9,1,0,0.666666667,1,2.0,2795.5,0.915557404,1.522222222,2.5,0.577350269,0,0.142857143,0.111111111,1,1,4.076923077,0,-1,0,0,1.0,1,2,0,2,0,1,0,0,0,0,1,0,0,0,0,0,1,0,0,0
37,1,0,4756,12.3,1,4,2,2,2,4,46,0,0,17,62,5,3,2,4,0,0,0.0,1,1.0,4756.0,0.112312812,6.15,2.5,1.0,0,1.666666667,2.5,1,2,3.444444444,1,2,1,1,2.0,0,2,0,1,1,0,1,0,0,0,1,0,1,0,0,1,0,0,1,1
50,0,0,6380,15.5,2,3,4,3,2,3,31,1,0,16,45,3,10,4,8,0,1,0.0,0,0.0,3190.0,0.299502212,15.5,3.0,0.816496581,0,0.3,3.0,1,3,2.647058824,0,-1,0,0,8.0,1,2,0,3,0,1,0,0,0,1,0,0,1,0,0,0,1,0,0,0
33,1,0,5281,21.7,1,3,4,4,3,4,18,0,1,26,76,6,12,4,5,1,0,0.0,1,1.0,5281.0,0.03460972,10.85,3.75,0.5,0,0.5,3.0,0,0,2.814814815,1,-1,0,0,2.5,0,2,0,2,0,0,1,0,1,0,0,0,0,1,1,0,0,0,0,1
30,0,0,6713,12.6,2,3,2,2,3,5,17,0,1,17,66,2,4,3,9,0,0,0.0,0,0.0,3356.5,0.345962389,12.6,3.0,1.414213562,0,0.5,2.0,0,0,3.666666667,1,0,0,0,9.0,1,3,0,2,1,0,0,0,0,1,0,0,1,0,1,0,0,0,0,1
40,11,7,8709,10.1,5,3,3,3,3,3,58,0,0,6,22,3,11,2,7,1,0,0.583333333,1,2.2,1741.8,0.728785358,0.841666667,3.0,0.0,0,0.272727273,0.25,1,1,3.142857143,0,1,0,1,0.583333333,0,1,0,1,1,1,0,0,0,0,1,0,1,0,0,1,0,0,0,0
34,1,0,13606,18.1,3,4,3,2,4,4,13,0,1,14,37,2,10,4,3,1,0,0.0,1,0.333333333,4535.333333,0.913410302,9.05,3.25,0.957427108,0,0.2,1.0,1,1,2.466666667,0,0,1,0,1.5,0,0,0,4,0,0,1,0,0,0,0,0,0,0,1,0,0,0,0,0
41,19,12,11828,18.8,5,3,1,4,3,3,24,0,0,4,12,2,10,4,3,1,0,0.6,1,3.8,2365.6,0.884781269,0.94,2.75,1.258305739,0,0.2,0.1,1,1,2.4,0,-1,0,0,0.15,0,1,0,1,0,1,0,0,0,0,0,1,1,0,0,1,0,0,0,0
38,1,1,6428,15.6,2,4,5,1,2,1,58,0,0,18,30,5,7,3,2,1,0,0.5,0,0.5,3214.0,0.256315465,7.8,2.25,1.892969449,1,0.714285714,2.5,2,3,1.578947368,0,1,1,1,1.0,0,2,0,2,1,0,0,0,0,0,0,1,1,0,0,1,0,0,0,0
50,13,2,8631,13.4,3,4,4,3,2,3,35,0,1,5,14,4,2,4,2,1,1,0.142857143,1,4.333333333,2877.0,0.656526549,0.957142857,3.0,0.816496581,0,2.0,0.285714286,0,1,2.333333333,0,0,1,0,0.142857143,0,0,0,2,0,1,0,0,0,1,0,0,1,0,0,0,1,0,0,0
34,8,6,8397,13.0,3,3,4,5,3,3,23,0,0,13,37,4,11,3,5,1,0,0.666666667,1,2.666666667,2799.0,0.564078866,1.444444444,3.75,0.957427108,0,0.363636364,0.444444444,1,1,2.642857143,0,0,0,0,0.555555556,0,1,0,2,1,1,0,0,0,0,0,1,0,0,1,0,0,0,0,0
42,5,1,5482,13.9,2,3,3,2,3,3,45,0,0,20,67,6,7,3,5,0,0,0.166666667,1,2.5,2741.0,0.269736842,2.316666667,2.75,0.5,0,0.857142857,1.0,1,2,3.19047619,1,0,0,0,0.833333333,0,2,0,2,0,0,1,1,0,0,0,0,1,0,0,1,0,0,1,1
42,3,2,7737,15.7,3,4,3,5,3,2,10,1,0,1,5,6,3,2,5,1,0,0.5,1,1.0,2579.0,0.654605263,3.925,3.25,1.258305739,0,2.0,1.5,1,4,2.5,0,2,1,1,1.25,0,0,0,1,0,1,0,1,0,0,0,0,1,0,0,1,0,0,0,0
27,9,0,15898,10.9,5,4,4,4,3,2,55,0,0,17,43,2,2,3,2,1,0,0.0,1,1.8,3179.6,0.948453608,1.09,3.25,0.957427108,0,1.0,0.2,0,1,2.388888889,0,1,1,1,0.2,0,0,0,2,1,1,0,0,1,0,0,0,0,1,1,0,0,0,0,0
26,1,0,5469,9.8,2,3,5,3,3,5,16,0,1,10,46,6,14,3,3,0,0,0.0,1,0.5,2734.5,0.17090708,4.9,4.0,1.154700538,0,0.428571429,3.0,1,1,4.181818182,0,0,0,0,1.5,0,1,0,1,0,1,0,0,0,1,0,0,1,0,1,0,0,0,1,0
48,5,0,9203,8.9,3,3,3,5,3,2,64,0,0,30,93,4,11,5,5,1,0,0.0,1,1.666666667,3067.666667,0.562611012,1.483333333,3.25,1.258305739,0,0.363636364,0.666666667,1,1,3.0,1,-2,0,0,0.833333333,0,1,0,2,0,0,1,0,0,0,0,0,1,0,0,0,1,0,0,0
42,7,1,6871,12.6,2,4,3,3,2,3,53,0,0,26,86,3,9,3,6,0,0,0.125,1,3.5,3435.5,0.525493421,1.575,2.75,0.5,0,0.333333333,0.375,0,0,3.185185185,1,1,1,1,0.75,0,1,0,1,1,0,1,1,0,0,0,0,0,0,0,1,0,0,1,1
34,5,2,13313,13.6,4,3,4,4,5,2,56,0,1,8,27,6,4,4,7,1,0,0.333333333,1,1.25,3328.25,0.855792833,2.266666667,3.75,1.258305739,0,1.5,1.0,1,2,3.0,0,-1,0,0,1.166666667,0,0,0,3,0,1,0,0,1,0,0,0,0,0,1,0,0,0,0,0
33,6,3,8593,14.0,4,5,3,1,2,3,30,0,1,3,10,8,9,4,2,1,0,0.428571429,1,1.5,2148.25,0.652654867,2.0,2.25,0.957427108,1,0.888888889,1.142857143,0,1,2.5,0,1,1,1,0.285714286,0,1,0,1,1,0,1,0,0,1,0,0,1,0,1,0,0,0,0,0
25,3,3,9901,15.0,3,3,3,3,2,4,44,0,1,8,18,7,11,3,4,1,0,0.75,0,1.0,3300.333333,0.649866785,3.75,3.0,0.816496581,0,0.636363636,1.75,1,2,2.0,0,0,0,0,1.0,0,0,0,2,1,1,0,0,0,0,0,0,1,0,1,0,0,0,0,0
32,11,9,11828,11.1,4,3,3,4,3,5,23,0,0,12,48,4,5,2,5,1,0,0.75,1,2.75,2957.0,0.91869469,0.925,3.75,0.957427108,0,0.8,0.333333333,0,1,3.692307692,0,1,0,1,0.416666667,0,1,0,3,1,1,0,0,0,1,0,0,1,0,1,0,0,0,0,0
50,6,3,6958,13.8,3,2,3,4,2,4,42,1,0,10,43,3,10,3,12,1,1,0.428571429,1,2.0,2319.333333,0.391869469,1.971428571,3.25,0.957427108,0,0.3,0.428571429,0,2,3.909090909,0,-1,0,0,1.714285714,1,2,0,1,0,1,0,0,0,1,0,0,1,0,0,0,1,0,1,1
23,5,0,6232,11.5,2,1,4,3,3,4,0,0,1,11,38,2,4,1,3,1,0,0.0,1,2.5,3116.0,0.226740604,1.916666667,3.5,0.577350269,0,0.5,0.333333333,0,0,3.166666667,0,0,0,0,0.5,0,1,0,2,0,1,0,0,0,0,0,1,1,0,0,0,0,0,1,1
24,6,1,11264,18.5,3,3,5,2,3,2,37,0,1,14,51,5,6,3,5,1,0,0.142857143,1,2.0,3754.666667,0.70790378,2.642857143,3.0,1.414213562,0,0.833333333,0.714285714,1,2,3.4,0,0,0,0,0.714285714,0,0,0,2,0,0,0,0,1,0,0,0,0,0,0,0,0,0,0,0
43,4,1,5853,15.5,1,4,4,4,2,3,26,1,0,19,50,3,9,3,12,0,0,0.2,1,4.0,5853.0,0.066519391,3.1,3.25,0.957427108,0,0.333333333,0.6,1,3,2.5,0,1,1,1,2.4,1,2,0,1,0,0,1,0,1,0,0,0,1,0,0,1,0,0,1,1
30,4,4,8777,16.8,3,3,3,3,4,5,57,0,0,20,42,6,2,3,4,1,0,0.8,0,1.333333333,2925.666667,0.407830142,3.36,3.75,0.957427108,0,3.0,1.2,1,2,2.0,0,0,0,0,0.8,0,2,0,1,0,1,0,0,1,0,0,0,0,0,1,0,0,0,0,0
41,3,0,11440,11.0,2,3,4,4,2,3,20,0,1,32,115,6,2,3,7,0,0,0.0,1,1.5,5720.0,0.725085911,2.75,3.25,0.957427108,0,3.0,1.5,0,1,3.484848485,1,0,0,0,1.75,0,1,0,2,0,0,1,0,1,0,0,0,1,0,0,1,0,0,0,0
19,1,1,6062,10.9,2,3,4,1,4,4,21,0,1,20,56,2,5,3,7,1,0,0.5,0,0.5,3031.0,0.244469027,5.45,3.25,1.5,0,0.4,1.0,2,2,2.666666667,0,0,0,0,3.5,0,1,0,2,0,1,0,0,0,1,0,0,1,0,0,0,0,0,0,0
48,10,7,11044,19.2,2,3,2,3,2,4,44,0,0,8,32,6,2,4,5,0,0,0.636363636,1,5.0,5522.0,0.682866961,1.745454545,2.75,0.957427108,0,3.0,0.545454545,0,1,3.555555556,0,-1,0,0,0.454545455,0,1,0,3,1,1,0,0,1,0,0,0,1,0,0,0,1,0,1,1
30,0,0,4237,12.6,1,3,4,2,3,3,23,0,0,25,83,2,2,3,3,0,0,0.0,0,0.0,4237.0,0.061980033,12.6,3.0,0.816496581,0,1.0,2.0,0,1,3.192307692,1,0,0,0,3.0,0,2,0,2,1,0,1,0,0,0,1,0,1,0,1,0,0,0,0,0
42,3,3,11909,12.0,3,3,5,5,4,3,23,1,0,14,61,4,10,2,5,1,0,0.75,0,1.0,3969.666667,0.824600355,3.0,4.25,0.957427108,0,0.4,1.0,0,2,4.066666667,1,1,0,1,1.25,0,1,0,3,0,0,1,0,0,0,0,0,1,0,0,1,0,0,0,0
41,1,1,6822,13.8,2,3,4,5,3,3,20,1,0,19,60,4,15,2,8,0,0,0.5,0,0.5,3411.0,0.222468917,6.9,3.75,0.957427108,0,0.266666667,2.0,1,3,3.0,0,1,0,1,4.0,1,2,0,2,0,1,0,0,0,0,0,0,1,0,0,1,0,0,0,0
46,0,0,5248,16.9,2,4,4,3,1,3,56,1,0,10,42,4,5,4,8,0,0,0.0,0,0.0,2624.0,0.14159292,16.9,2.75,1.258305739,0,0.8,4.0,2,5,3.818181818,0,0,1,0,8.0,1,2,0,2,1,1,0,0,0,1,0,0,1,0,0,0,1,0,1,1
37,1,1,9468,15.8,2,4,2,3,3,3,62,0,0,5,18,4,14,5,5,0,0,0.5,0,0.5,4734.0,0.494599902,7.9,2.75,0.5,0,0.285714286,2.0,1,1,3.0,0,-1,1,0,2.5,0,1,0,2,1,1,0,0,1,0,0,0,1,0,0,1,0,0,1,1
36,5,0,7790,16.2,2,3,3,5,4,3,47,0,0,12,50,8,6,3,5,0,0,0.0,1,2.5,3895.0,0.360124334,2.7,3.75,0.957427108,0,1.333333333,1.333333333,1,2,3.846153846,0,0,0,0,0.833333333,0,1,0,1,0,1,0,0,0,0,0,0,1,0,0,1,0,0,1,1
33,1,0,10073,11.7,2,2,3,5,2,5,46,0,0,13,46,3,4,1,7,0,0,0.0,1,0.5,5036.5,0.572410407,5.85,3.75,1.5,0,0.75,1.5,1,2,3.285714286,0,1,0,1,3.5,0,0,0,3,1,0,1,0,1,0,0,0,0,0,1,0,0,0,0,0
22,0,0,7123,12.5,2,4,1,2,3,3,27,0,0,22,46,3,9,3,4,0,0,0.0,0,0.0,3561.5,0.495008319,12.5,2.25,0.957427108,1,0.333333333,3.0,0,0,2.0,0,1,1,1,4.0,0,2,0,3,1,0,1,0,0,0,1,0,1,0,0,0,0,0,1,1
45,2,0,4297,12.5,1,2,1,3,5,2,43,1,1,12,26,4,5,3,7,0,0,0.0,1,2.0,4297.0,0.066971714,4.166666667,2.75,1.707825128,0,0.8,1.333333333,1,4,2.0,0,-1,0,0,2.333333333,0,1,0,2,0,1,0,0,0,0,1,0,1,0,0,0,1,0,1,1
50,0,0,5580,15.2,1,4,4,4,4,2,29,0,1,10,33,3,11,3,3,0,1,0.0,0,0.0,5580.0,0.146642021,15.2,3.5,1.0,0,0.272727273,3.0,0,0,3.0,0,1,1,1,3.0,0,1,0,2,1,1,0,0,0,0,0,1,0,0,0,0,1,0,1,0
36,1,1,5985,12.9,1,4,3,5,2,4,14,0,1,19,70,2,12,1,7,1,0,0.5,0,1.0,5985.0,0.077442317,6.45,3.5,1.290994449,0,0.166666667,1.0,1,1,3.5,1,3,1,1,3.5,0,2,0,2,1,1,0,0,1,0,0,0,1,0,0,1,0,0,1,1
41,6,1,11569,13.3,4,3,3,3,3,3,58,1,0,17,72,6,6,3,10,1,0,0.142857143,1,1.5,2892.25,0.909845133,1.9,3.0,0.0,0,1.0,0.857142857,1,4,4.0,1,0,0,0,1.428571429,1,2,0,2,0,1,0,0,0,1,0,0,0,0,0,1,0,0,0,0
53,4,2,5699,14.2,2,3,3,5,4,3,21,0,1,9,27,5,5,3,6,1,1,0.4,1,2.0,2849.5,0.161737523,2.84,3.75,0.957427108,0,1.0,1.0,1,2,2.7,0,0,0,0,1.2,0,1,0,2,1,1,0,0,0,0,0,1,1,0,0,0,1,0,1,1
36,1,0,3850,13.3,1,3,3,2,4,4,27,0,1,2,7,6,2,4,5,0,0,0.0,1,1.0,3850.0,0.016943931,6.65,3.25,0.957427108,0,3.0,3.0,2,3,2.333333333,0,-1,0,0,2.5,0,1,0,2,1,0,1,0,0,0,0,1,0,0,0,1,0,0,0,1
40,14,2,11818,19.5,3,3,2,3,2,3,36,0,0,8,20,5,6,4,8,1,0,0.133333333,1,4.666666667,3939.333333,0.759204713,1.3,2.5,0.577350269,0,0.833333333,0.333333333,1,2,2.222222222,0,-1,0,0,0.533333333,1,1,0,2,0,0,1,0,1,0,0,0,0,1,0,1,0,0,0,0
33,7,6,9672,21.7,2,3,4,3,5,3,27,1,0,18,67,5,13,2,4,0,0,0.75,1,3.5,4836.0,0.523318606,2.7125,3.75,0.957427108,0,0.384615385,0.625,1,3,3.526315789,1,1,0,1,0.5,0,2,0,2,0,1,0,0,1,0,0,0,1,0,1,0,0,0,1,1
20,1,1,9683,18.0,3,4,2,2,2,3,25,0,0,12,26,4,15,4,3,1,0,0.5,0,0.333333333,3227.666667,0.721503389,9.0,2.25,0.5,1,0.266666667,2.0,1,1,2.0,0,0,1,0,1.5,0,1,0,3,1,1,0,0,0,0,0,1,1,0,0,0,0,0,0,0
22,4,2,11846,13.5,3,5,3,1,4,3,66,1,0,9,27,5,14,3,4,1,0,0.4,1,1.333333333,3948.666667,0.821047957,2.7,2.75,1.258305739,0,0.357142857,1.0,0,2,2.7,0,2,1,1,0.8,0,0,0,3,1,1,0,0,0,0,0,0,1,0,0,0,0,0,0,0
37,1,1,8953,16.3,2,4,2,2,1,2,37,0,1,22,87,4,14,5,3,0,0,0.5,0,0.5,4476.5,0.634473198,8.15,1.75,0.5,1,0.285714286,2.0,0,0,3.782608696,1,-1,1,0,1.5,0,2,0,3,0,1,0,0,0,0,0,1,0,1,0,1,0,0,0,0
33,6,4,9666,14.0,3,4,5,1,2,2,36,1,0,3,10,1,8,3,2,1,0,0.571428571,1,2.0,3222.0,0.721195317,2.0,2.5,1.732050808,0,0.125,0.142857143,0,2,2.5,0,1,1,1,0.285714286,0,1,0,2,1,0,1,0,0,0,0,1,1,0,1,0,0,0,0,0
39,6,3,9991,10.3,3,2,4,1,4,2,12,0,0,28,74,1,8,2,4,1,0,0.428571429,1,2.0,3330.333333,0.843178037,1.471428571,2.75,1.5,0,0.125,0.142857143,1,1,2.551724138,1,0,0,0,0.571428571,0,1,0,3,1,0,0,0,0,0,1,0,1,0,0,1,0,0,0,0
34,8,3,13581,18.4,3,4,4,4,2,2,30,0,1,6,11,5,10,5,2,1,0,0.333333333,1,2.666666667,4527.0,0.867206676,2.044444444,3.0,1.154700538,0,0.5,0.555555556,0,0,1.571428571,0,-1,1,0,0.222222222,0,0,0,2,1,0,1,0,1,0,0,0,1,0,1,0,0,0,0,0
25,2,2,7701,10.4,2,3,1,1,4,3,3,1,0,1,5,5,4,3,7,0,0,0.666666667,0,1.0,3850.5,0.533185841,3.466666667,2.25,1.5,1,1.25,1.666666667,1,4,2.5,0,0,0,0,2.333333333,0,1,1,2,1,1,0,0,0,1,0,0,0,1,1,0,0,0,0,0
38,8,6,11696,10.4,3,3,3,2,5,4,43,0,0,22,32,1,11,3,3,1,0,0.666666667,1,2.666666667,3898.666667,0.748649975,1.155555556,3.5,1.290994449,0,0.090909091,0.111111111,0,0,1.391304348,0,0,0,0,0.333333333,0,1,0,2,1,0,0,0,1,0,0,0,1,0,0,1,0,0,0,0
24,1,1,11314,12.6,3,5,3,2,3,4,37,0,0,15,42,8,12,4,10,1,0,0.5,0,0.333333333,3771.333333,0.939967105,6.3,3.0,0.816496581,0,0.666666667,4.0,1,2,2.625,0,1,1,1,5.0,1,1,0,3,0,1,0,1,0,0,0,0,1,0,0,0,0,0,0,0
36,4,4,9030,18.1,1,4,5,4,2,5,34,0,0,17,71,6,2,4,6,0,0,0.8,0,4.0,9030.0,0.708794248,3.62,4.0,1.414213562,0,3.0,1.2,1,2,3.944444444,1,0,1,0,1.2,0,2,0,3,0,1,0,0,0,1,0,0,0,0,0,1,0,0,1,1
39,9,9,11265,17.8,4,1,1,3,3,5,23,0,0,10,37,4,2,2,8,1,0,0.9,0,2.25,2816.25,0.919301165,1.78,3.0,1.632993162,0,2.0,0.4,1,2,3.363636364,0,-1,0,0,0.8,1,2,0,2,0,1,0,0,0,0,1,0,0,1,0,1,0,0,1,1
36,4,1,11071,12.4,3,2,4,4,5,4,52,0,0,15,40,3,8,3,3,1,0,0.2,1,1.333333333,3690.333333,0.687653412,2.48,4.25,0.5,0,0.375,0.6,1,1,2.5,0,-1,0,0,0.6,0,0,0,1,1,1,0,0,1,0,0,0,1,0,0,1,0,0,1,1
26,8,0,10934,17.8,4,4,3,3,5,3,32,0,0,9,26,6,9,4,6,1,0,0.0,1,2.0,2733.5,0.875553097,1.977777778,3.5,1.0,0,0.666666667,0.666666667,1,2,2.6,0,0,1,0,0.666666667,0,0,0,2,0,1,0,0,0,1,0,0,1,0,1,0,0,0,0,0
34,3,0,4898,13.9,2,3,5,3,2,3,22,0,1,17,31,7,7,4,3,0,0,0.0,1,1.5,2449.0,0.129783694,3.475,3.25,1.258305739,0,1.0,1.75,1,2,1.722222222,0,-1,0,0,0.75,0,1,0,1,1,1,0,0,0,0,1,0,1,0,1,0,0,0,0,1
34,2,2,7422,16.0,1,3,2,2,3,3,19,0,0,8,25,1,8,4,4,0,0,0.666666667,0,2.0,7422.0,0.222999509,5.333333333,2.5,0.577350269,0,0.125,0.333333333,1,1,2.777777778,0,-1,0,0,1.333333333,0,1,0,2,0,1,0,0,1,0,0,0,1,0,1,0,0,0,1,1
37,4,4,9984,14.4,3,2,3,3,3,1,54,0,1,18,33,4,10,1,1,1,0,0.8,0,1.333333333,3328.0,0.662966252,2.88,2.5,1.0,0,0.4,0.8,2,2,1.736842105,0,1,0,1,0.2,0,1,0,2,0,0,1,0,0,0,0,0,0,1,0,1,0,0,1,1
34,5,4,10490,15.9,3,3,3,3,4,3,16,0,0,9,13,2,4,3,6,1,0,0.666666667,1,1.666666667,3496.666667,0.719804618,2.65,3.25,0.5,0,0.5,0.333333333,2,2,1.3,0,0,0,0,1.0,0,1,0,2,1,1,0,0,0,0,0,0,1,0,1,0,0,0,0,0
30,2,0,5507,18.4,1,3,3,1,4,4,0,0,1,4,14,6,8,3,5,0,0,0.0,1,2.0,5507.0,0.224209651,6.133333333,3.0,1.414213562,0,0.75,2.0,2,3,2.8,0,0,0,0,1.666666667,0,1,0,3,0,1,0,0,0,0,1,0,1,0,1,0,0,0,0,1
47,7,7,11992,12.0,3,2,3,3,5,3,35,0,0,26,61,2,7,4,3,1,0,0.875,0,2.333333333,3997.333333,0.77233677,1.5,3.5,1.0,0,0.285714286,0.25,0,0,2.259259259,1,-2,0,0,0.375,0,2,0,3,0,0,1,0,1,0,0,0,1,0,0,0,1,0,1,0
25,1,0,4666,23.0,1,5,2,3,3,2,3,1,1,4,14,3,12,3,4,0,0,0.0,1,1.0,4666.0,0.058225508,11.5,2.5,0.577350269,0,0.25,1.5,0,2,2.8,0,2,1,1,2.0,0,1,0,2,0,1,0,0,0,0,0,1,0,0,1,0,0,0,1,1
33,15,1,11708,16.2,5,2,3,3,3,4,1,1,0,17,46,6,9,2,6,1,0,0.0625,1,3.0,2341.6,0.93718802,1.0125,3.25,0.5,0,0.666666667,0.375,1,4,2.555555556,0,0,0,0,0.375,0,0,0,2,1,1,0,0,0,0,1,0,1,0,1,0,0,0,0,1
41,0,0,9924,19.7,3,3,5,3,3,2,47,0,1,15,43,6,9,4,6,1,0,0.0,0,0.0,3308.0,0.744146642,19.7,3.25,1.258305739,0,0.666666667,6.0,1,2,2.6875,0,-1,0,0,6.0,0,0,0,1,0,0,1,0,0,0,0,1,1,0,0,1,0,0,0,0
39,5,2,9627,15.1,3,3,2,3,2,2,35,0,1,8,29,7,7,3,5,1,0,0.333333333,1,1.666666667,3209.0,0.517673049,2.516666667,2.25,0.5,1,1.0,1.166666667,1,2,3.222222222,0,0,0,0,0.833333333,0,1,0,2,1,1,0,0,1,0,0,0,0,0,0,1,0,0,0,0
46,3,0,6909,9.3,3,1,3,2,3,3,32,0,1,24,80,4,5,5,6,1,0,0.0,1,1.0,2303.0,0.234458259,2.325,2.75,0.5,0,0.8,1.0,0,1,3.2,1,-4,0,0,1.5,0,2,0,1,1,1,0,0,0,0,0,0,1,0,0,0,1,0,1,1
38,2,0,2983,12.5,1,2,2,2,4,4,12,0,1,21,69,3,4,4,6,1,0,0.0,1,2.0,2983.0,0.003696858,4.166666667,3.0,1.154700538,0,0.75,1.0,2,3,3.136363636,1,-2,0,0,2.0,0,2,0,1,0,0,0,0,0,0,0,1,1,0,0,1,0,0,1,1
38,4,1,6921,10.0,2,3,4,2,3,2,10,0,0,29,62,4,9,2,2,0,0,0.2,1,2.0,3460.5,0.162862052,2.0,2.75,0.957427108,0,0.444444444,0.8,2,2,2.066666667,1,1,0,1,0.4,0,2,0,1,1,1,0,0,1,0,0,0,0,1,0,1,0,0,1,1
32,4,3,7716,20.0,2,4,2,2,4,4,34,1,0,21,66,4,6,4,11,0,0,0.6,1,2.0,3858.0,0.347690941,4.0,3.0,1.154700538,0,0.666666667,0.8,1,4,3.0,1,0,1,0,2.2,1,3,0,2,0,1,0,0,0,0,0,0,0,1,1,0,0,0,1,1
54,4,2,7046,21.2,3,5,1,3,2,4,24,0,1,29,88,5,7,3,7,1,1,0.4,1,1.333333333,2348.666667,0.482529118,4.24,2.5,1.290994449,0,0.714285714,1.0,1,2,2.933333333,1,2,1,1,1.4,0,2,0,1,1,0,0,0,0,0,1,0,1,0,0,0,1,0,0,0
31,11,0,16361,19.9,4,4,4,4,5,5,37,0,0,24,81,3,14,5,6,1,0,0.0,1,2.75,4090.25,0.956308297,1.658333333,4.5,0.577350269,0,0.214285714,0.25,1,1,3.24,1,-1,1,0,0.5,0,1,0,3,0,1,0,0,1,0,0,0,1,0,1,0,0,0,0,0
46,2,0,5455,10.5,1,3,3,2,3,4,40,0,0,12,54,3,8,2,6,0,0,0.0,1,2.0,5455.0,0.040500736,3.5,3.0,0.816496581,0,0.375,1.0,1,1,4.153846154,0,1,0,1,2.0,0,1,0,2,1,0,0,0,1,0,0,0,1,0,0,0,1,0,1,1
32,4,1,5883,15.9,1,4,3,2,4,2,55,0,0,10,37,1,8,4,2,0,0,0.2,1,4.0,5883.0,0.182686383,3.18,2.75,0.957427108,0,0.125,0.2,1,1,3.363636364,0,0,1,0,0.4,0,1,0,2,1,1,0,0,0,0,0,1,1,0,1,0,0,0,1,1
31,13,7,8775,15.2,3,3,5,2,3,4,6,1,0,9,35,9,6,4,4,1,0,0.5,1,4.333333333,2925.0,0.737728785,1.085714286,3.5,1.290994449,0,1.5,0.642857143,1,4,3.5,0,-1,0,0,0.285714286,0,1,0,1,0,0,0,0,0,0,1,0,1,0,1,0,0,0,0,0
26,4,1,8576,12.1,2,4,2,1,4,4,32,0,0,22,93,10,12,3,5,1,0,0.2,1,2.0,4288.0,0.711730449,2.42,2.75,1.5,0,0.833333333,2.0,1,2,4.043478261,1,1,1,1,1.0,0,1,0,4,0,1,0,0,0,0,1,0,0,1,1,0,0,0,1,1
23,4,0,10055,11.7,3,1,3,4,3,4,74,0,1,18,55,2,5,3,8,1,0,0.0,1,1.333333333,3351.666667,0.570324006,2.34,3.5,0.577350269,0,0.4,0.4,1,1,2.894736842,0,-2,0,0,1.6,1,1,0,2,0,1,0,0,1,0,0,0,0,1,0,0,0,0,1,0
31,3,0,6492,19.0,2,3,1,1,3,1,34,1,0,11,35,4,6,2,6,0,0,0.0,1,1.5,3246.0,0.383735441,4.75,1.5,1.0,1,0.666666667,1.0,1,4,2.916666667,0,1,0,1,1.5,0,2,1,2,1,1,0,0,0,0,1,0,0,1,1,0,0,0,1,1
30,4,3,7238,14.9,3,3,3,3,3,3,69,1,0,39,117,3,12,3,8,1,0,0.6,1,1.333333333,2412.666667,0.285523979,2.98,3.0,0.0,0,0.25,0.6,2,4,2.925,1,0,0,0,1.6,1,3,0,1,0,1,0,0,0,0,0,0,0,1,1,0,0,0,1,0
40,0,0,4861,17.3,1,3,4,2,1,3,23,0,1,51,106,5,7,3,7,0,0,0.0,0,0.0,4861.0,0.07008626,17.3,2.5,1.290994449,0,0.714285714,5.0,1,2,2.038461538,1,0,0,0,7.0,0,2,0,3,1,0,1,0,0,0,0,1,1,0,0,1,0,0,0,1
18,0,0,8344,13.4,1,3,5,4,4,4,70,1,1,8,20,3,15,4,2,0,0,0.0,0,0.0,8344.0,0.347079038,13.4,4.25,0.5,0,0.2,3.0,0,2,2.222222222,0,-1,0,0,2.0,0,1,0,3,0,1,0,0,1,0,0,0,1,0,0,0,0,0,1,1
22,4,4,8982,13.4,2,3,2,2,1,3,57,0,1,14,48,3,8,2,8,0,0,0.8,0,2.0,4491.0,0.435076092,2.68,2.0,0.816496581,1,0.375,0.6,0,0,3.2,0,1,0,1,1.6,1,4,0,2,1,0,0,0,1,0,0,0,1,0,0,0,0,0,1,1
33,5,3,6779,18.1,2,4,2,3,5,1,16,0,1,12,38,5,13,3,4,0,0,0.5,1,2.5,3389.5,0.21625222,3.016666667,2.75,1.707825128,0,0.384615385,0.833333333,0,0,2.923076923,0,1,1,1,0.666666667,0,1,0,1,0,1,0,0,0,0,0,0,1,0,1,0,0,0,1,1
48,5,4,8149,15.1,2,3,3,5,4,3,50,1,0,4,7,4,9,3,4,0,0,0.666666667,1,2.5,4074.5,0.411856128,2.516666667,3.75,0.957427108,0,0.444444444,0.666666667,2,4,1.4,0,0,0,0,0.666666667,0,2,0,1,1,1,0,0,0,0,0,0,0,0,0,0,1,0,1,1
35,12,5,14400,15.7,4,4,3,4,2,3,14,0,0,14,63,2,7,4,2,1,0,0.384615385,1,3.0,3600.0,0.90353461,1.207692308,3.0,0.816496581,0,0.285714286,0.153846154,1,1,4.2,1,0,1,0,0.153846154,0,1,0,2,0,0,0,0,1,0,0,0,0,0,0,1,0,0,0,0
46,7,6,8612,21.5,2,3,1,2,4,3,24,0,1,13,50,4,6,4,5,0,0,0.75,1,3.5,4306.0,0.71672213,2.6875,2.5,1.290994449,0,0.666666667,0.5,2,3,3.571428571,0,-1,0,0,0.625,0,1,0,3,0,0,1,0,0,0,1,0,1,0,0,0,1,0,1,1
42,3,3,8206,16.7,2,3,2,4,3,3,24,0,0,10,26,4,6,4,3,1,0,0.75,0,1.5,4103.0,0.420293073,4.175,3.0,0.816496581,0,0.666666667,1.0,2,3,2.363636364,0,-1,0,0,0.75,0,1,0,3,0,0,1,0,0,0,0,0,1,0,0,1,0,0,1,0
38,0,0,6838,14.5,1,4,3,1,3,4,33,0,0,29,94,5,5,3,5,1,0,0.0,0,0.0,6838.0,0.152307315,14.5,2.75,1.258305739,0,1.0,5.0,0,1,3.133333333,1,1,1,1,5.0,0,2,0,2,0,0,0,0,1,0,0,0,1,0,0,1,0,0,0,0
32,3,0,7900,10.0,3,2,3,3,4,4,36,0,0,5,16,5,7,3,8,1,0,0.0,1,1.0,2633.333333,0.487677141,2.5,3.5,0.577350269,0,0.714285714,1.25,1,2,2.666666667,0,-1,0,0,2.0,1,2,0,1,0,1,0,0,0,0,0,1,1,0,1,0,0,0,1,1
23,1,1,3420,20.0,1,4,5,3,3,4,39,0,1,39,138,5,14,1,6,1,0,0.5,0,1.0,3420.0,0.008934073,10.0,3.75,0.957427108,0,0.357142857,2.5,0,0,3.45,1,3,1,1,3.0,0,2,0,1,1,0,1,0,0,0,0,1,1,0,0,0,0,0,1,1
30,6,3,14615,19.0,3,3,1,2,5,2,36,0,1,8,36,3,8,1,4,1,0,0.428571429,1,2.0,4871.666667,0.943605684,2.714285714,2.5,1.732050808,0,0.375,0.428571429,0,0,4.0,0,2,0,1,0.571428571,0,0,0,4,1,1,0,0,0,0,0,0,1,0,1,0,0,0,0,0
25,2,0,6913,17.2,2,4,4,2,4,1,39,0,0,14,19,4,14,1,7,0,0,0.0,1,1.0,3456.5,0.162125675,5.733333333,2.75,1.5,0,0.285714286,1.333333333,2,2,1.266666667,0,3,1,1,2.333333333,0,1,0,2,1,1,0,0,1,0,0,0,1,0,1,0,0,0,0,0
20,2,2,7171,13.5,2,5,3,3,3,5,40,1,1,28,81,1,8,3,6,0,0,0.666666667,0,1.0,3585.5,0.367837338,4.5,3.5,1.0,0,0.125,0.333333333,2,4,2.793103448,1,2,1,1,2.0,0,2,0,1,1,1,0,0,0,0,0,1,1,0,0,0,0,0,1,1
42,18,9,14966,23.5,4,5,5,3,5,2,4,0,1,17,36,4,6,5,4,1,0,0.473684211,1,4.5,3741.5,0.924153166,1.236842105,3.75,1.5,0,0.666666667,0.210526316,2,3,2.0,0,0,1,0,0.210526316,0,0,0,2,0,0,1,0,1,0,0,0,1,0,0,1,0,0,0,0
35,1,1,4691,18.4,1,3,4,3,4,1,38,0,1,19,47,4,9,2,4,0,0,0.5,0,1.0,4691.0,0.104825291,9.2,3.0,1.414213562,0,0.444444444,2.0,1,1,2.35,0,1,0,1,2.0,0,1,0,2,0,1,0,0,0,0,1,0,1,0,0,1,0,0,0,1
52,10,3,17167,15.8,4,4,3,4,3,2,38,1,0,7,19,4,2,4,11,1,1,0.272727273,1,2.5,4291.75,0.98357016,1.436363636,3.0,0.816496581,0,2.0,0.363636364,1,4,2.375,0,0,1,0,1.0,1,1,0,3,1,0,0,0,0,0,0,0,1,0,0,0,1,0,0,0
37,3,2,12495,18.4,3,4,3,5,4,3,24,0,0,9,35,11,3,4,5,1,0,0.5,1,1.0,4165.0,0.808296514,4.6,3.75,0.957427108,0,3.666666667,2.75,2,3,3.5,0,0,1,0,1.25,0,0,0,3,0,1,0,0,1,0,0,0,1,0,0,1,0,0,0,0
23,0,0,9189,17.6,2,4,5,5,2,2,42,1,1,12,36,3,10,1,9,0,0,0.0,0,0.0,4594.5,0.729535398,17.6,3.5,1.732050808,0,0.3,3.0,2,4,2.769230769,0,3,1,1,9.0,1,1,0,3,1,0,0,0,0,1,0,0,1,0,0,0,0,0,0,0
26,1,0,3872,20.6,1,4,1,4,1,3,40,1,0,13,22,7,5,2,8,0,0,0.0,1,1.0,3872.0,0.018176217,10.3,2.25,1.5,1,1.4,3.5,2,5,1.571428571,0,2,1,1,4.0,1,3,1,1,1,1,0,0,0,0,0,1,0,1,1,0,0,0,0,1
35,6,3,10016,9.1,3,4,4,3,1,1,27,0,0,15,51,3,8,4,3,1,0,0.428571429,1,2.0,3338.666667,0.565537555,1.3,2.25,1.5,1,0.375,0.428571429,2,2,3.1875,0,0,1,0,0.428571429,0,1,0,1,1,1,0,0,1,0,0,0,1,0,0,1,0,0,0,0
60,8,1,11163,15.7,4,4,3,5,1,3,12,0,1,46,131,4,9,2,4,1,1,0.111111111,1,2.0,2790.75,0.850893407,1.744444444,3.0,1.632993162,0,0.444444444,0.444444444,1,1,2.787234043,1,2,1,1,0.444444444,0,1,0,2,1,0,1,0,0,0,0,1,1,0,0,0,0,1,0,0
31,10,7,10269,18.4,3,5,3,3,3,3,33,0,0,10,25,3,9,1,11,1,0,0.636363636,1,3.333333333,3423.0,0.781577326,1.672727273,3.0,0.0,0,0.333333333,0.272727273,0,0,2.272727273,0,4,1,1,1.0,1,2,0,2,1,0,1,0,0,0,0,1,1,0,1,0,0,0,0,0
49,0,0,4540,17.5,1,3,5,4,4,2,59,0,1,1,5,1,15,2,4,0,0,0.0,0,0.0,4540.0,0.088602329,17.5,3.75,1.258305739,0,0.066666667,1.0,1,1,2.5,0,1,0,1,4.0,0,1,0,3,0,1,0,0,0,0,1,0,0,0,0,0,1,0,0,1
30,2,2,5374,17.5,1,5,5,4,3,4,51,0,0,30,112,9,3,3,4,0,0,0.666666667,0,2.0,5374.0,0.037309769,5.833333333,4.0,0.816496581,0,3.0,3.0,1,2,3.612903226,1,2,1,1,1.333333333,0,2,0,2,1,0,1,0,1,0,0,0,0,0,1,0,0,0,0,1
27,6,1,7722,18.7,2,4,2,4,3,4,49,1,0,15,51,4,12,3,6,0,0,0.142857143,1,3.0,3861.0,0.460720887,2.671428571,3.25,0.957427108,0,0.333333333,0.571428571,0,2,3.1875,0,1,1,1,0.857142857,0,1,0,2,1,0,0,0,0,0,0,1,1,0,1,0,0,0,1,1
37,0,0,3581,10.7,1,2,5,3,4,4,39,0,0,10,26,5,7,5,7,0,0,0.0,0,0.0,3581.0,0.011090573,10.7,4.0,0.816496581,0,0.714285714,5.0,1,2,2.363636364,0,-3,0,0,7.0,0,1,0,2,0,1,0,0,0,0,0,1,0,1,0,1,0,0,1,1
26,3,1,8795,15.9,2,3,4,5,1,1,41,0,1,31,88,4,11,3,3,0,0,0.25,1,1.5,4397.5,0.613524338,3.975,2.75,2.061552813,0,0.363636364,1.0,1,1,2.75,1,0,0,0,0.75,0,1,0,3,0,0,1,0,0,0,0,1,0,0,1,0,0,0,0,0
22,3,0,5922,18.8,2,4,3,3,4,5,38,0,0,6,24,5,7,4,3,0,0,0.0,1,1.5,2961.0,0.295549085,4.7,3.75,0.957427108,0,0.714285714,1.25,1,2,3.428571429,0,0,1,0,0.75,0,1,0,2,1,0,0,0,0,0,1,0,0,0,0,0,0,0,1,1
30,1,0,11151,16.1,2,4,2,3,4,3,72,0,0,22,75,4,3,2,7,0,0,0.0,1,0.5,5575.5,0.697839961,8.05,3.0,0.816496581,0,1.333333333,2.0,1,2,3.260869565,1,2,1,1,3.5,0,1,0,3,1,0,0,0,1,0,0,0,1,0,1,0,0,0,0,0
31,0,0,7734,17.9,1,5,2,2,3,3,42,1,1,9,26,1,9,4,5,0,0,0.0,0,0.0,7734.0,0.260800196,17.9,2.5,0.577350269,0,0.111111111,1.0,1,3,2.6,0,1,1,1,5.0,0,1,0,2,1,0,0,0,1,0,0,0,0,1,1,0,0,0,0,0
26,4,0,5826,17.4,1,5,4,4,5,2,31,0,0,13,41,1,13,4,6,1,0,0.0,1,4.0,5826.0,0.279118136,3.48,3.75,1.258305739,0,0.076923077,0.2,0,0,2.928571429,0,1,1,1,1.2,0,1,0,2,1,0,0,0,0,0,1,0,1,0,1,0,0,0,1,1
37,4,3,6176,18.2,1,5,3,4,3,5,0,0,0,15,52,4,9,3,6,0,0,0.6,1,4.0,6176.0,0.090819833,3.64,3.75,0.957427108,0,0.444444444,0.8,0,0,3.25,0,2,1,1,1.2,0,1,0,1,1,1,0,0,1,0,0,0,1,0,0,1,0,0,1,1
30,4,0,9931,11.2,3,3,4,3,3,4,16,0,1,9,39,5,9,3,4,1,0,0.0,1,1.333333333,3310.333333,0.556210113,2.24,3.5,0.577350269,0,0.555555556,1.0,0,1,3.9,0,0,0,0,0.8,0,0,0,2,1,1,0,0,1,0,0,0,1,0,1,0,0,0,0,0
28,1,0,7271,9.3,1,1,3,3,1,3,6,0,0,27,100,2,4,3,7,1,0,0.0,1,1.0,7271.0,0.202503682,4.65,2.5,1.0,0,0.5,1.0,0,0,3.571428571,1,-2,0,0,3.5,0,2,0,3,1,1,0,0,1,0,0,0,1,0,1,0,0,0,1,1
42,6,3,11588,15.5,2,3,2,4,3,5,33,1,0,31,67,4,2,3,13,1,0,0.428571429,1,3.0,5794.0,0.738340697,2.214285714,3.5,1.290994449,0,2.0,0.571428571,1,4,2.09375,1,0,0,0,1.857142857,1,2,0,3,1,0,1,0,1,0,0,0,0,0,0,1,0,0,1,1
40,4,3,11532,15.5,3,3,3,5,5,2,9,0,0,8,27,8,7,3,3,1,0,0.6,1,1.333333333,3844.0,0.733922435,3.1,3.75,1.5,0,1.142857143,1.6,0,1,3.0,0,0,0,0,0.6,0,0,0,2,0,0,1,0,1,0,0,0,1,0,0,1,0,0,0,0
37,0,0,7587,8.3,1,2,4,3,2,4,41,0,0,10,26,8,4,2,6,0,0,0.0,0,0.0,7587.0,0.244231713,8.3,3.25,0.957427108,0,2.0,8.0,2,3,2.363636364,0,0,0,0,6.0,0,1,0,2,1,0,1,0,1,0,0,0,1,0,0,1,0,0,1,1
37,15,1,14536,17.3,4,2,1,3,4,2,41,0,1,22,91,3,3,4,3,1,0,0.0625,1,3.75,3634.0,0.910039273,1.08125,2.5,1.290994449,0,1.0,0.1875,0,1,3.956521739,1,-2,0,0,0.1875,0,1,0,2,0,0,1,0,1,0,0,0,1,0,0,1,0,0,0,1
40,1,1,5643,16.8,1,3,3,3,4,3,29,0,0,7,24,3,11,3,4,1,0,0.5,0,1.0,5643.0,0.154959951,8.4,3.25,0.5,0,0.272727273,1.5,1,1,3.0,0,0,0,0,2.0,0,1,0,2,0,0,1,0,0,0,0,1,1,0,0,1,0,0,0,0
41,6,3,8684,17.8,3,3,2,3,3,2,61,1,0,1,5,6,10,3,7,1,0,0.428571429,1,2.0,2894.666667,0.392979872,2.542857143,2.5,0.577350269,0,0.6,0.857142857,1,4,2.5,0,0,0,0,1.0,0,1,0,1,1,0,1,0,1,0,0,0,0,0,0,1,0,0,1,1
35,1,1,5453,15.2,2,3,1,3,4,4,63,0,1,17,68,4,4,4,6,1,0,0.5,0,0.5,2726.5,0.215058236,7.6,3.0,1.414213562,0,1.0,2.0,1,2,3.777777778,1,-1,0,0,3.0,0,2,0,2,1,0,0,0,0,0,1,0,1,0,0,1,0,0,1,0
45,10,7,11498,14.2,3,3,1,3,5,5,22,0,0,5,17,6,12,4,7,1,0,0.636363636,1,3.333333333,3832.666667,0.730608738,1.290909091,3.5,1.914854216,0,0.5,0.545454545,0,0,2.833333333,0,-1,0,0,0.636363636,0,1,0,2,0,1,0,0,1,0,0,0,1,0,0,0,1,0,0,0
38,9,4,15724,15.0,4,3,3,2,3,3,23,0,0,7,24,2,7,4,5,1,0,0.4,1,2.25,3931.0,0.943789887,1.5,2.75,0.5,0,0.285714286,0.2,1,1,3.0,0,-1,0,0,0.5,0,1,0,3,1,0,1,0,1,0,0,0,1,0,0,1,0,0,0,0
29,0,0,6638,15.4,1,4,4,4,4,4,63,0,0,36,101,2,8,3,8,1,0,0.0,0,0.0,6638.0,0.200488455,15.4,4.0,0.0,0,0.25,2.0,0,0,2.72972973,1,1,1,1,8.0,1,3,0,3,1,1,0,0,0,0,0,0,1,0,1,0,0,0,0,1
44,1,1,2860,13.6,1,3,5,4,4,3,17,0,0,14,56,9,7,4,3,1,0,0.5,0,1.0,2860.0,0.007903494,6.8,4.0,0.816496581,0,1.285714286,4.5,1,2,3.733333333,0,-1,0,0,1.5,0,1,0,2,1,0,1,0,0,0,1,0,0,1,0,1,0,0,0,0
45,11,0,13292,9.4,4,3,2,3,1,4,74,0,0,8,22,3,7,4,3,1,0,0.0,1,2.75,3323.0,0.854688267,0.783333333,2.5,1.290994449,0,0.428571429,0.25,1,1,2.444444444,0,-1,0,0,0.25,0,0,0,2,1,1,0,0,1,0,0,0,0,0,0,0,1,0,0,0
40,0,0,5860,21.6,1,3,3,3,2,3,58,0,0,11,29,4,12,5,2,1,0,0.0,0,0.0,5860.0,0.284109817,21.6,2.75,0.5,0,0.333333333,4.0,1,1,2.416666667,0,-2,0,0,2.0,0,1,0,3,1,0,1,0,0,0,1,0,1,0,0,1,0,0,0,0
34,4,0,10665,12.8,3,3,4,3,3,3,33,1,0,13,44,1,15,4,12,1,0,0.0,1,1.333333333,3555.0,0.643102602,2.56,3.25,0.5,0,0.066666667,0.2,1,3,3.142857143,0,-1,0,0,2.4,1,1,0,2,0,1,0,0,1,0,0,0,1,0,1,0,0,0,0,0
49,4,4,8907,19.3,3,5,4,4,1,4,16,1,0,23,82,1,2,5,10,1,0,0.8,0,1.333333333,2969.0,0.797697368,3.86,3.25,1.5,0,0.5,0.2,0,2,3.416666667,1,0,1,0,2.0,1,3,0,2,0,0,1,1,0,0,0,0,1,0,0,0,1,0,0,0
35,17,4,9459,18.2,4,4,3,2,5,2,40,1,0,12,45,8,12,4,6,1,0,0.222222222,1,4.25,2364.75,0.753318584,1.011111111,3.0,1.414213562,0,0.666666667,0.444444444,0,3,3.461538462,0,0,1,0,0.333333333,0,0,0,1,0,1,0,0,0,1,0,0,1,0,0,1,0,0,0,0
28,9,3,7022,10.2,2,3,3,3,3,3,20,0,0,20,58,3,6,3,7,0,0,0.3,1,4.5,3511.0,0.477329451,1.02,3.0,0.0,0,0.5,0.3,0,0,2.761904762,0,0,0,0,0.7,0,1,0,2,1,0,1,0,0,0,1,0,1,0,1,0,0,0,1,1
39,0,0,10965,17.3,2,3,4,1,3,4,30,0,1,11,47,4,9,4,8,0,0,0.0,0,0.0,5482.5,0.674766814,17.3,3.0,1.414213562,0,0.444444444,4.0,2,2,3.916666667,0,-1,0,0,8.0,1,1,0,4,0,0,0,0,1,0,0,0,1,0,0,1,0,0,0,0
26,8,3,15627,16.4,4,3,4,3,4,5,49,1,0,8,26,5,2,3,5,1,0,0.333333333,1,2.0,3906.75,0.963143872,1.822222222,4.0,0.816496581,0,2.5,0.555555556,2,5,2.888888889,0,0,0,0,0.555555556,0,0,0,4,0,0,1,0,0,0,0,0,0,1,1,0,0,0,0,0
23,5,0,6763,17.6,3,3,5,3,3,1,26,0,0,5,14,8,7,4,5,1,0,0.0,1,1.666666667,2254.333333,0.427620632,2.933333333,3.0,1.632993162,0,1.142857143,1.333333333,0,1,2.333333333,0,-1,0,0,0.833333333,0,1,0,2,0,1,0,0,0,0,1,0,1,0,0,0,0,0,0,0
29,6,2,13073,12.8,5,3,4,1,4,4,15,1,0,8,31,1,2,4,6,1,0,0.285714286,1,1.2,2614.6,0.976973684,1.828571429,3.25,1.5,0,0.5,0.142857143,0,2,3.444444444,0,-1,0,0,0.857142857,0,0,0,3,0,1,0,1,0,0,0,0,0,0,1,0,0,0,0,0
39,10,4,14614,12.9,4,4,3,5,3,3,32,0,0,12,53,4,14,3,6,1,0,0.363636364,1,2.5,3653.5,0.91335297,1.172727273,3.5,1.0,0,0.285714286,0.363636364,2,2,4.076923077,0,1,1,1,0.545454545,0,1,0,2,1,0,1,0,1,0,0,0,1,0,0,1,0,0,0,0
23,5,5,12231,15.0,3,3,2,3,3,4,39,1,1,6,27,3,10,3,6,1,0,0.833333333,0,1.666666667,4077.0,0.949667221,2.5,3.0,0.816496581,0,0.3,0.5,1,3,3.857142857,0,0,0,0,1.0,0,1,0,4,0,0,1,0,0,0,1,0,1,0,0,0,0,0,0,0
42,9,2,4777,15.3,2,3,3,4,4,4,9,0,0,21,56,5,7,1,8,0,0,0.2,1,4.5,2388.5,0.162828947,1.53,3.75,0.5,0,0.714285714,0.5,2,3,2.545454545,0,2,0,1,0.8,1,2,0,1,1,0,1,1,0,0,0,0,1,0,0,1,0,0,1,1
34,14,10,10625,12.2,3,3,3,5,3,5,31,0,0,14,54,5,12,2,5,1,0,0.666666667,1,4.666666667,3541.666667,0.884775374,0.813333333,4.0,1.154700538,0,0.416666667,0.333333333,1,1,3.6,0,1,0,1,0.333333333,0,1,0,2,1,1,0,0,0,0,1,0,1,0,1,0,0,0,0,0
20,0,0,8302,10.5,3,4,3,3,4,4,63,1,1,21,52,1,9,3,10,1,0,0.0,0,0.0,2767.333333,0.736019737,10.5,3.5,0.577350269,0,0.111111111,1.0,1,3,2.363636364,0,1,1,1,10.0,1,1,0,2,0,0,1,1,0,0,0,0,1,0,0,0,0,0,0,0
24,2,1,6910,17.6,2,4,3,4,5,3,29,0,0,26,85,3,5,3,4,0,0,0.333333333,1,1.0,3455.0,0.460066556,5.866666667,3.75,0.957427108,0,0.6,1.0,1,2,3.148148148,1,1,1,1,1.333333333,0,2,0,2,1,1,0,0,0,0,1,0,1,0,0,0,0,0,1,0
26,3,3,5558,12.2,1,4,3,3,1,3,7,0,1,7,18,4,5,3,3,1,0,0.75,0,3.0,5558.0,0.143715342,3.05,2.5,1.0,0,0.8,1.0,0,1,2.25,0,1,1,1,0.75,0,1,0,2,0,1,0,0,0,0,0,1,0,1,1,0,0,0,1,1
26,1,1,8197,12.0,2,3,2,4,5,2,14,0,0,3,7,5,5,4,8,0,0,0.5,0,0.5,4098.5,0.601216814,6.0,3.25,1.5,0,1.0,2.5,1,2,1.75,0,-1,0,0,4.0,1,1,0,3,1,1,0,0,0,1,0,0,1,0,1,0,0,0,0,0
40,14,14,11571,10.3,4,3,5,3,3,3,49,0,0,34,108,4,11,4,5,1,0,0.933333333,0,3.5,2892.75,0.873382625,0.686666667,3.5,1.0,0,0.363636364,0.266666667,0,0,3.085714286,1,-1,0,0,0.333333333,0,2,0,2,1,1,0,0,0,0,0,1,1,0,0,1,0,0,0,0
46,4,1,9721,20.2,3,3,4,1,3,3,33,0,0,8,24,4,3,3,8,1,0,0.2,1,1.333333333,3240.333333,0.531664212,4.04,2.75,1.258305739,0,1.333333333,0.8,1,2,2.666666667,0,0,0,0,1.6,1,1,0,2,0,1,0,0,1,0,0,0,1,0,0,0,1,0,0,0
44,2,0,10001,12.4,2,3,3,5,3,5,0,0,0,8,28,8,10,2,3,0,0,0.0,1,1.0,5000.5,0.665630551,4.133333333,4.0,1.154700538,0,0.8,2.666666667,2,3,3.111111111,0,1,0,1,1.0,0,0,0,3,1,0,0,0,0,0,0,0,1,0,0,1,0,0,0,0
36,3,0,14056,20.4,4,4,4,3,3,3,39,0,1,17,51,2,12,3,4,1,0,0.0,1,0.75,3514.0,0.929396092,5.1,3.25,0.5,0,0.166666667,0.5,1,1,2.833333333,0,1,1,1,1.0,0,0,0,3,1,1,0,0,0,0,0,0,0,0,0,1,0,0,0,0
29,1,0,6925,14.8,2,3,2,3,2,3,41,0,1,14,44,3,7,5,4,0,0,0.0,1,0.5,3462.5,0.1634757,7.4,2.5,0.577350269,0,0.428571429,1.5,1,1,2.933333333,0,-2,0,0,2.0,0,1,0,1,0,0,1,0,1,0,0,0,0,0,1,0,0,0,0,1
36,12,5,17219,13.6,5,3,4,4,3,4,57,0,1,10,33,5,8,4,7,1,0,0.384615385,1,2.4,3443.8,0.968826706,1.046153846,3.75,0.5,0,0.625,0.384615385,1,2,3.0,0,-1,0,0,0.538461538,0,1,0,2,0,1,0,0,1,0,0,0,0,0,0,1,0,0,0,0
18,0,0,4818,20.6,1,3,3,4,3,3,8,1,1,15,31,6,2,5,5,0,0,0.0,0,0.0,4818.0,0.016691213,20.6,3.25,0.5,0,3.0,6.0,1,4,1.9375,0,-2,0,0,5.0,0,1,0,1,1,1,0,0,1,0,0,0,1,0,0,0,0,0,1,1
35,5,5,4611,12.4,1,4,3,3,1,1,52,0,0,13,33,2,7,2,4,0,0,0.833333333,0,5.0,4611.0,0.054528651,2.066666667,2.0,1.154700538,1,0.285714286,0.333333333,0,0,2.357142857,0,2,1,1,0.666666667,0,3,0,1,0,0,1,0,0,0,0,1,0,1,0,1,0,0,1,1
41,2,2,9657,15.8,2,2,3,2,2,3,61,0,0,17,41,6,8,1,5,0,0,0.666666667,0,1.0,4828.5,0.520864016,5.266666667,2.5,0.577350269,0,0.75,2.0,1,2,2.277777778,0,1,0,1,1.666666667,0,0,0,3,1,0,1,0,1,0,0,0,1,0,0,1,0,0,1,0
23,5,1,9560,16.0,2,4,1,3,3,3,4,0,0,31,91,2,3,5,6,0,0,0.166666667,1,2.5,4780.0,0.76659292,2.666666667,2.5,1.0,0,0.666666667,0.333333333,1,2,2.84375,1,-1,1,0,1.0,0,1,0,3,0,1,0,0,0,1,0,0,1,0,0,0,0,0,1,0
38,6,0,6315,17.0,1,3,2,2,3,2,38,0,0,16,36,8,3,4,7,0,0,0.0,1,6.0,6315.0,0.099656357,2.428571429,2.25,0.5,1,2.666666667,1.142857143,2,3,2.117647059,0,-1,0,0,1.0,0,2,0,2,1,0,1,0,1,0,0,0,1,0,0,1,0,0,1,1
32,5,2,11045,19.4,3,4,3,3,5,4,26,1,0,7,22,6,11,4,8,1,0,0.333333333,1,1.666666667,3681.666667,0.68311242,3.233333333,3.75,0.957427108,0,0.545454545,1.0,2,5,2.75,0,0,1,0,1.333333333,1,1,0,2,1,1,0,0,1,0,0,0,1,0,1,0,0,0,0,0
45,6,0,9529,20.7,3,5,5,2,4,2,70,0,1,11,32,5,7,3,3,1,0,0.0,1,2.0,3176.333333,0.847039474,2.957142857,3.25,1.5,0,0.714285714,0.714285714,0,1,2.666666667,0,2,1,1,0.428571429,0,0,0,2,1,1,0,1,0,0,0,0,1,0,0,0,1,0,0,0
35,1,1,4679,16.9,1,2,1,3,2,4,50,0,1,22,47,4,10,3,8,0,0,0.5,0,1.0,4679.0,0.059149723,8.45,2.5,1.290994449,0,0.4,2.0,2,2,2.043478261,0,-1,0,0,4.0,1,2,0,1,1,0,0,0,0,0,0,1,0,0,0,1,0,0,1,1
37,8,1,16620,14.5,3,4,3,3,2,3,46,0,1,12,39,4,10,5,9,1,0,0.111111111,1,2.666666667,5540.0,0.960235641,1.611111111,2.75,0.5,0,0.4,0.444444444,0,0,3.0,0,-1,1,0,1.0,1,1,0,4,1,0,1,0,1,0,0,0,1,0,0,1,0,0,0,0
30,2,1,5181,20.9,1,4,5,3,3,3,49,1,0,31,95,4,5,3,8,0,0,0.333333333,1,2.0,5181.0,0.132743363,6.966666667,3.5,1.0,0,0.8,1.333333333,1,4,2.96875,1,1,1,1,2.666666667,1,3,0,1,0,0,1,0,0,1,0,0,1,0,1,0,0,0,1,0
41,2,2,6686,16.9,2,3,4,3,3,3,35,0,0,12,39,1,6,5,6,0,0,0.666666667,0,1.0,3343.0,0.206927176,5.633333333,3.25,0.5,0,0.166666667,0.333333333,1,1,3.0,0,-2,0,0,2.0,0,1,0,1,1,0,1,0,0,0,0,0,1,0,0,1,0,0,0,1
42,1,1,7827,16.2,3,4,3,2,3,4,64,0,1,23,81,4,9,2,2,1,0,0.5,0,0.333333333,2609.0,0.365008881,8.1,3.0,0.816496581,0,0.444444444,2.0,2,2,3.375,1,2,1,1,1.0,0,2,0,1,1,1,0,0,0,0,0,0,1,0,0,1,0,0,0,0
34,2,2,9126,14.1,3,3,3,3,3,3,16,0,1,12,30,1,8,3,6,1,0,0.666666667,0,0.666666667,3042.0,0.553730018,4.7,3.0,0.0,0,0.125,0.333333333,1,1,2.307692308,0,0,0,0,2.0,0,0,0,2,1,0,0,0,0,0,0,0,1,0,1,0,0,0,0,0
21,0,0,7767,15.5,2,4,2,4,3,2,38,0,1,4,13,4,4,4,7,0,0,0.0,0,0.0,3883.5,0.357460036,15.5,2.75,0.957427108,0,1.0,4.0,1,2,2.6,0,0,1,0,7.0,0,1,0,3,0,0,1,0,0,0,0,0,1,0,0,0,0,0,0,0
36,17,10,10405,14.7,4,5,3,2,2,2,23,0,1,22,69,2,11,2,5,1,0,0.555555556,1,4.25,2601.25,0.792359827,0.816666667,2.25,0.5,1,0.181818182,0.111111111,1,1,3.0,1,3,1,1,0.277777778,0,3,0,1,0,1,0,0,0,0,0,1,1,0,0,1,0,0,0,0
33,12,0,18056,14.5,5,4,1,2,4,3,0,0,0,5,20,7,11,2,5,1,0,0.0,1,2.4,3611.2,0.978154148,1.115384615,2.5,1.290994449,0,0.636363636,0.538461538,1,2,3.333333333,0,2,1,1,0.384615385,0,0,0,2,1,1,0,0,1,0,0,0,1,0,1,0,0,0,0,0
49,28,14,17033,16.6,5,3,3,5,3,5,68,1,0,12,45,3,3,5,5,1,0,0.482758621,1,5.6,3406.6,0.992298213,0.572413793,4.0,1.154700538,0,1.0,0.103448276,0,3,3.461538462,0,-2,0,0,0.172413793,0,1,0,3,1,0,0,0,0,0,0,1,1,0,0,0,1,0,0,0
41,1,1,5329,19.5,1,3,4,2,4,5,47,0,0,8,26,4,7,5,5,0,0,0.5,0,1.0,5329.0,0.035714286,9.75,3.75,1.258305739,0,0.571428571,2.0,1,2,2.888888889,0,-2,0,0,2.5,0,1,0,2,1,0,1,0,1,0,0,0,1,0,0,1,0,0,1,1
24,1,0,8926,19.8,3,4,4,2,3,5,14,1,1,1,5,3,2,3,8,1,0,0.0,1,0.333333333,2975.333333,0.754575707,9.9,3.5,1.290994449,0,1.5,1.5,1,4,2.5,0,1,1,1,4.0,1,1,0,2,1,1,0,0,0,0,1,0,1,0,0,0,0,0,0,0
32,6,5,9043,17.4,3,5,4,4,1,4,46,1,0,16,65,6,4,4,5,1,0,0.714285714,1,2.0,3014.333333,0.445262641,2.485714286,3.25,1.5,0,1.5,0.857142857,0,3,3.823529412,1,1,1,1,0.714285714,0,3,0,2,0,1,0,0,1,0,0,0,1,0,1,0,0,0,0,1
37,6,3,12291,10.0,3,3,4,4,5,4,27,0,0,7,22,6,11,3,5,1,0,0.428571429,1,2.0,4097.0,0.795532646,1.428571429,4.25,0.5,0,0.545454545,0.857142857,1,2,2.75,0,0,0,0,0.714285714,0,0,0,2,0,1,0,0,1,0,0,0,1,0,0,1,0,0,0,0
31,4,0,5242,8.3,1,3,4,2,5,4,44,1,0,7,25,1,13,4,9,0,0,0.0,1,4.0,5242.0,0.109673444,1.66,3.75,1.258305739,0,0.076923077,0.2,2,4,3.125,0,-1,0,0,1.8,1,2,0,2,1,0,1,0,0,0,0,1,0,0,1,0,0,0,1,1
36,12,11,12715,10.3,4,3,2,2,3,2,24,0,1,21,76,5,3,1,3,1,0,0.846153846,1,3.0,3178.75,0.820078547,0.792307692,2.25,0.5,1,1.666666667,0.384615385,1,2,3.454545455,1,2,0,1,0.230769231,0,3,0,2,1,0,1,0,1,0,0,0,1,0,0,1,0,0,0,0
27,5,3,6306,17.0,2,3,3,3,4,3,8,0,1,25,99,6,6,3,4,0,0,0.5,1,2.5,3153.0,0.425164474,2.833333333,3.25,0.5,0,1.0,1.0,0,1,3.807692308,1,0,0,0,0.666666667,0,2,0,1,0,1,0,1,0,0,0,0,1,0,1,0,0,0,1,1
24,4,1,5689,16.6,2,3,1,3,3,4,25,0,0,14,30,6,12,2,5,0,0,0.2,1,2.0,2844.5,0.25374376,3.32,2.75,1.258305739,0,0.5,1.2,1,1,2.0,0,1,0,1,1.0,0,1,0,1,0,0,1,0,0,0,1,0,1,0,0,0,0,0,1,1
38,1,1,5966,19.8,1,5,3,5,4,4,35,0,0,10,40,4,10,4,5,0,0,0.5,0,1.0,5966.0,0.365131579,9.9,4.0,0.816496581,0,0.4,2.0,1,1,3.636363636,0,1,1,1,2.5,0,1,0,2,0,0,1,1,0,0,0,0,1,0,0,1,0,0,0,0
45,3,1,9934,20.9,3,3,2,3,4,3,16,0,0,19,56,6,12,3,3,1,0,0.25,1,1.0,3311.333333,0.80835177,5.225,3.0,0.816496581,0,0.5,1.5,1,1,2.8,0,0,0,0,0.75,0,0,0,2,1,0,1,0,0,1,0,0,1,0,0,0,1,0,0,0
35,3,2,12502,12.4,3,2,3,5,2,1,82,0,0,24,87,1,8,4,5,1,0,0.5,1,1.0,4167.333333,0.809278351,3.1,2.75,1.707825128,0,0.125,0.25,1,1,3.48,1,-2,0,0,1.25,0,1,0,4,1,0,0,0,1,0,0,0,0,0,0,1,0,0,0,0
43,0,0,7149,11.6,1,3,2,2,2,3,52,1,0,20,51,5,8,3,7,0,0,0.0,0,0.0,7149.0,0.188880707,11.6,2.25,0.5,1,0.625,5.0,1,4,2.428571429,0,0,0,0,7.0,0,2,1,4,1,0,1,0,1,0,0,0,1,0,0,1,0,0,0,1
40,5,4,7714,16.9,2,5,3,3,3,4,55,1,0,21,85,4,8,5,7,0,0,0.666666667,1,2.5,3857.0,0.53539823,2.816666667,3.25,0.5,0,0.5,0.666666667,1,3,3.863636364,1,0,1,0,1.166666667,0,2,0,2,0,0,1,0,0,1,0,0,0,1,0,1,0,0,1,1
28,3,3,5639,20.1,2,4,2,3,3,3,34,0,1,6,15,2,7,4,4,1,0,0.75,0,1.5,2819.5,0.300164474,5.025,2.75,0.5,0,0.285714286,0.5,0,0,2.142857143,0,0,1,0,1.0,0,1,0,2,0,1,0,1,0,0,0,0,1,0,1,0,0,0,0,1
28,2,2,9225,13.0,3,2,1,1,4,4,19,0,0,34,126,6,7,4,7,1,0,0.666666667,0,0.666666667,3075.0,0.668669131,4.333333333,2.5,1.732050808,0,0.857142857,2.0,0,1,3.6,1,-2,0,0,2.333333333,0,1,0,2,1,0,1,0,0,0,0,1,1,0,1,0,0,0,0,0
44,7,0,11124,11.8,3,3,3,2,4,4,58,0,1,17,58,3,2,5,5,1,0,0.0,1,2.333333333,3708.0,0.694894453,1.475,3.25,0.957427108,0,1.5,0.375,0,1,3.222222222,0,-2,0,0,0.625,0,0,0,2,1,0,1,0,1,0,0,0,1,0,0,1,0,0,0,0
37,14,9,10126,12.8,3,3,5,3,2,2,14,1,1,20,84,6,14,2,2,1,0,0.6,1,4.666666667,3375.333333,0.766019717,0.853333333,3.0,1.414213562,0,0.428571429,0.4,2,4,4.0,1,1,0,1,0.133333333,0,2,0,2,1,0,1,0,0,0,0,1,0,0,0,1,0,0,0,0
27,1,0,6636,14.0,2,3,5,3,2,2,60,0,0,14,57,1,17,4,6,0,0,0.0,1,0.5,3318.0,0.19982238,7.0,3.0,1.414213562,0,0.058823529,0.5,2,2,3.8,0,-1,0,0,3.0,0,1,0,2,1,0,1,0,0,0,0,0,1,0,1,0,0,0,0,1
47,1,0,7088,12.6,2,4,3,3,2,3,46,0,1,12,46,1,4,3,5,0,0,0.0,1,0.5,3544.0,0.489600666,6.3,2.75,0.5,0,0.25,0.5,1,1,3.538461538,0,1,1,1,2.5,0,1,0,2,1,0,0,0,0,0,1,0,0,0,0,0,1,0,0,0
49,2,2,7913,17.8,2,3,3,5,3,3,19,0,1,20,68,2,5,2,7,0,0,0.666666667,0,1.0,3956.5,0.488601356,5.933333333,3.5,1.0,0,0.4,0.666666667,0,0,3.238095238,1,1,0,1,2.333333333,0,2,0,2,0,1,0,0,0,0,0,1,1,0,0,0,1,0,0,0
31,1,0,4755,15.7,1,3,3,2,3,3,9,0,0,12,41,2,5,4,7,1,0,0.0,1,1.0,4755.0,0.063154652,7.85,2.75,0.5,0,0.4,1.0,1,1,3.153846154,0,-1,0,0,3.5,0,1,0,1,1,1,0,0,0,0,0,1,0,0,1,0,0,0,1,0
46,8,4,11170,12.7,3,5,4,3,2,3,51,0,0,8,26,9,12,4,5,1,0,0.444444444,1,2.666666667,3723.333333,0.85150955,1.411111111,3.0,0.816496581,0,0.75,1.0,0,1,2.888888889,0,1,1,1,0.555555556,0,1,0,3,0,1,0,0,0,0,0,1,0,1,0,0,1,0,0,0
37,6,3,8949,15.8,3,2,4,1,3,2,22,1,1,10,38,3,6,5,10,1,0,0.428571429,1,2.0,2983.0,0.633703019,2.257142857,2.5,1.290994449,0,0.5,0.428571429,1,3,3.454545455,0,-3,0,0,1.428571429,1,1,0,3,1,0,1,0,0,0,0,1,1,0,0,1,0,0,0,1
30,6,4,7336,13.0,2,3,4,4,3,4,33,0,0,4,14,6,7,3,11,0,0,0.571428571,1,3.0,3668.0,0.46460177,1.857142857,3.75,0.5,0,0.857142857,0.857142857,1,2,2.8,0,0,0,0,1.571428571,1,3,0,2,1,1,0,0,0,1,0,0,1,0,1,0,0,0,1,1
40,1,1,7408,16.4,2,4,4,3,3,2,44,0,1,10,31,1,5,3,4,1,0,0.5,0,0.5,3704.0,0.477876106,8.2,3.0,0.816496581,0,0.2,0.5,1,1,2.818181818,0,1,1,1,2.0,0,1,0,2,0,0,1,0,0,1,0,0,1,0,0,1,0,0,1,0
41,1,0,8104,17.5,2,4,3,4,2,3,46,0,0,15,57,8,11,3,8,0,0,0.0,1,0.5,4052.0,0.313082965,8.75,3.0,0.816496581,0,0.727272727,4.0,1,2,3.5625,0,1,1,1,4.0,1,2,0,1,1,1,0,0,1,0,0,0,1,0,0,1,0,0,0,0
29,0,0,8638,15.2,3,3,4,4,5,2,31,0,1,3,8,5,15,3,4,1,0,0.0,0,0.0,2879.333333,0.387334315,15.2,3.75,1.258305739,0,0.333333333,5.0,2,2,2.0,0,0,0,0,4.0,0,1,0,1,0,1,0,0,1,0,0,0,0,0,1,0,0,0,1,1
28,2,0,8613,10.8,2,4,4,3,4,5,54,0,1,12,42,8,9,3,7,0,0,0.0,1,1.0,4306.5,0.590573013,3.6,4.0,0.816496581,0,0.888888889,2.666666667,1,2,3.230769231,0,1,1,1,2.333333333,0,0,0,3,0,0,1,0,0,0,0,1,1,0,1,0,0,0,0,0
45,2,2,7662,19.6,1,3,5,1,3,3,33,0,0,12,44,7,10,3,4,0,0,0.666666667,0,2.0,7662.0,0.253068238,6.533333333,3.0,1.632993162,0,0.7,2.333333333,1,2,3.384615385,0,0,0,0,1.333333333,0,1,0,3,1,0,1,0,1,0,0,0,1,0,0,0,1,0,1,1
39,9,0,5898,15.6,2,3,3,1,5,4,24,1,0,24,91,5,7,4,5,0,0,0.0,1,4.5,2949.0,0.290765391,1.56,3.25,1.707825128,0,0.714285714,0.5,1,4,3.64,1,-1,0,0,0.5,0,2,0,1,1,1,0,0,0,0,1,0,1,0,0,1,0,0,1,1
42,10,5,10153,16.6,3,2,4,3,4,4,47,0,1,34,110,2,2,2,2,1,0,0.454545455,1,3.333333333,3384.333333,0.582106038,1.509090909,3.75,0.5,0,1.0,0.181818182,0,1,3.142857143,1,0,0,0,0.181818182,0,2,0,2,1,0,1,0,1,0,0,0,1,0,0,1,0,0,0,1
19,1,0,6139,18.7,1,5,1,2,3,5,35,0,0,20,67,9,4,5,2,0,0,0.0,1,1.0,6139.0,0.215341959,9.35,2.75,1.707825128,0,2.25,4.5,1,2,3.19047619,1,0,1,0,1.0,0,2,0,3,1,1,0,0,0,0,0,1,1,0,0,0,0,0,1,1
40,10,4,11733,18.9,4,4,2,1,3,3,42,0,0,21,83,5,10,1,7,1,0,0.363636364,1,2.5,2933.25,0.751840943,1.718181818,2.25,0.957427108,1,0.5,0.454545455,0,0,3.772727273,1,3,1,1,0.636363636,0,3,0,2,1,0,1,0,1,0,0,0,0,1,0,1,0,0,0,0
37,4,0,5379,11.3,2,3,4,3,2,3,35,0,1,9,27,3,11,3,5,0,0,0.0,1,2.0,2689.5,0.253289474,2.26,3.0,0.816496581,0,0.272727273,0.6,2,2,2.7,0,0,0,0,1.0,0,1,0,2,1,1,0,1,0,0,0,0,1,0,0,1,0,0,1,1
47,1,1,6761,17.2,1,3,3,4,4,3,28,0,1,9,27,5,8,3,3,0,0,0.5,0,1.0,6761.0,0.214031972,8.6,3.5,0.577350269,0,0.625,2.5,1,2,2.7,0,0,0,0,1.5,0,1,0,2,0,0,1,0,0,0,0,0,1,0,0,0,1,0,1,1
33,5,0,6933,16.2,1,5,3,4,4,3,38,0,0,21,64,2,10,3,10,1,0,0.0,1,5.0,6933.0,0.540296053,2.7,3.5,0.577350269,0,0.2,0.333333333,1,1,2.909090909,1,2,1,1,1.666666667,1,2,0,4,0,0,0,1,0,0,0,0,0,0,1,0,0,0,1,1
35,14,6,8781,16.8,4,4,4,1,4,4,45,0,1,22,58,1,11,2,6,1,0,0.4,1,3.5,2195.25,0.786184211,1.12,3.25,1.5,0,0.090909091,0.066666667,1,1,2.52173913,0,2,1,1,0.4,0,0,0,1,0,1,0,1,0,0,0,0,1,0,0,1,0,0,0,0
32,2,0,8270,18.1,2,4,2,2,3,5,52,1,0,18,70,3,5,3,5,0,0,0.0,1,1.0,4135.0,0.336401571,6.033333333,3.0,1.414213562,0,0.6,1.0,0,3,3.684210526,1,1,1,1,1.666666667,0,2,0,2,1,0,1,0,1,0,0,0,0,0,1,0,0,0,1,0
52,7,7,10065,16.7,2,4,4,4,2,4,25,0,0,8,15,3,5,3,3,1,1,0.875,0,3.5,5032.5,0.571551301,2.0875,3.5,1.0,0,0.6,0.375,0,1,1.666666667,0,1,1,1,0.375,0,1,0,2,1,0,0,0,1,0,0,0,1,0,0,0,1,0,1,1
41,0,0,5393,15.0,1,4,3,3,3,5,46,1,1,3,7,5,8,5,2,0,0,0.0,0,0.0,5393.0,0.203202995,15.0,3.5,1.0,0,0.625,5.0,1,4,1.75,0,-1,1,0,2.0,0,1,0,2,1,1,0,0,0,0,1,0,1,0,0,1,0,0,1,0
22,4,3,8233,15.7,2,5,5,4,4,1,13,0,1,3,13,3,2,3,3,0,0,0.6,1,2.0,4116.5,0.426509769,3.14,3.5,1.732050808,0,1.5,0.6,1,2,3.25,0,2,1,1,0.6,0,1,0,2,1,0,1,0,0,0,0,0,0,1,0,0,0,0,1,1
39,2,0,4795,15.8,2,4,5,3,3,3,0,0,0,17,48,5,7,5,3,0,0,0.0,1,1.0,2397.5,0.167763158,5.266666667,3.5,1.0,0,0.714285714,1.666666667,2,3,2.666666667,0,-1,1,0,1.0,0,1,0,2,0,1,0,1,0,0,0,0,1,0,0,1,0,0,1,1
25,0,0,5787,12.2,1,3,4,3,5,5,17,0,0,23,84,8,7,3,3,1,0,0.0,0,0.0,5787.0,0.212389381,12.2,4.25,0.957427108,0,1.142857143,8.0,1,2,3.5,1,0,0,0,3.0,0,2,0,3,0,0,1,0,0,1,0,0,1,0,1,0,0,0,0,0
23,1,1,8261,11.5,2,3,2,3,2,1,33,0,1,9,31,5,8,3,5,0,0,0.5,0,0.5,4130.5,0.612002212,5.75,2.0,0.816496581,1,0.625,2.5,1,2,3.1,0,0,0,0,2.5,0,1,0,2,1,0,1,0,0,1,0,0,1,0,0,0,0,0,0,0
30,1,0,9229,10.4,3,3,5,3,4,4,33,1,0,3,7,3,10,3,10,1,0,0.0,1,0.333333333,3076.333333,0.56616341,5.2,4.0,0.816496581,0,0.3,1.5,1,3,1.75,0,0,0,0,5.0,1,1,0,1,0,1,0,0,0,0,0,0,1,0,1,0,0,0,0,0
35,0,0,7453,8.9,2,3,4,3,5,3,36,0,1,6,18,4,2,3,6,0,0,0.0,0,0.0,3726.5,0.48534292,8.9,3.75,0.957427108,0,2.0,4.0,2,3,2.571428571,0,0,0,0,6.0,0,1,0,2,1,1,0,0,0,1,0,0,1,0,0,1,0,0,1,0
31,3,1,5705,17.2,2,3,3,3,3,4,67,0,1,21,71,2,15,4,1,0,0,0.25,1,1.5,2852.5,0.310855263,4.3,3.25,0.5,0,0.133333333,0.5,0,0,3.227272727,1,-1,0,0,0.25,0,2,0,1,0,0,1,1,0,0,0,0,0,1,1,0,0,0,0,1
23,5,3,5457,14.5,1,3,4,2,4,2,40,0,1,16,74,5,12,3,6,0,0,0.5,1,5.0,5457.0,0.077708703,2.416666667,3.0,1.154700538,0,0.416666667,0.833333333,1,1,4.352941176,1,0,0,0,1.0,0,2,0,2,1,1,0,0,0,0,0,0,1,0,0,0,0,0,1,1
52,2,2,10427,12.7,3,3,4,3,3,1,49,1,0,21,68,1,7,3,7,1,1,0.666666667,0,0.666666667,3475.666667,0.796056685,4.233333333,2.75,1.258305739,0,0.142857143,0.333333333,1,3,3.090909091,1,0,0,0,2.333333333,0,1,0,3,1,0,1,0,0,0,0,1,1,0,0,0,1,0,0,0
23,5,0,14091,17.2,3,3,1,3,1,3,4,0,0,7,21,8,8,3,7,1,0,0.0,1,1.666666667,4697.0,0.889788905,2.866666667,2.0,1.154700538,1,1.0,1.333333333,1,2,2.625,0,0,0,0,1.166666667,0,1,0,4,0,0,1,0,1,0,0,0,1,0,0,0,0,0,0,0
41,2,1,5846,10.0,2,2,4,2,3,2,58,0,1,8,33,2,12,4,3,1,0,0.333333333,1,1.0,2923.0,0.17775724,3.333333333,2.75,0.957427108,0,0.166666667,0.666666667,0,0,3.666666667,0,-2,0,0,1.0,0,1,0,2,1,1,0,0,0,0,0,1,1,0,0,1,0,0,1,1
37,1,0,7008,11.3,3,1,4,4,3,1,55,0,1,36,140,5,7,3,10,1,0,0.0,1,0.333333333,2336.0,0.170225822,5.65,3.0,1.414213562,0,0.714285714,2.5,1,2,3.783783784,1,-2,0,0,5.0,1,3,0,2,0,0,1,0,1,0,0,0,1,0,0,1,0,0,1,1
48,4,1,5082,19.5,1,4,4,2,4,5,14,0,0,7,18,5,4,3,5,0,0,0.2,1,4.0,5082.0,0.092421442,3.9,3.75,1.258305739,0,1.25,1.0,0,1,2.25,0,1,1,1,1.0,0,1,0,1,0,1,0,0,0,0,0,1,1,0,0,0,1,0,1,1
47,14,14,16873,15.5,5,2,2,2,3,2,59,0,1,14,56,2,9,3,5,1,0,0.933333333,0,2.8,3374.6,0.963426608,1.033333333,2.25,0.5,1,0.222222222,0.133333333,1,1,3.733333333,0,-1,0,0,0.333333333,0,2,0,2,0,1,0,0,1,0,0,0,1,0,0,0,1,0,0,0
32,8,0,11331,15.5,3,3,3,3,2,2,42,0,0,15,46,4,2,3,5,1,0,0.0,1,2.666666667,3777.0,0.861367837,1.722222222,2.5,0.577350269,0,2.0,0.444444444,1,2,2.875,0,0,0,0,0.555555556,0,0,0,2,1,1,0,0,0,0,0,1,0,1,1,0,0,0,0,0
58,6,0,7155,18.5,2,4,5,4,4,1,44,0,1,2,5,7,14,3,10,0,1,0.0,1,3.0,3577.5,0.500207987,2.642857143,3.5,1.732050808,0,0.5,1.0,1,1,1.666666667,0,1,1,1,1.428571429,1,1,0,2,1,0,1,0,0,0,1,0,0,0,0,0,0,1,0,1
23,4,1,7144,16.4,2,4,4,3,4,4,35,0,0,14,38,3,5,3,2,1,0,0.2,1,2.0,3572.0,0.362908195,3.28,3.75,0.5,0,0.6,0.6,2,3,2.533333333,0,1,1,1,0.4,0,1,0,2,1,1,0,0,0,0,0,1,1,0,0,0,0,0,1,1
25,1,1,6773,16.7,2,2,1,5,3,3,23,0,1,18,40,3,10,3,1,0,0,0.5,0,0.5,3386.5,0.506578947,8.35,3.0,1.632993162,0,0.3,1.5,1,1,2.105263158,0,-1,0,0,0.5,0,0,0,2,0,0,1,1,0,0,0,0,1,0,1,0,0,0,0,1
28,0,0,9842,27.5,2,4,3,5,3,3,37,0,1,12,25,3,17,1,3,0,0,0.0,0,0.0,4921.0,0.545164458,27.5,3.5,1.0,0,0.176470588,3.0,1,1,1.923076923,0,3,1,1,3.0,0,0,0,3,0,0,1,0,1,0,0,0,0,1,1,0,0,0,0,0
36,14,2,12488,16.3,5,3,3,4,3,4,27,0,0,9,31,3,13,3,3,1,0,0.133333333,1,2.8,2497.6,0.94579646,1.086666667,3.5,0.577350269,0,0.230769231,0.2,1,1,3.1,0,0,0,0,0.2,0,0,0,2,1,1,0,0,0,1,0,0,1,0,0,1,0,0,0,0
45,6,4,9714,18.0,4,3,3,3,3,4,15,1,1,29,78,4,5,3,10,1,0,0.571428571,1,1.5,2428.5,0.822795341,2.571428571,3.25,0.5,0,0.8,0.571428571,2,5,2.6,1,0,0,0,1.428571429,1,3,0,2,1,1,0,0,0,0,1,0,1,0,0,0,1,0,0,0
32,1,1,5960,17.9,2,3,4,3,2,4,29,0,0,39,111,1,8,3,4,0,0,0.5,0,0.5,2980.0,0.19254467,8.95,3.25,0.957427108,0,0.125,0.5,0,0,2.775,1,0,0,0,2.0,0,2,0,1,1,0,1,0,0,0,0,1,0,0,1,0,0,0,1,0
54,14,3,20582,18.2,5,5,5,3,5,4,8,1,1,11,40,4,4,3,8,1,1,0.2,1,2.8,4116.4,0.996563574,1.213333333,4.25,0.957427108,0,1.0,0.266666667,1,4,3.333333333,0,2,1,1,0.533333333,1,1,0,3,1,0,1,0,1,0,0,0,0,1,0,0,1,0,0,0
31,0,0,4379,13.1,2,3,4,2,2,2,12,0,0,16,46,6,10,3,12,0,0,0.0,0,0.0,2189.5,0.073211314,13.1,2.5,1.0,0,0.6,6.0,1,2,2.705882353,0,0,0,0,12.0,1,2,0,1,1,0,1,0,0,0,1,0,1,0,1,0,0,0,0,0
39,8,8,4561,16.9,1,3,4,5,1,4,55,0,0,4,13,2,10,3,5,1,0,0.888888889,0,8.0,4561.0,0.052064079,1.877777778,3.5,1.732050808,0,0.2,0.222222222,2,2,2.6,0,0,0,0,0.555555556,0,2,0,1,1,0,1,0,0,0,0,1,0,0,0,1,0,0,1,1
30,2,2,7645,22.2,2,4,3,3,3,5,30,1,0,2,8,3,2,4,2,0,0,0.666666667,0,1.0,3822.5,0.336589698,7.4,3.5,1.0,0,1.5,1.0,2,5,2.666666667,0,0,1,0,0.666666667,0,1,0,2,0,1,0,0,0,0,0,0,1,0,1,0,0,0,0,1
25,7,7,9205,14.8,4,4,5,3,5,3,53,1,0,16,58,6,12,1,13,1,0,0.875,0,1.75,2301.25,0.730641593,1.85,4.0,1.154700538,0,0.5,0.75,1,3,3.411764706,0,3,1,1,1.625,1,2,0,1,0,1,0,0,0,1,0,0,1,0,1,0,0,0,0,0
34,1,1,9713,17.8,3,4,5,3,1,3,35,0,0,30,80,4,12,3,4,1,0,0.5,0,0.333333333,3237.666667,0.630106572,8.9,3.0,1.632993162,0,0.333333333,2.0,1,1,2.580645161,1,1,1,1,2.0,0,1,0,1,0,1,0,0,0,0,0,0,1,0,1,0,0,0,0,0
50,2,2,9754,13.3,3,2,4,1,3,3,46,0,1,10,27,7,7,5,6,1,1,0.666666667,0,0.666666667,3251.333333,0.728897104,4.433333333,2.75,1.258305739,0,1.0,2.333333333,0,1,2.454545455,0,-3,0,0,2.0,0,0,0,3,1,0,1,0,0,0,0,1,1,0,0,0,1,0,1,0
33,8,0,11229,18.2,4,4,3,4,2,2,31,0,0,6,19,7,9,3,8,1,0,0.0,1,2.0,2807.25,0.892699115,2.022222222,2.75,0.957427108,0,0.777777778,0.777777778,1,2,2.714285714,0,1,1,1,0.888888889,1,1,0,3,1,0,0,0,0,1,0,0,1,0,1,0,0,0,0,0
49,5,4,8333,8.8,3,2,3,4,2,4,25,0,0,4,14,3,10,4,8,1,0,0.666666667,1,1.666666667,2777.666667,0.740131579,1.466666667,3.25,0.957427108,0,0.3,0.5,2,2,2.8,0,-2,0,0,1.333333333,1,2,0,3,0,1,0,1,0,0,0,0,1,0,0,0,1,0,1,1
35,5,5,10473,14.6,3,3,4,4,3,3,13,0,0,6,26,5,3,3,6,1,0,0.833333333,0,1.666666667,3491.0,0.718472469,2.433333333,3.5,0.577350269,0,1.666666667,0.833333333,1,2,3.714285714,0,0,0,0,1.0,0,1,0,2,0,0,0,0,0,0,0,0,1,0,0,1,0,0,0,0
32,6,3,12963,9.7,4,2,2,4,1,3,16,0,0,4,17,4,5,2,4,1,0,0.428571429,1,1.5,3240.75,0.836892489,1.385714286,2.5,1.290994449,0,0.8,0.571428571,1,2,3.4,0,0,0,0,0.571428571,0,0,0,2,0,1,0,0,1,0,0,0,1,0,1,0,0,0,1,1
39,1,0,8689,12.1,2,3,4,2,4,3,5,1,1,23,60,5,9,3,8,0,0,0.0,1,0.5,4344.5,0.494005329,6.05,3.25,0.957427108,0,0.555555556,2.5,1,4,2.5,0,0,0,0,4.0,1,2,0,3,0,1,0,0,0,0,0,0,1,0,0,1,0,0,0,0
39,0,0,6569,10.6,1,3,2,4,3,4,62,1,1,22,60,4,6,3,8,0,0,0.0,0,0.0,6569.0,0.123097693,10.6,3.25,0.957427108,0,0.666666667,4.0,0,3,2.608695652,0,0,0,0,8.0,1,2,0,2,1,1,0,0,1,0,0,0,0,1,0,1,0,0,1,0
24,5,2,8439,12.0,2,2,3,3,3,2,42,0,1,17,42,9,8,3,6,1,0,0.333333333,1,2.5,4219.5,0.454262877,2.0,2.75,0.5,0,1.125,1.5,1,2,2.333333333,0,-1,0,0,1.0,0,1,0,2,1,0,1,0,0,0,0,0,1,0,0,0,0,0,1,1
25,1,0,8827,18.6,2,4,4,4,5,4,40,0,1,18,45,5,10,4,2,1,0,0.0,1,0.5,4413.5,0.413843888,9.3,4.25,0.5,0,0.5,2.5,0,0,2.368421053,0,0,1,0,1.0,0,1,0,2,1,1,0,0,1,0,0,0,1,0,1,0,0,0,1,0
30,0,0,6086,14.1,1,4,2,1,5,3,46,0,1,16,67,6,6,5,3,0,0,0.0,0,0.0,6086.0,0.136323268,14.1,2.75,1.707825128,0,1.0,6.0,2,3,3.941176471,1,-1,1,0,3.0,0,2,0,2,0,0,1,0,0,0,0,0,1,0,1,0,0,0,1,0
42,9,2,12441,13.5,4,3,4,3,3,3,38,1,0,25,62,2,6,3,8,1,0,0.2,1,2.25,3110.25,0.805105547,1.35,3.25,0.5,0,0.333333333,0.2,1,3,2.384615385,1,0,0,0,0.8,1,2,0,1,1,0,1,0,1,0,0,0,0,0,0,1,0,0,0,0
56,6,5,10084,14.2,2,4,4,3,5,2,84,1,1,4,7,5,4,1,11,0,1,0.714285714,1,3.0,5042.0,0.760012323,2.028571429,3.5,1.290994449,0,1.25,0.714285714,1,4,1.4,0,3,1,1,1.571428571,1,1,0,3,0,1,0,0,0,0,0,1,1,0,0,0,0,1,1,1
32,3,1,6950,16.7,2,3,3,4,3,3,8,0,0,8,26,5,16,3,6,1,0,0.25,1,1.5,3475.0,0.165439372,4.175,3.25,0.5,0,0.3125,1.25,0,0,2.888888889,0,0,0,0,1.5,0,1,0,1,1,1,0,0,1,0,0,0,1,0,1,0,0,0,0,1
36,5,2,10552,7.5,2,3,1,2,5,1,54,0,1,5,7,5,7,2,3,0,0,0.333333333,1,2.5,5276.0,0.806223044,1.25,2.25,1.892969449,1,0.714285714,0.833333333,1,2,1.166666667,0,1,0,1,0.5,0,1,0,3,1,0,1,0,0,0,0,1,1,0,0,1,0,0,1,1
44,0,0,5786,14.0,1,3,5,3,3,4,28,0,1,9,29,5,13,3,8,0,0,0.0,0,0.0,5786.0,0.061732941,14.0,3.75,0.957427108,0,0.384615385,5.0,1,1,2.9,0,0,0,0,8.0,1,2,0,1,1,0,1,0,1,0,0,0,1,0,0,1,0,0,1,1
60,6,0,6623,13.4,2,5,2,3,3,4,37,1,1,5,19,2,15,3,10,0,1,0.0,1,3.0,3311.5,0.128375061,1.914285714,3.0,0.816496581,0,0.133333333,0.285714286,0,2,3.166666667,0,2,1,1,1.428571429,1,2,0,1,1,1,0,0,1,0,0,0,1,0,0,0,0,1,1,1
46,0,0,4979,20.8,1,5,3,2,2,3,62,1,1,30,108,1,5,3,4,0,0,0.0,0,0.0,4979.0,0.141430948,20.8,2.5,0.577350269,0,0.2,1.0,2,4,3.483870968,1,2,1,1,4.0,0,2,0,2,1,1,0,0,0,0,1,0,1,0,0,0,1,0,0,1
31,1,1,8593,14.9,2,5,3,3,3,4,18,0,0,13,23,4,13,4,8,0,0,0.5,0,0.5,4296.5,0.476465364,7.45,3.25,0.5,0,0.307692308,2.0,1,1,1.642857143,0,1,1,1,4.0,1,2,0,3,1,0,1,0,0,0,0,0,1,0,1,0,0,0,0,0
36,1,0,7791,13.4,2,3,4,1,3,2,14,0,0,11,30,5,4,3,3,0,0,0.0,1,0.5,3895.5,0.360568384,6.7,2.5,1.290994449,0,1.25,2.5,1,2,2.5,0,0,0,0,1.5,0,1,0,2,0,0,1,0,0,0,0,0,1,0,0,1,0,0,0,1
26,8,1,11863,11.9,5,1,2,4,3,4,12,0,0,32,111,5,10,3,4,1,0,0.111111111,1,1.6,2372.6,0.821936057,1.322222222,3.25,0.957427108,0,0.5,0.555555556,0,0,3.363636364,1,-2,0,0,0.444444444,0,1,0,1,1,0,1,0,0,0,0,0,1,0,1,0,0,0,0,0
53,3,1,10859,20.9,2,4,2,3,3,2,44,0,1,16,47,6,7,2,3,1,1,0.25,1,1.5,5429.5,0.6634757,5.225,2.5,0.577350269,0,0.857142857,1.5,1,2,2.764705882,0,2,1,1,0.75,0,0,0,3,0,1,0,0,1,0,0,0,0,0,0,0,1,0,0,0
41,2,2,5978,13.7,1,3,3,4,5,3,38,0,0,17,64,8,7,4,8,1,0,0.666666667,0,2.0,5978.0,0.126332149,4.566666667,3.75,0.957427108,0,1.142857143,2.666666667,0,1,3.555555556,1,-1,0,0,2.666666667,1,3,0,2,1,1,0,0,0,0,0,0,0,0,0,1,0,0,1,1
26,0,0,7657,18.0,2,4,3,4,2,3,20,1,1,30,126,3,11,4,7,1,0,0.0,0,0.0,3828.5,0.339476021,18.0,3.0,0.816496581,0,0.272727273,3.0,1,3,4.064516129,1,0,1,0,7.0,0,2,0,2,0,1,0,0,0,0,0,0,1,0,1,0,0,0,0,0
49,3,1,5565,12.4,1,4,1,2,3,3,33,0,0,23,67,3,13,3,4,0,0,0.25,1,3.0,5565.0,0.144485521,3.1,2.25,0.957427108,1,0.230769231,0.75,1,1,2.791666667,1,1,1,1,1.0,0,3,0,2,1,1,0,0,0,0,0,1,1,0,0,0,1,0,0,1
39,16,16,11722,16.5,5,4,1,5,3,3,33,1,0,24,75,2,10,3,6,1,0,0.941176471,0,3.2,2344.4,0.915929204,0.970588235,3.0,1.632993162,0,0.2,0.117647059,1,3,3.0,1,1,1,1,0.352941176,0,1,0,1,0,1,0,0,0,1,0,0,0,0,0,1,0,0,0,0
31,4,3,8255,16.0,2,3,3,2,1,1,56,0,0,22,66,1,9,2,4,1,0,0.6,1,2.0,4127.5,0.541589649,3.2,1.75,0.957427108,1,0.111111111,0.2,0,0,2.869565217,1,1,0,1,0.8,0,2,0,3,1,1,0,0,0,0,0,1,1,0,1,0,0,0,1,1
36,3,3,5130,14.3,2,3,3,3,5,3,30,0,1,20,67,2,3,3,4,0,0,0.75,0,1.5,2565.0,0.097966728,3.575,3.5,1.0,0,0.666666667,0.5,0,1,3.19047619,1,0,0,0,1.0,0,2,0,1,1,0,1,0,0,0,0,1,1,0,0,1,0,0,1,0
42,0,0,7642,16.2,1,5,2,2,5,2,27,0,1,22,77,1,6,3,5,0,0,0.0,0,0.0,7642.0,0.250859107,16.2,2.75,1.5,0,0.166666667,1.0,1,1,3.347826087,1,2,1,1,5.0,0,2,0,2,0,0,1,0,1,0,0,0,0,1,0,1,0,0,0,1
51,15,5,12354,17.4,5,4,3,2,2,5,13,0,1,6,22,4,5,3,2,1,1,0.3125,1,3.0,2470.8,0.953410982,1.0875,3.0,1.414213562,0,0.8,0.25,0,1,3.142857143,0,1,1,1,0.125,0,1,0,2,1,0,0,0,0,0,1,0,1,0,0,0,1,0,0,0
36,18,5,13363,15.1,5,4,4,4,4,2,33,1,0,8,14,3,10,5,9,1,0,0.263157895,1,3.6,2672.6,0.940234134,0.794736842,3.5,1.0,0,0.3,0.157894737,0,2,1.555555556,0,-1,1,0,0.473684211,1,2,0,2,1,0,1,0,0,0,0,1,1,0,0,1,0,0,0,0
49,6,1,10983,14.7,3,2,4,4,3,4,24,0,0,13,43,8,10,3,4,1,0,0.142857143,1,2.0,3661.0,0.676116838,2.1,3.75,0.5,0,0.8,1.142857143,1,2,3.071428571,0,-1,0,0,0.571428571,0,0,0,2,0,0,1,0,1,0,0,0,1,0,0,0,1,0,0,1
32,3,1,6932,17.1,3,4,2,3,5,3,56,1,0,3,7,2,10,4,6,1,0,0.25,1,1.0,2310.666667,0.539473684,4.275,3.25,1.258305739,0,0.2,0.5,1,3,1.75,0,0,1,0,1.5,0,0,0,2,0,1,0,1,0,0,0,0,0,0,1,0,0,0,0,0
23,3,0,4992,13.9,1,3,3,2,3,1,32,0,1,27,49,5,15,1,5,0,0,0.0,1,3.0,4992.0,0.189144737,3.475,2.25,0.957427108,1,0.333333333,1.25,0,0,1.75,0,2,0,1,1.25,0,2,0,2,0,1,0,1,0,0,0,0,0,1,0,0,0,0,0,1
46,0,0,3380,13.4,1,2,4,3,3,3,35,0,1,20,71,8,18,3,5,1,0,0.0,0,0.0,3380.0,0.000490918,13.4,3.25,0.5,0,0.444444444,8.0,1,1,3.380952381,1,-1,0,0,5.0,0,2,0,2,0,1,0,0,1,0,0,0,1,0,0,0,1,0,1,1
23,4,3,8558,15.8,3,3,3,3,5,2,58,1,0,12,36,4,3,3,4,1,0,0.6,1,1.333333333,2852.666667,0.377270496,3.16,3.25,1.258305739,0,1.333333333,0.8,2,5,2.769230769,0,0,0,0,0.8,0,1,0,1,1,1,0,0,1,0,0,0,1,0,0,0,0,0,0,1
44,2,0,7248,16.1,3,3,4,4,4,4,55,0,0,9,36,5,10,3,5,1,0,0.0,1,0.666666667,2416.0,0.594572368,5.366666667,4.0,0.0,0,0.5,1.666666667,1,1,3.6,0,0,0,0,1.666666667,0,0,0,1,0,1,0,1,0,0,0,0,1,0,0,1,0,0,0,0
46,6,0,18307,14.0,4,4,1,2,2,4,31,1,0,19,34,2,2,3,5,1,0,0.0,1,1.5,4576.75,0.982817869,2.0,2.25,1.258305739,1,1.0,0.285714286,1,4,1.7,0,1,1,1,0.714285714,0,1,1,4,0,0,1,0,1,0,0,0,1,0,0,0,1,0,0,0
54,3,2,7505,8.1,2,2,1,3,4,4,26,1,0,5,20,1,9,2,4,0,1,0.5,1,1.5,3752.5,0.559900166,2.025,3.0,1.414213562,0,0.111111111,0.25,1,3,3.333333333,0,0,0,0,1.0,0,0,0,3,1,0,1,0,0,0,1,0,1,0,0,0,1,0,1,1
35,14,12,12641,14.1,5,5,3,3,2,5,22,0,1,15,31,5,7,4,7,1,0,0.8,1,2.8,2528.2,0.962978369,0.94,3.25,1.258305739,0,0.714285714,0.333333333,2,3,1.9375,0,1,1,1,0.466666667,0,1,0,2,1,1,0,0,0,0,1,0,1,0,0,1,0,0,0,0
32,3,0,7100,13.3,2,3,4,3,2,2,29,0,0,19,72,5,12,3,6,0,0,0.0,1,1.5,3550.0,0.182376043,3.325,2.75,0.957427108,0,0.416666667,1.25,2,2,3.6,1,0,0,0,1.5,0,2,0,2,0,0,1,0,1,0,0,0,1,0,1,0,0,0,0,1
30,3,3,6960,15.3,3,3,4,2,2,3,34,1,1,6,13,1,15,4,6,1,0,0.75,0,1.0,2320.0,0.392699115,3.825,2.75,0.957427108,0,0.066666667,0.25,1,3,1.857142857,0,-1,0,0,1.5,0,1,0,1,0,0,1,0,0,1,0,0,1,0,1,0,0,0,0,1
48,2,2,6342,18.1,1,3,2,2,3,4,21,0,0,10,27,3,2,2,3,0,0,0.666666667,0,2.0,6342.0,0.10137457,6.033333333,2.75,0.957427108,0,1.5,1.0,0,1,2.454545455,0,1,0,1,1.0,0,1,0,2,0,0,1,0,1,0,0,0,1,0,0,0,1,0,0,1
23,5,5,11315,15.1,3,3,3,3,2,4,0,1,0,15,61,2,7,3,10,1,0,0.833333333,0,1.666666667,3771.666667,0.897123894,2.516666667,3.0,0.816496581,0,0.285714286,0.333333333,0,2,3.8125,1,0,0,0,1.666666667,1,3,0,3,1,0,0,0,0,1,0,0,1,0,0,0,0,0,0,0
30,0,0,8362,9.0,1,3,4,3,3,3,63,0,0,3,9,3,10,3,2,0,0,0.0,0,0.0,8362.0,0.349901816,9.0,3.25,0.5,0,0.3,3.0,1,1,2.25,0,0,0,0,2.0,0,1,0,3,1,1,0,0,1,0,0,0,1,0,1,0,0,0,1,1
44,9,0,14131,16.6,4,3,4,4,3,4,63,0,1,7,23,7,10,4,5,1,0,0.0,1,2.25,3532.75,0.892488954,1.66,3.75,0.5,0,0.7,0.7,1,2,2.875,0,-1,0,0,0.5,0,0,0,2,0,0,1,0,1,0,0,0,0,0,0,1,0,0,0,0
36,2,0,9838,16.2,2,3,4,5,3,3,41,0,1,12,32,5,7,3,4,0,0,0.0,1,1.0,4919.0,0.544182622,5.4,3.75,0.957427108,0,0.714285714,1.666666667,2,3,2.461538462,0,0,0,0,1.333333333,0,0,0,2,1,0,0,0,1,0,0,0,0,0,0,1,0,0,0,0
22,1,1,5266,14.0,1,3,3,5,4,4,47,1,1,11,31,6,6,3,1,0,0,0.5,0,1.0,5266.0,0.033873343,7.0,4.0,0.816496581,0,1.0,3.0,2,5,2.583333333,0,0,0,0,0.5,0,1,0,2,1,1,0,0,1,0,0,0,1,0,0,0,0,0,0,1
52,0,0,4231,11.2,1,4,2,3,2,5,41,1,0,18,65,2,15,5,5,1,1,0.0,0,0.0,4231.0,0.008880995,11.2,3.0,1.414213562,0,0.133333333,2.0,0,2,3.421052632,1,-1,1,0,5.0,0,2,0,1,0,1,0,0,0,0,0,0,1,0,0,0,1,0,0,1
48,2,1,4783,12.2,1,4,4,3,3,3,17,0,0,11,39,5,13,2,6,1,0,0.333333333,1,2.0,4783.0,0.116056572,4.066666667,3.25,0.5,0,0.384615385,1.666666667,1,1,3.25,0,2,1,1,2.0,0,1,0,3,1,0,1,0,0,0,1,0,0,1,0,0,1,0,0,0
47,1,1,3510,12.5,1,3,4,3,3,2,18,0,1,12,43,3,11,4,3,0,0,0.5,0,1.0,3510.0,0.042763158,6.25,3.0,0.816496581,0,0.272727273,1.5,1,1,3.307692308,0,-1,0,0,1.5,0,1,0,1,1,1,0,1,0,0,0,0,1,0,0,0,1,0,0,0
26,8,1,10099,14.5,3,4,4,1,3,3,46,0,1,34,132,3,4,3,6,1,0,0.111111111,1,2.666666667,3366.333333,0.761860752,1.611111111,2.75,1.258305739,0,0.75,0.333333333,0,1,3.771428571,1,1,1,1,0.666666667,0,1,0,2,0,0,1,0,0,0,0,1,1,0,1,0,0,0,0,0
20,2,2,4014,14.1,2,3,1,3,3,4,73,0,0,11,42,4,13,1,7,0,0,0.666666667,0,1.0,2007.0,0.048252912,4.7,2.75,1.258305739,0,0.307692308,1.333333333,1,1,3.5,0,2,0,1,2.333333333,0,1,0,1,1,0,1,0,0,0,1,0,1,0,0,0,0,0,0,1
35,5,4,11631,14.9,3,3,4,3,3,5,19,0,1,3,11,1,11,5,9,1,0,0.666666667,1,1.666666667,3877.0,0.810612789,2.483333333,3.75,0.957427108,0,0.090909091,0.166666667,2,2,2.75,0,-2,0,0,1.5,1,2,0,3,1,0,0,0,0,0,0,0,0,1,0,1,0,0,0,0
36,0,0,5230,7.9,1,2,2,2,5,3,36,1,1,21,36,2,2,2,8,0,0,0.0,0,0.0,5230.0,0.030927835,7.9,3.0,1.414213562,0,1.0,2.0,0,3,1.636363636,0,0,0,0,8.0,1,2,0,1,0,0,1,0,1,0,0,0,1,0,0,1,0,0,1,1
45,2,1,7955,12.5,1,3,4,1,2,2,44,0,0,10,31,4,8,4,6,0,0,0.333333333,1,2.0,7955.0,0.290009818,4.166666667,2.25,1.258305739,1,0.5,1.333333333,1,1,2.818181818,0,-1,0,0,2.0,0,2,0,3,0,1,0,0,1,0,0,0,1,0,0,0,1,0,0,1
47,1,1,4315,10.4,1,3,3,5,3,1,7,1,0,12,32,2,17,4,4,0,0,0.5,0,1.0,4315.0,0.008100147,5.2,3.0,1.632993162,0,0.117647059,1.0,1,3,2.461538462,0,-1,0,0,2.0,0,1,0,2,1,1,0,0,1,0,0,0,0,0,0,0,1,0,0,0
41,2,1,6655,13.5,2,3,3,3,3,1,15,0,0,12,40,3,9,4,9,0,0,0.333333333,1,1.0,3327.5,0.202486679,4.5,2.5,1.0,0,0.333333333,1.0,2,2,3.076923077,0,-1,0,0,3.0,1,2,0,2,1,0,1,0,0,0,0,0,1,0,0,1,0,0,1,1
46,4,4,3269,17.8,1,4,3,5,2,3,26,0,1,45,130,4,10,4,2,1,0,0.8,0,4.0,3269.0,0.030427632,3.56,3.25,1.258305739,0,0.4,0.8,1,1,2.826086957,1,0,1,0,0.4,0,3,0,1,1,1,0,1,0,0,0,0,1,0,0,0,1,0,1,1
24,0,0,7469,17.6,1,4,5,4,1,3,33,1,1,33,95,1,5,5,7,0,0,0.0,0,0.0,7469.0,0.555740433,17.6,3.25,1.707825128,0,0.2,1.0,1,3,2.794117647,1,-1,1,0,7.0,0,1,0,4,1,0,1,0,0,0,1,0,1,0,0,0,0,0,0,0
35,3,2,10892,18.8,2,4,4,3,3,5,46,0,1,2,5,2,6,3,6,0,0,0.5,1,1.5,5446.0,0.755328597,4.7,3.75,0.957427108,0,0.333333333,0.5,1,1,1.666666667,0,1,1,1,1.5,0,0,0,4,1,0,0,0,0,0,0,0,1,0,0,1,0,0,0,0
36,8,8,7800,15.9,3,3,3,2,3,3,27,0,0,33,139,3,13,5,7,1,0,0.888888889,0,2.666666667,2600.0,0.603993344,1.766666667,2.75,0.5,0,0.230769231,0.333333333,1,1,4.088235294,1,-2,0,0,0.777777778,0,2,0,2,1,1,0,0,0,0,1,0,0,0,0,1,0,0,0,0
21,3,0,8628,17.6,2,4,4,2,3,4,37,0,1,4,14,2,4,3,3,0,0,0.0,1,1.5,4314.0,0.719633943,4.4,3.25,0.957427108,0,0.5,0.5,2,2,2.8,0,1,1,1,0.75,0,0,0,2,0,1,0,0,0,0,1,0,1,0,0,0,0,0,0,0
30,10,9,12121,6.7,4,1,4,4,3,4,17,0,0,8,28,4,17,3,3,1,0,0.818181818,1,2.5,3030.25,0.898952557,0.609090909,3.75,0.5,0,0.235294118,0.363636364,2,2,3.111111111,0,-2,0,0,0.272727273,0,1,0,3,0,0,0,0,0,0,0,1,1,0,1,0,0,0,0,1
39,5,2,8700,15.0,4,3,3,3,3,3,25,0,0,30,88,2,8,1,4,1,0,0.333333333,1,1.25,2175.0,0.601047443,2.5,3.0,0.0,0,0.25,0.333333333,2,2,2.838709677,1,2,0,1,0.666666667,0,1,0,1,1,0,1,0,0,0,0,1,1,0,0,1,0,0,0,0
31,3,0,8707,8.9,3,2,4,5,3,5,46,1,0,19,61,5,9,2,9,1,0,0.0,1,1.0,2902.333333,0.667035398,2.225,4.25,0.957427108,0,0.555555556,1.25,0,3,3.05,1,0,0,0,2.25,1,2,0,2,1,0,1,0,0,1,0,0,1,0,1,0,0,0,0,1
40,2,1,6907,7.7,3,1,4,4,2,3,22,0,0,12,47,4,6,5,4,1,0,0.333333333,1,0.666666667,2302.333333,0.161757486,2.566666667,3.25,0.957427108,0,0.666666667,1.333333333,1,2,3.615384615,0,-4,0,0,1.333333333,0,1,0,1,0,1,0,0,1,0,0,0,1,0,0,1,0,0,1,1
29,1,1,4159,17.0,1,4,4,2,3,3,40,0,1,15,53,7,9,1,2,0,0,0.5,0,1.0,4159.0,0.005891016,8.5,3.0,0.816496581,0,0.777777778,3.5,1,2,3.3125,0,3,1,1,1.0,0,1,0,1,1,0,1,0,1,0,0,0,0,0,1,0,0,0,1,0
37,1,0,4971,9.4,1,1,1,3,2,2,97,0,0,47,150,6,3,1,5,1,0,0.0,1,1.0,4971.0,0.081792976,4.7,2.0,0.816496581,1,2.0,3.0,2,3,3.125,1,0,0,0,2.5,0,3,0,2,1,0,0,0,0,0,0,1,1,0,0,1,0,0,1,1
21,3,1,7782,14.1,4,2,3,5,3,3,0,0,0,31,40,3,2,1,4,1,0,0.25,1,0.75,1945.5,0.65625,3.525,3.5,1.0,0,1.5,0.75,1,2,1.25,0,1,0,1,1.0,0,0,0,2,1,0,1,1,0,0,0,0,1,0,0,0,0,0,1,0
22,0,0,6265,19.8,1,4,4,3,3,5,48,1,0,32,113,3,14,4,11,0,0,0.0,0,0.0,6265.0,0.34484193,19.8,3.75,0.957427108,0,0.214285714,3.0,2,4,3.424242424,1,0,1,0,11.0,1,3,0,3,1,1,0,0,0,0,1,0,1,0,0,0,0,0,0,1
49,12,2,19161,19.3,4,3,5,4,5,3,27,1,0,9,25,5,15,3,5,1,0,0.153846154,1,3.0,4790.25,0.989936181,1.484615385,4.25,0.957427108,0,0.333333333,0.384615385,1,3,2.5,0,0,0,0,0.384615385,0,0,0,4,0,0,1,0,1,0,0,0,1,0,0,0,1,0,0,0
42,9,4,10804,19.2,3,4,2,3,3,4,84,0,1,25,87,2,9,4,10,1,0,0.4,1,3.0,3601.333333,0.745115453,1.92,3.0,0.816496581,0,0.222222222,0.2,1,1,3.346153846,1,0,1,0,1.0,1,2,0,2,0,1,0,0,0,0,0,0,1,0,0,1,0,0,0,0
33,2,1,6846,11.3,2,3,1,2,1,2,82,0,1,6,20,2,12,4,4,0,0,0.333333333,1,1.0,3423.0,0.31069008,3.766666667,1.5,0.577350269,1,0.166666667,0.666666667,1,1,2.857142857,0,-1,0,0,1.333333333,0,2,0,2,1,1,0,0,0,0,0,1,1,0,1,0,0,0,0,1
34,11,3,14464,16.4,4,3,4,2,3,2,37,0,1,1,5,4,8,3,2,1,0,0.25,1,2.75,3616.0,0.905621011,1.366666667,2.75,0.957427108,0,0.5,0.333333333,1,1,2.5,0,0,0,0,0.166666667,0,0,0,2,1,0,1,0,1,0,0,0,1,0,1,0,0,0,0,0
35,0,0,7015,17.7,2,3,3,4,3,2,8,0,1,18,67,3,12,5,6,0,0,0.0,0,0.0,3507.5,0.476289517,17.7,3.0,0.816496581,0,0.25,3.0,1,1,3.526315789,1,-2,0,0,6.0,0,2,0,3,0,1,0,0,0,0,1,0,1,0,0,1,0,0,0,0
24,6,3,11364,23.1,2,5,2,2,2,3,44,0,0,5,22,2,4,5,9,0,0,0.428571429,1,3.0,5682.0,0.718703976,3.3,2.25,0.5,1,0.5,0.285714286,1,1,3.666666667,0,0,1,0,1.285714286,1,2,0,2,1,1,0,0,1,0,0,0,0,0,0,0,0,0,0,1
35,1,0,7328,19.7,1,4,4,2,4,3,49,0,0,7,26,4,8,3,3,0,0,0.0,1,1.0,7328.0,0.297069272,9.85,3.25,0.957427108,0,0.5,2.0,1,1,3.25,0,1,1,1,1.5,0,1,0,2,1,1,0,0,0,0,0,0,0,0,0,1,0,0,0,0
44,7,1,9443,13.4,3,3,2,2,3,3,0,0,0,2,6,2,4,5,8,1,0,0.125,1,2.333333333,3147.666667,0.6965496,1.675,2.5,0.577350269,0,0.5,0.25,0,0,2.0,0,-2,0,0,1.0,1,1,0,1,1,0,1,0,0,0,0,1,1,0,0,1,0,0,0,0
27,3,2,9035,19.3,2,4,4,4,3,4,35,0,0,7,16,2,5,2,4,0,0,0.5,1,1.5,4517.5,0.544849023,4.825,3.75,0.5,0,0.4,0.5,1,1,2.0,0,2,1,1,1.0,0,0,0,2,1,1,0,0,0,0,0,0,0,0,1,0,0,0,0,0
29,5,1,4670,16.1,1,3,4,3,4,4,81,1,0,27,70,2,7,2,2,0,0,0.166666667,1,5.0,4670.0,0.102745424,2.683333333,3.75,0.5,0,0.285714286,0.333333333,2,4,2.5,1,1,0,1,0.333333333,0,2,0,2,0,1,0,0,0,0,1,0,1,0,1,0,0,0,1,1
43,6,0,6073,13.9,2,3,4,4,5,3,22,0,0,5,16,5,6,2,5,0,0,0.0,1,3.0,3036.5,0.20702403,1.985714286,4.0,0.816496581,0,0.833333333,0.714285714,1,2,2.666666667,0,1,0,1,0.714285714,0,1,0,1,1,1,0,0,0,0,0,1,0,0,0,1,0,0,1,1
33,11,9,9089,18.4,3,4,2,1,4,2,34,0,0,18,57,1,10,3,3,1,0,0.75,1,3.666666667,3029.666667,0.714878319,1.533333333,2.25,1.258305739,1,0.1,0.083333333,2,2,3.0,0,1,1,1,0.25,0,2,0,2,1,1,0,0,0,1,0,0,1,0,1,0,0,0,0,0
34,1,0,4716,17.3,1,4,3,3,1,3,37,0,0,8,18,2,11,3,2,0,0,0.0,1,1.0,4716.0,0.061922366,8.65,2.5,1.0,0,0.181818182,1.0,0,0,2.0,0,1,1,1,1.0,0,1,0,3,1,0,1,0,0,0,0,1,1,0,1,0,0,0,1,1
39,2,1,6765,10.3,2,3,4,1,4,5,78,0,0,19,42,4,7,1,8,1,0,0.333333333,1,1.0,3382.5,0.214920071,3.433333333,3.5,1.732050808,0,0.571428571,1.333333333,1,2,2.1,0,2,0,1,2.666666667,1,2,0,1,1,0,0,0,0,0,0,0,0,1,0,1,0,0,1,0
44,9,1,10585,16.5,4,3,3,3,3,2,15,1,1,18,74,10,13,5,5,1,0,0.1,1,2.25,2646.25,0.636597938,1.65,2.75,0.5,0,0.769230769,1.0,1,4,3.894736842,1,-2,0,0,0.5,0,1,0,1,0,0,1,0,1,0,0,0,0,1,0,1,0,0,0,0
37,6,5,9098,16.8,3,5,2,3,3,2,33,1,0,3,11,3,10,3,6,1,0,0.714285714,1,2.0,3032.666667,0.652957486,2.4,2.5,0.577350269,0,0.3,0.428571429,1,3,2.75,0,2,1,1,0.857142857,0,0,0,2,1,1,0,0,0,0,0,1,1,0,0,1,0,0,0,0
35,8,6,9014,19.5,3,3,5,3,2,2,59,1,0,16,46,4,8,3,6,1,0,0.666666667,1,2.666666667,3004.666667,0.440967108,2.166666667,3.0,1.414213562,0,0.5,0.444444444,2,4,2.705882353,0,0,0,0,0.666666667,0,2,0,1,0,0,1,0,1,0,0,0,1,0,0,1,0,0,0,0
48,10,4,13202,14.0,4,2,2,3,3,2,19,0,0,3,5,7,9,4,11,1,0,0.363636364,1,2.5,3300.5,0.84891998,1.272727273,2.5,0.577350269,0,0.777777778,0.636363636,1,2,1.25,0,-2,0,0,1.0,1,2,0,2,1,0,0,0,1,0,0,0,1,0,0,0,1,0,1,1
37,4,3,6857,18.9,2,3,3,5,4,2,15,0,0,14,55,8,13,3,8,1,0,0.6,1,2.0,3428.5,0.376106195,3.78,3.5,1.290994449,0,0.615384615,1.6,0,1,3.666666667,0,0,0,0,1.6,1,2,0,1,0,0,1,0,0,1,0,0,1,0,0,1,0,0,1,1
45,1,0,5038,11.5,1,3,3,5,4,3,40,0,0,8,25,2,2,3,7,0,0,0.0,1,1.0,5038.0,0.148502496,5.75,3.75,0.957427108,0,1.0,1.0,1,2,2.777777778,0,0,0,0,3.5,0,1,0,2,1,1,0,0,0,0,1,0,0,1,0,0,1,0,1,1
26,0,0,7506,12.2,1,2,3,3,4,4,53,0,1,3,9,1,2,3,1,0,0,0.0,0,0.0,7506.0,0.234658812,12.2,3.5,0.577350269,0,0.5,1.0,1,1,2.25,0,-1,0,0,1.0,0,1,0,3,0,0,1,0,1,0,0,0,1,0,1,0,0,0,1,1
38,17,4,13571,11.6,5,4,2,5,4,3,37,0,0,31,99,3,5,3,6,1,0,0.222222222,1,3.4,2714.2,0.946087492,0.644444444,3.5,1.290994449,0,0.6,0.166666667,1,2,3.09375,1,1,1,1,0.333333333,0,2,0,2,1,0,0,0,0,0,0,1,1,0,0,1,0,0,0,0
28,4,0,10309,22.4,3,4,1,3,3,4,64,1,0,22,86,6,5,3,12,1,0,0.0,1,1.333333333,3436.333333,0.600392734,4.48,2.75,1.258305739,0,1.2,1.2,2,5,3.739130435,1,1,1,1,2.4,1,2,0,2,1,1,0,0,1,0,0,0,1,0,1,0,0,0,0,0
44,4,3,9321,12.7,3,3,5,3,4,4,63,0,1,27,81,7,8,2,5,1,0,0.6,1,1.333333333,3107.0,0.679759704,2.54,4.0,0.816496581,0,0.875,1.4,1,2,2.892857143,1,1,0,1,1.0,0,1,0,2,0,0,1,0,0,0,0,1,0,1,0,1,0,0,0,0
46,3,3,6653,22.5,1,5,4,4,1,5,47,1,0,19,44,5,6,1,6,1,0,0.75,0,3.0,6653.0,0.409941764,5.625,3.5,1.732050808,0,0.833333333,1.25,0,3,2.2,0,4,1,1,1.5,0,1,0,3,1,0,1,0,0,0,1,0,1,0,0,0,1,0,0,0
29,11,3,6071,17.3,2,3,4,4,2,5,56,0,0,17,60,4,12,3,7,0,0,0.25,1,5.5,3035.5,0.379111842,1.441666667,3.75,1.258305739,0,0.333333333,0.333333333,1,1,3.333333333,0,0,0,0,0.583333333,0,1,0,2,0,1,0,1,0,0,0,0,1,0,1,0,0,0,1,1
55,6,3,14338,9.6,4,4,2,2,2,5,36,0,1,30,93,4,13,4,6,1,1,0.428571429,1,1.5,3584.5,0.989184692,1.371428571,2.75,1.5,0,0.307692308,0.571428571,2,2,3.0,1,0,1,0,0.857142857,0,1,0,4,1,1,0,0,0,0,1,0,0,0,0,0,0,1,0,0
23,2,0,3729,18.4,1,4,1,1,3,3,32,0,1,16,43,1,9,4,7,1,0,0.0,1,2.0,3729.0,0.022676991,6.133333333,2.0,1.154700538,1,0.111111111,0.333333333,1,1,2.529411765,0,0,1,0,2.333333333,0,2,0,1,1,1,0,0,0,1,0,0,0,0,0,0,0,0,1,1
39,19,12,14771,12.1,5,3,3,4,4,2,44,0,0,3,12,6,2,3,9,1,0,0.6,1,3.8,2954.2,0.970425139,0.605,3.25,0.957427108,0,3.0,0.3,2,3,3.0,0,0,0,0,0.45,1,2,0,2,0,0,0,0,0,0,0,1,1,0,0,1,0,0,0,0
29,11,2,13593,12.9,5,3,3,4,3,5,56,0,0,14,35,2,9,4,9,1,0,0.166666667,1,2.2,2718.6,0.979201331,1.075,3.75,0.957427108,0,0.222222222,0.166666667,1,1,2.333333333,0,-1,0,0,0.75,1,1,0,2,0,0,1,0,0,0,1,0,1,0,1,0,0,0,0,0
39,10,7,7682,17.5,2,2,3,4,3,5,22,0,0,6,19,3,5,2,3,0,0,0.636363636,1,5.0,3841.0,0.586522463,1.590909091,3.75,0.957427108,0,0.6,0.272727273,1,2,2.714285714,0,0,0,0,0.272727273,0,1,0,2,1,0,1,0,0,0,1,0,1,0,0,1,0,0,1,1
33,6,1,10276,13.7,4,4,4,4,4,2,43,0,1,12,24,8,8,3,4,1,0,0.142857143,1,1.5,2569.0,0.782655576,1.957142857,3.5,1.0,0,1.0,1.142857143,2,3,1.846153846,0,1,1,1,0.571428571,0,0,0,2,0,0,1,0,0,0,0,1,1,0,1,0,0,0,0,0
35,0,0,8192,18.2,2,3,5,3,2,4,17,1,0,16,53,3,6,3,6,0,0,0.0,0,0.0,4096.0,0.419182948,18.2,3.5,1.290994449,0,0.5,3.0,1,3,3.117647059,0,0,0,0,6.0,0,1,0,3,1,1,0,0,0,0,0,0,1,0,0,1,0,0,1,1
41,10,2,12381,18.3,5,3,2,3,3,1,37,0,0,36,124,2,2,3,6,1,0,0.181818182,1,2.0,2476.2,0.955906822,1.663636364,2.25,0.957427108,1,1.0,0.181818182,1,2,3.351351351,1,0,0,0,0.545454545,0,2,0,2,0,0,1,0,0,0,1,0,1,0,0,1,0,0,0,0
39,10,7,10691,20.1,3,4,5,1,4,3,22,1,0,15,40,2,11,3,9,1,0,0.636363636,1,3.333333333,3563.666667,0.818699938,1.827272727,3.25,1.707825128,0,0.181818182,0.181818182,2,4,2.5,0,1,1,1,0.818181818,1,1,0,2,0,1,0,0,0,0,0,1,1,0,0,1,0,0,0,0
32,0,0,7639,16.1,2,3,4,5,3,3,17,0,1,12,36,6,2,1,3,0,0,0.0,0,0.0,3819.5,0.448860136,16.1,3.75,0.957427108,0,3.0,6.0,0,1,2.769230769,0,2,0,1,3.0,0,1,0,3,1,1,0,0,0,0,0,1,1,0,1,0,0,0,0,0
26,8,7,11173,12.0,3,2,3,4,3,3,61,0,1,13,47,3,9,3,5,1,0,0.777777778,1,2.666666667,3724.333333,0.914725458,1.333333333,3.25,0.5,0,0.333333333,0.333333333,1,1,3.357142857,0,-1,0,0,0.555555556,0,1,0,4,1,1,0,0,0,0,1,0,0,1,1,0,0,0,1,0
36,2,1,7153,16.9,2,3,3,3,1,3,6,0,0,3,5,2,12,3,5,0,0,0.333333333,1,1.0,3576.5,0.365218731,5.633333333,2.5,1.0,0,0.166666667,0.666666667,1,1,1.25,0,0,0,0,1.666666667,0,1,0,2,1,0,1,0,0,0,0,1,0,0,0,1,0,0,1,0
42,0,0,9495,11.5,3,3,2,3,2,3,27,1,0,25,79,4,5,3,10,1,0,0.0,0,0.0,3165.0,0.498281787,11.5,2.5,0.577350269,0,0.8,4.0,1,4,3.038461538,1,0,0,0,10.0,1,3,0,1,0,1,0,0,1,0,0,0,1,0,0,1,0,0,0,0
31,0,0,3058,18.8,1,4,3,2,2,3,38,1,0,41,144,2,3,3,6,0,0,0.0,0,0.0,3058.0,0.004004929,18.8,2.5,0.577350269,0,0.666666667,2.0,0,3,3.428571429,1,1,1,1,6.0,0,2,0,1,0,0,1,0,0,0,0,1,1,0,1,0,0,0,0,1
34,0,0,5917,10.2,1,2,4,2,5,3,60,0,1,37,124,2,8,3,3,1,0,0.0,0,0.0,5917.0,0.119005329,10.2,3.5,1.290994449,0,0.25,2.0,0,0,3.263157895,1,-1,0,0,3.0,0,2,0,3,0,1,0,0,0,0,0,0,0,1,1,0,0,0,1,1
37,6,6,8072,18.4,2,4,2,3,4,4,57,1,0,12,31,6,8,3,5,0,0,0.857142857,0,3.0,4036.0,0.58545354,2.628571429,3.25,0.957427108,0,0.75,0.857142857,0,3,2.384615385,0,1,1,1,0.714285714,0,0,0,2,0,1,0,0,0,1,0,0,0,0,0,1,0,0,1,1
36,2,2,5090,13.4,1,3,5,3,1,4,31,0,0,15,54,4,18,2,7,1,0,0.666666667,0,2.0,5090.0,0.093807763,4.466666667,3.25,1.707825128,0,0.222222222,1.333333333,1,1,3.375,0,1,0,1,2.333333333,0,1,0,2,1,0,1,0,0,0,0,1,1,0,0,1,0,0,0,0
32,5,5,6978,7.7,2,3,3,3,4,4,0,0,0,12,35,4,9,3,6,0,0,0.833333333,0,2.5,3489.0,0.33056069,1.283333333,3.5,0.577350269,0,0.444444444,0.666666667,1,1,2.692307692,0,0,0,0,1.0,0,2,0,2,1,0,1,0,0,0,0,1,1,0,1,0,0,0,1,1
32,3,3,5206,15.2,1,4,5,4,4,5,46,0,0,8,31,4,13,2,8,0,0,0.75,0,3.0,5206.0,0.175540765,3.8,4.5,0.577350269,0,0.307692308,1.0,2,2,3.444444444,0,2,1,1,2.0,1,2,0,2,1,0,0,0,0,0,1,0,0,0,1,0,0,0,0,1
47,1,0,8852,8.2,2,3,2,3,4,4,19,0,0,17,52,1,10,2,2,1,0,0.0,1,0.5,4426.0,0.515541741,4.1,3.25,0.957427108,0,0.1,0.5,1,1,2.888888889,0,1,0,1,1.0,0,0,0,3,0,0,1,0,0,0,0,0,1,0,0,0,1,0,0,0
29,1,1,4496,13.3,1,4,4,4,2,3,32,1,1,4,13,3,11,5,6,1,0,0.5,0,1.0,4496.0,0.129523026,6.65,3.25,0.957427108,0,0.272727273,1.5,1,3,2.6,0,-1,1,0,3.0,0,1,0,3,0,1,0,1,0,0,0,0,0,0,1,0,0,0,1,1
39,7,1,9659,17.4,3,4,3,5,2,3,40,0,1,7,14,5,9,3,6,1,0,0.125,1,2.333333333,3219.666667,0.852796053,2.175,3.25,1.258305739,0,0.555555556,0.625,0,1,1.75,0,1,1,1,0.75,0,0,0,2,1,0,1,1,0,0,0,0,1,0,0,1,0,0,0,0
48,2,0,9488,12.7,3,3,5,4,5,2,20,0,0,35,72,4,5,4,4,1,0,0.0,1,0.666666667,3162.666667,0.60079929,4.233333333,4.0,1.414213562,0,0.8,1.333333333,0,1,2.0,1,-1,0,0,1.333333333,0,1,0,2,1,1,0,0,0,0,0,0,1,0,0,0,1,0,0,0
42,2,0,6417,12.3,1,3,2,4,5,3,19,0,0,23,78,5,2,2,5,0,0,0.0,1,2.0,6417.0,0.254158965,4.1,3.5,1.290994449,0,2.5,1.666666667,1,2,3.25,1,1,0,1,1.666666667,0,2,0,3,0,0,0,0,0,0,0,1,1,0,0,1,0,0,1,0
41,2,0,10040,19.9,2,4,2,1,3,4,29,0,0,26,92,4,7,3,4,1,0,0.0,1,1.0,5020.0,0.671403197,6.633333333,2.5,1.290994449,0,0.571428571,1.333333333,1,2,3.407407407,1,1,1,1,1.333333333,0,1,0,3,1,1,0,0,0,0,0,0,1,0,0,1,0,0,0,0
30,0,0,6218,9.7,1,3,3,1,4,3,28,0,0,16,51,4,17,3,2,0,0,0.0,0,0.0,6218.0,0.224276032,9.7,2.75,1.258305739,0,0.235294118,4.0,2,2,3.0,0,0,0,0,2.0,0,1,0,2,0,0,1,0,0,0,0,1,1,0,1,0,0,0,1,0
33,2,2,11151,15.6,2,4,2,3,4,3,43,0,1,3,12,1,7,4,14,0,0,0.666666667,0,1.0,5575.5,0.777975133,5.2,3.0,0.816496581,0,0.142857143,0.333333333,2,2,3.0,0,0,1,0,4.666666667,1,1,0,4,0,0,1,0,0,0,0,0,1,0,1,0,0,0,0,0
34,12,11,7145,17.8,3,3,2,3,5,2,76,0,0,10,40,5,10,5,8,1,0,0.846153846,1,4.0,2381.666667,0.363370302,1.369230769,3.0,1.414213562,0,0.5,0.384615385,0,0,3.636363636,0,-2,0,0,0.615384615,1,3,0,1,1,0,1,0,0,0,0,1,1,0,1,0,0,0,1,1
35,3,3,11941,12.5,3,3,3,1,3,3,4,1,0,21,52,6,2,2,8,1,0,0.75,0,1.0,3980.333333,0.890942699,3.125,2.5,1.0,0,3.0,1.5,2,5,2.363636364,0,1,0,1,2.0,1,1,0,3,1,1,0,0,0,0,0,1,1,0,0,1,0,0,0,0
45,8,6,7051,12.9,2,4,2,3,3,2,65,0,1,21,36,5,11,4,4,0,0,0.666666667,1,4.0,3525.5,0.413993363,1.433333333,2.5,0.577350269,0,0.454545455,0.555555556,0,0,1.636363636,0,0,1,0,0.444444444,0,1,0,2,1,1,0,0,0,1,0,0,1,0,0,0,1,0,1,1
25,3,3,4043,16.0,1,4,2,4,3,3,37,0,1,10,23,8,8,1,3,0,0,0.75,0,3.0,4043.0,0.024645718,4.0,3.0,0.816496581,0,1.0,2.0,1,2,2.090909091,0,3,1,1,0.75,0,1,0,2,0,1,0,0,0,0,0,1,1,0,1,0,0,0,1,1
36,4,0,10991,17.3,4,5,2,4,1,2,18,1,0,12,36,5,7,3,7,1,0,0.0,1,1.0,2747.75,0.837954405,3.46,2.25,1.258305739,1,0.714285714,1.0,1,4,2.769230769,0,2,1,1,1.4,0,1,1,2,1,0,0,0,0,0,0,1,1,0,0,1,0,0,0,0
36,12,8,6951,16.7,3,3,4,1,4,4,13,1,1,5,19,6,11,2,9,1,0,0.615384615,1,4.0,2317.0,0.390486726,1.284615385,3.25,1.5,0,0.545454545,0.461538462,1,4,3.166666667,0,1,0,1,0.692307692,1,3,0,1,1,1,0,0,0,1,0,0,1,0,0,1,0,0,1,1
34,3,2,9911,18.4,3,5,5,3,2,5,18,1,0,8,23,5,3,5,2,1,0,0.5,1,1.0,3303.666667,0.871710526,4.6,3.75,1.5,0,1.666666667,1.25,1,4,2.555555556,0,0,1,0,0.5,0,0,0,4,1,0,1,1,0,0,0,0,0,0,1,0,0,0,0,0
34,7,3,9526,15.4,3,4,3,3,5,3,50,0,0,9,23,1,8,2,2,1,0,0.375,1,2.333333333,3175.333333,0.606127886,1.925,3.5,1.0,0,0.125,0.125,1,1,2.3,0,2,1,1,0.25,0,0,0,1,1,1,0,0,0,0,0,0,1,0,1,0,0,0,0,0
34,8,0,15861,15.7,4,2,2,3,2,4,53,0,0,41,150,3,14,4,2,1,0,0.0,1,2.0,3965.25,0.970248668,1.744444444,2.75,0.957427108,0,0.214285714,0.333333333,0,0,3.571428571,1,-2,0,0,0.222222222,0,1,0,4,0,1,0,0,0,0,0,0,1,0,1,0,0,0,0,1
48,1,0,4807,15.0,1,3,3,5,2,4,45,1,0,18,47,4,14,3,7,0,0,0.0,1,1.0,4807.0,0.066235367,7.5,3.5,1.290994449,0,0.285714286,2.0,1,3,2.473684211,0,0,0,0,3.5,0,1,0,2,1,0,1,0,0,0,0,1,1,0,0,0,1,0,0,1
43,9,3,19014,15.8,5,3,2,4,3,5,20,1,0,6,20,2,11,2,5,1,0,0.3,1,1.8,3802.8,0.988217968,1.58,3.5,1.290994449,0,0.181818182,0.2,1,3,2.857142857,0,1,0,1,0.5,0,0,0,3,1,0,1,0,1,0,0,0,1,0,0,1,0,0,0,0
49,1,1,9802,17.8,3,4,5,2,3,3,59,0,0,34,140,2,8,3,2,1,0,0.5,0,0.333333333,3267.333333,0.732439926,8.9,3.25,1.258305739,0,0.25,1.0,2,2,4.0,1,1,1,1,1.0,0,1,0,3,1,1,0,0,0,0,0,1,1,0,0,0,1,0,0,0
36,4,3,7681,16.9,2,3,3,1,3,4,39,0,1,16,40,3,10,2,4,0,0,0.6,1,2.0,3840.5,0.649259868,3.38,2.75,1.258305739,0,0.3,0.6,1,1,2.352941176,0,1,0,1,0.8,0,0,0,3,0,1,0,1,0,0,0,0,1,0,0,1,0,0,1,1
37,0,0,4028,21.9,1,5,3,1,4,1,34,0,1,9,37,8,7,4,8,1,0,0.0,0,0.0,4028.0,0.004172803,21.9,2.25,1.5,1,1.142857143,8.0,1,2,3.7,0,1,1,1,8.0,1,3,0,2,1,1,0,0,1,0,0,0,1,0,0,1,0,0,1,1
28,6,1,8906,13.4,3,3,5,2,3,4,35,0,1,41,113,3,14,2,5,1,0,0.142857143,1,2.0,2968.666667,0.422680412,1.914285714,3.5,1.290994449,0,0.214285714,0.428571429,2,2,2.69047619,1,1,0,1,0.714285714,0,2,0,1,1,1,0,0,1,0,0,0,1,0,1,0,0,0,0,0
34,0,0,8364,18.9,1,5,3,3,3,1,31,0,0,8,21,5,2,4,3,0,0,0.0,0,0.0,8364.0,0.350270005,18.9,2.5,1.0,0,2.5,5.0,1,2,2.333333333,0,1,1,1,3.0,0,1,0,3,0,0,1,0,1,0,0,0,0,0,1,0,0,0,1,0
24,0,0,7649,14.8,2,1,1,5,3,3,8,0,0,5,20,1,2,1,3,0,0,0.0,0,0.0,3824.5,0.251718213,14.8,3.0,1.632993162,0,0.5,1.0,1,1,3.333333333,0,0,0,0,3.0,0,1,0,3,1,1,0,0,1,0,0,0,1,0,0,0,0,0,1,1
38,3,1,10502,17.6,3,4,4,3,3,5,43,1,0,10,36,2,11,2,4,1,0,0.25,1,1.0,3500.666667,0.623220422,4.4,3.75,0.957427108,0,0.181818182,0.5,0,2,3.272727273,0,2,1,1,1.0,0,0,0,2,0,0,1,0,1,0,0,0,1,0,0,1,0,0,0,0
30,5,4,11782,13.6,3,3,3,5,3,4,58,0,1,17,26,6,14,3,8,1,0,0.666666667,1,1.666666667,3927.333333,0.756750123,2.266666667,3.75,0.957427108,0,0.428571429,1.0,2,2,1.444444444,0,0,0,0,1.333333333,1,2,0,3,1,1,0,0,1,0,0,0,1,0,1,0,0,0,0,0
29,4,1,11129,18.1,3,3,3,1,3,3,59,0,1,9,24,3,7,1,3,1,0,0.2,1,1.333333333,3709.666667,0.887721239,3.62,2.5,1.0,0,0.428571429,0.6,2,2,2.4,0,2,0,1,0.6,0,0,0,3,1,1,0,0,0,1,0,0,1,0,1,0,0,0,0,0
41,6,1,12469,13.7,3,4,2,3,3,4,10,1,0,6,15,3,11,4,3,1,0,0.142857143,1,2.0,4156.333333,0.80682376,1.957142857,3.0,0.816496581,0,0.272727273,0.428571429,1,3,2.142857143,0,0,1,0,0.428571429,0,0,0,2,1,0,1,0,1,0,0,0,1,0,0,1,0,0,0,0
51,4,0,11642,16.8,3,4,4,5,3,3,31,0,1,12,39,4,12,4,5,1,1,0.0,1,1.333333333,3880.666667,0.743495336,3.36,3.75,0.957427108,0,0.333333333,0.8,1,1,3.0,0,0,1,0,1.0,0,0,0,2,0,1,0,0,1,0,0,0,1,0,0,0,1,0,0,0
39,2,2,8778,18.9,2,4,5,1,3,4,27,0,1,16,66,3,6,4,2,0,0,0.666666667,0,1.0,4389.0,0.506216696,6.3,3.25,1.707825128,0,0.5,1.0,0,0,3.882352941,1,0,1,0,0.666666667,0,1,0,2,1,0,1,0,0,0,0,0,0,0,0,1,0,0,0,0
29,2,2,8689,9.6,1,4,3,3,2,4,28,0,0,27,82,2,7,4,8,0,0,0.666666667,0,2.0,8689.0,0.494005329,3.2,3.0,0.816496581,0,0.285714286,0.666666667,0,0,2.928571429,1,0,1,0,2.666666667,1,3,0,4,0,0,1,0,0,0,0,0,0,1,1,0,0,0,0,1
41,1,1,5052,15.2,2,3,2,5,3,4,61,0,0,11,44,4,8,2,8,0,0,0.5,0,0.5,2526.0,0.121128319,7.6,3.5,1.290994449,0,0.5,2.0,1,1,3.666666667,0,1,0,1,4.0,1,2,0,1,1,0,1,0,0,1,0,0,1,0,0,1,0,0,1,1
43,9,5,15595,9.2,5,3,2,2,3,1,50,0,1,9,27,6,12,3,7,1,0,0.5,1,1.8,3119.0,0.98120764,0.92,2.0,0.816496581,1,0.5,0.6,1,1,2.7,0,0,0,0,0.7,0,2,0,3,0,1,0,0,0,0,0,1,1,0,0,1,0,0,0,0
42,5,4,7186,16.7,1,4,3,4,3,3,25,1,1,25,90,2,6,2,4,1,0,0.666666667,1,5.0,7186.0,0.273312611,2.783333333,3.25,0.5,0,0.333333333,0.333333333,0,2,3.461538462,1,2,1,1,0.666666667,0,2,0,3,1,0,1,0,0,0,0,0,1,0,0,1,0,0,1,1
54,1,1,5104,15.7,1,5,3,4,4,3,18,0,0,8,18,2,6,4,3,1,1,0.5,0,1.0,5104.0,0.160981697,7.85,3.5,0.577350269,0,0.333333333,1.0,0,0,2.0,0,1,1,1,1.5,0,1,0,1,1,1,0,0,0,0,1,0,1,0,0,0,1,0,0,0
30,12,0,13376,13.0,3,4,3,3,2,3,30,1,0,21,68,6,2,3,2,1,0,0.0,1,4.0,4458.666667,0.904529307,1.0,2.75,0.5,0,3.0,0.461538462,1,4,3.090909091,1,1,1,1,0.153846154,0,1,0,2,0,0,1,0,0,0,0,0,1,0,1,0,0,0,0,0
45,1,0,6026,17.3,2,3,1,3,4,3,43,0,0,7,17,5,7,4,7,1,0,0.0,1,0.5,3013.0,0.373355263,8.65,2.75,1.258305739,0,0.714285714,2.5,0,1,2.125,0,-1,0,0,3.5,0,1,0,2,1,0,1,1,0,0,0,0,1,0,0,0,1,0,0,1
32,9,9,11935,15.8,3,5,2,3,3,4,31,1,0,6,17,2,8,4,9,1,0,0.9,0,3.0,3978.333333,0.922566372,1.58,3.0,0.816496581,0,0.25,0.2,1,3,2.428571429,0,1,1,1,0.9,1,1,0,3,1,0,1,0,0,1,0,0,0,0,1,0,0,0,0,0
47,2,1,8185,11.7,2,4,3,1,4,3,56,1,1,12,41,5,6,4,6,1,0,0.333333333,1,1.0,4092.5,0.599557522,3.9,2.75,1.258305739,0,0.833333333,1.666666667,1,4,3.153846154,0,0,1,0,2.0,0,0,0,2,0,1,0,0,0,1,0,0,1,0,0,0,1,0,0,0
39,1,1,7461,9.7,1,4,3,5,4,4,13,0,1,12,50,4,3,3,2,0,0,0.5,0,1.0,7461.0,0.310834813,4.85,4.0,0.816496581,0,1.333333333,2.0,1,2,3.846153846,0,1,1,1,1.0,0,1,0,3,0,0,1,0,0,0,0,0,1,0,0,1,0,0,0,1
33,3,2,10894,15.4,3,3,5,4,3,3,22,0,0,9,27,2,3,4,8,1,0,0.5,1,1.0,3631.333333,0.667157585,3.85,3.75,0.957427108,0,0.666666667,0.5,1,2,2.7,0,-1,0,0,2.0,1,1,0,2,0,0,0,0,1,0,0,0,1,0,1,0,0,0,0,0
35,3,3,6138,14.0,2,5,3,4,1,3,0,0,0,9,24,2,6,3,13,0,0,0.75,0,1.5,3069.0,0.214725816,3.5,2.75,1.258305739,0,0.333333333,0.5,1,1,2.4,0,2,1,1,3.25,1,2,0,1,0,0,0,0,0,0,0,1,0,0,0,1,0,0,0,1
21,1,1,8490,9.6,2,2,2,2,4,1,4,1,0,21,91,3,8,3,9,0,0,0.5,0,0.5,4245.0,0.368065783,4.8,2.25,1.258305739,1,0.375,1.5,2,4,4.136363636,1,-1,0,0,4.5,1,4,1,2,1,0,1,0,1,0,0,0,1,0,0,0,0,0,1,1
32,6,4,7999,15.5,2,3,5,4,1,3,11,0,0,24,94,8,12,4,1,0,0,0.571428571,1,3.0,3999.5,0.295778105,2.214285714,3.25,1.707825128,0,0.666666667,1.142857143,1,2,3.76,1,-1,0,0,0.142857143,0,3,0,2,0,1,0,0,1,0,0,0,1,0,1,0,0,0,1,1
40,9,2,6439,16.7,2,3,5,5,3,3,49,0,0,17,71,5,10,1,9,0,0,0.2,1,4.5,3219.5,0.180284192,1.67,4.0,1.154700538,0,0.5,0.5,1,1,3.944444444,1,2,0,1,0.9,1,3,0,1,1,1,0,0,0,0,0,0,0,1,0,1,0,0,1,1
37,4,0,9246,13.8,4,3,1,2,3,4,50,1,1,10,29,5,3,3,8,1,0,0.0,1,1.0,2311.5,0.567939609,2.76,2.5,1.290994449,0,1.666666667,1.0,1,4,2.636363636,0,0,0,0,1.6,1,1,0,1,0,1,0,0,0,0,0,0,1,0,0,1,0,0,0,0
39,4,3,6788,17.6,3,5,5,5,4,3,30,0,1,12,24,4,10,3,6,1,0,0.6,1,1.333333333,2262.666667,0.360896018,3.52,4.25,0.957427108,0,0.4,0.8,0,0,1.846153846,0,2,1,1,1.2,0,1,0,1,1,1,0,0,0,1,0,0,1,0,0,1,0,0,0,0
43,3,0,5721,18.8,2,4,5,2,3,2,42,1,1,3,8,5,5,5,7,0,0,0.0,1,1.5,2860.5,0.261231281,4.7,3.0,1.414213562,0,1.0,1.25,1,4,2.0,0,-1,1,0,1.75,0,1,0,2,0,0,1,0,0,0,1,0,0,0,0,1,0,0,0,1
45,14,4,6325,17.3,2,3,2,3,4,4,64,0,0,5,16,5,9,2,5,0,0,0.266666667,1,7.0,3162.5,0.355865225,1.153333333,3.25,0.957427108,0,0.555555556,0.333333333,2,3,2.666666667,0,1,0,1,0.333333333,0,2,0,1,0,0,1,0,0,0,1,0,0,1,0,0,1,0,1,1
37,6,3,6208,11.6,2,3,1,2,3,3,33,1,1,7,27,8,6,4,13,0,0,0.428571429,1,3.0,3104.0,0.337770383,1.657142857,2.25,0.957427108,1,1.333333333,1.142857143,2,5,3.375,0,-1,0,0,1.857142857,1,3,1,1,1,0,1,0,0,0,1,0,0,1,0,1,0,0,1,1
20,2,1,7192,12.5,2,3,4,4,4,2,32,0,0,15,54,5,12,3,4,0,0,0.333333333,1,1.0,3596.0,0.372150339,4.166666667,3.5,1.0,0,0.416666667,1.666666667,0,0,3.375,0,0,0,0,1.333333333,0,1,0,2,0,0,1,0,0,0,0,1,1,0,0,0,0,0,0,1
30,2,0,4291,10.3,1,3,4,3,2,2,9,1,1,26,101,6,18,3,7,1,0,0.0,1,2.0,4291.0,0.053650442,3.433333333,2.75,0.957427108,0,0.333333333,2.0,0,2,3.740740741,1,0,0,0,2.333333333,0,2,0,2,1,1,0,0,0,1,0,0,1,0,1,0,0,0,1,1
33,0,0,2863,10.1,1,3,5,4,2,3,18,1,1,13,45,3,6,3,7,0,0,0.0,0,0.0,2863.0,0.013980263,10.1,3.5,1.290994449,0,0.5,3.0,1,3,3.214285714,0,0,0,0,7.0,0,1,0,2,0,0,0,1,0,0,0,0,1,0,1,0,0,0,1,0
38,5,2,10161,15.3,2,3,4,5,2,3,53,1,0,2,6,2,11,3,9,0,0,0.333333333,1,2.5,5080.5,0.685612789,2.55,3.5,1.290994449,0,0.181818182,0.333333333,1,3,2.0,0,0,0,0,1.5,1,1,0,4,1,1,0,0,0,0,0,0,1,0,0,1,0,0,1,1
31,9,9,13631,13.7,3,2,3,1,4,4,27,1,0,4,12,4,6,3,9,1,0,0.9,0,3.0,4543.666667,0.869661267,1.37,3.0,1.414213562,0,0.666666667,0.4,2,5,2.4,0,-1,0,0,0.9,1,2,0,3,1,0,0,0,1,0,0,0,1,0,1,0,0,0,1,0
24,6,2,18184,16.1,4,4,4,4,3,4,33,0,0,5,15,5,14,3,3,1,0,0.285714286,1,1.5,4546.0,0.980608738,2.3,3.75,0.5,0,0.357142857,0.714285714,0,0,2.5,0,1,1,1,0.428571429,0,0,0,4,1,0,1,0,1,0,0,0,1,0,0,0,0,0,0,0
30,3,0,6524,20.8,3,4,3,4,2,3,22,1,0,9,19,4,3,3,12,1,0,0.0,1,1.0,2174.666667,0.388519135,5.2,3.0,0.816496581,0,1.333333333,1.0,2,5,1.9,0,1,1,1,3.0,1,2,0,2,0,1,0,0,0,0,1,0,1,0,1,0,0,0,1,0
46,15,10,10856,13.9,4,4,4,3,3,3,16,0,1,12,32,4,11,2,3,1,0,0.625,1,3.75,2714.0,0.830252619,0.86875,3.25,0.5,0,0.363636364,0.25,0,0,2.461538462,0,2,1,1,0.1875,0,0,0,2,1,0,1,0,0,0,0,1,1,0,0,0,1,0,0,0
27,0,0,8208,11.1,2,4,1,5,3,3,36,1,0,26,74,3,7,2,6,1,0,0.0,0,0.0,4104.0,0.328792342,11.1,3.0,1.632993162,0,0.428571429,3.0,2,4,2.740740741,1,2,1,1,6.0,0,2,0,2,1,1,0,0,1,0,0,0,1,0,1,0,0,0,1,0
33,5,1,10197,10.0,3,2,3,4,2,3,47,1,1,16,60,3,4,5,5,1,0,0.166666667,1,1.666666667,3399.0,0.773259396,1.666666667,3.0,0.816496581,0,0.75,0.5,1,4,3.529411765,0,-3,0,0,0.833333333,0,0,0,3,1,0,1,0,0,0,0,1,0,0,1,0,0,0,0,0
34,6,3,7475,13.9,2,3,3,4,2,3,41,0,0,3,8,2,6,4,10,0,0,0.428571429,1,3.0,3737.5,0.420825632,1.985714286,3.0,0.816496581,0,0.333333333,0.285714286,1,1,2.0,0,-1,0,0,1.428571429,1,2,0,2,1,0,1,0,0,0,0,1,1,0,1,0,0,0,1,1
18,0,0,5953,16.0,2,2,1,3,4,3,29,0,0,4,7,3,11,1,7,0,0,0.0,0,0.0,2976.5,0.230088496,16.0,2.75,1.258305739,0,0.272727273,3.0,1,1,1.4,0,1,0,1,7.0,0,1,0,2,1,1,0,0,0,1,0,0,1,0,0,0,0,0,1,1
27,5,3,10600,13.2,3,3,5,1,4,5,24,1,1,14,54,4,13,3,5,1,0,0.5,1,1.666666667,3533.333333,0.638193422,2.2,3.75,1.892969449,0,0.307692308,0.666666667,1,3,3.6,0,0,0,0,0.833333333,0,0,0,2,1,1,0,0,1,0,0,0,1,0,1,0,0,0,0,0
30,1,0,4578,11.4,1,3,3,5,4,3,22,1,0,9,30,4,8,3,8,0,0,0.0,1,1.0,4578.0,0.052988293,5.7,3.75,0.957427108,0,0.5,2.0,1,3,3.0,0,0,0,0,4.0,1,2,0,2,0,0,1,0,0,0,0,1,1,0,1,0,0,0,0,0
26,4,1,5877,12.7,3,3,3,3,3,4,14,1,1,8,34,2,12,3,5,1,0,0.2,1,1.333333333,1959.0,0.224004425,2.54,3.25,0.5,0,0.166666667,0.4,0,2,3.777777778,0,0,0,0,1.0,0,1,0,1,1,1,0,0,0,1,0,0,1,0,1,0,0,0,0,1
25,0,0,9119,18.9,3,3,4,4,4,3,45,0,0,22,77,7,2,3,3,1,0,0.0,0,0.0,3039.666667,0.655422058,18.9,3.75,0.5,0,3.5,7.0,1,2,3.347826087,1,0,0,0,3.0,0,1,0,4,0,1,0,0,0,0,0,1,1,0,1,0,0,0,0,0
35,2,0,6964,10.0,1,3,4,3,2,3,0,0,1,32,73,4,4,4,4,0,0,0.0,1,2.0,6964.0,0.244449378,3.333333333,3.0,0.816496581,0,1.0,1.333333333,1,2,2.212121212,1,-1,0,0,1.333333333,0,2,0,3,1,0,1,0,0,0,0,0,0,0,0,1,0,0,0,0
32,11,3,10452,16.6,2,3,2,4,3,3,14,1,0,9,29,3,11,3,5,0,0,0.25,1,5.5,5226.0,0.797288971,1.383333333,3.0,0.816496581,0,0.272727273,0.25,1,3,2.9,0,0,0,0,0.416666667,0,0,0,3,1,1,0,0,0,0,0,1,1,0,1,0,0,0,1,1
18,0,0,7050,17.7,2,5,5,3,2,4,26,0,1,46,150,4,15,1,8,0,0,0.0,0,0.0,3525.0,0.413163717,17.7,3.5,1.290994449,0,0.266666667,4.0,1,1,3.191489362,1,4,1,1,8.0,1,3,0,2,1,0,1,0,0,1,0,0,1,0,0,0,0,0,0,0
18,0,0,5658,14.2,2,3,1,1,2,3,55,0,1,28,71,8,13,5,3,0,0,0.0,0,0.0,2829.0,0.196902655,14.2,1.75,0.957427108,1,0.615384615,8.0,1,2,2.448275862,1,-2,0,0,3.0,0,3,0,1,0,1,0,0,0,1,0,0,1,0,0,0,0,0,1,0
33,2,0,5602,14.0,2,3,3,4,5,4,39,1,0,22,74,8,9,3,6,0,0,0.0,1,1.0,2801.0,0.190265487,4.666666667,4.0,0.816496581,0,0.888888889,2.666666667,1,4,3.217391304,1,0,0,0,2.0,0,2,0,2,0,1,0,0,0,1,0,0,0,1,1,0,0,0,1,0
42,3,0,7751,11.1,2,2,5,5,2,3,0,1,1,30,116,4,9,3,8,1,0,0.0,1,1.5,3875.5,0.59671381,2.775,3.75,1.5,0,0.444444444,1.0,1,3,3.741935484,1,-1,0,0,2.0,1,2,0,2,1,1,0,0,0,0,1,0,1,0,0,1,0,0,1,1
29,2,1,8893,8.6,2,3,5,3,3,3,46,1,0,9,27,1,9,5,8,0,0,0.333333333,1,1.0,4446.5,0.627079482,2.866666667,3.5,1.0,0,0.111111111,0.333333333,1,3,2.7,0,-2,0,0,2.666666667,1,1,0,3,0,0,1,0,0,0,0,1,1,0,1,0,0,0,0,0
29,6,0,5306,11.8,1,3,3,2,2,5,51,0,0,8,24,4,10,5,5,0,0,0.0,1,6.0,5306.0,0.064831261,1.685714286,3.0,1.414213562,0,0.4,0.571428571,1,1,2.666666667,0,-2,0,0,0.714285714,0,1,0,1,1,1,0,0,0,0,0,0,1,0,1,0,0,0,1,1
24,6,6,8382,15.4,2,3,3,3,4,2,44,1,0,9,32,5,7,4,7,0,0,0.857142857,0,3.0,4191.0,0.353583702,2.2,3.0,0.816496581,0,0.714285714,0.714285714,0,3,3.2,0,-1,0,0,1.0,0,2,0,1,1,1,0,0,1,0,0,0,1,0,0,0,0,0,1,1
51,4,1,9260,14.7,2,4,2,4,3,2,36,0,0,17,60,6,4,3,4,0,1,0.2,1,2.0,4630.0,0.786189684,2.94,2.75,0.957427108,0,1.5,1.2,0,1,3.333333333,0,1,1,1,0.8,0,0,0,4,0,1,0,0,0,0,1,0,1,0,0,0,1,0,1,1
38,2,1,5473,14.0,1,4,3,4,3,2,35,0,0,8,26,3,8,4,3,0,0,0.333333333,1,2.0,5473.0,0.079928952,4.666666667,3.0,0.816496581,0,0.375,1.0,0,0,2.888888889,0,0,1,0,1.0,0,1,0,3,0,0,1,0,0,0,0,0,1,0,0,1,0,0,1,0
44,11,9,15957,17.0,5,3,4,5,3,4,29,0,1,8,22,3,6,3,4,1,0,0.75,1,2.2,3191.4,0.95041728,1.416666667,4.0,0.816496581,0,0.5,0.25,1,1,2.444444444,0,0,0,0,0.333333333,0,1,0,2,1,0,1,0,1,0,0,0,1,0,0,1,0,0,0,0
37,5,0,9262,14.1,3,3,3,3,3,4,42,0,0,10,34,6,4,3,4,1,0,0.0,1,1.666666667,3087.333333,0.673136168,2.35,3.25,0.5,0,1.5,1.0,1,2,3.090909091,0,0,0,0,0.666666667,0,0,0,3,1,1,0,0,0,0,0,1,1,0,0,1,0,0,0,0
26,8,4,13962,11.4,3,3,4,5,3,2,57,0,0,16,42,3,9,4,10,1,0,0.444444444,1,2.666666667,4654.0,0.884143348,1.266666667,3.5,1.290994449,0,0.333333333,0.333333333,1,1,2.470588235,0,-1,0,0,1.111111111,1,2,0,3,1,0,1,0,1,0,0,0,1,0,1,0,0,0,0,0
37,0,0,7352,18.5,3,3,3,3,4,4,13,0,0,3,9,2,18,4,9,1,0,0.0,0,0.0,2450.666667,0.399876771,18.5,3.5,0.577350269,0,0.111111111,2.0,0,0,2.25,0,-1,0,0,9.0,1,2,0,2,0,0,1,0,0,0,0,1,1,0,0,1,0,0,1,1
32,11,11,9450,18.7,3,4,4,3,4,3,39,1,0,28,138,6,4,3,4,1,0,0.916666667,0,3.666666667,3150.0,0.491899853,1.558333333,3.5,0.577350269,0,1.5,0.5,2,5,4.75862069,1,1,1,1,0.333333333,0,3,0,1,0,1,0,0,1,0,0,0,0,1,1,0,0,0,0,1
45,2,0,3926,18.0,1,4,3,2,4,2,11,0,0,6,17,3,5,4,4,0,0,0.0,1,2.0,3926.0,0.042013311,6.0,2.75,0.957427108,0,0.6,1.0,2,3,2.428571429,0,0,1,0,1.333333333,0,1,0,2,1,1,0,0,0,0,1,0,1,0,0,0,1,0,0,0
49,2,2,7856,19.0,1,4,2,2,3,4,44,1,1,7,26,8,7,5,11,0,0,0.666666667,0,2.0,7856.0,0.612520799,6.333333333,2.75,0.957427108,0,1.142857143,2.666666667,2,5,3.25,0,-1,1,0,3.666666667,1,1,0,4,1,1,0,0,0,0,1,0,1,0,0,0,1,0,0,0
34,8,7,12881,18.8,3,3,3,5,1,1,22,0,1,23,65,5,9,3,8,1,0,0.777777778,1,2.666666667,4293.666667,0.88277087,2.088888889,2.5,1.914854216,0,0.555555556,0.555555556,0,1,2.708333333,1,0,0,0,0.888888889,1,3,0,3,0,0,1,0,0,0,0,0,0,1,1,0,0,0,0,0
35,6,5,11037,11.8,4,1,4,3,2,2,33,1,0,30,86,4,8,3,7,1,0,0.714285714,1,1.5,2759.25,0.76687389,1.685714286,2.75,0.957427108,0,0.5,0.571428571,1,3,2.774193548,1,-2,0,0,1.0,0,2,0,1,1,1,0,0,0,0,0,0,1,0,0,1,0,0,1,0
26,1,1,6788,12.3,2,5,3,3,3,3,25,0,1,26,83,9,2,4,7,0,0,0.5,0,0.5,3394.0,0.360896018,6.15,3.0,0.0,0,4.5,4.5,1,2,3.074074074,1,1,1,1,3.5,0,2,0,2,1,1,0,0,0,1,0,0,1,0,1,0,0,0,0,1
42,10,4,9672,6.5,2,2,3,3,4,3,14,0,1,9,38,3,9,5,4,0,0,0.363636364,1,5.0,4836.0,0.779314159,0.590909091,3.25,0.5,0,0.333333333,0.272727273,2,2,3.8,0,-3,0,0,0.363636364,0,1,0,3,1,1,0,0,0,1,0,0,1,0,0,1,0,0,1,1
48,1,1,7567,11.7,2,3,3,1,2,2,69,0,0,19,46,5,11,3,5,0,0,0.5,0,0.5,3783.5,0.241777123,5.85,2.0,0.816496581,1,0.454545455,2.5,1,1,2.3,0,0,0,0,2.5,0,2,0,2,1,1,0,0,1,0,0,0,1,0,0,0,1,0,0,1
46,0,0,10411,19.3,2,3,3,3,4,3,29,0,0,12,52,6,10,3,8,0,0,0.0,0,0.0,5205.5,0.793284042,19.3,3.25,0.5,0,0.6,6.0,1,2,4.0,0,0,0,0,8.0,1,1,0,4,1,0,1,0,0,0,0,1,1,0,0,0,1,0,0,0
35,4,1,8323,25.8,2,5,4,5,3,4,28,0,0,34,103,6,3,3,10,1,0,0.2,1,2.0,4161.5,0.552064079,5.16,4.0,0.816496581,0,2.0,1.2,1,2,2.942857143,1,2,1,1,2.0,1,2,0,3,0,0,1,0,0,0,0,1,1,0,0,1,0,0,1,1
24,6,4,9143,16.1,2,3,3,2,3,2,46,0,0,9,33,5,2,2,9,0,0,0.571428571,1,3.0,4571.5,0.555506217,2.3,2.5,0.577350269,0,2.5,0.714285714,1,2,3.3,0,1,0,1,1.285714286,1,2,0,3,1,1,0,0,0,0,0,0,1,0,0,0,0,0,1,1
44,2,1,5078,19.7,1,3,2,3,3,4,36,0,1,19,76,6,16,3,3,0,0,0.333333333,1,2.0,5078.0,0.091497227,6.566666667,3.0,0.816496581,0,0.375,2.0,1,1,3.8,1,0,0,0,1.0,0,2,0,2,0,0,1,0,0,0,0,1,1,0,0,1,0,0,0,1
26,0,0,8105,22.2,3,4,5,3,4,2,30,1,1,19,60,3,12,3,11,1,0,0.0,0,0.0,2701.666667,0.650998336,22.2,3.5,1.290994449,0,0.25,3.0,0,2,3.0,0,1,1,1,11.0,1,1,0,2,0,1,0,0,0,0,1,0,1,0,1,0,0,0,0,0
33,2,2,7316,15.1,2,3,2,2,3,4,36,0,0,29,93,4,3,3,5,0,0,0.666666667,0,1.0,3658.0,0.208271969,5.033333333,2.75,0.957427108,0,1.333333333,1.333333333,1,2,3.1,1,0,0,0,1.666666667,0,2,0,2,0,0,1,0,1,0,0,0,1,0,1,0,0,0,1,0
49,2,2,12050,17.1,3,3,3,1,4,2,49,0,0,13,46,5,3,3,6,1,0,0.666666667,0,0.666666667,4016.666667,0.777000491,5.7,2.5,1.290994449,0,1.666666667,1.666666667,1,2,3.285714286,0,0,0,0,2.0,0,0,0,3,0,0,0,0,1,0,0,0,1,0,0,0,1,0,0,0
33,10,0,10952,14.1,3,4,4,5,3,3,40,0,1,20,62,4,2,3,7,1,0,0.0,1,3.333333333,3650.666667,0.760213144,1.281818182,3.75,0.957427108,0,2.0,0.363636364,1,2,2.952380952,1,1,1,1,0.636363636,0,1,0,2,0,1,0,0,0,0,0,0,0,0,1,0,0,0,0,0
24,2,1,7581,13.6,3,3,5,3,3,3,45,0,1,47,121,1,8,2,9,1,0,0.333333333,1,0.666666667,2527.0,0.511061947,4.533333333,3.5,1.0,0,0.125,0.333333333,1,1,2.520833333,1,1,0,1,3.0,1,2,0,1,1,1,0,0,0,1,0,0,1,0,0,0,0,0,0,0
50,32,4,17342,14.9,5,3,5,3,4,4,66,0,1,6,20,4,10,3,6,1,1,0.121212121,1,6.4,3468.4,0.970790378,0.451515152,4.0,0.816496581,0,0.4,0.121212121,2,2,2.857142857,0,0,0,0,0.181818182,0,1,0,1,1,0,1,0,1,0,0,0,1,0,0,0,1,0,0,0
36,5,4,10677,15.3,3,3,3,3,3,2,52,0,1,23,77,6,5,2,4,1,0,0.666666667,1,1.666666667,3559.0,0.888519135,2.55,2.75,0.5,0,1.2,1.0,1,2,3.208333333,1,1,0,1,0.666666667,0,2,0,3,1,1,0,0,0,0,1,0,1,0,0,1,0,0,0,0
18,0,0,5490,15.3,1,4,3,4,2,3,24,0,0,9,16,1,10,3,9,0,0,0.0,0,0.0,5490.0,0.136629698,15.3,3.0,0.816496581,0,0.1,1.0,1,1,1.6,0,1,1,1,9.0,1,2,0,1,0,1,0,0,0,0,0,1,1,0,0,0,0,0,1,0
36,11,9,8731,18.9,3,3,1,2,4,4,60,0,0,29,83,9,10,1,4,1,0,0.75,1,3.666666667,2910.333333,0.605360444,1.575,2.75,1.5,0,0.9,0.75,1,2,2.766666667,1,2,0,1,0.333333333,0,2,0,2,0,1,0,0,0,0,0,1,1,0,0,1,0,0,0,0
26,4,0,9426,11.6,4,1,4,5,1,3,58,1,1,30,117,5,2,1,15,1,0,0.0,1,1.0,2356.5,0.694855206,2.32,3.25,1.707825128,0,2.5,1.0,1,4,3.774193548,1,0,0,0,3.0,1,2,0,2,1,1,0,0,0,0,0,1,0,1,1,0,0,0,0,1
28,6,3,14006,10.4,2,3,4,3,3,4,3,0,1,7,23,4,8,3,5,0,0,0.428571429,1,3.0,7003.0,0.886843397,1.485714286,3.5,0.577350269,0,0.5,0.571428571,0,0,2.875,0,0,0,0,0.714285714,0,0,0,4,1,1,0,0,1,0,0,0,1,0,1,0,0,0,1,1
49,0,0,4323,8.3,1,3,3,3,4,4,43,0,0,8,28,6,7,3,6,0,0,0.0,0,0.0,4323.0,0.113075658,8.3,3.5,0.577350269,0,0.857142857,6.0,2,3,3.111111111,0,0,0,0,6.0,0,1,0,2,1,1,0,1,0,0,0,0,1,0,0,0,1,0,0,0
21,2,1,4687,15.6,2,1,3,3,5,3,30,1,1,42,101,4,5,3,10,0,0,0.333333333,1,1.0,2343.5,0.086836283,5.2,3.5,1.0,0,0.8,1.333333333,0,3,2.348837209,1,-2,0,0,3.333333333,1,3,0,1,0,1,0,0,0,1,0,0,0,0,0,0,0,0,1,1
43,4,4,9786,10.7,2,2,3,1,2,5,42,0,0,26,89,6,13,3,10,0,0,0.8,0,2.0,4893.0,0.639875666,2.14,2.75,1.707825128,0,0.461538462,1.2,0,0,3.296296296,1,-1,0,0,2.0,1,3,0,2,0,0,1,0,0,0,0,0,1,0,0,1,0,0,1,1
40,3,1,5495,11.7,1,3,2,4,3,3,61,1,1,8,28,3,8,4,9,0,0,0.25,1,3.0,5495.0,0.080817052,2.925,3.0,0.816496581,0,0.375,0.75,1,3,3.111111111,0,-1,0,0,2.25,1,2,0,2,1,1,0,0,0,0,0,0,0,1,0,1,0,0,1,0
31,1,1,7160,8.9,3,3,1,4,4,5,24,0,0,11,39,9,9,3,6,1,0,0.5,0,0.333333333,2386.666667,0.583059211,4.45,3.5,1.732050808,0,1.0,4.5,0,1,3.25,0,0,0,0,3.0,0,0,0,2,0,0,0,1,0,0,0,0,1,0,1,0,0,0,0,0
37,0,0,5962,13.2,2,2,5,4,5,1,13,1,1,13,29,4,8,4,3,0,0,0.0,0,0.0,2981.0,0.193160813,13.2,3.75,1.892969449,0,0.5,4.0,0,2,2.071428571,0,-2,0,0,3.0,0,1,0,2,0,1,0,0,0,0,0,1,1,0,0,1,0,0,1,1
22,0,0,3527,15.3,2,3,3,1,4,3,57,0,0,16,59,9,12,2,9,0,0,0.0,0,0.0,1763.5,0.010166359,15.3,2.75,1.258305739,0,0.75,9.0,0,1,3.470588235,0,1,0,1,9.0,1,2,0,1,0,0,1,0,0,0,0,1,1,0,0,0,0,0,1,0
37,2,2,6855,19.7,1,5,3,3,4,4,25,0,0,7,25,6,9,5,4,0,0,0.666666667,0,2.0,6855.0,0.155252823,6.566666667,3.5,0.577350269,0,0.666666667,2.0,1,2,3.125,0,0,1,0,1.333333333,0,1,0,2,0,1,0,0,1,0,0,0,0,0,0,1,0,0,0,0
27,1,0,5874,9.8,2,1,2,4,3,4,16,1,0,31,100,4,3,3,5,1,0,0.0,1,0.5,2937.0,0.221792035,4.9,3.25,0.957427108,0,1.333333333,2.0,0,3,3.125,1,-2,0,0,2.5,0,2,0,2,0,1,0,0,0,1,0,0,0,1,1,0,0,0,1,1
33,5,3,8145,14.4,3,3,3,3,2,5,30,0,1,3,11,5,10,3,5,1,0,0.5,1,1.666666667,2715.0,0.714638158,2.4,3.25,1.258305739,0,0.5,0.833333333,0,0,2.75,0,0,0,0,0.833333333,0,0,0,1,0,1,0,1,0,0,0,0,1,0,1,0,0,0,0,0
55,2,1,5711,12.7,1,3,4,1,4,2,22,0,0,2,8,1,8,2,10,0,1,0.333333333,1,2.0,5711.0,0.055964654,4.233333333,2.75,1.5,0,0.125,0.333333333,1,1,2.666666667,0,1,0,1,3.333333333,1,2,0,2,1,1,0,0,1,0,0,0,1,0,0,0,0,1,0,0
37,9,4,9347,14.7,3,3,3,3,2,3,23,1,1,34,83,2,13,3,5,1,0,0.4,1,3.0,3115.666667,0.684380776,1.47,2.75,0.5,0,0.153846154,0.2,1,3,2.371428571,1,0,0,0,0.5,0,2,0,3,1,1,0,0,0,0,0,1,0,0,0,1,0,0,0,0
30,12,9,12558,9.8,5,2,3,2,4,4,46,0,1,19,63,2,8,3,7,1,0,0.692307692,1,2.4,2511.6,0.917744917,0.753846154,3.25,0.957427108,0,0.25,0.153846154,2,2,3.15,1,-1,0,0,0.538461538,0,2,0,2,0,0,1,0,0,0,0,1,1,0,1,0,0,0,1,1
41,9,9,12187,8.8,4,2,1,1,3,3,36,1,1,14,27,3,5,2,10,1,0,0.9,0,2.25,3046.75,0.900800986,0.88,2.0,1.154700538,1,0.6,0.3,1,4,1.8,0,0,0,0,1.0,1,3,1,3,1,1,0,0,0,0,0,1,1,0,0,1,0,0,0,0
31,3,0,8851,16.0,1,3,3,5,3,4,50,0,1,21,53,2,8,5,6,1,0,0.0,1,3.0,8851.0,0.417034855,4.0,3.75,0.957427108,0,0.25,0.5,1,1,2.409090909,0,-2,0,0,1.5,0,1,0,3,1,0,1,0,1,0,0,0,1,0,1,0,0,0,1,1
32,6,0,9700,9.8,3,3,3,5,3,4,55,0,1,23,86,2,2,2,1,1,0,0.0,1,2.0,3233.333333,0.526509573,1.4,3.75,0.957427108,0,1.0,0.285714286,1,2,3.583333333,1,1,0,1,0.142857143,0,1,0,1,0,1,0,0,1,0,0,0,1,0,1,0,0,0,0,0
44,9,1,11744,13.5,3,3,1,3,3,5,43,1,0,26,74,2,7,4,3,1,0,0.1,1,3.0,3914.666667,0.753313697,1.35,3.0,1.632993162,0,0.285714286,0.2,2,4,2.740740741,1,-1,0,0,0.3,0,1,0,2,0,1,0,0,1,0,0,0,1,0,0,1,0,0,0,0
43,7,6,8004,22.5,2,4,2,4,3,3,5,0,1,26,108,1,4,3,2,0,0,0.75,1,3.5,4002.0,0.392539964,2.8125,3.0,0.816496581,0,0.25,0.125,1,1,4.0,1,1,1,1,0.25,0,3,0,1,0,1,0,0,0,0,0,0,0,1,0,1,0,0,1,1
31,13,12,11811,8.3,4,2,2,4,5,3,24,1,1,18,62,3,9,3,8,1,0,0.857142857,1,3.25,2952.75,0.938851913,0.592857143,3.5,1.290994449,0,0.333333333,0.214285714,2,4,3.263157895,1,-1,0,0,0.571428571,1,3,0,3,0,0,1,0,0,0,1,0,1,0,1,0,0,0,0,1
37,0,0,7675,16.4,1,3,1,2,4,2,30,0,1,10,28,5,10,3,5,0,0,0.0,0,0.0,7675.0,0.254540992,16.4,2.25,1.258305739,1,0.5,5.0,0,0,2.545454545,0,0,0,0,5.0,0,2,0,3,0,1,0,0,1,0,0,0,1,0,0,1,0,0,1,1
31,4,4,11008,16.8,3,3,5,5,4,2,51,1,1,18,57,2,6,3,8,1,0,0.8,0,1.333333333,3669.333333,0.678939617,3.36,4.0,1.414213562,0,0.333333333,0.4,0,2,3.0,0,0,0,0,1.6,1,2,0,2,0,0,1,0,1,0,0,0,1,0,1,0,0,0,0,0
46,1,1,6792,18.7,2,4,3,4,2,2,5,0,1,15,36,3,12,2,3,0,0,0.5,0,0.5,3396.0,0.43344426,9.35,2.75,0.957427108,0,0.25,1.5,0,0,2.25,0,2,1,1,1.5,0,1,0,2,1,1,0,0,0,0,1,0,0,1,0,0,1,0,1,1
36,1,0,5659,16.9,2,4,1,3,3,2,3,0,1,6,17,4,8,2,6,0,0,0.0,1,0.5,2829.5,0.090364121,8.45,2.25,0.957427108,1,0.5,2.0,0,0,2.428571429,0,2,1,1,3.0,0,2,0,1,0,0,1,0,0,0,0,0,1,0,0,1,0,0,0,1
44,4,4,8433,16.2,3,3,1,3,3,2,20,0,1,22,58,1,6,4,6,1,0,0.8,0,1.333333333,2811.0,0.569470117,3.24,2.25,0.957427108,1,0.166666667,0.2,1,1,2.52173913,0,-1,0,0,1.2,0,2,0,1,1,0,1,0,0,0,0,1,1,0,0,1,0,0,0,0
50,2,2,4988,13.0,1,4,4,3,4,3,39,1,0,9,26,5,10,4,6,1,1,0.666666667,0,2.0,4988.0,0.083949476,4.333333333,3.5,0.577350269,0,0.5,1.666666667,0,2,2.6,0,0,1,0,2.0,0,1,0,2,1,1,0,0,0,0,0,1,1,0,0,0,1,0,0,1
35,6,3,6001,14.8,2,4,4,5,1,4,49,0,1,6,6,4,9,4,5,0,0,0.428571429,1,3.0,3000.5,0.309484193,2.114285714,3.5,1.732050808,0,0.444444444,0.571428571,1,1,0.857142857,0,0,1,0,0.714285714,0,1,0,2,1,1,0,0,0,0,1,0,0,1,0,1,0,0,1,1
24,6,2,10999,17.4,3,3,1,4,4,4,27,0,0,37,150,5,12,4,3,1,0,0.285714286,1,2.0,3666.333333,0.838570548,2.485714286,3.25,1.5,0,0.416666667,0.714285714,2,2,3.947368421,1,-1,0,0,0.428571429,0,1,0,2,1,0,1,0,0,0,0,1,1,0,0,0,0,0,0,0
57,0,0,8888,14.6,1,4,3,4,3,5,41,0,0,3,9,2,14,4,3,0,1,0.0,0,0.0,8888.0,0.523978686,14.6,3.75,0.957427108,0,0.142857143,2.0,2,2,2.25,0,0,1,0,3.0,0,0,0,4,1,1,0,0,0,0,0,0,1,0,0,0,0,1,0,0
31,7,2,8601,16.1,2,3,4,2,1,4,72,0,1,29,75,5,8,3,2,0,0,0.25,1,3.5,4300.5,0.71609817,2.0125,2.75,1.5,0,0.625,0.625,1,2,2.5,1,0,0,0,0.25,0,1,0,3,1,1,0,0,0,0,1,0,1,0,1,0,0,0,1,1
21,3,1,6310,10.7,2,2,4,1,2,3,44,1,0,6,15,5,6,3,8,1,0,0.25,1,1.5,3155.0,0.099410898,2.675,2.5,1.290994449,0,0.833333333,1.25,0,3,2.142857143,0,-1,0,0,2.0,1,2,0,2,1,1,0,0,1,0,0,0,1,0,0,0,0,0,1,1
22,2,0,7781,18.1,1,5,5,4,5,2,45,0,0,1,5,3,7,3,6,0,0,0.0,1,2.0,7781.0,0.265832106,6.033333333,4.0,1.414213562,0,0.428571429,1.0,1,1,2.5,0,2,1,1,2.0,0,1,0,2,1,1,0,0,1,0,0,0,1,0,0,0,0,0,0,1
50,0,0,5939,17.7,1,3,1,3,4,2,70,1,0,3,9,8,13,5,7,0,1,0.0,0,0.0,5939.0,0.300956739,17.7,2.5,1.290994449,0,0.615384615,8.0,1,4,2.25,0,-2,0,0,7.0,0,1,0,2,1,1,0,0,0,0,1,0,0,0,0,0,1,0,0,1
34,4,3,12111,17.6,3,3,3,3,4,4,49,0,0,3,10,6,8,4,1,1,0,0.6,1,1.333333333,4037.0,0.780559647,3.52,3.5,0.577350269,0,0.75,1.2,1,2,2.5,0,-1,0,0,0.2,0,0,0,3,1,0,1,0,1,0,0,0,0,1,1,0,0,0,0,0
38,1,0,5382,16.4,1,4,3,2,1,3,5,0,0,22,79,4,2,3,5,0,0,0.0,1,1.0,5382.0,0.158185841,8.2,2.25,0.957427108,1,2.0,2.0,0,1,3.434782609,1,1,1,1,2.5,0,3,0,2,1,1,0,0,0,1,0,0,1,0,0,1,0,0,1,1
18,0,0,5883,20.3,1,3,3,4,3,2,25,0,0,26,60,1,6,1,5,1,0,0.0,0,0.0,5883.0,0.113010657,20.3,3.0,0.816496581,0,0.166666667,1.0,1,1,2.222222222,0,2,0,1,5.0,0,1,0,2,1,1,0,0,0,0,0,0,1,0,0,0,0,0,0,0
40,2,1,9480,17.3,3,4,5,4,3,5,16,1,1,27,135,2,10,3,12,1,0,0.333333333,1,0.666666667,3160.0,0.495459008,5.766666667,4.25,0.957427108,0,0.2,0.666666667,0,2,4.821428571,1,1,1,1,4.0,1,3,0,2,0,0,1,0,1,0,0,0,1,0,0,1,0,0,1,0
47,16,15,11381,12.1,4,3,2,3,4,3,56,0,0,34,150,2,7,3,2,1,0,0.882352941,1,4.0,2845.25,0.899336283,0.711764706,3.0,0.816496581,0,0.285714286,0.117647059,1,1,4.285714286,1,0,0,0,0.117647059,0,2,0,1,0,0,1,0,0,1,0,0,0,0,0,0,1,0,0,0
37,3,0,11475,11.9,4,3,3,4,4,3,37,1,1,7,26,5,9,5,10,1,0,0.0,1,0.75,2868.75,0.869531731,2.975,3.5,0.577350269,0,0.555555556,1.25,1,4,3.25,0,-2,0,0,2.5,1,1,0,2,1,1,0,0,0,0,0,1,1,0,0,1,0,0,0,0
59,1,0,4739,14.4,1,2,4,4,4,4,20,1,0,12,41,3,10,4,5,1,1,0.0,1,1.0,4739.0,0.015463918,7.2,4.0,0.0,0,0.3,1.5,1,3,3.153846154,0,-2,0,0,2.5,0,1,0,1,1,1,0,0,1,0,0,0,1,0,0,0,0,1,1,1
38,1,1,2251,16.7,1,3,3,3,3,5,34,0,1,24,76,5,6,4,4,0,0,0.5,0,1.0,2251.0,0.00124792,8.35,3.5,1.0,0,0.833333333,2.5,2,3,3.04,1,-1,0,0,2.0,0,2,0,1,0,0,1,0,0,0,1,0,1,0,0,1,0,0,0,0
44,2,0,4997,16.9,1,4,2,4,3,3,56,0,1,13,50,2,7,3,10,0,0,0.0,1,2.0,4997.0,0.02221404,5.633333333,3.0,0.816496581,0,0.285714286,0.666666667,1,1,3.571428571,0,1,1,1,3.333333333,1,2,0,2,1,0,1,0,1,0,0,0,1,0,0,1,0,0,0,0
25,7,7,11101,8.6,4,1,4,4,3,4,12,0,1,7,27,4,7,3,3,1,0,0.875,0,1.75,2775.25,0.690967108,1.075,3.75,0.5,0,0.571428571,0.5,0,1,3.375,0,-2,0,0,0.375,0,1,0,2,1,0,1,0,1,0,0,0,1,0,1,0,0,0,1,1
35,3,1,8455,12.1,2,3,4,4,5,2,44,1,1,18,46,1,8,3,3,0,0,0.25,1,1.5,4227.5,0.63965708,3.025,3.75,1.258305739,0,0.125,0.25,1,3,2.421052632,0,0,0,0,0.75,0,0,0,3,1,1,0,0,0,1,0,0,1,0,0,1,0,0,0,0
32,4,2,4342,14.5,2,3,4,4,3,2,16,0,0,6,15,6,2,3,3,1,0,0.4,1,2.0,2171.0,0.014209591,2.9,3.25,0.957427108,0,3.0,1.2,1,2,2.142857143,0,0,0,0,0.6,0,1,0,1,1,1,0,0,0,0,0,0,1,0,1,0,0,0,1,1
40,13,8,21100,12.3,5,1,3,3,4,1,28,0,0,34,122,3,6,3,5,1,0,0.571428571,1,2.6,4220.0,0.998667851,0.878571429,2.75,1.258305739,0,0.5,0.214285714,1,1,3.485714286,1,-2,0,0,0.357142857,0,2,0,4,0,0,1,0,0,0,0,0,1,0,0,1,0,0,0,0
25,3,2,12100,17.0,3,5,3,1,4,2,39,0,1,16,77,2,8,3,5,1,0,0.5,1,1.0,4033.333333,0.898028343,4.25,2.5,1.290994449,0,0.25,0.5,0,0,4.529411765,1,2,1,1,1.25,0,1,0,3,0,1,0,0,0,0,0,1,1,0,1,0,0,0,0,0
30,9,3,8428,17.4,4,3,3,1,3,3,45,0,1,10,22,1,17,2,4,1,0,0.3,1,2.25,2107.0,0.753289474,1.74,2.5,1.0,0,0.058823529,0.1,0,0,2.0,0,1,0,1,0.4,0,0,0,1,0,0,0,1,0,0,0,0,1,0,1,0,0,0,0,0
37,1,1,9226,17.6,3,4,5,3,4,3,0,0,0,14,27,4,11,3,1,1,0,0.5,0,0.333333333,3075.333333,0.565719361,8.8,3.75,0.957427108,0,0.363636364,2.0,1,1,1.8,0,1,1,1,0.5,0,0,0,3,1,0,1,0,0,0,0,0,0,0,0,1,0,0,0,0
38,1,1,9956,13.6,3,3,3,5,2,5,22,0,0,6,19,3,12,3,4,1,0,0.5,0,0.333333333,3318.666667,0.55940108,6.8,3.75,1.5,0,0.25,1.5,2,2,2.714285714,0,0,0,0,2.0,0,0,0,2,0,1,0,0,1,0,0,0,1,0,0,1,0,0,0,0
39,2,0,7386,11.7,3,3,1,3,4,4,60,1,1,12,40,1,4,1,4,1,0,0.0,1,0.666666667,2462.0,0.472345133,3.9,3.0,1.414213562,0,0.25,0.333333333,1,3,3.076923077,0,2,0,1,1.333333333,0,1,0,2,0,1,0,0,0,1,0,0,1,0,0,1,0,0,1,1
46,5,0,10594,13.5,2,2,3,3,4,3,29,0,1,12,47,1,17,3,6,0,0,0.0,1,2.5,5297.0,0.810844116,2.25,3.25,0.5,0,0.058823529,0.166666667,1,1,3.615384615,0,-1,0,0,1.0,0,0,0,4,1,0,1,0,0,0,0,1,1,0,0,0,1,0,1,1
37,8,1,13331,20.5,3,5,4,5,4,4,0,1,0,21,58,3,7,3,11,1,0,0.111111111,1,2.666666667,4443.666667,0.857142857,2.277777778,4.25,0.5,0,0.428571429,0.333333333,0,2,2.636363636,0,2,1,1,1.222222222,1,1,0,3,1,0,0,0,1,0,0,0,1,0,0,1,0,0,0,0
43,2,1,8213,15.6,2,3,1,2,4,3,12,0,0,10,45,6,11,3,2,1,0,0.333333333,1,1.0,4106.5,0.531269254,5.2,2.5,1.290994449,0,0.545454545,2.0,0,1,4.090909091,0,0,0,0,0.666666667,0,0,0,3,0,0,1,0,0,0,0,1,1,0,0,1,0,0,0,0
29,2,2,6305,14.4,1,2,3,3,5,3,29,0,1,6,20,5,11,2,4,0,0,0.666666667,0,2.0,6305.0,0.099165439,4.8,3.5,1.0,0,0.454545455,1.666666667,0,0,2.857142857,0,0,0,0,1.333333333,0,1,0,3,1,1,0,0,1,0,0,0,0,0,1,0,0,0,1,1
27,6,0,12865,9.0,4,2,4,3,2,5,15,1,1,15,52,4,9,2,7,1,0,0.0,1,1.5,3216.25,0.829774178,1.285714286,3.5,1.290994449,0,0.444444444,0.571428571,0,2,3.25,0,0,0,0,1.0,0,0,0,2,1,1,0,0,1,0,0,0,1,0,1,0,0,0,1,1
33,0,0,6557,15.5,2,3,2,3,3,2,50,0,0,7,25,3,4,1,3,0,0,0.0,0,0.0,3278.5,0.276340111,15.5,2.5,0.577350269,0,0.75,3.0,0,1,3.125,0,2,0,1,3.0,0,1,0,2,1,1,0,0,0,0,0,1,1,0,1,0,0,0,1,0
39,6,2,7767,15.3,2,3,3,5,3,2,17,1,0,7,22,2,8,3,9,0,0,0.285714286,1,3.0,3883.5,0.467652495,2.185714286,3.25,1.258305739,0,0.25,0.285714286,0,2,2.75,0,0,0,0,1.285714286,1,2,0,2,0,1,0,0,0,0,0,1,1,0,0,1,0,0,1,1
55,7,7,7098,19.7,2,5,4,3,2,4,0,0,0,24,71,4,7,3,3,0,1,0.875,0,3.5,3549.0,0.353357979,2.4625,3.25,0.957427108,0,0.571428571,0.5,0,1,2.84,1,2,1,1,0.375,0,2,0,1,1,0,0,0,0,0,0,1,1,0,0,0,0,1,1,1
40,3,0,10700,13.7,3,4,5,3,5,3,10,1,0,3,10,3,7,5,5,1,0,0.0,1,1.0,3566.666667,0.646784487,3.425,4.0,1.154700538,0,0.428571429,0.75,1,3,2.5,0,-1,1,0,1.25,0,0,0,2,0,1,0,0,1,0,0,0,1,0,0,1,0,0,0,0
33,4,0,4381,17.8,2,3,3,2,4,3,27,0,0,14,71,4,16,4,5,0,0,0.0,1,2.0,2190.5,0.073835275,3.56,3.0,0.816496581,0,0.25,0.8,1,1,4.733333333,1,-1,0,0,1.0,0,2,0,1,0,0,1,0,0,0,1,0,1,0,1,0,0,0,1,1
33,7,4,10568,11.8,2,3,5,4,2,3,12,0,1,14,48,3,11,3,6,0,0,0.5,1,3.5,5284.0,0.633284242,1.475,3.5,1.290994449,0,0.272727273,0.375,2,2,3.2,0,0,0,0,0.75,0,1,0,3,0,0,1,0,1,0,0,0,1,0,1,0,0,0,1,1
39,0,0,5465,10.2,2,3,1,3,3,3,40,0,0,11,43,5,2,3,2,0,0,0.0,0,0.0,2732.5,0.134473198,10.2,2.5,1.0,0,2.5,5.0,1,2,3.583333333,0,0,0,0,2.0,0,1,0,2,1,1,0,0,0,0,0,1,1,0,0,1,0,0,0,0
38,0,0,5156,12.6,2,2,4,4,4,2,35,1,1,27,62,4,9,4,7,1,0,0.0,0,0.0,2578.0,0.129701327,12.6,3.5,1.0,0,0.444444444,4.0,2,4,2.214285714,1,-2,0,0,7.0,0,2,0,1,1,1,0,0,0,1,0,0,1,0,0,1,0,0,1,1
39,4,4,7273,12.3,2,3,3,4,2,5,39,1,0,6,20,7,8,4,2,0,0,0.8,0,2.0,3636.5,0.520382696,2.46,3.5,1.290994449,0,0.875,1.4,1,4,2.857142857,0,-1,0,0,0.4,0,1,0,2,1,1,0,0,0,0,1,0,1,0,0,1,0,0,1,1
39,3,2,7403,11.1,3,3,4,3,1,4,42,0,0,10,29,5,8,3,4,1,0,0.5,1,1.0,2467.666667,0.47704646,2.775,3.0,1.414213562,0,0.625,1.25,1,2,2.636363636,0,0,0,0,1.0,0,1,0,2,0,1,0,0,0,1,0,0,1,0,0,1,0,0,0,1
43,1,0,6728,10.0,1,3,3,3,4,4,35,1,1,17,55,5,14,2,5,0,0,0.0,1,1.0,6728.0,0.296364757,5.0,3.5,0.577350269,0,0.357142857,2.5,0,2,3.055555556,0,1,0,1,2.5,0,1,0,2,1,1,0,0,0,0,0,1,0,0,0,1,0,0,0,0
20,2,0,4036,10.7,2,3,1,4,4,2,41,0,1,7,24,5,7,2,7,0,0,0.0,1,1.0,2018.0,0.050332779,3.566666667,2.75,1.5,0,0.714285714,1.666666667,1,2,3.0,0,1,0,1,2.333333333,0,1,0,1,0,0,0,0,0,0,1,0,1,0,0,0,0,0,1,1
52,1,0,4618,14.4,1,3,2,1,3,3,43,1,1,8,29,5,5,2,10,0,1,0.0,1,1.0,4618.0,0.143092105,7.2,2.25,0.957427108,1,1.0,2.5,2,5,3.222222222,0,1,0,1,5.0,1,3,1,2,0,0,1,1,0,0,0,0,1,0,0,0,1,0,0,1
52,1,1,7613,14.5,3,5,3,1,3,2,38,0,1,7,25,2,9,3,5,1,1,0.5,0,0.333333333,2537.666667,0.639802632,7.25,2.25,0.957427108,1,0.222222222,1.0,1,1,3.125,0,2,1,1,2.5,0,1,0,2,0,1,0,1,0,0,0,0,1,0,0,0,1,0,0,0
31,1,0,9633,12.7,2,3,4,2,4,2,0,1,0,10,43,3,7,4,8,0,0,0.0,1,0.5,4816.5,0.71965496,6.35,3.0,1.154700538,0,0.428571429,1.5,1,3,3.909090909,0,-1,0,0,4.0,1,1,0,3,1,0,0,0,0,0,0,1,1,0,1,0,0,0,0,0
39,17,16,22742,17.8,5,4,4,4,3,3,54,1,0,19,84,4,2,2,4,1,0,0.888888889,1,3.4,4548.4,1.0,0.988888889,3.5,0.577350269,0,2.0,0.222222222,0,3,4.2,1,2,1,1,0.222222222,0,2,0,4,1,1,0,0,0,0,0,0,1,0,0,1,0,0,0,0
45,1,1,4734,11.8,1,3,3,2,3,1,0,1,0,14,36,2,11,4,7,0,0,0.5,0,1.0,4734.0,0.014973,5.9,2.25,0.957427108,1,0.181818182,1.0,1,3,2.4,0,-1,0,0,3.5,0,2,1,2,1,1,0,0,1,0,0,0,1,0,0,0,1,0,0,1
36,8,0,9789,16.8,3,3,4,5,4,3,36,1,1,32,71,3,12,4,1,1,0,0.0,1,2.666666667,3263.0,0.793141593,1.866666667,4.0,0.816496581,0,0.25,0.333333333,2,4,2.151515152,1,-1,0,0,0.111111111,0,1,0,3,1,0,0,0,0,1,0,0,1,0,0,1,0,0,0,0
53,5,1,8384,17.5,1,3,2,1,2,3,26,0,1,13,50,7,12,3,4,0,1,0.166666667,1,5.0,8384.0,0.35407462,2.916666667,2.0,0.816496581,1,0.583333333,1.166666667,2,3,3.571428571,0,0,0,0,0.666666667,0,2,0,3,1,1,0,0,1,0,0,0,1,0,0,0,1,0,1,1
40,14,2,8378,6.8,4,3,2,4,2,3,45,1,0,22,95,3,13,3,5,1,0,0.133333333,1,3.5,2094.5,0.745065789,0.453333333,2.75,0.957427108,0,0.230769231,0.2,1,3,4.130434783,1,0,0,0,0.333333333,0,1,0,1,1,1,0,1,0,0,0,0,1,0,0,1,0,0,0,0
33,5,4,8847,8.5,2,3,3,3,4,2,31,1,1,6,23,5,10,3,13,0,0,0.666666667,1,2.5,4423.5,0.747088186,1.416666667,3.0,0.816496581,0,0.5,0.833333333,0,2,3.285714286,0,0,0,0,2.166666667,1,2,0,3,1,0,1,0,0,0,1,0,1,0,1,0,0,0,1,1
31,10,10,12952,15.7,4,4,4,2,3,2,60,0,0,5,15,3,11,4,5,1,0,0.909090909,0,2.5,3238.0,0.887211368,1.427272727,2.75,0.957427108,0,0.272727273,0.272727273,1,1,2.5,0,0,1,0,0.454545455,0,1,0,2,1,1,0,0,0,0,0,0,1,0,1,0,0,0,0,0
42,8,5,9158,18.3,3,4,4,3,5,3,34,0,0,24,83,4,12,3,6,1,0,0.555555556,1,2.666666667,3052.666667,0.817434211,2.033333333,3.75,0.957427108,0,0.333333333,0.444444444,2,2,3.32,1,1,1,1,0.666666667,0,2,0,3,0,1,0,1,0,0,0,0,1,0,0,1,0,0,0,0
28,1,1,6482,13.0,1,3,1,4,2,3,32,0,0,6,17,2,8,3,6,1,0,0.5,0,1.0,6482.0,0.113524791,6.5,2.5,1.290994449,0,0.25,1.0,1,1,2.428571429,0,0,0,0,3.0,0,1,0,3,0,1,0,0,1,0,0,0,1,0,1,0,0,0,0,1
34,9,5,12133,14.7,3,3,5,2,3,3,21,0,1,7,18,5,3,2,4,1,0,0.5,1,3.0,4044.333333,0.932522124,1.47,3.25,1.258305739,0,1.666666667,0.5,1,2,2.25,0,1,0,1,0.4,0,1,0,3,1,0,1,0,0,1,0,0,1,0,1,0,0,0,0,0
45,2,2,8990,14.8,3,4,5,3,3,2,19,0,1,32,98,3,9,4,5,1,0,0.666666667,0,0.666666667,2996.666667,0.436426117,4.933333333,3.25,1.258305739,0,0.333333333,1.0,2,2,2.96969697,1,0,1,0,1.666666667,0,2,0,2,0,1,0,0,1,0,0,0,1,0,0,0,1,0,1,1
32,1,1,10777,18.3,3,3,1,3,4,2,33,0,1,17,65,4,12,5,2,1,0,0.5,0,0.333333333,3592.333333,0.654393716,9.15,2.5,1.290994449,0,0.333333333,2.0,0,0,3.611111111,1,-2,0,0,1.0,0,1,0,1,1,0,1,0,1,0,0,0,1,0,1,0,0,0,0,0
48,20,1,14167,17.7,5,3,2,3,3,2,46,0,0,26,93,5,16,5,5,1,0,0.047619048,1,4.0,2833.4,0.98119469,0.842857143,2.5,0.577350269,0,0.3125,0.238095238,1,1,3.444444444,1,-2,0,0,0.238095238,0,1,0,2,1,0,1,0,0,1,0,0,1,0,0,0,1,0,0,0
37,2,2,3985,15.4,1,4,3,4,3,5,63,0,0,23,57,6,11,3,5,0,0,0.666666667,0,2.0,3985.0,0.044717138,5.133333333,3.75,0.957427108,0,0.545454545,2.0,0,1,2.375,0,1,1,1,1.666666667,0,1,0,2,1,1,0,0,0,0,1,0,1,0,0,1,0,0,0,0
42,1,0,6757,19.7,1,5,4,3,5,5,52,0,0,20,69,3,11,3,3,0,0,0.0,1,1.0,6757.0,0.299753543,9.85,4.25,0.957427108,0,0.272727273,1.5,1,1,3.285714286,1,2,1,1,1.5,0,2,0,3,1,0,1,0,0,0,0,1,0,1,0,1,0,0,0,0
25,6,5,7618,12.5,2,3,4,2,3,5,21,1,1,9,25,1,2,3,5,1,0,0.714285714,1,3.0,3809.0,0.577371048,1.785714286,3.5,1.290994449,0,0.5,0.142857143,2,4,2.5,0,0,0,0,0.714285714,0,1,0,1,0,1,0,0,0,0,1,0,1,0,1,0,0,0,1,1
28,2,1,6502,15.2,1,4,2,3,5,4,24,0,0,12,47,5,6,4,9,1,0,0.333333333,1,2.0,6502.0,0.115488463,5.066666667,3.5,1.290994449,0,0.833333333,1.666666667,1,2,3.615384615,0,0,1,0,3.0,1,2,0,1,1,1,0,0,1,0,0,0,1,0,1,0,0,0,1,1
34,8,7,10242,22.9,3,4,5,3,1,4,27,1,1,8,24,6,10,3,7,1,0,0.777777778,1,2.666666667,3414.0,0.592660776,2.544444444,3.25,1.707825128,0,0.6,0.666666667,1,4,2.666666667,0,1,1,1,0.777777778,0,0,0,1,1,0,1,0,1,0,0,0,1,0,1,0,0,0,0,0
27,9,8,9967,15.0,3,2,3,4,3,2,33,1,0,26,101,4,10,4,8,1,0,0.8,1,3.0,3322.333333,0.749537893,1.5,3.0,0.816496581,0,0.4,0.4,1,3,3.740740741,1,-2,0,0,0.8,1,3,0,2,1,0,1,0,0,0,0,1,0,0,1,0,0,0,1,0
23,5,0,12743,17.5,3,3,4,3,3,3,69,0,1,16,52,3,5,3,6,1,0,0.0,1,1.666666667,4247.666667,0.82179676,2.916666667,3.25,0.5,0,0.6,0.5,0,1,3.058823529,0,0,0,0,1.0,0,0,0,3,1,1,0,0,1,0,0,0,1,0,0,0,0,0,0,0
29,3,1,7977,13.9,3,2,1,4,4,2,44,0,1,7,22,4,5,4,4,1,0,0.25,1,1.0,2659.0,0.631447587,3.475,2.75,1.5,0,0.8,1.0,0,1,2.75,0,-2,0,0,1.0,0,0,0,2,1,1,0,0,0,0,1,0,1,0,1,0,0,0,1,1
34,16,3,13475,11.6,4,3,3,3,2,4,47,1,0,7,13,5,8,4,5,1,0,0.176470588,1,4.0,3368.75,0.863647521,0.682352941,3.0,0.816496581,0,0.625,0.294117647,1,4,1.625,0,-1,0,0,0.294117647,0,0,0,2,1,0,1,0,1,0,0,0,1,0,1,0,0,0,0,0
33,0,0,8569,11.2,2,3,2,1,3,1,17,0,1,20,65,5,9,4,5,0,0,0.0,0,0.0,4284.5,0.585027726,11.2,1.75,0.957427108,1,0.555555556,5.0,2,3,3.095238095,1,-1,0,0,5.0,0,2,0,2,1,1,0,0,0,0,0,1,1,0,1,0,0,0,0,0
40,3,2,7934,15.4,2,4,1,3,4,4,48,1,1,10,29,1,12,5,5,0,0,0.5,1,1.5,3967.0,0.6796875,3.85,3.0,1.414213562,0,0.083333333,0.25,1,3,2.636363636,0,-1,1,0,1.25,0,0,0,3,0,0,1,1,0,0,0,0,1,0,0,1,0,0,0,0
33,0,0,5240,15.6,1,3,2,2,3,5,39,0,0,12,35,3,3,3,6,0,0,0.0,0,0.0,5240.0,0.141039823,15.6,3.0,1.414213562,0,1.0,3.0,0,1,2.692307692,0,0,0,0,6.0,0,1,0,3,0,0,1,0,0,1,0,0,1,0,1,0,0,0,0,1
40,2,1,6737,12.5,2,3,3,3,2,3,27,0,1,13,46,3,11,3,4,0,0,0.333333333,1,1.0,3368.5,0.140157094,4.166666667,2.75,0.5,0,0.272727273,1.0,1,1,3.285714286,0,0,0,0,1.333333333,0,1,0,1,1,1,0,0,1,0,0,0,1,0,0,1,0,0,0,1
33,2,2,10813,14.8,3,3,5,3,4,3,18,0,0,5,19,5,2,1,4,1,0,0.666666667,0,0.666666667,3604.333333,0.658811978,4.933333333,3.75,0.957427108,0,2.5,1.666666667,1,2,3.166666667,0,2,0,1,1.333333333,0,0,0,2,0,0,1,0,1,0,0,0,1,0,1,0,0,0,0,0
37,2,1,7797,14.4,2,4,1,3,3,3,42,0,1,5,15,1,15,1,7,0,0,0.333333333,1,1.0,3898.5,0.603577371,4.8,2.5,1.0,0,0.066666667,0.333333333,0,0,2.5,0,3,1,1,2.333333333,0,0,0,2,0,1,0,0,0,0,1,0,1,0,0,1,0,0,0,0
45,7,0,6503,17.9,2,3,5,5,4,1,25,0,0,3,8,4,10,1,7,0,0,0.0,1,3.5,3251.5,0.268022181,2.2375,3.75,1.892969449,0,0.4,0.5,1,1,2.0,0,2,0,1,0.875,0,1,0,1,0,0,0,0,0,0,0,1,0,1,0,0,1,0,1,1
38,4,4,8937,10.0,2,2,2,3,4,2,23,1,1,12,38,5,4,3,7,0,0,0.8,0,2.0,4468.5,0.428448699,2.0,2.75,0.957427108,0,1.25,1.0,2,5,2.923076923,0,-1,0,0,1.4,0,2,0,2,1,1,0,0,1,0,0,0,1,0,0,1,0,0,1,1
18,0,0,7725,18.3,2,4,3,1,5,3,46,0,0,5,21,4,8,1,8,0,0,0.0,0,0.0,3862.5,0.259695631,18.3,3.0,1.632993162,0,0.5,4.0,0,0,3.5,0,3,1,1,8.0,1,2,0,2,0,1,0,0,1,0,0,0,1,0,0,0,0,0,1,1
23,2,1,3440,13.4,1,3,4,4,4,3,43,0,1,23,91,3,10,3,6,0,0,0.333333333,1,2.0,3440.0,0.037006579,4.466666667,3.75,0.5,0,0.3,1.0,2,2,3.791666667,1,0,0,0,2.0,0,2,0,2,1,0,1,1,0,0,0,0,1,0,0,0,0,0,1,1
43,2,1,5977,5.2,3,3,1,1,2,3,27,0,1,11,36,2,3,1,2,1,0,0.333333333,1,0.666666667,1992.333333,0.306156406,1.733333333,1.75,0.957427108,1,0.666666667,0.666666667,2,3,3.0,0,2,0,1,0.666666667,0,2,0,2,0,1,0,0,0,0,1,0,1,0,0,1,0,0,0,0
50,2,1,8749,11.2,2,2,3,4,4,3,26,0,0,16,35,1,6,3,6,0,1,0.333333333,1,1.0,4374.5,0.404270987,3.733333333,3.5,0.577350269,0,0.166666667,0.333333333,1,1,2.058823529,0,-1,0,0,2.0,0,1,0,3,0,1,0,0,1,0,0,0,0,1,0,0,1,0,1,1
38,0,0,5005,13.0,2,3,1,3,3,3,31,0,0,8,23,1,6,3,6,0,0,0.0,0,0.0,2502.5,0.145174709,13.0,2.5,1.0,0,0.166666667,1.0,1,1,2.555555556,0,0,0,0,6.0,0,1,0,3,1,1,0,0,0,0,1,0,0,1,0,1,0,0,1,1
37,6,3,7400,13.8,3,3,4,2,3,3,10,0,0,25,60,4,7,3,8,1,0,0.428571429,1,2.0,2466.666667,0.614720395,1.971428571,3.0,0.816496581,0,0.571428571,0.571428571,0,1,2.307692308,0,0,0,0,1.142857143,1,1,0,2,1,1,0,1,0,0,0,0,1,0,0,1,0,0,0,0
48,4,0,6001,9.9,2,3,2,4,1,4,39,0,1,16,42,3,2,4,3,1,0,0.0,1,2.0,3000.5,0.078792342,1.98,2.75,1.5,0,1.5,0.6,1,2,2.470588235,0,-1,0,0,0.6,0,1,0,1,0,1,0,0,1,0,0,0,1,0,0,0,1,0,1,1
31,0,0,7432,19.5,2,5,3,4,3,2,45,0,0,18,43,1,8,4,4,1,0,0.0,0,0.0,3716.0,0.224472263,19.5,3.0,0.816496581,0,0.125,1.0,1,1,2.263157895,0,1,1,1,4.0,0,1,0,1,0,0,1,0,1,0,0,0,1,0,1,0,0,0,1,0
31,2,1,5113,13.6,2,3,4,3,4,3,11,1,1,13,37,9,2,3,11,0,0,0.333333333,1,1.0,2556.5,0.095810228,4.533333333,3.5,0.577350269,0,4.5,3.0,0,3,2.642857143,0,0,0,0,3.666666667,1,2,0,2,0,0,1,0,0,0,0,1,1,0,1,0,0,0,1,1
38,8,8,5296,15.8,2,3,3,4,3,3,39,0,0,7,29,5,2,3,8,1,0,0.888888889,0,4.0,2648.0,0.236842105,1.755555556,3.25,0.5,0,2.5,0.555555556,2,3,3.625,0,0,0,0,0.888888889,1,3,0,2,1,1,0,1,0,0,0,0,0,0,0,1,0,0,1,1
37,2,2,7306,17.8,1,4,3,2,4,3,31,1,1,8,19,5,8,3,9,1,0,0.666666667,0,2.0,7306.0,0.294849023,5.933333333,3.0,0.816496581,0,0.625,1.666666667,0,3,2.111111111,0,1,1,1,3.0,1,2,0,3,0,0,1,0,0,0,0,0,1,0,0,1,0,0,0,0
39,2,1,7923,11.3,2,3,1,3,3,3,36,0,0,19,49,2,6,1,8,0,0,0.333333333,1,1.0,3961.5,0.490141713,3.766666667,2.5,1.0,0,0.333333333,0.666666667,1,1,2.45,0,2,0,1,2.666666667,1,2,0,2,0,0,0,0,0,0,0,1,1,0,0,1,0,0,1,1
31,1,1,7422,10.6,2,3,4,2,4,3,22,0,0,28,84,3,10,5,6,0,0,0.5,0,0.5,3711.0,0.222999509,5.3,3.25,0.957427108,0,0.3,1.5,1,1,2.896551724,1,-2,0,0,3.0,0,2,0,2,0,0,1,0,1,0,0,0,1,0,1,0,0,0,1,0
55,4,0,5732,17.5,1,4,2,3,4,5,16,0,1,10,35,2,2,2,8,0,1,0.0,1,4.0,5732.0,0.095026643,3.5,3.5,1.290994449,0,1.0,0.4,1,2,3.181818182,0,2,1,1,1.6,1,2,0,2,0,1,0,0,0,0,0,0,1,0,0,0,0,1,1,1
34,2,0,7734,11.6,2,2,5,5,4,2,39,1,0,9,14,3,8,4,8,0,0,0.0,1,1.0,3867.0,0.260800196,3.866666667,4.0,1.414213562,0,0.375,1.0,1,3,1.4,0,-2,0,0,2.666666667,1,2,0,2,1,1,0,0,1,0,0,0,1,0,1,0,0,0,1,1
35,1,1,3362,21.4,1,4,3,5,3,2,56,0,0,1,5,2,8,3,1,0,0,0.5,0,1.0,3362.0,0.007393715,10.7,3.25,1.258305739,0,0.25,1.0,1,1,2.5,0,1,1,1,0.5,0,1,0,2,1,0,0,0,0,0,0,1,1,0,0,1,0,0,0,0
36,4,2,12356,14.8,4,4,4,3,4,2,18,0,0,12,37,10,9,3,8,1,0,0.4,1,1.0,3089.0,0.940818584,2.96,3.25,0.957427108,0,1.111111111,2.0,0,1,2.846153846,0,1,1,1,1.6,1,1,0,2,1,0,1,0,0,1,0,0,1,0,0,1,0,0,0,0
35,6,0,9420,16.8,2,3,4,4,3,4,33,0,0,10,47,4,7,2,6,1,0,0.0,1,3.0,4710.0,0.797420965,2.4,3.75,0.5,0,0.571428571,0.571428571,1,2,4.272727273,0,1,0,1,0.857142857,0,0,0,3,0,0,1,0,0,0,1,0,1,0,0,1,0,0,1,1
42,3,1,11041,14.8,2,3,3,2,1,2,15,1,0,12,48,4,5,3,5,0,0,0.25,1,1.5,5520.5,0.682130584,3.7,2.0,0.816496581,1,0.8,1.0,0,3,3.692307692,0,0,0,0,1.25,0,1,1,4,1,1,0,0,1,0,0,0,0,0,0,1,0,0,0,0
36,4,2,6700,12.2,3,3,1,3,3,4,47,1,1,10,30,4,11,3,7,1,0,0.4,1,1.333333333,2233.333333,0.292667899,2.44,2.75,1.258305739,0,0.363636364,0.8,0,2,2.727272727,0,0,0,0,1.4,0,1,0,2,1,0,1,0,0,0,0,1,1,0,0,1,0,0,0,1
41,2,0,4176,9.0,1,3,3,2,1,3,35,0,1,18,63,5,10,4,6,0,0,0.0,1,2.0,4176.0,0.098684211,3.0,2.25,0.957427108,1,0.5,1.666666667,0,0,3.315789474,1,-1,0,0,2.0,0,3,0,1,1,0,1,1,0,0,0,0,1,0,0,1,0,0,1,1
42,1,1,7514,11.9,2,2,3,3,4,1,21,1,0,5,9,1,9,3,8,0,0,0.5,0,0.5,3757.0,0.427141097,5.95,2.75,1.258305739,0,0.111111111,0.5,0,2,1.5,0,-1,0,0,4.0,1,2,0,2,1,1,0,0,0,0,0,1,0,0,0,1,0,0,1,1
34,9,1,12647,12.1,4,5,2,1,3,5,51,1,0,16,43,4,9,3,7,1,0,0.1,1,2.25,3161.75,0.919901417,1.21,2.75,1.707825128,0,0.444444444,0.4,2,4,2.529411765,0,2,1,1,0.7,0,0,0,2,0,0,1,0,0,0,0,1,1,0,1,0,0,0,0,0
36,9,4,9423,16.6,3,3,2,1,2,4,15,0,0,11,31,5,14,3,2,1,0,0.4,1,3.0,3141.0,0.694393099,1.66,2.25,1.258305739,1,0.357142857,0.5,2,2,2.583333333,0,0,0,0,0.2,0,2,0,2,0,0,1,0,0,0,0,1,1,0,0,1,0,0,0,0
46,8,0,6603,13.3,1,4,3,4,2,2,48,0,1,24,90,6,13,2,4,0,0,0.0,1,8.0,6603.0,0.474506579,1.477777778,2.75,0.957427108,0,0.461538462,0.666666667,1,1,3.6,1,2,1,1,0.444444444,0,2,0,2,0,1,0,1,0,0,0,0,1,0,0,0,1,0,1,1
36,4,2,5093,13.1,2,2,2,3,3,3,28,1,1,3,6,7,2,3,9,0,0,0.4,1,2.0,2546.5,0.157237937,2.62,2.75,0.5,0,3.5,1.4,1,4,1.5,0,-1,0,0,1.8,1,2,0,1,1,1,0,0,0,0,1,0,1,0,0,1,0,0,1,1
37,1,0,6852,24.2,2,4,3,1,1,2,64,1,0,22,68,5,9,2,10,0,0,0.0,1,0.5,3426.0,0.311460259,12.1,1.75,0.957427108,1,0.555555556,2.5,1,4,2.956521739,1,2,1,1,5.0,1,4,1,2,0,1,0,0,0,0,0,1,1,0,0,1,0,0,0,1
41,9,8,8758,13.2,3,4,1,5,3,3,21,0,0,9,24,7,8,3,2,1,0,0.8,1,3.0,2919.333333,0.672566372,1.32,3.0,1.632993162,0,0.875,0.7,1,2,2.4,0,1,1,1,0.2,0,1,0,1,0,1,0,0,0,1,0,0,1,0,0,1,0,0,0,0
31,4,2,7661,18.0,2,4,3,3,2,4,11,1,0,19,67,4,11,4,11,0,0,0.4,1,2.0,3830.5,0.4508626,3.6,3.0,0.816496581,0,0.363636364,0.8,0,2,3.35,1,0,1,0,2.2,1,3,0,1,0,0,1,0,0,0,0,1,1,0,1,0,0,0,1,1
46,0,0,12985,14.7,3,3,4,3,1,2,54,0,1,38,128,4,12,4,2,1,0,0.0,0,0.0,4328.333333,0.838733432,14.7,2.5,1.290994449,0,0.333333333,4.0,1,1,3.282051282,1,-1,0,0,2.0,0,1,0,4,1,1,0,0,1,0,0,0,1,0,0,0,1,0,0,0
35,7,6,11793,13.5,3,4,3,4,3,5,40,0,0,17,79,2,12,3,4,1,0,0.75,1,2.333333333,3931.0,0.7574865,1.6875,3.75,0.957427108,0,0.166666667,0.25,1,1,4.388888889,1,1,1,1,0.5,0,2,0,2,1,1,0,0,1,0,0,0,1,0,0,1,0,0,0,0
33,7,3,7780,13.9,2,4,4,2,4,4,75,0,0,15,44,3,8,3,6,1,0,0.375,1,3.5,3890.0,0.600457571,1.7375,3.5,1.0,0,0.375,0.375,1,1,2.75,0,1,1,1,0.75,0,0,0,3,0,1,0,0,0,0,1,0,1,0,1,0,0,0,1,1
25,2,2,9970,16.8,4,3,2,2,3,4,34,1,0,1,5,5,10,2,6,1,0,0.666666667,0,0.5,2492.5,0.750154036,5.6,2.75,0.957427108,0,0.5,1.666666667,0,2,2.5,0,1,0,1,2.0,0,0,0,2,1,0,1,0,0,0,0,1,1,0,1,0,0,0,0,0
51,9,6,11113,13.7,4,3,4,2,3,4,22,0,0,4,17,4,11,3,4,1,1,0.6,1,2.25,2778.25,0.847350585,1.37,3.25,0.957427108,0,0.363636364,0.4,0,0,3.4,0,0,0,0,0.4,0,1,0,2,0,1,0,0,0,0,0,1,1,0,0,0,1,0,0,0
40,2,0,5196,14.1,1,3,3,2,2,4,46,1,1,20,59,3,5,5,7,0,0,0.0,1,2.0,5196.0,0.173876872,4.7,2.75,0.957427108,0,0.6,1.0,1,4,2.80952381,0,-2,0,0,2.333333333,0,1,0,2,1,1,0,0,0,0,1,0,1,0,0,1,0,0,1,0
36,5,1,9513,17.9,3,3,4,1,3,3,52,0,0,17,69,5,4,3,3,1,0,0.166666667,1,1.666666667,3171.0,0.846217105,2.983333333,2.75,1.258305739,0,1.25,0.833333333,0,1,3.833333333,1,0,0,0,0.5,0,1,0,2,1,1,0,1,0,0,0,0,0,1,0,1,0,0,0,0
36,0,0,7475,14.4,3,3,4,2,3,3,57,0,0,2,6,3,12,3,7,1,0,0.0,0,0.0,2491.666667,0.625822368,14.4,3.0,0.816496581,0,0.25,3.0,2,2,2.0,0,0,0,0,7.0,0,0,0,2,1,0,1,1,0,0,0,0,1,0,0,1,0,0,0,0
55,6,0,8108,15.4,2,2,3,1,2,3,50,1,1,16,54,3,12,2,3,0,1,0.0,1,3.0,4054.0,0.405861456,2.2,2.25,0.957427108,1,0.25,0.428571429,2,4,3.176470588,0,0,0,0,0.428571429,0,2,1,2,0,1,0,0,0,0,0,0,1,0,0,0,0,1,1,1
28,5,5,6511,17.5,3,2,3,4,4,4,67,1,0,6,17,3,10,3,9,1,0,0.833333333,0,1.666666667,2170.333333,0.269562539,2.916666667,3.75,0.5,0,0.3,0.5,0,2,2.428571429,0,-1,0,0,1.5,1,3,0,1,0,1,0,0,0,0,0,1,1,0,1,0,0,0,1,1
44,8,5,6927,16.8,3,4,5,2,4,1,34,0,0,9,29,4,12,4,2,1,0,0.555555556,1,2.666666667,2309.0,0.537828947,1.866666667,3.0,1.825741858,0,0.333333333,0.444444444,1,1,2.9,0,0,1,0,0.222222222,0,0,0,2,0,1,0,1,0,0,0,0,0,1,0,1,0,0,0,0
31,3,1,7334,16.5,2,3,4,4,3,2,43,1,0,8,23,3,11,4,7,0,0,0.25,1,1.5,3667.0,0.210726559,4.125,3.25,0.957427108,0,0.272727273,0.75,1,3,2.555555556,0,-1,0,0,1.75,0,1,0,2,1,1,0,0,1,0,0,0,1,0,1,0,0,0,0,1
30,5,2,6876,12.6,2,4,3,3,5,3,50,0,0,6,15,4,12,3,6,0,0,0.333333333,1,2.5,3438.0,0.377765487,2.1,3.5,1.0,0,0.333333333,0.666666667,1,1,2.142857143,0,1,1,1,1.0,0,1,0,3,0,1,0,0,0,1,0,0,1,0,1,0,0,0,1,1
18,0,0,7668,20.2,1,5,3,2,1,3,6,0,1,23,96,4,6,3,3,0,0,0.0,0,0.0,7668.0,0.341030195,20.2,2.25,0.957427108,1,0.666666667,4.0,1,2,4.0,1,2,1,1,3.0,0,3,0,3,0,1,0,0,0,0,0,0,1,0,0,0,0,0,0,1
18,0,0,6398,15.6,2,3,3,4,3,4,25,0,1,9,24,2,5,3,4,0,0,0.0,0,0.0,3199.0,0.174511545,15.6,3.5,0.577350269,0,0.4,2.0,1,1,2.4,0,0,0,0,4.0,0,1,0,1,0,1,0,0,0,0,0,0,1,0,0,0,0,0,1,1
36,9,0,11097,9.3,3,3,3,1,4,4,24,1,0,5,15,4,7,3,14,1,0,0.0,1,3.0,3699.0,0.909317804,0.93,3.0,1.414213562,0,0.571428571,0.4,1,4,2.5,0,0,0,0,1.4,1,1,0,2,0,1,0,0,0,0,1,0,0,0,0,1,0,0,0,0
51,8,1,15112,14.0,4,3,3,3,4,3,17,0,0,9,15,3,2,4,4,1,1,0.111111111,1,2.0,3778.0,0.927835052,1.555555556,3.25,0.5,0,1.5,0.333333333,2,3,1.5,0,-1,0,0,0.444444444,0,0,0,3,1,1,0,0,1,0,0,0,1,0,0,0,1,0,0,0
28,2,0,6962,17.8,2,4,3,3,2,5,38,1,0,26,76,1,8,3,3,0,0,0.0,1,1.0,3481.0,0.328866297,5.933333333,3.25,1.258305739,0,0.125,0.333333333,2,4,2.814814815,1,1,1,1,1.0,0,2,0,1,1,0,1,0,0,0,0,1,1,0,1,0,0,0,0,1
20,2,0,6154,9.7,3,3,3,3,2,5,30,1,0,14,57,1,14,4,9,1,0,0.0,1,0.666666667,2051.333333,0.332362729,3.233333333,3.25,1.258305739,0,0.071428571,0.333333333,1,3,3.8,0,-1,0,0,3.0,1,2,0,1,0,1,0,0,0,0,1,0,1,0,0,0,0,0,1,1
30,4,2,9489,15.1,2,5,3,3,2,3,27,0,1,12,56,5,8,4,5,0,0,0.4,1,2.0,4744.5,0.496931762,3.02,2.75,0.5,0,0.625,1.0,0,1,4.307692308,0,1,1,1,1.0,0,1,0,2,0,1,0,0,1,0,0,0,0,0,1,0,0,0,1,1
22,3,1,9286,17.7,2,3,4,2,5,5,58,0,1,3,10,6,5,3,1,0,0,0.25,1,1.5,4643.0,0.473981345,4.425,4.0,1.414213562,0,1.2,1.5,0,1,2.5,0,0,0,0,0.25,0,1,0,2,0,1,0,0,1,0,0,0,1,0,0,0,0,0,1,1
31,1,0,7948,14.5,2,3,4,2,3,4,23,0,1,8,28,3,8,2,5,0,0,0.0,1,0.5,3974.0,0.288659794,7.25,3.25,0.957427108,0,0.375,1.5,0,0,3.111111111,0,1,0,1,2.5,0,1,0,2,1,1,0,0,1,0,0,0,1,0,1,0,0,0,1,0
30,0,0,4417,14.5,1,3,3,2,4,4,70,0,0,11,31,4,5,3,4,0,0,0.0,0,0.0,4417.0,0.078410982,14.5,3.25,0.957427108,0,0.8,4.0,1,2,2.583333333,0,0,0,0,4.0,0,1,0,1,1,0,1,0,0,0,1,0,1,0,1,0,0,0,1,0
23,1,0,4996,12.4,2,4,4,4,2,3,35,0,0,11,39,2,19,3,5,0,0,0.0,1,0.5,2498.0,0.143510815,6.2,3.25,0.957427108,0,0.105263158,1.0,0,0,3.25,0,1,1,1,2.5,0,1,0,1,1,1,0,0,0,0,1,0,1,0,0,0,0,0,1,0
34,6,4,12731,14.2,4,4,3,2,2,4,50,1,0,7,18,4,6,5,5,1,0,0.571428571,1,1.5,3182.75,0.924522489,2.028571429,2.75,0.957427108,0,0.666666667,0.571428571,1,4,2.25,0,-1,1,0,0.714285714,0,0,0,3,1,1,0,0,0,0,0,1,1,0,1,0,0,0,0,0
33,0,0,10269,14.0,2,4,4,5,4,3,24,0,0,28,68,4,7,4,0,0,0,0.0,0,0.0,5134.5,0.830199115,14.0,4.0,0.816496581,0,0.571428571,4.0,2,3,2.344827586,1,0,1,0,0.0,0,1,0,4,1,1,0,0,0,1,0,0,0,1,1,0,0,0,0,0
44,11,8,10947,13.2,3,3,5,5,1,3,37,0,0,26,62,3,7,4,5,1,0,0.666666667,1,3.666666667,3649.0,0.672066765,1.1,3.5,1.914854216,0,0.428571429,0.25,0,0,2.296296296,1,-1,0,0,0.416666667,0,2,0,2,0,1,0,0,1,0,0,0,0,1,0,1,0,0,0,0
43,2,0,6635,14.0,2,2,3,4,3,3,41,1,0,8,24,5,8,3,8,0,0,0.0,1,1.0,3317.5,0.286352434,4.666666667,3.25,0.5,0,0.625,1.666666667,1,4,2.666666667,0,-1,0,0,2.666666667,1,2,0,2,1,1,0,0,0,0,0,1,1,0,0,1,0,0,1,1
36,1,0,5208,15.1,1,3,3,4,3,3,43,0,1,28,100,6,6,3,6,0,0,0.0,1,1.0,5208.0,0.105822551,7.55,3.25,0.5,0,1.0,3.0,1,2,3.448275862,1,0,0,0,3.0,0,2,0,2,0,1,0,0,0,0,0,1,1,0,0,1,0,0,0,1
42,16,6,15311,13.4,5,3,4,4,2,3,19,0,0,11,43,2,11,4,4,1,0,0.352941176,1,3.2,3062.2,0.977818854,0.788235294,3.25,0.957427108,0,0.181818182,0.117647059,2,2,3.583333333,0,-1,0,0,0.235294118,0,1,0,2,1,1,0,0,0,0,0,1,1,0,0,1,0,0,0,0
30,1,1,11105,11.5,3,4,4,3,3,4,33,1,0,28,84,3,8,4,7,1,0,0.5,0,0.333333333,3701.666667,0.846888478,5.75,3.5,0.577350269,0,0.375,1.5,1,3,2.896551724,1,0,1,0,3.5,0,1,0,3,0,1,0,0,0,0,0,1,1,0,1,0,0,0,0,0
26,3,1,5884,8.0,2,1,4,3,3,3,28,0,0,5,11,3,10,3,6,0,0,0.25,1,1.5,2942.0,0.224557522,2.0,3.25,0.5,0,0.3,0.75,0,0,1.833333333,0,-2,0,0,1.5,0,1,0,2,1,0,0,0,0,1,0,0,1,0,1,0,0,0,1,1
41,2,1,10852,14.5,3,3,3,4,3,1,8,0,0,28,87,6,2,3,9,1,0,0.333333333,1,0.666666667,3617.333333,0.662248405,4.833333333,2.75,1.258305739,0,3.0,2.0,2,3,3.0,1,0,0,0,3.0,1,2,0,2,1,1,0,0,1,0,0,0,0,0,0,1,0,0,0,0
41,12,1,13816,14.3,4,4,2,3,4,5,46,0,0,19,60,5,8,3,4,1,0,0.076923077,1,3.0,3454.0,0.918294849,1.1,3.5,1.290994449,0,0.625,0.384615385,1,2,3.0,0,1,1,1,0.307692308,0,0,0,2,1,1,0,0,0,0,0,0,1,0,0,1,0,0,0,0
38,8,4,7816,17.2,3,4,3,3,4,1,53,0,0,11,32,4,7,4,2,1,0,0.444444444,1,2.666666667,2605.333333,0.548119469,1.911111111,2.75,1.258305739,0,0.571428571,0.444444444,1,2,2.666666667,0,0,1,0,0.222222222,0,0,0,2,1,1,0,0,0,1,0,0,0,0,0,1,0,0,0,0
26,3,0,7965,16.4,2,5,3,2,3,4,32,0,1,25,95,5,4,3,10,0,0,0.0,1,1.5,3982.5,0.566924779,4.1,3.0,0.816496581,0,1.25,1.25,2,3,3.653846154,1,2,1,1,2.5,1,2,0,3,1,1,0,0,0,1,0,0,1,0,1,0,0,0,0,0
36,5,2,6692,17.3,2,5,5,4,3,3,35,0,1,12,34,4,5,4,5,0,0,0.333333333,1,2.5,3346.0,0.416389351,2.883333333,3.75,0.957427108,0,0.8,0.666666667,1,2,2.615384615,0,1,1,1,0.833333333,0,1,0,2,0,0,1,0,0,0,1,0,1,0,0,1,0,0,1,1
28,0,0,7880,19.0,1,4,4,4,1,4,85,1,0,22,59,7,11,3,3,0,0,0.0,0,0.0,7880.0,0.280314188,19.0,3.25,1.5,0,0.636363636,7.0,1,4,2.565217391,0,1,1,1,3.0,0,1,0,4,0,0,1,0,1,0,0,0,1,0,1,0,0,0,0,1
42,0,0,7544,13.3,2,2,2,2,3,2,45,1,1,10,30,8,10,4,5,1,0,0.0,0,0.0,3772.0,0.505530973,13.3,2.25,0.5,1,0.8,8.0,1,4,2.727272727,0,-2,0,0,5.0,0,1,1,3,0,0,1,0,0,1,0,0,1,0,0,1,0,0,1,0
25,1,0,6653,13.9,2,3,1,3,3,3,50,0,1,13,39,6,6,3,2,0,0,0.0,1,0.5,3326.5,0.337389381,6.95,2.5,1.0,0,1.0,3.0,2,3,2.785714286,0,0,0,0,1.0,0,1,0,2,0,1,0,0,0,1,0,0,1,0,1,0,0,0,0,1
42,1,0,12073,15.7,2,4,3,2,5,3,22,0,1,10,33,3,2,3,4,0,0,0.0,1,0.5,6036.5,0.778350515,7.85,3.25,1.258305739,0,1.5,1.5,0,1,3.0,0,1,1,1,2.0,0,0,0,3,0,1,0,0,1,0,0,0,1,0,0,1,0,0,0,0
27,0,0,10656,12.9,3,3,2,2,3,4,44,0,0,46,150,4,5,3,6,1,0,0.0,0,0.0,3552.0,0.734902309,12.9,2.75,0.957427108,0,0.8,4.0,1,2,3.191489362,1,0,0,0,6.0,0,1,0,3,0,0,1,0,0,0,0,0,0,1,1,0,0,0,0,0
39,0,0,6137,10.7,3,3,3,2,2,5,45,1,0,11,25,6,4,2,4,1,0,0.0,0,0.0,2045.666667,0.329450915,10.7,3.0,1.414213562,0,1.5,6.0,2,5,2.083333333,0,1,0,1,4.0,0,1,0,2,0,1,0,0,0,0,1,0,1,0,0,1,0,0,1,0
51,5,1,7590,9.2,2,3,5,3,4,4,56,1,0,22,60,4,12,4,9,0,1,0.166666667,1,2.5,3795.0,0.637746711,1.533333333,4.0,0.816496581,0,0.333333333,0.666666667,1,3,2.608695652,0,-1,0,0,1.5,1,1,0,2,1,0,1,1,0,0,0,0,1,0,0,0,1,0,1,1
33,11,0,8870,10.8,5,2,3,2,3,3,41,0,1,16,55,2,9,2,3,1,0,0.0,1,2.2,1774.0,0.74875208,0.9,2.75,0.5,0,0.222222222,0.166666667,1,1,3.235294118,0,0,0,0,0.25,0,0,0,1,0,0,1,0,0,0,1,0,1,0,1,0,0,0,0,0
36,18,2,14148,11.9,5,1,3,3,4,3,48,0,1,13,35,5,13,2,2,1,0,0.105263158,1,3.6,2829.6,0.980088496,0.626315789,3.25,0.5,0,0.384615385,0.263157895,0,0,2.5,0,-1,0,0,0.105263158,0,0,0,2,0,1,0,0,0,1,0,0,0,1,0,1,0,0,0,0
35,5,5,6128,11.7,2,4,2,3,4,4,17,0,1,1,5,2,13,4,4,0,0,0.833333333,0,2.5,3064.0,0.327787022,1.95,3.25,0.957427108,0,0.153846154,0.333333333,0,0,2.5,0,0,1,0,0.666666667,0,2,0,2,0,1,0,0,0,0,1,0,1,0,0,1,0,0,1,1
39,3,3,9155,15.9,2,3,2,4,4,2,2,0,0,15,49,5,7,3,2,1,0,0.75,0,1.5,4577.5,0.659889094,3.975,3.0,1.154700538,0,0.714285714,1.25,2,3,3.0625,0,0,0,0,0.5,0,0,0,4,0,1,0,0,0,0,0,1,1,0,0,1,0,0,0,0
24,1,0,4907,15.0,1,3,1,3,4,3,30,0,1,11,34,1,9,2,5,0,0,0.0,1,1.0,4907.0,0.075785582,7.5,2.75,1.258305739,0,0.111111111,0.5,1,1,2.833333333,0,1,0,1,2.5,0,1,0,2,0,1,0,0,0,0,0,1,1,0,0,0,0,0,0,1
44,2,1,2102,11.8,1,2,2,5,4,5,71,1,0,4,15,1,12,4,9,0,0,0.333333333,1,2.0,2102.0,0.000924214,3.933333333,4.0,1.414213562,0,0.083333333,0.333333333,1,3,3.0,0,-2,0,0,3.0,1,2,0,2,0,1,0,0,0,0,0,1,0,0,0,1,0,0,1,1
29,11,0,10938,16.9,4,3,1,4,1,3,22,1,1,14,45,4,8,2,3,1,0,0.0,1,2.75,2734.5,0.876106195,1.408333333,2.25,1.5,1,0.5,0.333333333,1,3,3.0,0,1,0,1,0.25,0,1,1,2,1,0,0,0,0,1,0,0,1,0,1,0,0,0,0,0
32,9,6,12032,18.4,3,3,5,4,4,3,42,0,0,26,95,3,12,3,4,1,0,0.6,1,3.0,4010.666667,0.894023413,1.84,4.0,0.816496581,0,0.25,0.3,2,2,3.518518519,1,0,0,0,0.4,0,2,0,4,0,1,0,0,0,0,0,1,0,0,1,0,0,0,0,0
31,1,0,5503,8.4,2,3,3,4,3,4,59,1,0,6,19,4,6,4,9,0,0,0.0,1,0.5,2751.5,0.139248306,4.2,3.5,0.577350269,0,0.666666667,2.0,1,4,2.714285714,0,-1,0,0,4.5,1,2,0,1,0,0,0,0,0,0,0,1,0,0,1,0,0,0,1,1
50,1,0,6348,16.7,2,3,4,3,3,5,34,0,0,17,56,5,4,1,2,0,1,0.0,1,0.5,3174.0,0.292035398,8.35,3.75,0.957427108,0,1.25,2.5,0,1,3.111111111,0,2,0,1,1.0,0,1,0,2,0,1,0,0,0,1,0,0,1,0,0,0,1,0,0,0
22,2,1,9896,13.2,3,3,3,2,4,3,44,1,1,23,75,2,8,3,3,1,0,0.333333333,1,0.666666667,3298.666667,0.552282769,4.4,3.0,0.816496581,0,0.25,0.666666667,1,3,3.125,1,0,0,0,1.0,0,1,0,2,0,0,1,0,1,0,0,0,0,1,0,0,0,0,0,0
30,0,0,8160,17.0,2,3,3,2,3,3,35,0,0,14,53,5,5,3,4,0,0,0.0,0,0.0,4080.0,0.414298401,17.0,2.75,0.5,0,1.0,5.0,0,1,3.533333333,0,0,0,0,4.0,0,1,0,2,1,0,1,0,0,0,0,0,1,0,1,0,0,0,0,0
49,13,12,12737,10.9,4,3,2,5,1,5,40,1,0,11,35,2,11,3,7,1,0,0.857142857,1,3.25,3184.25,0.924984596,0.778571429,3.25,2.061552813,0,0.181818182,0.142857143,1,3,2.916666667,0,0,0,0,0.5,0,1,0,2,0,1,0,0,0,0,0,1,1,0,0,0,1,0,0,0
29,11,0,11916,10.7,5,1,5,2,3,2,19,1,1,6,13,4,4,4,4,1,0,0.0,1,2.2,2383.2,0.949835526,0.891666667,3.0,1.414213562,0,1.0,0.333333333,1,4,1.857142857,0,-3,0,0,0.333333333,0,0,0,2,1,1,0,1,0,0,0,0,1,0,1,0,0,0,0,0
22,4,1,5960,14.3,1,2,3,3,4,4,13,0,0,11,34,1,5,4,5,0,0,0.2,1,4.0,5960.0,0.19254467,2.86,3.5,0.577350269,0,0.2,0.2,1,1,2.833333333,0,-2,0,0,1.0,0,1,0,3,1,1,0,0,0,0,0,1,0,0,0,0,0,0,1,1
35,1,0,5364,11.2,2,1,4,3,4,3,24,0,0,6,23,2,17,3,5,0,0,0.0,1,0.5,2682.0,0.124460875,5.6,3.5,0.577350269,0,0.117647059,1.0,1,1,3.285714286,0,-2,0,0,2.5,0,1,0,1,1,1,0,0,0,0,0,1,0,1,0,1,0,0,1,1
37,2,1,4034,19.0,1,3,2,2,2,2,0,0,0,8,16,5,2,4,6,0,0,0.333333333,1,2.0,4034.0,0.024029575,6.333333333,2.0,0.0,1,2.5,1.666666667,2,3,1.777777778,0,-1,0,0,2.0,0,2,0,2,1,0,1,0,0,0,0,1,1,0,0,1,0,0,0,1
35,7,4,7915,13.9,3,3,1,4,3,3,65,1,1,9,14,6,5,4,5,1,0,0.5,1,2.333333333,2638.333333,0.625207987,1.7375,2.75,1.258305739,0,1.2,0.75,1,4,1.4,0,-1,0,0,0.625,0,1,0,2,1,1,0,0,0,0,1,0,1,0,0,1,0,0,0,0
36,3,2,7591,12.3,2,3,5,2,2,2,14,0,1,10,30,4,11,4,3,0,0,0.5,1,1.5,3795.5,0.245213549,3.075,2.75,1.5,0,0.363636364,1.0,0,0,2.727272727,0,-1,0,0,0.75,0,1,0,2,1,0,1,0,1,0,0,0,1,0,0,1,0,0,1,1
31,8,1,15752,14.0,4,3,2,3,5,3,43,1,1,27,79,6,7,4,7,1,0,0.111111111,1,2.0,3938.0,0.96625222,1.555555556,3.25,1.258305739,0,0.857142857,0.666666667,0,3,2.821428571,1,-1,0,0,0.777777778,0,1,0,3,1,0,1,0,0,0,0,0,1,0,1,0,0,0,0,0
34,5,0,8153,14.8,2,3,5,1,3,4,57,0,0,19,49,1,16,3,5,0,0,0.0,1,2.5,4076.5,0.412522202,2.466666667,3.25,1.707825128,0,0.0625,0.166666667,1,1,2.45,0,0,0,0,0.833333333,0,1,0,2,0,1,0,0,0,0,0,0,1,0,1,0,0,0,1,1
19,0,0,4430,16.6,1,3,3,4,5,1,25,0,0,12,49,6,9,2,4,0,0,0.0,0,0.0,4430.0,0.063053097,16.6,3.25,1.707825128,0,0.666666667,6.0,1,2,3.769230769,0,1,0,1,4.0,0,1,0,2,1,1,0,0,0,1,0,0,1,0,0,0,0,0,0,1
32,3,0,10671,14.4,3,3,4,2,3,4,19,0,0,15,69,5,10,3,8,1,0,0.0,1,1.0,3557.0,0.817621688,3.6,3.25,0.957427108,0,0.5,1.25,0,0,4.3125,1,0,0,0,2.0,1,2,0,3,0,1,0,0,0,0,0,1,1,0,1,0,0,0,0,0
32,4,1,4828,13.6,2,2,2,4,4,4,43,0,0,3,6,4,10,3,3,0,0,0.2,1,2.0,2414.0,0.067467652,2.72,3.5,1.0,0,0.4,0.8,1,1,1.5,0,-1,0,0,0.6,0,1,0,2,0,1,0,0,0,0,0,1,1,0,1,0,0,0,1,1
18,0,0,5223,13.5,1,3,3,2,4,4,25,0,0,15,60,3,10,3,5,0,0,0.0,0,0.0,5223.0,0.059946714,13.5,3.25,0.957427108,0,0.3,3.0,2,2,3.75,0,0,0,0,5.0,0,1,0,2,1,1,0,0,0,0,0,0,1,0,0,0,0,0,1,0
25,2,1,6240,10.3,1,3,3,2,2,3,51,0,0,4,13,1,11,3,6,0,0,0.333333333,1,2.0,6240.0,0.227664818,3.433333333,2.5,0.577350269,0,0.090909091,0.333333333,2,2,2.6,0,0,0,0,2.0,0,1,0,2,1,0,1,0,0,0,0,1,0,1,1,0,0,0,1,1
39,0,0,7143,16.8,1,3,5,2,1,4,72,1,0,15,16,3,7,2,9,0,0,0.0,0,0.0,7143.0,0.187776141,16.8,3.0,1.825741858,0,0.428571429,3.0,2,4,1.0,0,1,0,1,9.0,1,2,0,3,1,0,0,0,1,0,0,0,1,0,0,1,0,0,1,1
18,0,0,8343,14.1,2,3,4,2,3,2,49,1,1,25,80,7,5,3,5,0,0,0.0,0,0.0,4171.5,0.555452865,14.1,2.75,0.957427108,0,1.4,7.0,1,4,3.076923077,1,0,0,0,5.0,0,1,0,2,0,1,0,0,0,0,0,1,1,0,0,0,0,0,0,0
40,4,2,10632,15.7,4,4,3,1,5,3,44,0,1,16,59,2,4,4,8,1,0,0.4,1,1.0,2658.0,0.850110619,3.14,3.0,1.632993162,0,0.5,0.4,0,0,3.470588235,0,0,1,0,1.6,1,1,0,2,1,1,0,0,0,1,0,0,1,0,0,1,0,0,0,0
33,2,1,7048,15.8,3,3,3,3,4,3,28,0,1,5,17,6,10,5,6,1,0,0.333333333,1,0.666666667,2349.333333,0.412334071,5.266666667,3.25,0.5,0,0.6,2.0,1,2,2.833333333,0,-2,0,0,2.0,0,1,0,1,1,1,0,0,0,1,0,0,1,0,1,0,0,0,1,1
25,3,0,8002,14.5,3,4,4,3,2,4,39,1,1,19,61,3,5,3,3,1,0,0.0,1,1.0,2667.333333,0.696134868,3.625,3.25,0.957427108,0,0.6,0.75,0,3,3.05,1,1,1,1,0.75,0,1,0,2,0,1,0,1,0,0,0,0,1,0,1,0,0,0,0,0
49,2,1,5591,13.7,1,4,3,4,4,2,42,1,1,22,32,3,6,3,5,0,0,0.333333333,1,2.0,5591.0,0.049337261,4.566666667,3.25,0.957427108,0,0.5,1.0,0,2,1.391304348,0,1,1,1,1.666666667,0,1,0,2,0,1,0,0,1,0,0,0,0,0,0,0,1,0,1,1
39,4,4,6932,16.5,2,4,1,2,4,5,0,0,0,28,69,7,6,3,5,1,0,0.8,0,2.0,3466.0,0.238010657,3.3,3.0,1.825741858,0,1.166666667,1.4,0,1,2.379310345,1,1,1,1,1.0,0,3,0,1,1,0,1,0,0,0,0,0,1,0,0,1,0,0,1,1
31,4,1,9228,14.1,2,3,3,3,3,3,40,0,0,6,21,2,7,3,4,0,0,0.2,1,2.0,4614.0,0.669285274,2.82,3.0,0.0,0,0.285714286,0.4,2,2,3.0,0,0,0,0,0.8,0,0,0,4,1,1,0,0,0,0,0,1,0,1,1,0,0,0,1,1
25,3,0,7072,10.7,2,3,4,4,4,2,61,0,0,6,16,5,14,4,6,0,0,0.0,1,1.5,3536.0,0.348890943,2.675,3.5,1.0,0,0.357142857,1.25,1,1,2.285714286,0,-1,0,0,1.5,0,1,0,2,1,1,0,0,0,0,0,1,0,0,1,0,0,0,0,1
31,5,0,8243,19.9,3,3,3,3,3,1,35,0,0,14,41,7,5,3,3,1,0,0.0,1,1.666666667,2747.666667,0.33406971,3.316666667,2.5,1.0,0,1.4,1.166666667,2,3,2.733333333,0,0,0,0,0.5,0,1,0,1,1,0,1,0,1,0,0,0,1,0,1,0,0,0,0,0
43,4,0,10716,18.8,2,4,3,2,4,3,69,0,0,29,111,1,5,4,5,0,0,0.0,1,2.0,5358.0,0.6485027,3.76,3.0,0.816496581,0,0.2,0.2,1,1,3.7,1,0,1,0,1.0,0,1,0,2,1,1,0,0,1,0,0,0,1,0,0,1,0,0,1,1
45,11,8,9686,7.4,4,3,4,3,4,4,30,0,1,9,25,3,19,3,7,1,0,0.666666667,1,2.75,2421.5,0.72181146,0.616666667,3.75,0.5,0,0.157894737,0.25,0,0,2.5,0,0,0,0,0.583333333,0,1,0,1,1,0,1,0,0,0,0,1,1,0,0,0,1,0,0,0
37,5,4,6734,13.5,2,3,2,4,1,3,54,0,0,7,23,3,2,5,6,0,0,0.666666667,1,2.5,3367.0,0.424916805,2.25,2.5,1.290994449,0,1.5,0.5,1,2,2.875,0,-2,0,0,1.0,0,2,0,2,1,1,0,0,0,0,1,0,1,0,0,1,0,0,1,1
25,1,0,12868,14.8,3,3,5,4,4,4,72,0,0,2,6,4,14,4,4,1,0,0.0,1,0.333333333,4289.333333,0.830142366,7.4,4.25,0.5,0,0.285714286,2.0,1,1,2.0,0,-1,0,0,2.0,0,0,0,3,1,1,0,0,1,0,0,0,1,0,1,0,0,0,0,0
35,11,0,11902,16.8,3,3,3,4,3,3,55,0,0,4,12,3,14,2,3,1,0,0.0,1,3.666666667,3967.333333,0.824156306,1.4,3.25,0.5,0,0.214285714,0.25,1,1,2.4,0,1,0,1,0.25,0,0,0,3,1,0,1,0,0,0,0,0,1,0,0,1,0,0,0,0
31,13,11,14321,15.2,5,4,3,2,5,3,17,1,0,11,41,5,6,2,7,1,0,0.785714286,1,2.6,2864.2,0.988768719,1.085714286,3.25,1.258305739,0,0.833333333,0.357142857,1,4,3.416666667,0,2,1,1,0.5,0,1,0,3,0,1,0,0,0,0,1,0,0,0,1,0,0,0,0,0
21,3,0,10122,17.2,3,4,5,3,4,4,29,0,0,6,20,3,9,4,4,1,0,0.0,1,1.0,3374.0,0.577687776,4.3,4.0,0.816496581,0,0.333333333,0.75,1,1,2.857142857,0,0,1,0,1.0,0,0,0,1,0,1,0,0,1,0,0,0,0,0,0,0,0,0,0,0
21,3,1,7966,9.1,1,2,4,1,4,2,37,0,1,5,11,5,8,3,4,0,0,0.25,1,3.0,7966.0,0.291605302,2.275,2.75,1.5,0,0.625,1.25,0,1,1.833333333,0,-1,0,0,1.0,0,1,0,4,0,1,0,0,1,0,0,0,1,0,0,0,0,0,1,1
52,1,1,7328,21.7,3,3,3,4,2,3,33,0,1,20,69,7,9,4,4,1,1,0.5,0,0.333333333,2442.666667,0.528702163,10.85,3.0,0.816496581,0,0.777777778,3.5,1,2,3.285714286,1,-1,0,0,2.0,0,1,0,1,1,0,1,0,0,0,1,0,1,0,0,0,1,0,0,0
43,2,2,6379,17.0,2,4,4,5,3,5,31,1,1,3,6,5,6,3,12,0,0,0.666666667,0,1.0,3189.5,0.248151571,5.666666667,4.25,0.957427108,0,0.833333333,1.666666667,1,4,1.5,0,1,1,1,4.0,1,2,0,1,1,1,0,0,0,0,0,1,1,0,0,1,0,0,1,0
33,1,1,7822,14.8,3,3,4,5,5,3,23,0,0,8,28,5,2,3,5,1,0,0.5,0,0.333333333,2607.333333,0.609193012,7.4,4.25,0.957427108,0,2.5,2.5,0,1,3.111111111,0,0,0,0,2.5,0,0,0,2,0,0,1,0,0,0,1,0,1,0,1,0,0,0,0,0
55,15,1,9057,20.6,4,4,4,3,4,2,48,0,0,16,59,3,15,4,7,1,1,0.0625,1,3.75,2264.25,0.766638935,1.2875,3.25,0.957427108,0,0.2,0.1875,0,0,3.470588235,0,0,1,0,0.4375,0,0,0,1,0,1,0,0,0,0,1,0,1,0,0,0,0,1,0,0
44,10,2,9743,20.4,3,4,3,3,4,3,51,0,0,25,69,2,2,4,8,1,0,0.181818182,1,3.333333333,3247.666667,0.53460972,1.854545455,3.25,0.5,0,1.0,0.181818182,1,2,2.653846154,1,0,1,0,0.727272727,1,2,0,1,1,1,0,0,1,0,0,0,0,0,0,1,0,0,0,0
47,3,3,12307,19.0,4,4,3,4,4,4,16,1,0,5,19,3,10,2,6,1,0,0.75,0,0.75,3076.75,0.939159292,4.75,3.75,0.5,0,0.3,0.75,1,3,3.166666667,0,2,1,1,1.5,0,0,0,3,1,1,0,0,0,1,0,0,1,0,0,0,1,0,0,0
21,3,3,4244,19.9,2,4,2,4,4,4,0,0,1,19,72,3,11,3,3,0,0,0.75,0,1.5,2122.0,0.105263158,4.975,3.5,1.0,0,0.272727273,0.75,2,2,3.6,1,1,1,1,0.75,0,2,0,2,0,0,0,1,0,0,0,0,1,0,0,0,0,0,0,1
39,9,5,5170,13.6,3,3,3,4,4,4,42,1,1,5,18,3,9,2,8,1,0,0.5,1,3.0,1723.333333,0.171381032,1.36,3.75,0.5,0,0.333333333,0.3,1,3,3.0,0,1,0,1,0.8,1,3,0,1,1,0,1,0,0,0,1,0,0,0,0,1,0,0,1,0
49,8,4,11836,23.7,3,5,4,4,5,2,49,0,0,19,64,5,10,3,8,1,0,0.444444444,1,2.666666667,3945.333333,0.761168385,2.633333333,3.75,1.258305739,0,0.5,0.555555556,1,1,3.2,1,2,1,1,0.888888889,1,2,0,2,0,0,1,0,1,0,0,0,0,0,0,0,1,0,0,0
36,8,0,13018,14.0,4,3,3,3,3,4,0,1,0,10,32,1,2,3,8,1,0,0.0,1,2.0,3254.5,0.840206186,1.555555556,3.25,0.5,0,0.5,0.111111111,0,2,2.909090909,0,0,0,0,0.888888889,1,1,0,2,0,1,0,0,1,0,0,0,0,1,0,1,0,0,0,0
51,9,0,15248,19.4,4,3,4,3,4,2,0,1,0,11,32,3,2,4,7,1,1,0.0,1,2.25,3812.0,0.932253314,1.94,3.25,0.957427108,0,1.5,0.3,1,4,2.666666667,0,-1,0,0,0.7,0,0,0,3,1,0,1,0,1,0,0,0,0,1,0,0,1,0,0,0
38,15,15,11281,13.6,5,3,3,3,2,4,37,0,1,10,39,6,2,2,3,1,0,0.9375,0,3.0,2256.2,0.896017699,0.85,3.0,0.816496581,0,3.0,0.375,0,1,3.545454545,0,1,0,1,0.1875,0,1,0,1,0,1,0,0,0,1,0,0,1,0,0,1,0,0,0,0
33,15,4,9829,15.1,4,3,5,3,2,3,0,0,1,11,32,7,15,4,4,1,0,0.25,1,3.75,2457.25,0.831738769,0.94375,3.25,1.258305739,0,0.466666667,0.4375,1,1,2.666666667,0,-1,0,0,0.25,0,1,0,1,0,0,1,0,0,0,1,0,0,0,1,0,0,0,0,0
28,10,2,8455,12.8,3,3,5,5,3,4,22,1,1,16,48,4,3,3,4,1,0,0.181818182,1,3.333333333,2818.333333,0.63965708,1.163636364,4.25,0.957427108,0,1.333333333,0.363636364,2,5,2.823529412,0,0,0,0,0.363636364,0,0,0,2,1,0,0,0,0,1,0,0,1,0,1,0,0,0,0,0
56,7,0,9590,8.5,2,2,3,3,2,4,44,0,0,14,51,7,7,5,3,0,1,0.0,1,3.5,4795.0,0.511659303,1.0625,3.0,0.816496581,0,1.0,0.875,1,2,3.4,0,-3,0,0,0.375,0,0,0,2,0,0,1,0,1,0,0,0,1,0,0,0,0,1,1,1
42,1,0,6784,18.2,2,3,4,1,4,4,31,1,0,21,82,2,13,3,8,0,0,0.0,1,0.5,3392.0,0.508634868,9.1,3.25,1.5,0,0.153846154,1.0,1,3,3.727272727,1,0,0,0,4.0,1,2,0,2,1,1,0,1,0,0,0,0,1,0,0,1,0,0,0,0
44,14,10,15271,10.7,4,3,5,3,1,5,0,1,1,4,10,2,5,3,8,1,0,0.666666667,1,3.5,3817.75,0.977202711,0.713333333,3.5,1.914854216,0,0.4,0.133333333,1,3,2.0,0,0,0,0,0.533333333,1,2,0,3,0,1,0,0,0,0,0,1,1,0,0,1,0,0,0,0
36,10,0,8671,10.2,3,2,4,4,4,1,0,0,1,16,44,4,6,4,1,1,0,0.0,1,3.333333333,2890.333333,0.391384389,0.927272727,3.25,1.5,0,0.666666667,0.363636364,1,2,2.588235294,0,-2,0,0,0.090909091,0,1,0,1,0,1,0,0,1,0,0,0,1,0,0,1,0,0,1,1
18,0,0,8794,12.0,3,3,4,3,3,5,49,0,1,16,47,5,10,5,4,1,0,0.0,0,0.0,2931.333333,0.787828947,12.0,3.75,0.957427108,0,0.5,5.0,0,0,2.764705882,0,-2,0,0,4.0,0,0,0,3,0,1,0,1,0,0,0,0,1,0,0,0,0,0,0,0
28,1,1,8318,19.7,2,5,4,1,2,2,55,1,0,14,54,1,10,2,4,0,0,0.5,0,0.5,4159.0,0.435612789,9.85,2.25,1.258305739,1,0.1,0.5,2,4,3.6,0,3,1,1,2.0,0,2,1,2,1,0,0,0,0,0,0,0,1,0,1,0,0,0,1,0
51,1,0,7788,19.7,2,4,3,2,1,2,25,1,1,26,76,3,12,2,6,1,1,0.0,1,0.5,3894.0,0.267550319,9.85,2.0,0.816496581,1,0.25,1.5,0,2,2.814814815,1,2,1,1,3.0,0,3,1,2,0,1,0,0,1,0,0,0,1,0,0,0,1,0,0,1
51,2,0,13868,17.1,3,3,2,2,2,3,45,0,1,7,16,7,15,4,4,1,1,0.0,1,0.666666667,4622.666667,0.880952381,5.7,2.25,0.5,1,0.466666667,2.333333333,2,2,2.0,0,-1,0,0,1.333333333,0,1,0,4,0,0,1,0,1,0,0,0,0,1,0,0,1,0,0,0
39,2,1,8287,16.3,2,4,1,3,3,5,49,0,1,12,46,5,12,3,6,0,0,0.333333333,1,1.0,4143.5,0.678036606,5.433333333,3.0,1.632993162,0,0.416666667,1.666666667,0,0,3.538461538,0,1,1,1,2.0,0,0,0,3,0,1,0,0,0,0,1,0,1,0,0,1,0,0,0,0
27,4,1,6957,11.2,2,4,3,3,3,3,14,1,0,3,7,3,4,5,8,1,0,0.2,1,2.0,3478.5,0.46609817,2.24,3.0,0.0,0,0.75,0.6,1,4,1.75,0,-1,1,0,1.6,1,2,0,2,1,0,1,0,0,0,1,0,0,0,1,0,0,0,1,1
24,5,1,12968,19.1,3,3,3,3,3,2,40,0,1,10,37,5,11,1,2,1,0,0.166666667,1,1.666666667,4322.666667,0.837751595,3.183333333,2.75,0.5,0,0.454545455,0.833333333,1,1,3.363636364,0,2,0,1,0.333333333,0,0,0,3,1,0,1,0,1,0,0,0,1,0,0,0,0,0,0,0
35,3,0,10519,15.2,4,5,2,3,3,4,28,1,0,10,36,3,10,4,4,1,0,0.0,1,0.75,2629.75,0.722912966,3.8,3.0,0.816496581,0,0.3,0.75,1,3,3.272727273,0,1,1,1,1.0,0,0,0,1,1,1,0,0,0,0,0,0,1,0,0,1,0,0,0,0
18,0,0,5967,16.7,1,5,1,2,1,4,38,0,0,20,79,6,2,3,2,1,0,0.0,0,0.0,5967.0,0.075724104,16.7,2.0,1.414213562,1,3.0,6.0,2,3,3.761904762,1,2,1,1,2.0,0,3,0,2,1,1,0,0,1,0,0,0,0,0,0,0,0,0,0,1
28,1,0,7152,14.9,2,5,3,4,3,4,24,0,0,13,39,3,4,3,2,0,0,0.0,1,0.5,3576.0,0.364756624,7.45,3.5,0.577350269,0,0.75,1.5,1,2,2.785714286,0,2,1,1,1.0,0,1,0,2,1,0,1,0,0,0,0,1,1,0,1,0,0,0,0,1
26,8,0,14909,12.5,4,2,3,3,3,5,64,1,0,14,41,3,10,3,7,1,0,0.0,1,2.0,3727.25,0.922189494,1.388888889,3.5,1.0,0,0.3,0.333333333,2,4,2.733333333,0,-1,0,0,0.777777778,0,0,0,3,0,0,1,0,1,0,0,0,1,0,1,0,0,0,0,0
41,0,0,6075,10.0,2,3,2,4,4,4,47,0,0,17,20,5,8,4,8,0,0,0.0,0,0.0,3037.5,0.135879218,10.0,3.5,1.0,0,0.625,5.0,1,2,1.111111111,0,-1,0,0,8.0,1,2,0,1,1,0,1,0,0,0,0,0,1,0,0,1,0,0,1,0
35,2,1,8590,14.6,3,3,3,3,3,5,55,0,1,16,52,4,5,1,5,1,0,0.333333333,1,0.666666667,2863.333333,0.651548673,4.866666667,3.5,1.0,0,0.8,1.333333333,0,1,3.058823529,0,2,0,1,1.666666667,0,0,0,2,0,1,0,0,0,1,0,0,1,0,0,1,0,0,0,0
35,3,3,5533,13.5,1,4,4,5,4,3,41,1,1,17,57,4,12,3,14,1,0,0.75,0,3.0,5533.0,0.228993344,3.375,4.0,0.816496581,0,0.333333333,1.0,0,2,3.166666667,0,1,1,1,3.5,1,2,0,1,0,0,0,0,0,0,1,0,1,0,0,1,0,0,0,1
59,1,1,6063,15.8,2,4,2,3,3,3,28,0,0,22,65,1,6,2,3,1,1,0.5,0,0.5,3031.5,0.08173785,7.9,2.75,0.5,0,0.166666667,0.5,0,0,2.826086957,1,2,1,1,1.5,0,2,0,1,0,0,1,0,1,0,0,0,1,0,0,0,0,1,0,0
57,0,0,7459,16.2,2,3,5,4,5,2,27,1,1,7,24,3,5,3,9,0,1,0.0,0,0.0,3729.5,0.310390764,16.2,4.0,1.414213562,0,0.6,3.0,0,3,3.0,0,0,0,0,9.0,1,2,0,2,0,0,1,0,0,0,0,0,1,0,0,0,0,1,0,1
41,0,0,5091,13.9,1,3,2,1,3,4,67,1,1,31,134,1,11,4,8,0,0,0.0,0,0.0,5091.0,0.04973357,13.9,2.5,1.290994449,0,0.090909091,1.0,0,2,4.1875,1,-1,0,0,8.0,1,3,0,1,0,0,1,0,0,0,0,0,0,0,0,1,0,0,0,1
46,5,0,8890,16.5,2,3,4,2,3,3,9,0,1,18,46,4,14,3,6,0,0,0.0,1,2.5,4445.0,0.626309304,2.75,3.0,0.816496581,0,0.285714286,0.666666667,1,1,2.421052632,0,0,0,0,1.0,0,0,0,2,1,0,1,0,0,0,0,1,1,0,0,0,1,0,1,1
33,1,1,9127,15.1,2,4,2,1,3,3,33,0,0,22,76,2,5,3,6,0,0,0.5,0,0.5,4563.5,0.45544919,7.55,2.25,0.957427108,1,0.4,1.0,1,1,3.304347826,1,1,1,1,3.0,0,3,0,2,1,0,1,0,1,0,0,0,1,0,1,0,0,0,0,1
50,2,0,7154,10.3,2,1,2,3,3,3,50,0,1,5,23,7,7,3,1,0,1,0.0,1,1.0,3577.0,0.190967108,3.433333333,2.75,0.5,0,1.0,2.333333333,0,1,3.833333333,0,-2,0,0,0.333333333,0,1,0,2,0,0,1,0,1,0,0,0,1,0,0,0,1,0,1,1
40,13,5,11890,11.9,4,4,3,5,4,4,28,0,1,29,106,8,6,3,4,1,0,0.357142857,1,3.25,2972.5,0.942595674,0.85,4.0,0.816496581,0,1.333333333,0.571428571,1,2,3.533333333,1,1,1,1,0.285714286,0,2,0,2,0,0,1,0,0,0,1,0,1,0,0,1,0,0,0,0
32,2,0,5296,7.3,1,1,3,3,5,4,29,1,0,5,17,3,7,4,6,1,0,0.0,1,2.0,5296.0,0.146294248,2.433333333,3.75,0.957427108,0,0.428571429,1.0,1,3,2.833333333,0,-3,0,0,2.0,0,1,0,2,1,0,1,0,0,1,0,0,1,0,1,0,0,0,1,1
36,1,0,7873,19.0,2,4,3,3,1,2,42,1,0,8,19,5,7,3,12,0,0,0.0,1,0.5,3936.5,0.482439926,9.5,2.25,0.957427108,1,0.714285714,2.5,1,4,2.111111111,0,1,1,1,6.0,1,3,1,3,1,1,0,0,0,0,0,1,1,0,0,1,0,0,0,1
29,11,11,13664,17.7,4,4,3,5,3,3,0,0,0,9,32,6,9,4,3,1,0,0.916666667,0,2.75,3416.0,0.914742451,1.475,3.5,1.0,0,0.666666667,0.5,2,3,3.2,0,0,1,0,0.25,0,0,0,2,1,0,0,0,0,0,0,0,1,0,1,0,0,0,0,0
42,2,1,5706,12.0,1,3,4,1,3,2,45,0,1,23,71,2,6,5,3,0,0,0.333333333,1,2.0,5706.0,0.162353666,4.0,2.5,1.290994449,0,0.333333333,0.666666667,1,1,2.958333333,1,-2,0,0,1.0,0,2,0,3,1,1,0,0,0,0,0,1,1,0,0,1,0,0,1,1
32,0,0,10691,23.0,3,4,3,2,4,4,35,0,0,15,55,3,11,5,3,1,0,0.0,0,0.0,3563.666667,0.645557192,23.0,3.25,0.957427108,0,0.272727273,3.0,0,0,3.4375,0,-1,1,0,3.0,0,0,0,3,1,1,0,0,1,0,0,0,0,1,1,0,0,0,0,0
45,7,6,5929,10.7,2,3,3,3,3,3,36,0,1,1,5,3,2,3,6,0,0,0.75,1,3.5,2964.5,0.354029605,1.3375,3.0,0.0,0,1.5,0.375,0,1,2.5,0,0,0,0,0.75,0,2,0,2,0,0,1,1,0,0,0,0,1,0,0,0,1,0,1,1
56,14,12,13722,20.5,5,5,3,4,3,4,54,0,1,13,34,4,2,4,5,1,1,0.8,1,2.8,2744.4,0.972345133,1.366666667,3.5,0.577350269,0,2.0,0.266666667,1,2,2.428571429,0,1,1,1,0.333333333,0,0,0,2,1,0,1,0,0,1,0,0,0,0,0,0,0,1,0,0
41,2,0,6499,18.8,1,3,1,4,4,3,13,1,1,14,53,3,8,1,5,0,0,0.0,1,2.0,6499.0,0.114874816,6.266666667,3.0,1.414213562,0,0.375,1.0,0,2,3.533333333,0,2,0,1,1.666666667,0,1,0,2,1,1,0,0,1,0,0,0,1,0,0,1,0,0,1,1
42,1,0,8646,14.3,3,5,4,4,4,4,31,0,1,4,14,4,10,2,7,1,0,0.0,1,0.333333333,2882.0,0.776315789,7.15,4.0,0.0,0,0.4,2.0,0,0,2.8,0,3,1,1,3.5,0,0,0,2,0,0,1,1,0,0,0,0,1,0,0,1,0,0,0,0
39,4,1,4395,12.2,1,4,1,3,4,5,39,1,0,4,8,5,5,3,9,1,0,0.2,1,4.0,4395.0,0.040665434,2.44,3.25,1.707825128,0,1.0,1.0,0,3,1.6,0,1,1,1,1.8,1,2,0,2,1,1,0,0,0,0,0,1,0,1,0,1,0,0,1,1
23,5,1,13328,15.1,3,4,5,3,2,3,39,1,1,19,33,3,15,3,10,1,0,0.166666667,1,1.666666667,4442.666667,0.856897398,2.516666667,3.25,1.258305739,0,0.2,0.5,0,2,1.65,0,1,1,1,1.666666667,1,1,0,3,1,0,0,0,1,0,0,0,1,0,0,0,0,0,0,0
43,25,24,18122,15.8,5,3,2,2,3,4,15,0,1,12,33,1,8,3,7,1,0,0.923076923,1,5.0,3624.4,0.979626902,0.607692308,2.75,0.957427108,0,0.125,0.038461538,2,2,2.538461538,0,0,0,0,0.269230769,0,1,0,2,0,0,1,0,1,0,0,0,1,0,0,1,0,0,0,0
36,5,4,8281,16.0,2,3,4,4,4,2,21,0,1,4,17,1,9,3,3,0,0,0.666666667,1,2.5,4140.5,0.547597043,2.666666667,3.5,1.0,0,0.111111111,0.166666667,0,0,3.4,0,0,0,0,0.5,0,1,0,2,1,0,1,0,0,0,0,1,1,0,0,1,0,0,1,1
24,3,3,5373,15.2,1,4,3,3,2,4,44,0,0,24,89,6,13,4,3,0,0,0.75,0,3.0,5373.0,0.198835275,3.8,3.0,0.816496581,0,0.461538462,1.5,1,1,3.56,1,0,1,0,0.75,0,2,0,2,1,0,0,0,0,0,1,0,1,0,0,0,0,0,1,0
30,2,1,7262,14.3,3,3,4,3,2,3,60,1,1,14,42,4,13,4,8,1,0,0.333333333,1,0.666666667,2420.666667,0.518718802,4.766666667,3.0,0.816496581,0,0.307692308,1.333333333,1,3,2.8,0,-1,0,0,2.666666667,1,1,0,2,0,1,0,0,0,0,1,0,1,0,1,0,0,0,0,0
25,2,0,10286,16.5,3,3,3,4,2,3,19,0,0,7,22,4,12,4,1,1,0,0.0,1,0.666666667,3428.666667,0.596956308,5.5,3.0,0.816496581,0,0.333333333,1.333333333,1,1,2.75,0,-1,0,0,0.333333333,0,0,0,3,0,0,1,0,1,0,0,0,0,1,1,0,0,0,0,0
31,3,2,11446,14.2,3,4,2,5,2,4,15,0,1,11,32,5,2,2,4,1,0,0.5,1,1.0,3815.333333,0.725822288,3.55,3.25,1.5,0,2.5,1.25,1,2,2.666666667,0,2,1,1,1.0,0,0,0,2,1,1,0,0,1,0,0,0,1,0,1,0,0,0,0,0
20,2,2,8535,15.4,3,4,4,3,3,5,37,0,0,14,65,3,2,1,4,1,0,0.666666667,0,0.666666667,2845.0,0.708818636,5.133333333,3.75,0.957427108,0,1.5,1.0,0,1,4.333333333,1,3,1,1,1.333333333,0,1,0,2,0,0,1,0,0,0,1,0,1,0,0,0,0,0,0,0
47,2,2,6174,21.2,2,3,4,2,2,4,40,0,1,22,74,4,9,3,5,0,0,0.666666667,0,1.0,3087.0,0.147868561,7.066666667,3.0,1.154700538,0,0.444444444,1.333333333,1,1,3.217391304,1,0,0,0,1.666666667,0,2,0,2,0,1,0,0,0,0,0,0,1,0,0,0,1,0,1,0
46,3,1,5010,11.9,1,2,2,2,4,4,64,1,1,36,122,2,5,5,1,0,0,0.25,1,3.0,5010.0,0.117809735,2.975,3.0,1.154700538,0,0.4,0.5,1,3,3.297297297,1,-3,0,0,0.25,0,2,0,1,0,1,0,0,0,1,0,0,1,0,0,0,1,0,1,1
35,10,2,10714,8.7,4,2,3,3,2,2,48,1,0,7,25,3,16,3,7,1,0,0.181818182,1,2.5,2678.5,0.860066372,0.790909091,2.5,0.577350269,0,0.1875,0.272727273,0,2,3.125,0,-1,0,0,0.636363636,0,0,0,2,1,1,0,0,0,1,0,0,0,1,0,1,0,0,1,0
18,0,0,6588,10.2,2,2,2,3,4,5,59,1,0,7,28,2,11,3,8,0,0,0.0,0,0.0,3294.0,0.279420826,10.2,3.5,1.290994449,0,0.181818182,2.0,1,3,3.5,0,-1,0,0,8.0,1,2,0,2,0,1,0,0,0,0,0,1,0,1,0,0,0,0,1,1
38,0,0,5348,17.0,1,3,4,3,3,3,56,1,1,3,7,6,8,5,6,0,0,0.0,0,0.0,5348.0,0.036573392,17.0,3.25,0.5,0,0.75,6.0,0,3,1.75,0,-2,0,0,6.0,0,1,0,3,1,1,0,0,1,0,0,0,1,0,0,1,0,0,0,0
37,0,0,5018,13.3,1,3,3,3,4,3,30,0,0,11,43,2,8,4,6,1,0,0.0,0,0.0,5018.0,0.146422629,13.3,3.25,0.5,0,0.25,2.0,2,2,3.583333333,0,-1,0,0,6.0,0,1,0,2,1,1,0,0,0,0,1,0,1,0,0,1,0,0,0,1
40,2,1,9362,18.4,1,5,3,5,3,3,48,0,1,18,64,8,4,3,2,0,0,0.333333333,1,2.0,9362.0,0.58348135,6.133333333,3.5,1.0,0,2.0,2.666666667,1,2,3.368421053,1,2,1,1,0.666666667,0,1,0,3,1,1,0,0,0,0,0,0,1,0,0,1,0,0,0,0
38,4,0,7314,14.6,3,3,2,4,1,3,43,0,1,12,15,2,14,4,5,1,0,0.0,1,1.333333333,2438.0,0.393099199,2.92,2.5,1.290994449,0,0.142857143,0.4,1,1,1.153846154,0,-1,0,0,1.0,0,1,0,1,1,0,0,0,0,0,0,1,1,0,0,1,0,0,1,0
24,5,3,12112,17.6,3,4,3,3,5,2,39,0,0,14,60,1,8,5,2,1,0,0.5,1,1.666666667,4037.333333,0.780805106,2.933333333,3.25,1.258305739,0,0.125,0.166666667,1,1,4.0,0,-1,1,0,0.333333333,0,0,0,2,0,1,0,0,1,0,0,0,1,0,0,0,0,0,0,0
25,0,0,7345,18.3,1,3,4,5,4,3,19,1,0,17,62,5,11,4,6,0,0,0.0,0,0.0,7345.0,0.213426608,18.3,4.0,0.816496581,0,0.454545455,5.0,0,2,3.444444444,1,-1,0,0,6.0,0,2,0,2,0,0,1,0,1,0,0,0,1,0,1,0,0,0,0,1
43,2,0,7384,11.5,2,3,3,2,3,5,56,0,0,10,24,4,4,1,3,0,0,0.0,1,1.0,3692.0,0.218949435,3.833333333,3.25,1.258305739,0,1.0,1.333333333,1,2,2.181818182,0,2,0,1,1.0,0,1,0,2,1,0,1,0,1,0,0,0,1,0,0,1,0,0,1,1
48,2,2,3289,17.0,1,2,4,4,3,5,27,0,1,14,33,1,12,3,6,0,0,0.666666667,0,2.0,3289.0,0.017470882,5.666666667,4.0,0.816496581,0,0.083333333,0.333333333,1,1,2.2,0,-1,0,0,2.0,0,1,0,1,1,0,1,0,0,0,1,0,1,0,0,0,1,0,1,1
40,8,1,4444,11.3,1,3,3,3,3,4,14,1,1,5,17,1,2,3,9,0,0,0.111111111,1,8.0,4444.0,0.044670364,1.255555556,3.25,0.5,0,0.5,0.111111111,2,4,2.833333333,0,0,0,0,1.0,1,2,0,1,1,1,0,0,0,0,0,1,1,0,0,1,0,0,1,1
32,4,3,8265,21.0,3,3,4,4,2,3,34,1,1,33,141,4,12,3,13,1,0,0.6,1,1.333333333,2755.0,0.675332779,4.2,3.25,0.957427108,0,0.333333333,0.8,1,3,4.147058824,1,0,0,0,2.6,1,2,0,2,0,1,0,0,0,0,1,0,1,0,1,0,0,0,0,0
24,4,2,10080,9.9,3,3,3,3,4,3,50,0,1,11,26,5,11,4,6,1,0,0.4,1,1.333333333,3360.0,0.759704251,1.98,3.25,0.5,0,0.454545455,1.0,0,0,2.166666667,0,-1,0,0,1.2,0,0,0,3,1,1,0,0,0,0,0,1,1,0,0,0,0,0,0,0
49,1,0,9708,19.7,2,4,4,2,3,4,35,0,1,4,15,5,3,5,4,0,0,0.0,1,0.5,4854.0,0.628774423,9.85,3.25,0.957427108,0,1.666666667,2.5,0,1,3.0,0,-1,1,0,2.0,0,0,0,3,0,0,1,0,0,0,0,0,0,0,0,0,1,0,0,0
26,2,2,9651,17.8,2,4,5,5,5,4,49,1,0,25,82,4,16,3,8,0,0,0.666666667,0,1.0,4825.5,0.51988218,5.933333333,4.75,0.5,0,0.25,1.333333333,1,3,3.153846154,1,1,1,1,2.666666667,1,2,0,2,1,1,0,0,1,0,0,0,0,0,1,0,0,0,0,0
52,5,1,11944,14.8,2,3,4,5,4,4,38,0,1,11,42,5,14,2,6,0,1,0.166666667,1,2.5,5972.0,0.923119469,2.466666667,4.25,0.5,0,0.357142857,0.833333333,0,0,3.5,0,1,0,1,1.0,0,0,0,4,1,1,0,0,0,1,0,0,1,0,0,0,1,0,1,1
37,13,9,9216,12.7,3,3,5,3,1,3,15,0,0,30,118,2,7,4,2,1,0,0.642857143,1,4.333333333,3072.0,0.564165187,0.907142857,3.0,1.632993162,0,0.285714286,0.142857143,0,0,3.806451613,1,-1,0,0,0.142857143,0,2,0,1,0,1,0,0,0,0,0,0,1,0,0,1,0,0,0,0
31,5,5,9674,16.0,3,3,5,2,1,5,45,1,0,14,29,3,6,2,10,1,0,0.833333333,0,1.666666667,3224.666667,0.780420354,2.666666667,3.25,2.061552813,0,0.5,0.5,2,4,1.933333333,0,1,0,1,1.666666667,1,2,0,2,1,1,0,0,0,1,0,0,0,1,1,0,0,0,0,0
36,3,0,8824,18.4,2,4,3,2,3,3,38,0,0,11,28,5,4,4,3,0,0,0.0,1,1.5,4412.0,0.789473684,4.6,2.75,0.5,0,1.25,1.25,1,2,2.333333333,0,0,1,0,0.75,0,0,0,4,0,0,1,1,0,0,0,0,1,0,0,1,0,0,0,0
32,0,0,6928,13.9,1,4,2,3,4,3,54,0,0,24,79,4,4,4,3,0,0,0.0,0,0.0,6928.0,0.163721159,13.9,3.0,0.816496581,0,1.0,4.0,2,3,3.16,1,0,1,0,3.0,0,2,0,3,0,1,0,0,1,0,0,0,1,0,1,0,0,0,1,0
41,10,1,14435,8.1,4,3,3,3,3,3,18,1,0,18,51,2,7,3,8,1,0,0.090909091,1,2.5,3608.75,0.904025528,0.736363636,3.0,0.0,0,0.285714286,0.181818182,0,2,2.684210526,0,0,0,0,0.727272727,1,1,0,2,1,1,0,0,1,0,0,0,1,0,0,1,0,0,0,0
37,9,8,15249,18.6,5,4,4,4,4,2,25,1,1,14,51,2,6,5,6,1,0,0.8,1,1.8,3049.8,0.932621502,1.86,3.5,1.0,0,0.333333333,0.2,1,3,3.4,0,-1,1,0,0.6,0,1,0,2,0,1,0,0,1,0,0,0,1,0,0,1,0,0,0,0
35,9,4,7413,11.4,3,4,2,2,4,3,34,0,0,19,65,7,9,4,4,1,0,0.4,1,3.0,2471.0,0.478429204,1.14,2.75,0.957427108,0,0.777777778,0.7,0,1,3.25,1,0,1,0,0.4,0,3,0,1,0,1,0,0,0,1,0,0,1,0,0,1,0,0,1,0
29,11,9,12501,15.0,2,4,4,3,4,4,52,1,0,25,90,4,14,2,7,0,0,0.75,1,5.5,6250.5,0.809032892,1.25,3.75,0.5,0,0.285714286,0.333333333,0,2,3.461538462,1,2,1,1,0.583333333,0,1,0,2,1,1,0,0,1,0,0,0,1,0,1,0,0,0,1,1
39,2,0,3928,20.8,1,5,3,1,3,2,47,0,1,5,12,10,10,4,6,0,0,0.0,1,2.0,3928.0,0.019716574,6.933333333,2.25,0.957427108,1,1.0,3.333333333,1,2,2.0,0,1,1,1,2.0,0,2,0,1,1,0,0,0,0,0,0,1,1,0,0,1,0,0,0,1
46,4,1,5013,14.5,2,5,4,1,3,3,28,1,1,17,32,2,8,3,7,0,0,0.2,1,2.0,2506.5,0.146006656,2.9,2.75,1.258305739,0,0.25,0.4,0,2,1.777777778,0,2,1,1,1.4,0,1,0,1,0,0,1,0,0,0,1,0,1,0,0,0,1,0,1,1
46,1,1,3341,18.1,1,5,3,3,3,3,4,1,0,22,83,7,6,4,4,0,0,0.5,0,1.0,3341.0,0.007085644,9.05,3.0,0.0,0,1.166666667,3.5,1,4,3.608695652,1,1,1,1,2.0,0,2,0,1,0,1,0,0,0,0,0,1,1,0,0,0,1,0,1,0
39,18,14,10448,12.6,5,3,4,3,4,4,30,0,0,6,21,5,7,4,7,1,0,0.736842105,1,3.6,2089.6,0.902960526,0.663157895,3.75,0.5,0,0.714285714,0.263157895,2,3,3.0,0,-1,0,0,0.368421053,0,1,0,1,1,1,0,1,0,0,0,0,1,0,0,1,0,0,0,0
48,9,8,7593,12.1,2,3,2,3,3,3,17,0,1,24,85,6,12,2,2,0,0,0.8,1,4.5,3796.5,0.245581738,1.21,2.75,0.5,0,0.5,0.6,1,1,3.4,1,1,0,1,0.2,0,3,0,2,0,1,0,0,1,0,0,0,1,0,0,0,1,0,1,1
39,9,3,12972,13.1,3,3,4,3,3,3,42,1,0,37,133,9,12,3,9,1,0,0.3,1,3.0,4324.0,0.930375847,1.31,3.25,0.5,0,0.75,0.9,0,3,3.5,1,0,0,0,0.9,1,2,0,3,1,1,0,0,0,0,0,1,1,0,0,1,0,0,0,0
34,8,0,7790,19.5,3,4,1,2,4,4,14,0,1,15,36,8,17,3,3,1,0,0.0,1,2.666666667,2596.666667,0.543141593,2.166666667,2.75,1.5,0,0.470588235,0.888888889,1,1,2.25,0,1,1,1,0.333333333,0,0,0,2,1,0,1,0,0,1,0,0,1,0,1,0,0,0,0,0
39,1,0,6036,14.1,2,3,2,1,1,3,11,0,0,30,72,1,7,4,7,0,0,0.0,1,0.5,3018.0,0.131882771,7.05,1.75,0.957427108,1,0.142857143,0.5,2,2,2.322580645,1,-1,0,0,3.5,0,3,0,1,1,1,0,0,0,0,0,0,1,0,0,1,0,0,1,0
34,1,1,2959,10.7,1,2,3,3,3,4,37,0,1,15,36,5,10,3,5,0,0,0.5,0,1.0,2959.0,0.003388786,5.35,3.25,0.5,0,0.5,2.5,0,0,2.25,0,-1,0,0,2.5,0,1,0,2,0,0,1,0,0,0,0,1,1,0,1,0,0,0,1,1
37,5,1,8414,16.6,2,5,3,4,3,4,51,0,1,10,40,3,8,4,3,1,0,0.166666667,1,2.5,4207.0,0.357265587,2.766666667,3.5,0.577350269,0,0.375,0.5,1,1,3.636363636,0,1,1,1,0.5,0,1,0,2,1,0,1,0,1,0,0,0,1,0,0,1,0,0,1,1
34,12,1,15435,15.3,3,5,3,4,4,5,26,0,1,42,95,1,11,5,7,1,0,0.076923077,1,4.0,5145.0,0.979667283,1.176923077,4.0,0.816496581,0,0.090909091,0.076923077,0,0,2.209302326,1,0,1,0,0.538461538,0,1,0,4,1,0,1,0,0,0,0,1,1,0,1,0,0,0,0,0
41,1,0,6722,15.4,2,3,3,3,4,4,24,0,0,14,54,4,14,5,3,0,0,0.0,1,0.5,3361.0,0.13856161,7.7,3.5,0.577350269,0,0.285714286,2.0,1,1,3.6,0,-2,0,0,1.5,0,1,0,3,1,0,1,0,1,0,0,0,1,0,0,1,0,0,1,0
45,11,3,11311,15.2,3,3,4,2,4,2,18,0,1,3,9,5,9,5,4,1,0,0.25,1,3.666666667,3770.333333,0.789076377,1.266666667,3.0,1.154700538,0,0.555555556,0.416666667,2,3,2.25,0,-2,0,0,0.333333333,0,0,0,2,0,1,0,0,0,0,0,0,0,1,0,0,1,0,0,0
42,7,7,9792,11.8,3,3,3,3,4,2,26,0,1,7,20,4,9,4,5,1,0,0.875,0,2.333333333,3264.0,0.640319716,1.475,3.0,0.816496581,0,0.444444444,0.5,0,0,2.5,0,-1,0,0,0.625,0,1,0,2,1,0,0,0,0,0,0,0,0,1,0,1,0,0,0,0
18,0,0,7848,15.8,2,3,2,3,3,2,77,1,1,5,18,6,9,3,10,0,0,0.0,0,0.0,3924.0,0.611896839,15.8,2.5,0.577350269,0,0.666666667,6.0,1,4,3.0,0,0,0,0,10.0,1,1,0,3,1,0,1,0,0,0,1,0,1,0,0,0,0,0,0,0
38,3,2,8998,11.9,3,2,4,3,2,4,54,1,0,14,46,2,8,4,7,1,0,0.5,1,1.0,2999.333333,0.538410302,2.975,3.25,0.957427108,0,0.25,0.5,2,4,3.066666667,0,-2,0,0,1.75,0,0,0,1,1,1,0,0,0,0,0,0,1,0,0,1,0,0,1,0
47,13,11,12755,18.4,4,3,4,4,4,3,47,0,0,39,115,1,7,3,3,1,0,0.785714286,1,3.25,3188.75,0.952433628,1.314285714,3.75,0.5,0,0.142857143,0.071428571,1,1,2.875,1,0,0,0,0.214285714,0,2,0,2,0,0,0,0,0,1,0,0,1,0,0,0,1,0,0,0
28,0,0,8933,24.3,2,5,3,3,3,4,14,0,1,13,52,5,9,3,5,0,0,0.0,0,0.0,4466.5,0.531083481,24.3,3.25,0.5,0,0.555555556,5.0,1,2,3.714285714,0,2,1,1,5.0,0,0,0,2,0,1,0,0,0,0,0,0,1,0,1,0,0,0,0,0
44,7,4,10990,17.7,3,3,2,2,2,3,30,0,1,8,20,5,11,3,4,1,0,0.5,1,2.333333333,3663.333333,0.676975945,2.2125,2.25,0.5,1,0.454545455,0.625,0,0,2.222222222,0,0,0,0,0.5,0,2,0,2,1,0,1,0,1,0,0,0,1,0,0,1,0,0,0,0
39,4,2,10687,8.5,3,2,2,4,3,2,80,0,0,15,56,8,10,3,8,1,0,0.4,1,1.333333333,3562.333333,0.737344583,1.7,2.75,0.957427108,0,0.8,1.6,1,2,3.5,0,-1,0,0,1.6,1,1,0,3,1,1,0,0,0,0,0,0,1,0,0,1,0,0,1,0
18,0,0,7595,14.8,2,3,3,1,1,4,24,0,1,11,35,3,8,4,10,1,0,0.0,0,0.0,3797.5,0.515486726,14.8,2.25,1.5,1,0.375,3.0,0,0,2.916666667,0,-1,0,0,10.0,1,2,0,3,1,1,0,0,0,1,0,0,1,0,0,0,0,0,0,0
58,24,21,20176,18.6,5,4,3,2,4,4,53,0,1,13,45,2,15,3,4,1,1,0.84,1,4.8,4035.2,0.995336279,0.744,3.25,0.957427108,0,0.133333333,0.08,1,1,3.214285714,0,1,1,1,0.16,0,0,0,3,0,1,0,0,1,0,0,0,1,0,0,0,0,1,0,0
27,9,5,7836,14.7,3,3,4,4,3,2,39,1,1,9,38,4,15,3,6,1,0,0.5,1,3.0,2612.0,0.550331858,1.47,3.25,0.957427108,0,0.266666667,0.4,1,3,3.8,0,0,0,0,0.6,0,1,0,2,0,0,0,0,0,1,0,0,1,0,1,0,0,0,0,0
40,11,7,8973,18.5,4,4,4,3,3,3,41,1,0,14,42,3,6,4,5,1,0,0.583333333,1,2.75,2243.25,0.757695507,1.541666667,3.25,0.5,0,0.5,0.25,1,3,2.8,0,0,1,0,0.416666667,0,0,0,1,1,1,0,0,0,0,1,0,1,0,0,1,0,0,0,0
22,3,0,8135,19.8,3,5,2,4,3,3,2,0,1,14,45,4,10,5,7,1,0,0.0,1,1.0,2711.666667,0.517868145,4.95,3.0,0.816496581,0,0.4,1.0,1,1,3.0,0,0,1,0,1.75,0,0,0,1,1,1,0,0,0,0,0,1,1,0,0,0,0,0,0,0
34,4,3,6782,10.8,2,3,4,4,2,4,16,0,0,24,75,2,9,4,7,0,0,0.6,1,2.0,3391.0,0.14604811,2.16,3.5,1.0,0,0.222222222,0.4,1,1,3.0,1,-1,0,0,1.4,0,2,0,1,1,0,1,0,1,0,0,0,1,0,1,0,0,0,1,1
18,0,0,3665,17.9,1,4,5,2,2,5,28,1,0,16,55,6,7,3,6,0,0,0.0,0,0.0,3665.0,0.012939002,17.9,3.5,1.732050808,0,0.857142857,6.0,1,4,3.235294118,0,1,1,1,6.0,0,1,0,2,0,0,1,0,0,0,0,1,1,0,0,0,0,0,0,1
30,10,0,13105,13.2,3,4,4,4,5,3,20,0,1,1,5,2,7,5,3,1,0,0.0,1,3.333333333,4368.333333,0.894316163,1.2,4.0,0.816496581,0,0.285714286,0.181818182,1,1,2.5,0,-1,1,0,0.272727273,0,0,0,3,1,0,1,0,0,0,0,0,1,0,1,0,0,0,0,0
40,3,2,9451,12.2,2,4,4,2,4,4,67,1,1,21,75,4,12,1,8,1,0,0.5,1,1.5,4725.5,0.492268041,3.05,3.5,1.0,0,0.333333333,1.0,1,3,3.409090909,1,3,1,1,2.0,1,3,0,2,1,1,0,0,1,0,0,0,1,0,0,1,0,0,1,0
49,1,1,6241,11.6,1,4,4,4,2,3,42,0,0,7,18,2,10,3,7,0,0,0.5,0,1.0,6241.0,0.414884868,5.8,3.25,0.957427108,0,0.2,1.0,2,2,2.25,0,1,1,1,3.5,0,1,0,2,1,0,0,1,0,0,0,0,0,1,0,0,1,0,1,0
48,2,1,8956,16.9,3,3,4,2,3,1,18,0,0,19,68,5,9,4,5,1,0,0.333333333,1,0.666666667,2985.333333,0.699115044,5.633333333,2.5,1.290994449,0,0.555555556,1.666666667,0,1,3.4,1,-1,0,0,1.666666667,0,1,0,1,1,0,0,0,0,1,0,0,1,0,0,0,1,0,0,0
30,0,0,4002,12.2,1,2,3,4,2,3,37,0,1,10,33,5,4,3,6,0,0,0.0,0,0.0,4002.0,0.047212978,12.2,3.0,0.816496581,0,1.25,5.0,0,1,3.0,0,-1,0,0,6.0,0,1,0,3,1,0,1,0,0,0,1,0,1,0,1,0,0,0,1,1
22,3,1,8159,14.4,3,3,4,3,3,5,55,0,0,14,43,2,2,4,7,1,0,0.25,1,1.0,2719.666667,0.594026549,3.6,3.75,0.957427108,0,1.0,0.5,1,2,2.866666667,0,-1,0,0,1.75,0,0,0,2,1,0,0,0,0,1,0,0,1,0,0,0,0,0,0,0
42,12,2,7475,8.1,4,2,3,3,2,5,15,1,1,2,5,8,8,3,8,1,0,0.153846154,1,3.0,1868.75,0.556572379,0.623076923,3.25,1.258305739,0,1.0,0.615384615,1,4,1.666666667,0,-1,0,0,0.615384615,1,1,0,1,1,1,0,0,0,0,1,0,0,1,0,1,0,0,1,0
44,14,9,10978,16.5,4,3,3,3,3,4,4,1,0,12,38,3,10,1,6,1,0,0.6,1,3.5,2744.5,0.904742097,1.1,3.25,0.5,0,0.3,0.2,1,3,2.923076923,0,2,0,1,0.4,0,1,0,2,1,0,1,0,0,0,1,0,1,0,0,1,0,0,0,0
36,2,1,4727,10.7,2,3,2,4,3,3,53,0,0,6,18,4,5,2,5,0,0,0.333333333,1,1.0,2363.5,0.108153078,3.566666667,3.0,0.816496581,0,0.8,1.333333333,0,1,2.571428571,0,1,0,1,1.666666667,0,1,0,2,1,0,1,0,0,0,1,0,1,0,0,1,0,0,0,1
46,8,2,8155,12.9,2,3,1,2,2,3,55,1,1,20,76,1,3,4,6,0,0,0.222222222,1,4.0,4077.5,0.521565003,1.433333333,2.0,0.816496581,1,0.333333333,0.111111111,1,3,3.619047619,1,-1,0,0,0.666666667,0,2,1,2,1,1,0,0,0,0,0,1,1,0,0,0,1,0,1,1
23,5,3,8213,14.5,2,3,5,4,4,5,41,1,0,16,44,4,8,3,6,0,0,0.5,1,2.5,4106.5,0.329774178,2.416666667,4.5,0.577350269,0,0.5,0.666666667,1,3,2.588235294,0,0,0,0,1.0,0,1,0,1,1,1,0,0,1,0,0,0,1,0,0,0,0,0,1,1
49,7,7,7286,16.5,2,3,3,4,4,1,36,1,1,12,39,7,3,4,5,0,0,0.875,0,3.5,3643.0,0.600328947,2.0625,3.0,1.414213562,0,2.333333333,0.875,1,4,3.0,0,-1,0,0,0.625,0,1,0,3,1,0,1,1,0,0,0,0,1,0,0,0,1,0,1,1
38,8,0,8194,10.6,4,3,2,2,4,1,0,0,1,11,37,4,6,1,4,1,0,0.0,1,2.0,2048.5,0.600663717,1.177777778,2.25,1.258305739,1,0.666666667,0.444444444,1,2,3.083333333,0,2,0,1,0.444444444,0,1,0,1,0,1,0,0,0,1,0,0,0,0,0,1,0,0,0,0
30,1,0,8408,13.9,2,4,4,4,4,4,42,0,1,28,48,4,15,4,7,0,0,0.0,1,0.5,4204.0,0.356161021,6.95,4.0,0.0,0,0.266666667,2.0,1,1,1.655172414,0,0,1,0,3.5,0,1,0,3,0,1,0,0,1,0,0,0,1,0,1,0,0,0,1,0
60,3,3,6022,16.8,1,5,3,3,5,3,33,0,0,10,37,3,2,5,5,1,1,0.75,0,3.0,6022.0,0.200708564,4.2,3.5,1.0,0,1.5,0.75,0,1,3.363636364,0,0,1,0,1.25,0,1,0,2,1,0,0,0,0,0,0,1,1,0,0,0,0,1,0,0
44,0,0,4830,15.5,1,2,3,2,4,3,39,0,0,30,109,3,6,4,2,0,0,0.0,0,0.0,4830.0,0.097345133,15.5,3.0,0.816496581,0,0.5,3.0,1,1,3.516129032,1,-2,0,0,2.0,0,2,0,2,1,0,0,0,0,1,0,0,1,0,0,1,0,0,1,1
42,3,2,5043,16.4,2,3,2,2,3,3,17,1,0,6,17,1,10,1,5,1,0,0.5,1,1.5,2521.5,0.119469027,4.1,2.5,0.577350269,0,0.1,0.25,1,3,2.428571429,0,2,0,1,1.25,0,1,0,1,1,1,0,0,0,1,0,0,1,0,0,1,0,0,1,0
45,2,0,8550,11.4,2,3,2,5,4,4,33,0,0,12,42,2,5,3,3,1,0,0.0,1,1.0,4275.0,0.470248668,3.8,3.75,1.258305739,0,0.4,0.666666667,1,1,3.230769231,0,0,0,0,1.0,0,1,0,1,1,1,0,0,0,0,0,0,0,1,0,0,1,0,1,1
35,2,1,5787,20.2,1,5,3,2,3,3,33,0,0,7,19,2,6,3,7,0,0,0.333333333,1,2.0,5787.0,0.272878536,6.733333333,2.75,0.5,0,0.333333333,0.666666667,1,1,2.375,0,2,1,1,2.333333333,0,1,0,3,1,1,0,0,0,0,1,0,1,0,0,1,0,0,1,0
45,4,4,11791,18.6,3,4,4,3,4,4,18,1,0,18,61,5,9,3,6,1,0,0.8,0,1.333333333,3930.333333,0.757241041,3.72,3.75,0.5,0,0.555555556,1.0,1,4,3.210526316,1,1,1,1,1.2,0,2,0,3,0,1,0,0,1,0,0,0,1,0,0,0,1,0,0,0
42,1,0,6891,16.1,2,4,3,3,3,4,22,1,1,14,28,4,6,3,5,0,0,0.0,1,0.5,3445.5,0.381084071,8.05,3.25,0.5,0,0.666666667,2.0,0,3,1.866666667,0,1,1,1,2.5,0,1,0,3,1,1,0,0,0,1,0,0,0,0,0,1,0,0,0,1
42,9,8,13233,14.0,3,4,3,1,4,4,37,0,0,21,89,4,7,2,8,1,0,0.8,1,3.0,4411.0,0.935921134,1.4,3.0,1.414213562,0,0.571428571,0.4,0,1,4.045454545,1,2,1,1,0.8,1,3,0,4,1,0,1,0,0,0,0,1,1,0,0,1,0,0,0,0
36,4,1,7347,13.4,2,5,3,4,2,2,33,0,1,36,120,3,7,4,6,0,0,0.2,1,2.0,3673.5,0.466814159,2.68,2.75,0.957427108,0,0.428571429,0.6,1,1,3.243243243,1,1,1,1,1.2,0,2,0,2,1,1,0,0,0,1,0,0,1,0,0,1,0,0,1,1
51,0,0,9705,12.9,2,5,3,4,5,1,32,0,0,21,75,4,13,4,7,1,1,0.0,0,0.0,4852.5,0.528227786,12.9,3.25,1.707825128,0,0.307692308,4.0,1,1,3.409090909,1,1,1,1,7.0,0,1,0,2,1,0,1,0,1,0,0,0,1,0,0,0,1,0,0,0
57,3,2,12690,14.4,3,4,1,3,3,5,64,0,0,13,47,4,12,5,4,1,1,0.5,1,1.0,4230.0,0.873445826,3.6,3.0,1.632993162,0,0.333333333,1.0,1,1,3.357142857,0,-1,1,0,1.0,0,0,0,3,1,1,0,0,0,0,0,0,1,0,0,0,0,1,0,0
38,1,1,9243,11.1,2,3,1,3,3,3,41,0,0,19,43,9,15,5,5,0,0,0.5,0,0.5,4621.5,0.56749556,5.55,2.5,1.0,0,0.6,4.5,2,3,2.15,0,-2,0,0,2.5,0,0,0,3,0,0,0,0,0,0,0,0,0,1,0,1,0,0,0,0
32,4,2,11186,19.6,3,5,1,4,2,3,36,0,0,14,46,3,13,4,7,1,0,0.4,1,1.333333333,3728.666667,0.780639432,3.92,2.5,1.290994449,0,0.230769231,0.6,2,2,3.066666667,0,1,1,1,1.4,0,0,0,2,1,0,1,0,0,0,0,0,1,0,1,0,0,0,0,0
28,10,0,15721,9.1,4,1,1,3,3,3,63,0,0,20,62,2,9,3,9,1,0,0.0,1,2.5,3930.25,0.943544428,0.827272727,2.5,1.0,0,0.222222222,0.181818182,2,2,2.952380952,1,-2,0,0,0.818181818,1,2,0,3,0,1,0,0,1,0,0,0,1,0,1,0,0,0,0,1
39,5,2,7072,17.5,3,3,4,1,4,4,58,0,0,13,49,6,13,3,1,1,0,0.333333333,1,1.666666667,2357.333333,0.418418142,2.916666667,3.25,1.5,0,0.461538462,1.0,0,0,3.5,0,0,0,0,0.166666667,0,1,0,1,1,0,1,0,0,1,0,0,1,0,0,1,0,0,0,1
27,0,0,11508,14.7,2,3,4,3,4,4,47,0,0,29,98,2,9,2,3,0,0,0.0,0,0.0,5754.0,0.731713304,14.7,3.75,0.5,0,0.222222222,2.0,2,2,3.266666667,1,1,0,1,3.0,0,1,0,3,0,0,1,0,1,0,0,0,1,0,1,0,0,0,0,0
31,2,0,6069,16.1,2,3,3,4,3,3,41,1,0,22,37,2,7,3,6,0,0,0.0,1,1.0,3034.5,0.246128319,5.366666667,3.25,0.5,0,0.285714286,0.666666667,1,3,1.608695652,0,0,0,0,2.0,0,1,0,1,1,0,1,0,0,1,0,0,1,0,1,0,0,0,1,0
45,2,2,5338,14.9,2,4,3,2,2,5,40,0,0,6,23,1,12,2,9,0,0,0.666666667,0,1.0,2669.0,0.195091514,4.966666667,3.0,1.414213562,0,0.083333333,0.333333333,1,1,3.285714286,0,2,1,1,3.0,1,2,0,2,1,0,1,0,0,0,1,0,1,0,0,0,1,0,0,1
34,10,4,5641,8.5,1,1,5,4,2,3,24,0,1,7,9,3,5,2,2,0,0,0.363636364,1,10.0,5641.0,0.051791851,0.772727273,3.5,1.290994449,0,0.6,0.272727273,1,2,1.125,0,-1,0,0,0.181818182,0,2,0,1,1,0,1,0,1,0,0,0,1,0,1,0,0,0,1,1
34,4,4,8920,15.6,3,4,3,3,4,4,46,0,0,11,35,8,3,3,7,1,0,0.8,0,1.333333333,2973.333333,0.693030973,3.12,3.5,0.577350269,0,2.666666667,1.6,1,2,2.916666667,0,1,1,1,1.4,0,1,0,1,1,1,0,0,0,1,0,0,1,0,1,0,0,0,0,0
22,1,0,6116,12.2,2,3,4,4,2,4,27,1,1,6,17,4,16,3,5,1,0,0.0,1,0.5,3058.0,0.086769759,6.1,3.5,1.0,0,0.25,2.0,2,4,2.428571429,0,0,0,0,2.5,0,1,0,1,1,0,1,0,1,0,0,0,1,0,0,0,0,0,1,1
22,0,0,6107,11.9,1,4,4,3,2,3,8,0,0,9,27,5,15,3,3,0,0,0.0,0,0.0,6107.0,0.086401571,11.9,3.0,0.816496581,0,0.333333333,5.0,2,2,2.7,0,1,1,1,3.0,0,1,0,2,1,1,0,0,1,0,0,0,1,0,0,0,0,0,0,0
32,1,1,9795,16.0,3,4,2,3,2,5,58,1,0,7,23,3,12,3,6,1,0,0.5,0,0.333333333,3265.0,0.640763766,8.0,3.0,1.414213562,0,0.25,1.5,1,3,2.875,0,1,1,1,3.0,0,0,0,2,0,1,0,0,0,0,0,0,1,0,1,0,0,0,0,0
43,1,1,8907,13.7,3,3,4,4,1,2,33,0,0,44,150,5,7,4,3,1,0,0.5,0,0.333333333,2969.0,0.422925871,6.85,2.75,1.5,0,0.714285714,2.5,0,1,3.333333333,1,-1,0,0,1.5,0,2,0,1,0,1,0,0,1,0,0,0,1,0,0,1,0,0,0,1
43,4,4,13274,13.2,5,3,3,3,5,4,33,0,0,24,93,4,9,3,6,1,0,0.8,0,0.8,2654.8,0.937769563,2.64,3.75,0.957427108,0,0.444444444,0.8,0,0,3.72,1,0,0,0,1.2,0,2,0,2,1,1,0,0,0,0,0,1,1,0,0,1,0,0,0,0
34,4,3,4598,7.5,1,2,4,3,4,3,6,1,1,8,21,3,12,5,6,0,0,0.6,1,4.0,4598.0,0.139802632,1.5,3.5,0.577350269,0,0.25,0.6,1,3,2.333333333,0,-3,0,0,1.2,0,1,0,2,1,0,1,1,0,0,0,0,1,0,1,0,0,0,1,1
34,9,8,9613,14.8,3,3,4,4,3,3,27,0,0,60,150,1,2,3,4,1,0,0.8,1,3.0,3204.333333,0.71749846,1.48,3.5,0.577350269,0,0.5,0.1,1,1,2.459016393,1,0,0,0,0.4,0,2,0,2,0,0,1,0,0,0,0,1,1,0,1,0,0,0,0,0
33,3,0,6204,12.4,2,2,2,2,3,1,33,0,1,7,26,3,12,3,4,0,0,0.0,1,1.5,3102.0,0.269358407,3.1,2.0,0.816496581,1,0.25,0.75,2,2,3.25,0,-1,0,0,1.0,0,2,0,2,1,0,0,0,0,1,0,0,1,0,1,0,0,0,1,1
24,1,0,5581,10.4,2,3,2,3,3,5,31,1,1,10,29,6,13,3,7,1,0,0.0,1,0.5,2790.5,0.235856905,5.2,3.25,1.258305739,0,0.461538462,3.0,0,2,2.636363636,0,0,0,0,3.5,0,1,0,2,1,0,0,0,0,0,1,0,1,0,0,0,0,0,0,0
26,1,0,7422,14.8,2,4,3,5,5,4,38,1,1,16,59,5,16,2,8,0,0,0.0,1,0.5,3711.0,0.308170515,7.4,4.25,0.957427108,0,0.3125,2.5,0,2,3.470588235,0,2,1,1,4.0,1,2,0,1,0,1,0,0,0,0,0,0,1,0,1,0,0,0,0,0
40,6,4,7139,16.4,1,5,1,2,2,1,41,1,0,8,26,4,16,3,6,1,0,0.571428571,1,6.0,7139.0,0.362138016,2.342857143,1.5,0.577350269,1,0.25,0.571428571,0,2,2.888888889,0,2,1,1,0.857142857,0,3,1,3,0,1,0,0,0,0,0,1,1,0,0,1,0,0,1,1
27,0,0,4968,10.9,1,2,3,3,2,4,30,0,1,9,23,4,9,4,2,1,0,0.0,0,0.0,4968.0,0.139559068,10.9,3.0,0.816496581,0,0.444444444,4.0,2,2,2.3,0,-2,0,0,2.0,0,1,0,1,0,1,0,0,0,0,1,0,1,0,1,0,0,0,1,1
35,2,2,7814,9.5,2,3,3,3,3,4,58,0,1,7,18,2,5,3,6,1,0,0.666666667,0,1.0,3907.0,0.662828947,3.166666667,3.25,0.5,0,0.4,0.666666667,0,0,2.25,0,0,0,0,2.0,0,0,0,2,0,0,1,1,0,0,0,0,1,0,0,1,0,0,0,0
45,4,0,9411,8.9,2,2,3,3,4,3,27,0,0,15,40,4,10,5,6,0,0,0.0,1,2.0,4705.5,0.488954345,1.78,3.25,0.5,0,0.4,0.8,1,1,2.5,0,-3,0,0,1.2,0,1,0,1,0,0,1,0,1,0,0,0,1,0,0,0,1,0,1,1
50,8,0,6407,8.9,2,3,4,4,5,4,41,0,0,7,24,3,9,3,7,0,1,0.0,1,4.0,3203.5,0.441611842,0.988888889,4.25,0.5,0,0.333333333,0.333333333,1,1,3.0,0,0,0,0,0.777777778,0,1,0,2,1,1,0,1,0,0,0,0,1,0,0,0,1,0,1,1
33,1,0,8188,13.9,1,4,2,5,3,4,64,0,1,11,32,3,6,3,4,0,0,0.0,1,1.0,8188.0,0.327196858,6.95,3.5,1.290994449,0,0.5,1.5,1,1,2.666666667,0,1,1,1,2.0,0,1,0,3,0,1,0,0,1,0,0,0,1,0,1,0,0,0,0,1
22,3,0,11142,18.8,3,4,3,5,2,3,32,1,0,3,8,7,8,2,5,1,0,0.0,1,1.0,3714.0,0.696612666,4.7,3.25,1.258305739,0,0.875,1.75,1,4,2.0,0,2,1,1,1.25,0,0,0,2,0,0,1,0,1,0,0,0,1,0,0,0,0,0,0,0
28,2,1,4410,11.9,1,4,5,3,3,5,33,0,1,9,30,5,4,3,2,0,0,0.333333333,1,2.0,4410.0,0.041589649,3.966666667,4.0,1.154700538,0,1.25,1.666666667,1,2,3.0,0,1,1,1,0.666666667,0,1,0,2,1,0,1,0,0,0,0,1,1,0,1,0,0,0,1,0
43,5,2,10719,15.2,3,3,3,3,3,3,20,1,1,22,64,5,2,3,6,1,0,0.333333333,1,1.666666667,3573.0,0.738898757,2.533333333,3.0,0.0,0,2.5,0.833333333,2,5,2.782608696,1,0,0,0,1.0,0,1,0,2,0,0,0,0,0,0,0,0,1,0,0,1,0,0,0,0
45,3,0,6606,16.1,1,3,2,4,4,3,18,0,0,7,24,2,4,3,3,0,0,0.0,1,3.0,6606.0,0.127761414,4.025,3.25,0.957427108,0,0.5,0.5,1,1,3.0,0,0,0,0,0.75,0,1,0,2,1,1,0,0,1,0,0,0,1,0,0,0,1,0,1,1
29,11,1,14245,11.3,4,2,3,3,2,4,28,0,0,10,26,1,5,4,2,1,0,0.083333333,1,2.75,3561.25,0.935168739,0.941666667,3.0,0.816496581,0,0.2,0.083333333,0,0,2.363636364,0,-2,0,0,0.166666667,0,0,0,3,1,0,1,0,0,0,0,0,0,0,1,0,0,0,1,1
25,7,5,10301,11.7,3,3,3,5,3,3,54,1,0,17,64,8,10,4,8,1,0,0.625,1,2.333333333,3433.666667,0.785274184,1.4625,3.5,1.0,0,0.8,1.0,1,4,3.555555556,1,-1,0,0,1.0,1,3,0,3,0,1,0,0,0,0,0,1,1,0,1,0,0,0,0,0
29,1,0,7268,15.9,2,5,5,4,4,3,33,0,0,7,19,2,7,4,2,0,0,0.0,1,0.5,3634.0,0.384627234,7.95,4.0,0.816496581,0,0.285714286,1.0,1,1,2.375,0,1,1,1,1.0,0,1,0,2,1,1,0,0,0,0,0,1,1,0,1,0,0,0,0,1
23,0,0,4949,12.9,2,3,3,5,3,3,22,0,0,19,52,6,3,4,3,0,0,0.0,0,0.0,2474.5,0.185032895,12.9,3.5,1.0,0,2.0,6.0,1,2,2.6,0,-1,0,0,3.0,0,1,0,2,0,0,1,1,0,0,0,0,0,1,0,0,0,0,1,0
60,9,2,8967,24.0,4,4,4,3,5,4,34,1,1,1,5,3,2,4,2,1,1,0.2,1,2.25,2241.75,0.802631579,2.4,4.0,0.816496581,0,1.5,0.3,2,5,2.5,0,0,1,0,0.2,0,0,0,2,1,1,0,1,0,0,0,0,0,1,0,0,0,1,0,0
40,8,1,10373,12.8,3,3,3,4,4,3,9,0,1,12,36,4,7,3,2,1,0,0.111111111,1,2.666666667,3457.666667,0.834623894,1.422222222,3.5,0.577350269,0,0.571428571,0.444444444,1,2,2.769230769,0,0,0,0,0.222222222,0,0,0,3,0,0,1,0,0,1,0,0,1,0,0,1,0,0,0,0
28,2,1,5665,17.4,1,3,3,4,3,3,76,0,0,5,11,3,2,4,4,0,0,0.333333333,1,2.0,5665.0,0.053019146,5.8,3.25,0.5,0,1.5,1.0,0,1,1.833333333,0,-1,0,0,1.333333333,0,1,0,1,1,0,1,0,1,0,0,0,1,0,1,0,0,0,0,1
21,0,0,4861,14.6,1,3,4,4,2,2,77,0,0,6,19,3,15,4,2,0,0,0.0,0,0.0,4861.0,0.017673049,14.6,3.0,1.154700538,0,0.2,3.0,0,0,2.714285714,0,-1,0,0,2.0,0,1,0,2,1,0,1,0,1,0,0,0,0,0,0,0,0,0,0,1
37,3,2,5810,21.7,1,4,3,3,4,3,21,0,0,13,39,4,7,4,5,0,0,0.5,1,3.0,5810.0,0.063082965,5.425,3.25,0.5,0,0.571428571,1.0,1,2,2.785714286,0,0,1,0,1.25,0,1,0,2,0,1,0,0,1,0,0,0,1,0,0,1,0,0,0,0
55,4,4,10009,13.4,3,2,3,4,4,4,23,0,1,8,21,4,10,5,3,1,1,0.8,0,1.333333333,3336.333333,0.75323475,2.68,3.75,0.5,0,0.4,0.8,0,0,2.333333333,0,-3,0,0,0.6,0,1,0,3,1,0,1,0,0,0,0,1,0,0,0,0,0,1,0,1
44,7,0,10096,19.3,4,5,3,1,3,4,30,0,0,1,5,3,9,3,6,1,0,0.0,1,1.75,2524.0,0.851497504,2.4125,2.75,1.258305739,0,0.333333333,0.375,1,1,2.5,0,2,1,1,0.75,0,0,0,2,1,1,0,0,0,0,1,0,0,0,0,1,0,0,0,0
30,8,1,8918,14.8,2,3,2,3,2,4,30,1,0,19,59,4,13,5,5,0,0,0.111111111,1,4.0,4459.0,0.528863233,1.644444444,2.75,0.957427108,0,0.307692308,0.444444444,1,3,2.95,0,-2,0,0,0.555555556,0,0,0,2,0,0,1,0,0,0,0,0,1,0,1,0,0,0,1,1
20,1,0,7321,11.4,2,4,2,3,5,2,23,1,1,6,13,6,15,1,8,0,0,0.0,1,0.5,3660.5,0.394485521,5.7,3.0,1.414213562,0,0.4,3.0,0,2,1.857142857,0,3,1,1,4.0,1,2,0,3,0,0,1,0,0,0,0,1,1,0,0,0,0,0,1,1
25,7,7,12364,19.6,3,4,3,5,4,1,23,1,1,4,15,4,8,4,6,1,0,0.875,0,2.333333333,4121.333333,0.798969072,2.45,3.25,1.707825128,0,0.5,0.5,1,3,3.0,0,0,1,0,0.75,0,1,0,2,1,0,1,0,1,0,0,0,0,0,1,0,0,0,0,0
35,4,2,14026,11.7,4,3,1,3,3,3,22,1,0,26,66,5,3,5,9,1,0,0.4,1,1.0,3506.5,0.926731794,2.34,2.5,1.0,0,1.666666667,1.0,1,4,2.444444444,1,-2,0,0,1.8,1,2,0,3,1,1,0,0,0,0,0,0,1,0,0,1,0,0,0,0
40,22,9,18398,13.2,5,5,5,3,4,3,43,0,0,8,21,1,8,5,7,1,0,0.391304348,1,4.4,3679.6,0.983799705,0.573913043,3.75,0.957427108,0,0.125,0.043478261,0,0,2.333333333,0,0,1,0,0.304347826,0,1,0,2,0,1,0,0,1,0,0,0,1,0,0,1,0,0,0,0
34,9,1,8496,14.4,2,3,4,3,3,4,6,0,0,16,43,4,9,4,5,0,0,0.1,1,4.5,4248.0,0.642699115,1.44,3.5,0.577350269,0,0.444444444,0.4,1,1,2.529411765,0,-1,0,0,0.5,0,0,0,2,0,1,0,0,0,1,0,0,1,0,1,0,0,0,1,1
20,2,0,7050,15.6,1,4,2,3,4,3,47,0,1,3,8,3,12,2,2,0,0,0.0,1,2.0,7050.0,0.25821492,5.2,3.0,0.816496581,0,0.25,1.0,1,1,2.0,0,2,1,1,0.666666667,0,1,0,2,0,1,0,0,0,0,0,0,1,0,0,0,0,0,1,1
35,12,2,14194,11.1,4,3,5,3,4,3,41,0,1,40,129,5,13,3,5,1,0,0.153846154,1,3.0,3548.5,0.96025878,0.853846154,3.75,0.957427108,0,0.384615385,0.384615385,1,1,3.146341463,1,0,0,0,0.384615385,0,1,0,3,0,0,1,0,0,0,0,1,1,0,0,1,0,0,0,0
32,0,0,9093,21.2,2,4,5,2,3,2,63,0,0,15,42,1,11,4,4,0,0,0.0,0,0.0,4546.5,0.451890034,21.2,3.0,1.414213562,0,0.090909091,1.0,1,1,2.625,0,0,1,0,4.0,0,1,0,3,1,1,0,0,1,0,0,0,1,0,1,0,0,0,0,0
38,2,0,7899,8.8,2,3,4,4,4,3,74,0,1,9,16,7,4,2,6,0,0,0.0,1,1.0,3949.5,0.283873343,2.933333333,3.75,0.5,0,1.75,2.333333333,1,2,1.6,0,1,0,1,2.0,0,1,0,2,1,1,0,0,1,0,0,0,0,0,0,1,0,0,0,0
28,10,2,10313,12.0,3,2,2,3,3,3,47,0,0,17,39,3,8,3,6,1,0,0.181818182,1,3.333333333,3437.666667,0.600883652,1.090909091,2.75,0.5,0,0.375,0.272727273,2,2,2.166666667,0,-1,0,0,0.545454545,0,0,0,1,0,1,0,0,1,0,0,0,1,0,1,0,0,0,1,1
54,7,1,6869,13.9,2,3,4,3,4,3,25,0,1,8,26,1,13,4,4,1,1,0.125,1,3.5,3434.5,0.229129663,1.7375,3.5,0.577350269,0,0.076923077,0.125,1,1,2.888888889,0,-1,0,0,0.5,0,1,0,1,1,1,0,0,0,0,0,0,1,0,0,0,1,0,1,1
34,10,6,17359,16.3,5,3,2,5,2,2,36,1,1,19,82,3,6,3,11,1,0,0.545454545,1,2.0,3471.8,0.985790409,1.481818182,2.75,1.5,0,0.5,0.272727273,1,3,4.1,1,0,0,0,1.0,1,3,0,3,0,1,0,0,0,0,0,0,1,0,1,0,0,0,0,0
43,1,1,4988,13.8,2,3,1,3,4,2,4,1,1,16,60,2,4,1,7,0,0,0.5,0,0.5,2494.0,0.083949476,6.9,2.5,1.290994449,0,0.5,1.0,1,3,3.529411765,0,2,0,1,3.5,0,1,0,1,1,1,0,0,0,0,0,1,1,0,0,1,0,0,0,1
36,4,4,7910,16.7,2,4,4,3,3,5,43,1,0,17,51,5,6,5,7,0,0,0.8,0,2.0,3955.0,0.62437604,3.34,3.75,0.957427108,0,0.833333333,1.0,0,3,2.833333333,0,-1,1,0,1.4,0,1,0,2,0,1,0,0,0,0,1,0,1,0,0,1,0,0,1,1
20,1,1,4881,16.2,1,3,4,4,4,3,46,0,0,6,21,5,2,5,7,0,0,0.5,0,1.0,4881.0,0.034191829,8.1,3.75,0.5,0,2.5,2.5,2,3,3.0,0,-2,0,0,3.5,0,1,0,3,1,0,0,0,0,0,0,0,1,0,0,0,0,0,0,1
45,7,6,10940,13.5,5,3,3,2,4,1,43,0,0,8,22,2,8,1,8,1,0,0.75,1,1.4,2188.0,0.876659292,1.6875,2.5,1.290994449,0,0.25,0.25,0,0,2.444444444,0,2,0,1,1.0,1,2,0,2,0,1,0,0,0,1,0,0,1,0,0,0,1,0,0,0
33,5,0,8975,20.0,3,4,3,1,3,1,68,0,0,18,66,5,10,3,1,1,0,0.0,1,1.666666667,2991.666667,0.702433628,3.333333333,2.0,1.154700538,1,0.5,0.833333333,0,0,3.473684211,1,1,1,1,0.166666667,0,2,0,3,1,1,0,0,0,1,0,0,0,0,1,0,0,0,0,0
27,4,4,5496,22.7,1,3,3,4,5,5,45,0,0,1,5,5,12,3,7,0,0,0.8,0,4.0,5496.0,0.13801602,4.54,4.25,0.957427108,0,0.416666667,1.0,1,1,2.5,0,0,0,0,1.4,0,2,0,2,0,1,0,0,0,0,0,1,0,0,1,0,0,0,1,1
49,2,2,8751,17.4,4,2,5,2,3,5,13,0,1,22,69,1,10,1,4,1,0,0.666666667,0,0.5,2187.75,0.733777038,5.8,3.75,1.5,0,0.1,0.333333333,0,0,3.0,1,1,0,1,1.333333333,0,1,0,2,0,1,0,0,0,0,1,0,1,0,0,0,1,0,1,1
40,1,1,9326,13.4,3,3,1,3,4,2,30,0,1,1,5,6,10,3,5,1,0,0.5,0,0.333333333,3108.666667,0.577486679,6.7,2.5,1.290994449,0,0.6,3.0,1,2,2.5,0,0,0,0,2.5,0,0,0,2,0,1,0,0,0,0,0,0,1,0,0,1,0,0,0,0
25,1,1,5682,18.2,1,3,2,3,5,3,62,0,1,14,35,2,14,5,4,0,0,0.5,0,1.0,5682.0,0.199115044,9.1,3.25,1.258305739,0,0.142857143,1.0,1,1,2.333333333,0,-2,0,0,2.0,0,1,0,1,1,1,0,0,0,1,0,0,1,0,1,0,0,0,1,0
50,7,6,8910,15.0,3,3,2,3,3,4,39,0,0,17,59,7,13,2,2,1,1,0.75,1,2.333333333,2970.0,0.752703827,1.875,3.0,0.816496581,0,0.538461538,0.875,1,2,3.277777778,0,1,0,1,0.25,0,1,0,2,0,1,0,0,0,0,1,0,0,0,0,0,1,0,0,0
36,2,0,8362,11.3,2,4,3,3,4,4,5,0,0,13,26,3,7,3,2,1,0,0.0,1,1.0,4181.0,0.626106195,3.766666667,3.5,0.577350269,0,0.428571429,1.0,1,1,1.857142857,0,1,1,1,0.666666667,0,0,0,3,1,1,0,0,0,1,0,0,1,0,0,1,0,0,0,0
27,2,0,3980,9.6,1,2,3,4,2,4,49,1,1,23,75,6,18,2,5,0,0,0.0,1,2.0,3980.0,0.079769737,3.2,3.25,0.957427108,0,0.333333333,2.0,1,3,3.125,1,0,0,0,1.666666667,0,2,0,2,1,0,0,1,0,0,0,0,1,0,1,0,0,0,1,1
40,7,4,6251,16.3,3,3,3,3,3,4,32,1,1,10,35,5,8,2,3,1,0,0.5,1,2.333333333,2083.666667,0.229667283,2.0375,3.25,0.5,0,0.625,0.625,1,4,3.181818182,0,1,0,1,0.375,0,2,0,1,1,0,1,0,0,0,0,1,1,0,0,1,0,0,0,1
32,5,0,13452,18.4,3,5,3,4,3,4,7,1,1,28,93,1,9,4,3,1,0,0.0,1,1.666666667,4484.0,0.863279332,3.066666667,3.5,0.577350269,0,0.111111111,0.166666667,2,4,3.206896552,1,1,1,1,0.5,0,1,0,3,1,1,0,0,1,0,0,0,1,0,1,0,0,0,0,0
18,0,0,9461,16.3,3,4,2,4,2,3,19,0,0,7,17,6,5,5,6,1,0,0.0,0,0.0,3153.666667,0.596358792,16.3,2.75,0.957427108,0,1.2,6.0,1,2,2.125,0,-1,1,0,6.0,0,0,0,2,0,0,1,0,0,0,0,0,1,0,0,0,0,0,0,0
34,11,10,7655,14.3,2,2,3,1,1,3,33,0,1,18,71,5,6,3,3,0,0,0.833333333,1,5.5,3827.5,0.450400493,1.191666667,2.0,1.154700538,1,0.833333333,0.416666667,1,2,3.736842105,1,-1,0,0,0.25,0,4,0,2,1,1,0,0,0,0,0,1,1,0,1,0,0,0,1,1
23,1,1,8071,22.1,2,3,3,1,2,3,69,1,1,22,102,3,11,2,9,0,0,0.5,0,0.5,4035.5,0.584347345,11.05,2.25,0.957427108,1,0.272727273,1.5,1,3,4.434782609,1,1,0,1,4.5,1,3,1,4,1,1,0,0,0,1,0,0,1,0,0,0,0,0,0,0
43,3,3,8453,10.1,2,3,2,3,4,4,34,1,0,6,22,5,12,4,4,1,0,0.75,0,1.5,4226.5,0.362542955,2.525,3.25,0.957427108,0,0.416666667,1.25,0,2,3.142857143,0,-1,0,0,1.0,0,1,0,1,1,1,0,0,1,0,0,0,1,0,0,1,0,0,1,0
31,4,4,10241,18.2,2,4,3,2,3,3,25,1,0,15,37,3,11,3,10,0,0,0.8,0,2.0,5120.5,0.592292587,3.64,2.75,0.5,0,0.272727273,0.6,2,4,2.3125,0,1,1,1,2.0,1,2,0,3,1,0,0,0,1,0,0,0,1,0,1,0,0,0,1,1
56,6,5,6563,14.1,2,3,3,3,4,4,59,0,0,13,37,2,9,5,4,0,1,0.714285714,1,3.0,3281.5,0.193605684,2.014285714,3.5,0.577350269,0,0.222222222,0.285714286,0,0,2.642857143,0,-2,0,0,0.571428571,0,2,0,2,1,1,0,0,0,0,0,0,1,0,0,0,0,1,1,1
29,6,6,6498,14.2,2,4,4,1,3,3,27,0,0,19,27,2,5,3,1,0,0,0.857142857,0,3.0,3249.0,0.454769737,2.028571429,2.75,1.258305739,0,0.4,0.285714286,1,1,1.35,0,1,1,1,0.142857143,0,1,0,2,1,1,0,1,0,0,0,0,0,0,1,0,0,0,1,1
38,3,0,7517,14.1,2,5,2,3,2,4,24,0,1,3,10,2,7,5,4,1,0,0.0,1,1.5,3758.5,0.237113402,3.525,2.75,0.957427108,0,0.285714286,0.5,1,1,2.5,0,0,1,0,1.0,0,1,0,2,0,0,1,0,1,0,0,0,1,0,0,1,0,0,1,1
31,5,1,4786,11.6,2,4,4,2,2,5,42,0,1,5,19,3,10,3,4,0,0,0.166666667,1,2.5,2393.0,0.163651316,1.933333333,3.25,1.5,0,0.3,0.5,1,1,3.166666667,0,1,1,1,0.666666667,0,1,0,1,1,0,1,1,0,0,0,0,1,0,1,0,0,0,1,1
29,11,4,13588,16.6,4,4,3,3,3,4,42,0,0,19,60,3,11,3,5,1,0,0.333333333,1,2.75,3397.0,0.867697595,1.383333333,3.25,0.5,0,0.272727273,0.25,2,2,3.0,0,1,1,1,0.416666667,0,1,0,2,1,0,1,0,1,0,0,0,0,1,1,0,0,0,0,0
38,1,1,11522,15.4,4,3,4,4,5,5,0,1,0,5,14,5,8,2,9,1,0,0.5,0,0.25,2880.5,0.733431517,7.7,4.5,0.577350269,0,0.625,2.5,1,4,2.333333333,0,1,0,1,4.5,1,1,0,2,1,1,0,0,1,0,0,0,0,1,0,1,0,0,0,0
32,2,1,9199,12.6,2,3,3,3,4,3,9,0,0,17,56,3,7,2,6,0,0,0.333333333,1,1.0,4599.5,0.665896488,4.2,3.25,0.5,0,0.428571429,1.0,1,1,3.111111111,0,1,0,1,2.0,0,0,0,3,1,1,0,0,0,0,0,1,1,0,1,0,0,0,0,0
34,9,2,10310,15.9,3,3,5,5,4,4,26,0,1,11,52,4,4,5,2,1,0,0.2,1,3.0,3436.666667,0.865848586,1.59,4.5,0.577350269,0,1.0,0.4,1,2,4.333333333,0,-2,0,0,0.2,0,0,0,2,0,1,0,0,0,0,1,0,0,0,1,0,0,0,0,0
25,0,0,6739,12.7,1,3,1,3,2,4,11,0,0,3,6,5,9,3,4,0,0,0.0,0,0.0,6739.0,0.140648012,12.7,2.5,1.290994449,0,0.555555556,5.0,1,2,1.5,0,0,0,0,4.0,0,1,0,2,1,1,0,0,1,0,0,0,1,0,1,0,0,0,1,1
38,4,0,5347,18.1,2,3,3,2,3,2,22,0,0,5,16,6,8,1,5,0,0,0.0,1,2.0,2673.5,0.153207965,3.62,2.5,0.577350269,0,0.75,1.2,1,2,2.666666667,0,2,0,1,1.0,0,1,0,1,0,0,1,0,0,1,0,0,1,0,0,1,0,0,1,1
43,3,3,7029,17.2,2,3,4,3,3,4,47,1,1,9,21,5,6,4,4,1,0,0.75,0,1.5,3514.5,0.255106572,4.3,3.5,0.577350269,0,0.833333333,1.25,1,4,2.1,0,-1,0,0,1.0,0,1,0,2,0,1,0,0,0,0,0,0,1,0,0,1,0,0,1,0
35,8,0,8475,16.9,4,3,4,4,4,3,31,0,0,4,16,7,13,3,7,1,0,0.0,1,2.0,2118.75,0.459591474,1.877777778,3.75,0.5,0,0.538461538,0.777777778,1,2,3.2,0,0,0,0,0.777777778,0,1,0,1,1,1,0,0,0,0,0,0,0,0,0,1,0,0,0,0
36,1,0,8088,15.5,2,4,4,4,3,4,20,0,0,11,33,2,18,3,2,0,0,0.0,1,0.5,4044.0,0.646422629,7.75,3.75,0.5,0,0.111111111,1.0,2,2,2.75,0,1,1,1,1.0,0,0,0,3,0,1,0,0,0,0,1,0,1,0,0,1,0,0,0,0
45,10,6,10659,18.0,4,4,3,4,3,3,31,1,0,14,42,3,7,3,7,1,0,0.545454545,1,2.5,2664.75,0.853429204,1.636363636,3.25,0.5,0,0.428571429,0.272727273,2,4,2.8,0,1,1,1,0.636363636,0,1,0,2,0,1,0,0,0,1,0,0,1,0,0,0,1,0,0,0
30,2,0,11961,17.1,3,5,4,3,5,4,38,0,1,3,7,4,7,3,3,1,0,0.0,1,0.666666667,3987.0,0.926438053,5.7,4.0,0.816496581,0,0.571428571,1.333333333,0,1,1.75,0,2,1,1,1.0,0,0,0,3,1,1,0,0,0,1,0,0,1,0,1,0,0,0,0,0
48,0,0,5262,19.1,1,4,3,4,3,4,29,0,1,6,13,8,9,2,4,1,0,0.0,0,0.0,5262.0,0.230674342,19.1,3.5,0.577350269,0,0.888888889,8.0,1,2,1.857142857,0,2,1,1,4.0,0,1,0,2,1,1,0,1,0,0,0,0,1,0,0,0,1,0,0,1
47,5,1,5812,22.6,2,3,3,3,3,2,49,1,0,9,34,5,9,3,11,0,0,0.166666667,1,2.5,2906.0,0.173136168,3.766666667,2.75,0.5,0,0.555555556,0.833333333,2,5,3.4,0,0,0,0,1.833333333,1,2,0,1,0,0,1,0,0,0,0,1,1,0,0,0,1,0,1,1
44,2,2,4567,10.5,1,2,4,4,3,4,3,0,1,12,32,4,10,2,1,1,0,0.666666667,0,2.0,4567.0,0.076050885,3.5,3.75,0.5,0,0.4,1.333333333,1,1,2.461538462,0,0,0,0,0.333333333,0,1,0,2,1,1,0,0,0,1,0,0,1,0,0,1,0,0,1,1
27,1,1,7905,18.5,3,3,4,3,2,4,27,0,0,9,27,1,4,2,7,1,0,0.5,0,0.333333333,2635.0,0.622920133,9.25,3.25,0.957427108,0,0.25,0.5,2,2,2.7,0,1,0,1,3.5,0,0,0,2,1,1,0,0,0,0,1,0,1,0,1,0,0,0,0,0
35,4,3,7716,14.4,3,3,3,3,3,3,62,1,0,11,32,2,11,3,6,1,0,0.6,1,1.333333333,2572.0,0.652960526,2.88,3.0,0.0,0,0.181818182,0.4,1,3,2.666666667,0,0,0,0,1.2,0,0,0,2,1,0,1,1,0,0,0,0,1,0,0,1,0,0,0,0
30,2,0,11053,21.8,3,4,4,2,2,3,57,1,1,11,35,4,8,3,9,1,0,0.0,1,0.666666667,3684.333333,0.685321551,7.266666667,2.75,0.957427108,0,0.5,1.333333333,1,3,2.916666667,0,1,1,1,3.0,1,1,0,2,1,1,0,0,1,0,0,0,1,0,1,0,0,0,0,0
43,6,3,8694,19.4,3,4,5,2,2,3,28,0,0,16,44,1,7,2,0,1,0,0.428571429,1,2.0,2898.0,0.394452626,2.771428571,3.0,1.414213562,0,0.142857143,0.142857143,2,2,2.588235294,0,2,1,1,0.0,0,1,0,1,1,0,1,0,1,0,0,0,0,0,0,1,0,0,0,0
49,1,1,6369,17.5,1,5,4,5,4,4,40,1,0,4,18,1,13,3,8,0,0,0.5,0,1.0,6369.0,0.24676525,8.75,4.25,0.5,0,0.076923077,0.5,1,3,3.6,0,2,1,1,4.0,1,2,0,2,1,1,0,0,0,0,0,1,1,0,0,0,1,0,0,1
41,2,2,5743,12.2,2,3,2,4,3,5,39,0,0,4,10,5,14,5,4,0,0,0.666666667,0,1.0,2871.5,0.096580817,4.066666667,3.5,1.290994449,0,0.357142857,1.666666667,1,1,2.0,0,-2,0,0,1.333333333,0,1,0,1,1,1,0,0,0,0,0,0,1,0,0,1,0,0,0,0
39,1,1,7939,10.3,2,2,4,5,3,3,50,0,1,31,61,4,6,3,2,0,0,0.5,0,0.5,3969.5,0.627703827,5.15,3.75,0.957427108,0,0.666666667,2.0,1,2,1.90625,1,-1,0,0,1.0,0,1,0,4,0,0,1,0,0,0,1,0,0,0,0,1,0,0,0,0
29,0,0,3758,13.7,1,4,4,2,3,3,56,0,0,17,27,2,3,3,5,0,0,0.0,0,0.0,3758.0,0.002220249,13.7,3.0,0.816496581,0,0.666666667,2.0,1,2,1.5,0,1,1,1,5.0,0,1,0,1,0,0,0,0,0,0,0,0,1,0,1,0,0,0,1,0
26,1,0,7630,12.6,2,4,4,4,4,4,18,1,1,27,101,6,11,5,7,0,0,0.0,1,0.5,3815.0,0.334813499,6.3,4.0,0.0,0,0.545454545,3.0,0,3,3.607142857,1,-1,1,0,3.5,0,2,0,1,1,1,0,0,0,0,0,0,1,0,1,0,0,0,1,0
47,5,4,7009,14.0,1,5,3,3,3,2,55,1,0,13,49,2,13,4,6,0,0,0.666666667,1,5.0,7009.0,0.250888099,2.333333333,2.75,0.5,0,0.153846154,0.333333333,2,4,3.5,0,1,1,1,1.0,0,1,0,3,0,1,0,0,0,0,0,0,1,0,0,0,1,0,1,1
38,0,0,4459,11.0,1,3,3,3,4,2,47,0,1,27,86,5,4,3,5,1,0,0.0,0,0.0,4459.0,0.010309278,11.0,3.0,0.816496581,0,1.25,5.0,0,1,3.071428571,1,0,0,0,5.0,0,2,0,1,1,1,0,0,1,0,0,0,1,0,0,1,0,0,1,0
36,0,0,8535,17.2,2,4,5,3,4,2,30,0,1,13,44,3,12,4,1,1,0,0.0,0,0.0,4267.5,0.374447717,17.2,3.5,1.290994449,0,0.25,3.0,1,1,3.142857143,0,0,1,0,1.0,0,1,0,2,1,0,1,0,1,0,0,0,1,0,0,1,0,0,1,0
37,5,5,8033,11.8,2,3,3,3,4,2,15,0,0,5,16,4,7,3,2,0,0,0.833333333,0,2.5,4016.5,0.505853358,1.966666667,3.0,0.816496581,0,0.571428571,0.666666667,0,1,2.666666667,0,0,0,0,0.333333333,0,1,0,2,0,0,1,0,0,0,0,1,1,0,0,1,0,0,1,1
36,4,4,8241,16.3,3,4,1,3,4,5,49,0,0,14,54,1,10,3,5,1,0,0.8,0,1.333333333,2747.0,0.538971041,3.26,3.25,1.707825128,0,0.1,0.2,0,0,3.6,0,1,1,1,1.0,0,1,0,2,1,0,1,0,0,0,0,1,1,0,0,1,0,0,0,0
35,2,1,9646,17.7,2,5,5,3,3,4,17,0,0,4,6,4,6,4,3,0,0,0.333333333,1,1.0,4823.0,0.776548673,5.9,3.75,0.957427108,0,0.666666667,1.333333333,2,3,1.2,0,1,1,1,1.0,0,0,0,3,1,1,0,0,0,1,0,0,1,0,0,1,0,0,0,0
28,0,0,4326,19.4,1,4,4,5,4,3,19,1,0,5,15,6,7,2,5,0,0,0.0,0,0.0,4326.0,0.012433393,19.4,4.0,0.816496581,0,0.857142857,6.0,0,3,2.5,0,2,1,1,5.0,0,1,0,2,0,1,0,0,0,0,0,0,1,0,1,0,0,0,1,0
44,5,0,9785,16.6,3,3,3,3,5,3,27,0,1,2,6,3,6,3,3,1,0,0.0,1,1.666666667,3261.666667,0.829034942,2.766666667,3.5,1.0,0,0.5,0.5,1,1,2.0,0,0,0,0,0.5,0,0,0,3,1,0,1,0,0,0,1,0,1,0,0,1,0,0,0,0
41,4,4,8633,7.9,3,1,5,3,3,4,0,0,1,35,92,4,8,4,9,1,0,0.8,0,1.333333333,2877.666667,0.593345656,1.58,3.75,0.957427108,0,0.5,0.8,1,1,2.555555556,1,-3,0,0,1.8,1,3,0,2,1,0,0,0,0,0,0,1,1,0,0,1,0,0,0,1
20,2,1,7152,15.9,2,3,2,3,3,4,21,0,1,25,71,4,7,3,7,0,0,0.333333333,1,1.0,3576.0,0.19047619,5.3,3.0,0.816496581,0,0.571428571,1.333333333,1,2,2.730769231,1,0,0,0,2.333333333,0,2,0,1,1,0,1,0,1,0,0,0,1,0,0,0,0,0,0,0
31,1,0,6824,20.6,1,5,4,5,4,2,41,0,1,10,37,4,5,2,8,0,0,0.0,1,1.0,6824.0,0.367809735,10.3,3.75,1.258305739,0,0.8,2.0,0,1,3.363636364,0,3,1,1,4.0,1,2,0,3,0,0,1,0,0,1,0,0,1,0,1,0,0,0,0,1
37,4,4,12651,12.6,3,4,4,4,3,4,34,1,1,29,109,5,3,3,9,1,0,0.8,0,1.333333333,4217.0,0.920363524,2.52,3.75,0.5,0,1.666666667,1.0,0,3,3.633333333,1,1,1,1,1.8,1,3,0,3,1,0,1,0,0,0,0,1,1,0,0,1,0,0,0,0
49,2,1,6641,18.8,1,4,4,5,5,4,42,0,0,23,77,3,10,4,1,1,0,0.333333333,1,2.0,6641.0,0.334070796,6.266666667,4.5,0.577350269,0,0.3,1.0,1,1,3.208333333,1,0,1,0,0.333333333,0,2,0,3,1,0,1,0,0,1,0,0,1,0,0,0,1,0,0,1
31,5,4,5205,12.1,2,2,3,4,3,3,48,0,1,24,72,6,16,3,6,0,0,0.666666667,1,2.5,2602.5,0.175124792,2.016666667,3.25,0.5,0,0.375,1.0,1,1,2.88,1,-1,0,0,1.0,0,3,0,1,1,0,1,0,0,0,1,0,0,0,1,0,0,0,1,1
33,15,15,7842,3.7,4,2,2,4,5,1,40,1,0,24,79,6,14,2,8,1,0,0.9375,0,3.75,1960.5,0.664473684,0.23125,3.0,1.825741858,0,0.428571429,0.375,1,3,3.16,1,0,0,0,0.5,1,3,0,1,1,1,0,1,0,0,0,0,1,0,1,0,0,0,0,0
48,6,1,6529,14.9,3,3,2,5,4,3,38,0,0,6,14,5,15,5,5,1,0,0.142857143,1,2.0,2176.333333,0.272335182,2.128571429,3.5,1.290994449,0,0.333333333,0.714285714,2,2,2.0,0,-2,0,0,0.714285714,0,1,0,1,1,0,1,0,0,0,0,1,0,0,0,0,1,0,0,1
47,13,9,11201,10.6,4,3,3,2,2,3,54,0,1,34,118,4,12,4,6,1,0,0.642857143,1,3.25,2800.25,0.891039823,0.757142857,2.5,0.577350269,0,0.333333333,0.285714286,0,0,3.371428571,1,-1,0,0,0.428571429,0,2,0,2,1,0,0,0,0,1,0,0,1,0,0,0,1,0,0,0
34,9,2,10121,18.6,2,4,3,4,3,3,63,0,0,11,33,3,10,4,7,1,0,0.2,1,4.5,5060.5,0.577319588,1.86,3.25,0.5,0,0.3,0.3,1,1,2.75,0,0,1,0,0.7,0,0,0,2,0,0,0,0,1,0,0,0,1,0,1,0,0,0,1,1
25,7,6,7412,12.8,3,3,2,4,1,3,23,0,0,19,74,3,7,2,3,1,0,0.75,1,2.333333333,2470.666667,0.618421053,1.6,2.5,1.290994449,0,0.428571429,0.375,0,0,3.7,1,1,0,1,0.375,0,2,0,1,0,0,1,1,0,0,0,0,1,0,1,0,0,0,0,0
40,3,2,6538,17.8,2,4,1,4,4,3,25,1,1,24,79,3,5,4,5,0,0,0.5,1,1.5,3269.0,0.315818584,4.45,3.0,1.414213562,0,0.6,0.75,1,4,3.16,1,0,1,0,1.25,0,2,0,3,1,0,1,0,0,1,0,0,1,0,0,1,0,0,0,0
26,8,8,7062,15.7,2,3,5,3,3,2,0,0,1,18,65,2,6,5,4,0,0,0.888888889,0,4.0,3531.0,0.417035398,1.744444444,3.25,1.258305739,0,0.333333333,0.222222222,1,1,3.421052632,1,-2,0,0,0.444444444,0,3,0,2,0,0,0,0,0,1,0,0,1,0,1,0,0,0,1,1
39,1,1,6338,12.2,3,3,5,4,1,3,26,1,0,12,51,8,2,2,6,1,0,0.5,0,0.333333333,2112.666667,0.358153078,6.1,3.25,1.707825128,0,4.0,4.0,1,4,3.923076923,0,1,0,1,3.0,0,1,0,1,1,0,1,0,0,0,1,0,1,0,0,1,0,0,1,0
48,1,0,6512,17.7,2,3,3,2,3,3,56,0,1,7,28,1,6,3,6,0,0,0.0,1,0.5,3256.0,0.116715758,8.85,2.75,0.5,0,0.166666667,0.5,1,1,3.5,0,0,0,0,3.0,0,1,0,1,1,0,1,0,1,0,0,0,1,0,0,0,1,0,1,0
49,9,4,13978,19.0,3,4,4,2,3,3,34,0,1,20,51,5,8,3,4,1,0,0.4,1,3.0,4659.333333,0.884879725,1.9,3.0,0.816496581,0,0.625,0.5,1,2,2.428571429,0,1,1,1,0.4,0,1,0,3,0,0,1,0,1,0,0,0,1,0,0,0,1,0,0,0
48,13,9,10472,11.8,3,3,3,3,4,4,47,0,1,7,20,4,17,4,6,1,0,0.642857143,1,4.333333333,3490.666667,0.718028419,0.842857143,3.5,0.577350269,0,0.235294118,0.285714286,1,1,2.5,0,-1,0,0,0.428571429,0,1,0,2,1,1,0,0,0,0,0,0,1,0,0,0,1,0,0,0
54,3,0,8406,20.0,2,5,2,3,4,5,20,1,0,14,32,1,12,5,6,0,1,0.0,1,1.5,4203.0,0.565619224,5.0,3.5,1.290994449,0,0.083333333,0.25,1,3,2.133333333,0,0,1,0,1.5,0,0,0,2,1,0,0,0,0,0,0,1,1,0,0,0,1,0,0,0
31,3,0,4080,14.1,1,4,3,5,4,3,71,0,1,30,78,3,6,3,9,0,0,0.0,1,3.0,4080.0,0.053660566,3.525,3.75,0.957427108,0,0.5,0.75,0,0,2.516129032,1,1,1,1,2.25,1,3,0,2,0,1,0,0,0,0,1,0,0,1,1,0,0,0,0,0
45,2,2,7376,17.0,1,3,4,4,3,4,7,0,1,20,59,4,9,4,3,1,0,0.666666667,0,2.0,7376.0,0.537437604,5.666666667,3.75,0.5,0,0.444444444,1.333333333,0,0,2.80952381,0,-1,0,0,1.0,0,0,0,3,0,1,0,0,0,0,1,0,1,0,0,0,1,0,0,0
43,1,0,6304,15.9,1,3,4,4,3,2,53,0,0,14,34,6,2,3,4,0,0,0.0,1,1.0,6304.0,0.282632743,7.95,3.25,0.957427108,0,3.0,3.0,1,2,2.266666667,0,0,0,0,2.0,0,1,0,3,1,1,0,0,0,1,0,0,1,0,0,1,0,0,1,1
43,10,6,15594,12.2,3,5,5,4,4,2,45,0,1,13,56,1,12,3,3,1,0,0.545454545,1,3.333333333,5198.0,0.94059892,1.109090909,3.75,1.258305739,0,0.083333333,0.090909091,0,0,4.0,0,2,1,1,0.272727273,0,0,0,3,0,0,1,0,1,0,0,0,0,1,0,1,0,0,0,0
34,16,13,15106,11.2,4,3,3,3,2,4,83,0,0,34,121,4,3,3,7,1,0,0.764705882,1,4.0,3776.5,0.927344134,0.658823529,3.0,0.816496581,0,1.333333333,0.235294118,1,2,3.457142857,1,0,0,0,0.411764706,0,2,0,2,0,1,0,0,1,0,0,0,0,0,1,0,0,0,0,0
37,0,0,4821,12.7,1,2,3,3,4,2,23,0,1,2,7,2,9,2,5,1,0,0.0,0,0.0,4821.0,0.066697474,12.7,3.0,0.816496581,0,0.222222222,2.0,0,0,2.333333333,0,0,0,0,5.0,0,1,0,1,0,0,1,0,0,0,0,1,1,0,0,1,0,0,1,1
32,2,0,6563,12.2,3,3,4,1,4,3,30,0,0,14,44,1,7,3,2,1,0,0.0,1,0.666666667,2187.666667,0.46875,4.066666667,3.0,1.414213562,0,0.142857143,0.333333333,0,0,2.933333333,0,0,0,0,0.666666667,0,1,0,2,1,1,0,1,0,0,0,0,1,0,1,0,0,0,1,1
46,13,2,9400,13.0,3,3,1,3,4,2,49,1,1,17,32,4,6,1,5,1,0,0.142857143,1,4.333333333,3133.333333,0.486622484,0.928571429,2.5,1.290994449,0,0.666666667,0.285714286,1,4,1.777777778,0,2,0,1,0.357142857,0,1,0,2,1,1,0,0,1,0,0,0,0,0,0,0,1,0,0,0
25,7,5,8542,16.9,3,4,2,2,3,3,25,0,0,36,124,1,10,5,5,1,0,0.625,1,2.333333333,2847.333333,0.763157895,2.1125,2.5,0.577350269,0,0.1,0.125,1,1,3.351351351,1,-1,1,0,0.625,0,1,0,2,1,0,1,1,0,0,0,0,0,1,1,0,0,0,0,0
31,12,0,10815,15.7,4,3,3,5,4,4,39,0,1,8,35,5,4,2,4,1,0,0.0,1,3.0,2703.75,0.894342762,1.207692308,4.0,0.816496581,0,1.25,0.384615385,1,2,3.888888889,0,1,0,1,0.307692308,0,0,0,2,1,0,1,0,0,0,1,0,1,0,1,0,0,0,0,0
18,0,0,3958,15.1,1,2,4,4,3,3,28,0,1,25,52,6,6,3,4,0,0,0.0,0,0.0,3958.0,0.043677205,15.1,3.5,0.577350269,0,1.0,6.0,2,3,2.0,0,-1,0,0,4.0,0,1,0,2,1,0,1,0,0,0,1,0,1,0,0,0,0,0,1,1
60,1,1,4864,18.5,1,3,3,2,4,3,12,1,0,12,46,1,3,5,4,0,1,0.5,0,1.0,4864.0,0.031749556,9.25,3.0,0.816496581,0,0.333333333,0.5,0,2,3.538461538,0,-2,0,0,2.0,0,1,0,2,0,1,0,0,0,0,0,0,0,1,0,0,0,1,0,1
31,8,7,13161,13.0,3,4,4,3,4,3,16,0,0,34,114,7,11,4,7,1,0,0.777777778,1,2.666666667,4387.0,0.847324497,1.444444444,3.5,0.577350269,0,0.636363636,0.777777778,0,1,3.257142857,1,0,1,0,0.777777778,0,2,0,3,1,1,0,0,1,0,0,0,0,0,1,0,0,0,0,0
31,7,4,13065,13.6,3,4,4,1,3,4,26,0,1,28,90,5,5,2,0,1,0,0.5,1,2.333333333,4355.0,0.842660776,1.7,3.0,1.414213562,0,1.0,0.625,1,2,3.103448276,1,2,1,1,0.0,0,2,0,2,1,1,0,0,1,0,0,0,1,0,1,0,0,0,0,0
37,2,0,8544,13.3,3,3,3,1,2,4,40,1,1,8,27,5,4,2,5,1,0,0.0,1,0.666666667,2848.0,0.764391447,4.433333333,2.5,1.290994449,0,1.25,1.666666667,0,3,3.0,0,1,0,1,1.666666667,0,0,0,2,1,0,1,1,0,0,0,0,1,0,0,1,0,0,0,0
29,3,0,7626,16.9,1,3,4,3,4,4,35,1,1,22,79,5,5,1,4,0,0,0.0,1,3.0,7626.0,0.248772705,4.225,3.75,0.5,0,1.0,1.25,0,3,3.434782609,1,2,0,1,1.0,0,2,0,2,1,1,0,0,1,0,0,0,1,0,1,0,0,0,1,0
37,1,1,6693,17.2,2,4,2,3,3,2,9,0,1,6,19,6,9,3,6,0,0,0.5,0,0.5,3346.5,0.417013311,8.6,2.5,0.577350269,0,0.666666667,3.0,0,1,2.714285714,0,1,1,1,3.0,0,1,0,1,1,1,0,0,0,0,1,0,1,0,0,1,0,0,1,0
51,6,0,8061,14.9,2,3,2,2,2,5,20,0,0,2,6,7,13,4,2,0,1,0.0,1,3.0,4030.5,0.508780037,2.128571429,2.75,1.5,0,0.538461538,1.0,1,2,2.0,0,-1,0,0,0.285714286,0,0,0,2,1,0,1,0,0,0,0,1,0,0,0,0,1,0,1,1
28,1,0,8289,18.9,2,3,2,5,3,4,40,1,0,17,51,1,18,1,10,0,0,0.0,1,0.5,4144.5,0.678452579,9.45,3.5,1.290994449,0,0.055555556,0.5,2,4,2.833333333,0,2,0,1,5.0,1,1,0,2,0,1,0,0,0,0,1,0,1,0,1,0,0,0,0,0
40,5,2,9670,11.9,2,2,3,5,3,3,56,0,0,8,12,2,6,3,2,1,0,0.333333333,1,2.5,4835.0,0.622113677,1.983333333,3.5,1.0,0,0.333333333,0.333333333,2,2,1.333333333,0,-1,0,0,0.333333333,0,0,0,3,1,0,1,0,0,0,0,0,1,0,0,1,0,0,1,1
41,2,0,6261,27.2,2,3,3,3,5,5,36,0,1,5,20,2,5,5,4,0,0,0.0,1,1.0,3130.5,0.343801997,9.066666667,4.0,1.154700538,0,0.4,0.666666667,0,0,3.333333333,0,-2,0,0,1.333333333,0,1,0,2,1,0,1,0,0,0,1,0,1,0,0,1,0,0,0,1
31,1,1,8029,11.3,2,3,5,2,5,5,13,1,1,6,20,6,12,3,9,1,0,0.5,0,0.5,4014.5,0.505545287,5.65,4.25,1.5,0,0.5,3.0,2,4,2.857142857,0,0,0,0,4.5,1,1,0,3,0,0,1,0,0,0,0,1,1,0,1,0,0,0,0,0
35,2,0,9025,15.3,2,4,4,4,4,3,46,0,0,15,66,6,6,2,3,1,0,0.0,1,1.0,4512.5,0.54240675,5.1,3.75,0.5,0,1.0,2.0,1,2,4.125,1,2,1,1,1.0,0,1,0,2,1,1,0,0,0,0,0,0,1,0,0,1,0,0,0,0
55,3,3,5336,14.8,2,4,3,3,3,3,46,1,1,8,19,1,4,4,9,0,1,0.75,0,1.5,2668.0,0.243009868,3.7,3.0,0.0,0,0.25,0.25,2,4,2.111111111,0,0,1,0,2.25,1,2,0,1,0,0,1,1,0,0,0,0,1,0,0,0,0,1,1,0
41,7,2,6603,12.2,2,4,3,3,4,3,37,0,1,2,6,5,8,4,4,1,0,0.25,1,3.5,3301.5,0.327986726,1.525,3.25,0.5,0,0.625,0.625,1,2,2.0,0,0,1,0,0.5,0,1,0,2,0,1,0,0,0,1,0,0,1,0,0,1,0,0,1,1
35,4,2,8745,13.2,2,4,2,4,4,5,40,0,0,15,50,3,5,3,5,0,0,0.4,1,2.0,4372.5,0.732529118,2.64,3.75,1.258305739,0,0.6,0.6,1,2,3.125,0,1,1,1,1.0,0,0,0,3,0,1,0,0,0,0,1,0,0,0,0,1,0,0,1,1
31,11,10,14712,12.1,4,4,4,2,1,5,53,1,0,41,150,1,10,3,9,1,0,0.833333333,1,2.75,3678.0,0.988938053,1.008333333,3.0,1.825741858,0,0.1,0.083333333,2,4,3.571428571,1,1,1,1,0.75,1,2,0,4,0,0,0,0,0,1,0,0,1,0,1,0,0,0,0,0
33,1,0,9510,16.7,2,4,3,2,4,3,36,0,1,19,46,2,3,2,8,0,0,0.0,1,0.5,4755.0,0.704251386,8.35,3.0,0.816496581,0,0.666666667,1.0,1,2,2.3,0,2,1,1,4.0,1,1,0,4,1,0,1,0,0,0,0,1,1,0,1,0,0,0,0,0
37,0,0,8090,18.7,1,5,3,3,4,5,23,1,1,14,53,1,8,3,9,0,0,0.0,0,0.0,8090.0,0.403863233,18.7,3.75,0.957427108,0,0.125,1.0,1,3,3.533333333,0,2,1,1,9.0,1,2,0,3,0,0,1,0,0,0,0,0,1,0,0,1,0,0,1,1
22,0,0,10126,14.0,2,5,3,3,2,3,18,0,0,13,42,3,8,3,8,0,0,0.0,0,0.0,5063.0,0.578792342,14.0,2.75,0.5,0,0.375,3.0,1,1,3.0,0,2,1,1,8.0,1,1,0,2,0,1,0,0,1,0,0,0,0,1,0,0,0,0,0,0
32,1,1,5314,10.6,2,2,2,4,3,3,56,0,0,3,9,8,7,1,3,1,0,0.5,0,0.5,2657.0,0.240953947,5.3,3.0,0.816496581,0,1.142857143,4.0,1,2,2.25,0,1,0,1,1.5,0,1,0,2,0,0,1,1,0,0,0,0,1,0,1,0,0,0,1,1
44,1,0,6675,14.5,1,4,3,4,4,3,28,1,1,11,27,4,11,3,10,1,0,0.0,1,1.0,6675.0,0.340154867,7.25,3.5,0.577350269,0,0.363636364,2.0,1,3,2.25,0,1,1,1,5.0,1,2,0,2,1,1,0,0,0,1,0,0,1,0,0,1,0,0,1,1
29,2,1,5326,11.9,1,4,3,3,2,2,47,0,0,8,29,5,10,3,5,0,0,0.333333333,1,2.0,5326.0,0.118299445,3.966666667,2.5,0.577350269,0,0.5,1.666666667,1,1,3.222222222,0,1,1,1,1.666666667,0,1,0,2,0,1,0,0,0,0,0,1,1,0,1,0,0,0,1,1
38,0,0,4593,8.7,1,1,2,3,2,2,43,0,0,4,13,2,9,4,5,0,0,0.0,0,0.0,4593.0,0.092762063,8.7,2.25,0.5,1,0.222222222,2.0,1,1,2.6,0,-3,0,0,5.0,0,2,0,2,0,1,0,0,0,0,1,0,1,0,0,1,0,0,1,1
37,4,1,10539,13.6,3,2,2,2,2,3,54,0,0,14,49,5,6,1,7,1,0,0.2,1,1.333333333,3513.0,0.630093274,2.72,2.25,0.5,1,0.833333333,1.0,1,2,3.266666667,0,1,0,1,1.4,0,1,0,2,1,0,1,0,1,0,0,0,1,0,0,1,0,0,0,0
43,11,0,10341,13.3,4,2,4,3,3,3,32,0,1,7,29,3,7,3,3,1,0,0.0,1,2.75,2585.25,0.787430684,1.108333333,3.25,0.5,0,0.428571429,0.25,1,1,3.625,0,-1,0,0,0.25,0,0,0,1,0,0,1,0,0,0,0,1,0,0,0,1,0,0,1,0
40,2,0,8351,10.9,2,3,2,2,3,3,24,1,1,10,27,4,9,1,8,0,0,0.0,1,1.0,4175.5,0.348060874,3.633333333,2.5,0.577350269,0,0.444444444,1.333333333,2,4,2.454545455,0,2,0,1,2.666666667,1,2,0,1,1,1,0,0,1,0,0,0,1,0,0,1,0,0,0,1
34,15,1,12085,17.0,4,3,4,4,1,5,55,0,0,3,7,2,10,3,1,1,0,0.0625,1,3.75,3021.25,0.896487985,1.0625,3.5,1.732050808,0,0.2,0.125,1,1,1.75,0,0,0,0,0.0625,0,0,0,2,0,1,0,0,0,0,0,1,0,1,1,0,0,0,0,0
26,0,0,8671,16.1,2,2,3,2,2,5,56,1,1,12,32,1,11,1,8,0,0,0.0,0,0.0,4335.5,0.391384389,16.1,3.0,1.414213562,0,0.090909091,1.0,1,3,2.461538462,0,1,0,1,8.0,1,2,0,3,1,0,0,0,1,0,0,0,1,0,1,0,0,0,1,1
48,7,6,8066,15.3,2,5,1,2,2,4,59,0,1,3,9,3,5,4,3,0,0,0.75,1,3.5,4033.0,0.509242144,1.9125,2.25,1.258305739,1,0.6,0.375,0,1,2.25,0,1,1,1,0.375,0,1,0,1,1,0,1,0,0,0,0,1,0,0,0,0,1,0,0,1
35,4,1,10153,18.1,2,4,2,4,4,1,60,1,1,49,132,2,12,4,5,0,0,0.2,1,2.0,5076.5,0.685168739,3.62,2.75,1.5,0,0.166666667,0.4,1,3,2.64,1,0,1,0,1.0,0,1,0,4,0,0,1,0,0,0,0,0,1,0,0,1,0,0,1,1
46,2,0,7789,16.0,2,5,3,3,3,3,16,0,0,6,16,3,8,4,2,0,0,0.0,1,1.0,3894.5,0.267795778,5.333333333,3.0,0.0,0,0.375,1.0,1,1,2.285714286,0,1,1,1,0.666666667,0,1,0,1,1,0,0,0,1,0,0,0,1,0,0,0,1,0,0,1
28,6,0,6783,10.5,2,2,4,3,3,1,45,1,0,13,53,3,12,5,5,0,0,0.0,1,3.0,3391.5,0.146293569,1.5,2.75,1.258305739,0,0.25,0.428571429,0,2,3.785714286,0,-3,0,0,0.714285714,0,1,0,1,0,0,0,0,1,0,0,0,0,1,1,0,0,0,1,1
24,0,0,6634,14.5,3,1,3,3,4,3,51,0,1,12,32,6,5,3,4,1,0,0.0,0,0.0,2211.333333,0.40515807,14.5,3.25,0.5,0,1.2,6.0,0,1,2.461538462,0,-2,0,0,4.0,0,1,0,2,1,1,0,0,0,0,1,0,0,1,0,0,0,0,1,1
39,1,0,6475,15.1,3,4,4,3,3,1,40,1,0,12,36,4,13,3,5,1,0,0.0,1,0.333333333,2158.333333,0.380615641,7.55,2.75,1.258305739,0,0.307692308,2.0,2,4,2.769230769,0,1,1,1,2.5,0,1,0,1,0,0,1,0,0,0,1,0,0,0,0,1,0,0,0,1
30,9,2,7547,16.0,3,3,3,4,3,3,46,0,0,21,57,2,10,3,0,1,0,0.2,1,3.0,2515.666667,0.506913717,1.6,3.25,0.5,0,0.2,0.2,2,2,2.590909091,0,0,0,0,0.0,0,0,0,1,0,1,0,0,0,1,0,0,0,1,1,0,0,0,0,0
37,1,1,6923,12.9,3,3,4,2,3,4,46,0,0,21,56,8,12,2,6,1,0,0.5,0,0.333333333,2307.666667,0.462562396,6.45,3.25,0.957427108,0,0.666666667,4.0,0,1,2.545454545,0,1,0,1,3.0,0,1,0,1,0,0,0,0,0,0,1,0,1,0,0,1,0,0,1,0
37,2,1,9659,16.3,2,4,2,5,3,3,40,1,0,11,38,5,7,4,7,0,0,0.333333333,1,1.0,4829.5,0.816763727,5.433333333,3.25,1.258305739,0,0.714285714,1.666666667,1,4,3.166666667,0,0,1,0,2.333333333,0,0,0,3,1,1,0,0,0,0,1,0,1,0,0,1,0,0,0,0
26,8,3,9085,10.5,3,1,5,4,4,4,0,0,0,23,74,4,3,1,6,1,0,0.333333333,1,2.666666667,3028.333333,0.768718802,1.166666667,4.25,0.5,0,1.333333333,0.444444444,1,2,3.083333333,1,0,0,0,0.666666667,0,1,0,3,1,1,0,0,0,0,1,0,0,0,1,0,0,0,1,1
25,2,2,4566,11.9,2,4,4,3,3,3,27,0,1,32,109,3,2,3,5,1,0,0.666666667,0,1.0,2283.0,0.137335526,3.966666667,3.25,0.5,0,1.5,1.0,1,2,3.303030303,1,1,1,1,1.666666667,0,2,0,2,1,0,1,1,0,0,0,0,1,0,1,0,0,0,1,0
43,4,1,9338,15.3,3,5,4,2,4,3,41,0,1,9,37,1,6,5,1,1,0,0.2,1,1.333333333,3112.666667,0.682840419,3.06,3.25,0.957427108,0,0.166666667,0.2,0,0,3.7,0,0,1,0,0.2,0,0,0,2,0,1,0,0,0,0,0,1,0,0,0,1,0,0,0,0
33,12,6,8332,17.4,2,3,4,3,3,4,64,0,0,19,81,2,11,2,6,0,0,0.461538462,1,6.0,4166.0,0.554528651,1.338461538,3.5,0.577350269,0,0.181818182,0.153846154,2,2,4.05,1,1,0,1,0.461538462,0,2,0,2,0,1,0,0,0,0,0,1,1,0,1,0,0,0,1,1
38,6,3,6959,20.5,3,4,3,4,3,4,24,0,0,11,43,4,10,3,6,1,0,0.428571429,1,2.0,2319.666667,0.466930116,2.928571429,3.5,0.577350269,0,0.4,0.571428571,1,1,3.583333333,0,1,1,1,0.857142857,0,1,0,1,0,1,0,0,0,0,1,0,1,0,0,1,0,0,0,0
27,6,6,10471,11.3,3,3,4,3,2,4,46,0,0,35,91,4,7,3,13,1,0,0.857142857,0,2.0,3490.333333,0.798829328,1.614285714,3.25,0.957427108,0,0.571428571,0.571428571,2,3,2.527777778,1,0,0,0,1.857142857,1,3,0,3,1,1,0,0,0,0,0,1,1,0,1,0,0,0,0,0
27,9,0,13217,15.7,4,2,2,3,2,3,45,0,0,9,29,4,5,3,8,1,0,0.0,1,2.25,3304.25,0.850147275,1.57,2.5,0.577350269,0,0.8,0.4,1,2,2.9,0,-1,0,0,0.8,1,1,0,2,1,0,1,0,1,0,0,0,1,0,1,0,0,0,0,0
42,4,1,8880,15.4,4,3,4,3,3,5,55,0,0,21,57,5,5,4,3,1,0,0.2,1,1.0,2220.0,0.521092362,3.08,3.75,0.957427108,0,1.0,1.0,0,1,2.590909091,0,-1,0,0,0.6,0,0,0,1,1,0,1,0,0,0,0,0,0,1,0,1,0,0,0,0
43,4,0,8220,14.4,2,3,5,5,4,2,58,0,0,5,18,2,13,3,5,0,0,0.0,1,2.0,4110.0,0.33161512,2.88,4.0,1.414213562,0,0.153846154,0.4,0,0,3.0,0,0,0,0,1.0,0,1,0,2,1,0,1,0,1,0,0,0,1,0,0,1,0,0,1,1
18,0,0,7132,14.4,2,3,4,1,2,2,0,1,1,11,45,5,9,2,5,1,0,0.0,0,0.0,3566.0,0.186303387,14.4,2.25,1.258305739,1,0.555555556,5.0,1,4,3.75,0,1,0,1,5.0,0,2,1,2,1,1,0,0,1,0,0,0,1,0,0,0,0,0,1,1
29,2,2,4473,17.8,2,3,2,2,3,5,56,1,0,4,14,3,8,4,9,0,0,0.666666667,0,1.0,2236.5,0.085690516,5.933333333,3.0,1.414213562,0,0.375,1.0,0,2,2.8,0,-1,0,0,3.0,1,2,0,1,0,1,0,0,0,0,1,0,1,0,1,0,0,0,0,0
21,0,0,6520,13.9,2,3,2,2,2,2,30,0,0,8,24,2,3,5,3,0,0,0.0,0,0.0,3260.0,0.458881579,13.9,2.0,0.0,1,0.666666667,2.0,0,1,2.666666667,0,-2,0,0,3.0,0,2,0,3,0,1,0,1,0,0,0,0,1,0,0,0,0,0,0,1
32,11,4,11205,16.5,4,3,5,3,5,4,45,0,0,3,8,6,11,4,4,1,0,0.333333333,1,2.75,2801.25,0.782415631,1.375,4.25,0.957427108,0,0.545454545,0.5,0,1,2.0,0,-1,0,0,0.333333333,0,1,0,1,1,0,1,0,0,0,0,0,0,0,1,0,0,0,0,0
30,2,1,7885,13.0,2,2,4,4,2,3,42,0,0,13,44,6,7,3,7,1,0,0.333333333,1,1.0,3942.5,0.617096506,4.333333333,3.25,0.957427108,0,0.857142857,2.0,2,3,3.142857143,0,-1,0,0,2.333333333,0,0,0,2,0,1,0,0,0,0,1,0,1,0,1,0,0,0,1,0
40,2,0,7287,14.9,2,3,2,3,4,5,42,0,0,6,21,3,12,3,6,0,0,0.0,1,1.0,3643.5,0.38909427,4.966666667,3.5,1.290994449,0,0.25,1.0,1,1,3.0,0,0,0,0,2.0,0,1,0,3,0,0,1,0,0,0,0,1,1,0,0,1,0,0,1,1
23,5,0,8231,17.4,3,3,4,3,5,3,24,0,1,13,38,6,4,3,5,1,0,0.0,1,1.666666667,2743.666667,0.724506579,2.9,3.75,0.957427108,0,1.5,1.0,1,2,2.714285714,0,0,0,0,0.833333333,0,0,0,3,1,0,1,1,0,0,0,0,1,0,0,0,0,0,0,0
39,2,1,5855,13.9,2,3,3,3,4,3,42,0,1,12,32,5,9,3,9,0,0,0.333333333,1,1.0,2927.5,0.179143561,4.633333333,3.25,0.5,0,0.555555556,1.666666667,2,3,2.461538462,0,0,0,0,3.0,1,2,0,1,1,0,1,0,0,0,0,1,1,0,0,1,0,0,1,1
32,4,1,8154,8.9,2,1,3,2,4,3,46,1,1,16,38,5,8,3,8,0,0,0.2,1,2.0,4077.0,0.716282895,1.78,3.0,0.816496581,0,0.625,1.0,0,3,2.235294118,0,-2,0,0,1.6,1,1,0,4,0,0,1,1,0,0,0,0,1,0,1,0,0,0,1,1
24,3,0,5204,14.4,1,4,1,2,4,3,29,0,0,19,72,3,5,3,6,0,0,0.0,1,3.0,5204.0,0.058170515,3.6,2.5,1.290994449,0,0.6,0.75,1,2,3.6,1,1,1,1,1.5,0,2,0,1,1,0,0,0,0,0,0,0,0,0,0,0,0,0,0,1
38,6,1,13518,12.3,3,4,3,4,5,1,6,0,0,3,9,7,8,2,10,1,0,0.142857143,1,2.0,4506.0,0.86622484,1.757142857,3.25,1.707825128,0,0.875,1.0,1,2,2.25,0,2,1,1,1.428571429,1,1,0,3,0,0,1,0,1,0,0,0,0,0,0,1,0,0,0,0
37,8,2,6890,11.3,3,3,1,3,2,3,41,1,0,20,52,6,8,3,3,1,0,0.222222222,1,2.666666667,2296.666667,0.380530973,1.255555556,2.25,0.957427108,1,0.75,0.666666667,0,3,2.476190476,0,0,0,0,0.333333333,0,2,1,1,1,0,1,0,0,1,0,0,1,0,0,1,0,0,1,1
35,1,1,8113,15.9,2,3,2,2,4,1,61,0,0,15,46,6,6,4,5,0,0,0.5,0,0.5,4056.5,0.314923908,7.95,2.25,1.258305739,1,1.0,3.0,1,2,2.875,0,-1,0,0,2.5,0,2,0,3,0,0,1,0,1,0,0,0,1,0,0,1,0,0,0,0
53,18,1,12684,17.3,4,3,3,3,4,2,35,0,0,12,48,7,10,4,1,1,1,0.052631579,1,4.5,3171.0,0.950774336,0.910526316,3.0,0.816496581,0,0.7,0.368421053,2,3,3.692307692,0,-1,0,0,0.052631579,0,0,0,3,0,0,1,0,0,1,0,0,1,0,0,0,1,0,0,0
19,1,1,6770,11.8,2,1,3,3,4,3,33,0,0,4,15,3,2,4,3,0,0,0.5,0,0.5,3385.0,0.300985829,5.9,3.25,0.5,0,1.5,1.5,1,2,3.0,0,-3,0,0,1.5,0,1,0,2,1,0,1,0,0,0,0,1,1,0,0,0,0,0,1,1
33,7,6,10812,13.2,4,4,1,3,2,1,52,0,0,11,39,3,8,5,5,1,0,0.75,1,1.75,2703.0,0.827479975,1.65,1.75,0.957427108,1,0.375,0.375,1,1,3.25,0,-1,1,0,0.625,0,2,0,2,1,0,1,0,0,0,0,1,1,0,1,0,0,0,0,0
30,5,2,9720,13.7,2,3,2,1,4,2,53,0,1,3,8,1,11,5,3,0,0,0.333333333,1,2.5,4860.0,0.630994671,2.283333333,2.25,1.258305739,1,0.090909091,0.166666667,0,0,2.0,0,-2,0,0,0.5,0,1,0,3,0,0,1,0,0,0,0,0,1,0,1,0,0,0,1,1
31,2,2,6104,15.2,2,3,5,3,4,5,34,0,1,31,119,7,16,3,8,0,0,0.666666667,0,1.0,3052.0,0.324043261,5.066666667,4.25,0.957427108,0,0.4375,2.333333333,1,1,3.71875,1,0,0,0,2.666666667,1,3,0,3,1,0,1,0,0,0,1,0,1,0,1,0,0,0,0,0
30,4,3,8328,8.8,2,2,3,1,3,5,41,1,0,39,91,3,11,5,8,1,0,0.6,1,2.0,4164.0,0.683860233,1.76,3.0,1.632993162,0,0.272727273,0.6,1,3,2.275,1,-3,0,0,1.6,1,2,0,4,0,0,1,0,0,0,1,0,1,0,1,0,0,0,1,1
30,2,2,9830,17.0,4,3,4,4,4,5,5,0,1,12,21,6,8,3,3,1,0,0.666666667,0,0.5,2457.5,0.735058534,5.666666667,4.25,0.5,0,0.75,2.0,1,2,1.615384615,0,0,0,0,1.0,0,0,0,1,0,0,1,0,0,0,0,1,1,0,1,0,0,0,0,0
39,11,10,9507,9.5,2,3,2,1,3,5,14,1,0,25,67,5,6,3,10,0,0,0.833333333,1,5.5,4753.5,0.844572368,0.791666667,2.75,1.707825128,0,0.833333333,0.416666667,2,5,2.576923077,1,0,0,0,0.833333333,1,3,0,3,0,1,0,1,0,0,0,0,1,0,0,1,0,0,1,1
44,4,3,5603,18.6,1,4,4,2,1,4,25,0,0,23,79,8,8,2,4,0,0,0.6,1,4.0,5603.0,0.050073638,3.72,2.75,1.5,0,1.0,1.6,1,2,3.291666667,1,2,1,1,0.8,0,2,0,1,0,1,0,0,1,0,0,0,0,0,0,1,0,0,1,1
29,2,2,5670,12.2,1,2,5,4,4,2,45,1,1,19,42,3,4,2,6,0,0,0.666666667,0,2.0,5670.0,0.053264605,4.066666667,3.75,1.258305739,0,0.75,1.0,0,3,2.1,0,0,0,0,2.0,0,1,0,3,0,1,0,0,1,0,0,0,1,0,1,0,0,0,1,1
35,2,1,9897,18.4,3,4,3,5,3,3,4,1,1,9,24,10,8,1,9,1,0,0.333333333,1,0.666666667,3299.0,0.742144177,6.133333333,3.5,1.0,0,1.25,3.333333333,1,4,2.4,0,3,1,1,3.0,1,1,0,3,1,0,0,0,0,0,0,1,1,0,0,1,0,0,0,0
40,7,4,12457,16.1,2,3,3,5,2,3,48,0,0,7,27,8,13,4,7,1,0,0.5,1,3.5,6228.5,0.805841924,2.0125,3.25,1.258305739,0,0.615384615,1.0,1,2,3.375,0,-1,0,0,0.875,0,1,0,3,0,1,0,0,1,0,0,0,1,0,0,1,0,0,1,1
26,7,1,12642,13.9,4,4,3,1,3,3,22,0,0,4,12,5,9,1,5,1,0,0.125,1,1.75,3160.5,0.869893428,1.7375,2.5,1.0,0,0.555555556,0.625,1,2,2.4,0,3,1,1,0.625,0,0,0,2,0,1,0,0,0,0,0,0,1,0,1,0,0,0,0,0
35,5,5,8920,14.3,3,3,3,3,3,4,7,0,0,23,59,10,12,3,3,1,0,0.833333333,0,1.666666667,2973.333333,0.753327787,2.383333333,3.25,0.5,0,0.833333333,1.666666667,1,2,2.458333333,0,0,0,0,0.5,0,1,0,2,0,0,1,0,0,0,1,0,1,0,0,1,0,0,0,0
33,3,3,6894,13.5,1,5,3,5,4,2,32,0,0,5,14,8,6,3,4,0,0,0.75,0,3.0,6894.0,0.316081331,3.375,3.5,1.290994449,0,1.333333333,2.0,1,2,2.333333333,0,2,1,1,1.0,0,1,0,2,0,0,1,0,0,0,0,1,1,0,1,0,0,0,0,1
43,7,4,12448,8.8,4,2,2,2,4,3,34,1,0,8,26,4,3,3,7,1,0,0.5,1,1.75,3112.0,0.911891559,1.1,2.75,0.957427108,0,1.333333333,0.5,1,4,2.888888889,0,-1,0,0,0.875,0,1,0,3,0,0,0,0,0,0,0,1,1,0,0,1,0,0,1,0
43,3,2,9872,14.9,4,3,2,4,5,4,27,0,0,7,14,7,9,4,6,1,0,0.5,1,0.75,2468.0,0.738139248,3.725,3.75,1.258305739,0,0.777777778,1.75,1,2,1.75,0,-1,0,0,1.5,0,0,0,2,0,1,0,0,0,0,0,1,1,0,0,1,0,0,0,0
32,0,0,6863,17.2,3,3,5,2,3,5,55,1,1,4,6,5,2,3,4,1,0,0.0,0,0.0,2287.666667,0.448419301,17.2,3.75,1.5,0,2.5,5.0,2,5,1.2,0,0,0,0,4.0,0,1,0,1,0,1,0,0,0,0,1,0,1,0,1,0,0,0,1,1
48,9,0,8821,12.1,3,3,1,1,5,2,57,0,0,4,15,8,4,4,4,1,0,0.0,1,3.0,2940.333333,0.412739323,1.21,2.25,1.892969449,1,2.0,0.8,0,1,3.0,0,-1,0,0,0.4,0,2,0,1,1,0,1,0,1,0,0,0,1,0,0,0,1,0,0,1
18,0,0,5195,10.3,2,1,4,3,3,4,35,1,0,23,126,4,13,3,5,0,0,0.0,0,0.0,2597.5,0.173460899,10.3,3.5,0.577350269,0,0.307692308,4.0,1,3,5.25,1,-2,0,0,5.0,0,2,0,2,1,1,0,0,0,0,1,0,1,0,0,0,0,0,1,1
34,2,2,4234,11.3,1,2,4,3,2,1,34,0,0,15,38,4,3,3,5,1,0,0.666666667,0,2.0,4234.0,0.031731362,3.766666667,2.5,1.290994449,0,1.333333333,1.333333333,1,2,2.375,0,-1,0,0,1.666666667,0,1,0,2,1,0,0,0,0,0,0,1,1,0,1,0,0,0,1,1
60,2,0,3883,11.9,2,2,2,5,4,3,58,0,1,16,59,3,12,4,6,0,1,0.0,1,1.0,1941.5,0.019100431,3.966666667,3.5,1.290994449,0,0.25,1.0,0,0,3.470588235,0,-2,0,0,2.0,0,1,0,1,1,0,1,0,0,0,0,1,1,0,0,0,0,1,1,1
35,4,4,5419,19.6,2,4,4,4,5,3,46,0,0,18,54,2,4,4,4,1,0,0.8,0,2.0,2709.5,0.207570715,3.92,4.0,0.816496581,0,0.5,0.4,1,1,2.842105263,0,0,1,0,0.8,0,2,0,2,1,0,0,0,0,0,1,0,1,0,0,1,0,0,1,1
32,4,4,8134,13.6,2,3,2,1,4,3,21,0,0,20,60,4,8,3,6,0,0,0.8,0,2.0,4067.0,0.40874778,2.72,2.5,1.290994449,0,0.5,0.8,0,0,2.857142857,0,0,0,0,1.2,0,2,0,2,0,1,0,0,0,0,0,0,1,0,1,0,0,0,1,1
38,1,0,4283,14.8,1,4,4,2,2,3,27,1,0,9,30,2,6,4,9,0,0,0.0,1,1.0,4283.0,0.06530782,7.4,2.75,0.957427108,0,0.333333333,1.0,1,3,3.0,0,0,1,0,4.5,1,2,0,1,1,0,1,0,0,0,1,0,0,0,0,1,0,0,1,1
45,3,1,10943,14.2,3,4,2,4,1,3,36,0,0,6,17,6,8,3,5,1,0,0.25,1,1.0,3647.666667,0.836414048,3.55,2.5,1.290994449,0,0.75,1.5,0,1,2.428571429,0,1,1,1,1.25,0,0,0,2,1,1,0,0,0,0,0,1,1,0,0,0,1,0,0,0
36,1,0,5708,21.4,1,5,4,3,1,3,4,1,0,37,107,3,2,3,10,1,0,0.0,1,1.0,5708.0,0.200774336,10.7,2.75,1.258305739,0,1.5,1.5,0,3,2.815789474,1,2,1,1,5.0,1,3,0,2,1,0,1,0,0,1,0,0,1,0,0,1,0,0,0,1
39,2,2,6055,18.7,3,3,3,4,3,3,9,1,0,8,16,4,11,4,14,1,0,0.666666667,0,0.666666667,2018.333333,0.378289474,6.233333333,3.25,0.5,0,0.363636364,1.333333333,0,2,1.777777778,0,-1,0,0,4.666666667,1,2,0,1,0,0,1,1,0,0,0,0,1,0,0,1,0,0,0,0
43,0,0,6889,13.2,2,3,3,3,3,4,35,0,0,6,14,8,6,3,5,0,0,0.0,0,0.0,3444.5,0.159548355,13.2,3.25,0.5,0,1.333333333,8.0,1,2,2.0,0,0,0,0,5.0,0,1,0,1,0,0,1,0,1,0,0,0,0,0,0,1,0,0,1,0
35,2,2,7050,15.0,1,3,2,4,3,3,43,0,0,1,5,5,3,2,5,1,0,0.666666667,0,2.0,7050.0,0.25821492,5.0,3.0,0.816496581,0,1.666666667,1.666666667,1,2,2.5,0,1,0,1,1.666666667,0,1,0,4,1,0,1,0,0,0,0,0,0,0,0,1,0,0,0,1
35,3,0,6432,19.0,1,4,3,4,3,4,54,0,1,4,14,7,10,3,5,0,0,0.0,1,3.0,6432.0,0.108615611,4.75,3.5,0.577350269,0,0.7,1.75,2,3,2.8,0,1,1,1,1.25,0,1,0,2,0,0,1,0,1,0,0,0,1,0,0,1,0,0,0,1
24,4,4,5879,14.5,2,4,1,1,3,4,51,1,1,45,150,3,14,3,11,0,0,0.8,0,2.0,2939.5,0.288893511,2.9,2.25,1.5,1,0.214285714,0.6,2,4,3.260869565,1,1,1,1,2.2,1,5,1,2,0,1,0,0,0,0,1,0,1,0,0,0,0,0,1,1
18,0,0,5241,21.8,1,4,3,3,2,2,48,0,1,17,53,4,6,2,3,0,0,0.0,0,0.0,5241.0,0.03215513,21.8,2.5,0.577350269,0,0.666666667,4.0,0,1,2.944444444,0,2,1,1,3.0,0,1,0,1,0,1,0,0,1,0,0,0,0,0,0,0,0,0,1,0
40,1,1,10974,15.6,3,4,3,5,2,4,22,1,0,4,14,4,4,2,9,1,0,0.5,0,0.333333333,3658.0,0.67574865,7.8,3.5,1.290994449,0,1.0,2.0,1,4,2.8,0,2,1,1,4.5,1,1,0,2,0,1,0,0,1,0,0,0,1,0,0,1,0,0,0,0
28,10,9,11534,10.3,2,3,1,3,2,3,52,1,0,8,29,2,13,5,7,0,0,0.818181818,1,5.0,5767.0,0.734167894,0.936363636,2.25,0.957427108,1,0.153846154,0.181818182,1,3,3.222222222,0,-2,0,0,0.636363636,0,2,1,3,1,1,0,0,1,0,0,0,1,0,1,0,0,0,1,1
19,1,0,4163,18.0,1,2,3,3,3,4,45,0,1,19,76,8,11,3,4,0,0,0.0,1,1.0,4163.0,0.047013274,9.0,3.25,0.5,0,0.727272727,4.0,0,1,3.8,1,-1,0,0,2.0,0,2,0,2,0,0,0,0,0,1,0,0,1,0,0,0,0,0,1,1
57,2,1,7163,12.6,2,3,3,3,2,3,13,1,0,25,87,4,3,4,13,1,1,0.333333333,1,1.0,3581.5,0.434181416,4.2,2.75,0.5,0,1.333333333,1.333333333,1,4,3.346153846,1,-1,0,0,4.333333333,1,3,0,2,1,1,0,0,0,1,0,0,1,0,0,0,0,1,1,0
43,13,1,10063,13.0,4,3,3,2,3,3,18,1,0,4,12,3,9,4,6,1,0,0.071428571,1,3.25,2515.75,0.758163894,0.928571429,2.75,0.5,0,0.333333333,0.214285714,2,4,2.4,0,-1,0,0,0.428571429,0,0,0,1,1,0,1,0,0,0,0,1,1,0,0,1,0,0,0,0
43,2,2,6947,16.3,1,3,2,4,3,2,61,0,1,19,46,6,8,4,7,1,0,0.666666667,0,2.0,6947.0,0.326093654,5.433333333,2.75,0.957427108,0,0.75,2.0,0,1,2.3,0,-1,0,0,2.333333333,0,1,0,3,1,1,0,0,0,0,0,1,1,0,0,1,0,0,1,0
30,1,0,9684,11.1,2,3,3,4,3,4,28,0,1,9,26,2,5,4,6,0,0,0.0,1,0.5,4842.0,0.623889876,5.55,3.5,0.577350269,0,0.4,1.0,1,1,2.6,0,-1,0,0,3.0,0,0,0,3,0,0,1,0,0,0,0,0,1,0,1,0,0,0,0,0
38,19,13,13712,15.2,5,5,4,3,3,3,32,0,1,27,91,5,8,3,8,1,0,0.65,1,3.8,2742.4,0.948860136,0.76,3.25,0.5,0,0.625,0.25,0,1,3.25,1,2,1,1,0.4,1,2,0,2,0,0,1,0,0,0,0,1,1,0,0,1,0,0,0,0
55,2,2,4800,13.4,1,1,4,1,3,2,55,0,1,9,24,4,9,5,5,0,1,0.666666667,0,2.0,4800.0,0.168585526,4.466666667,2.5,1.290994449,0,0.444444444,1.333333333,1,1,2.4,0,-4,0,0,1.666666667,0,1,0,3,0,0,1,1,0,0,0,0,1,0,0,0,0,1,1,1
46,0,0,8420,15.1,2,3,2,2,4,3,18,0,0,18,71,5,14,5,2,1,0,0.0,0,0.0,4210.0,0.358001964,15.1,2.75,0.957427108,0,0.357142857,5.0,0,0,3.736842105,1,-2,0,0,2.0,0,2,0,3,1,0,1,0,1,0,0,0,1,0,0,0,1,0,1,0
30,7,6,8697,20.3,3,4,1,3,4,3,42,0,0,5,17,3,9,2,2,1,0,0.75,1,2.333333333,2899.0,0.779605263,2.5375,2.75,1.258305739,0,0.333333333,0.375,0,0,2.833333333,0,2,1,1,0.25,0,1,0,3,1,0,0,1,0,0,0,0,1,0,1,0,0,0,0,0
45,0,0,8558,10.2,3,4,1,2,4,3,20,0,1,3,10,4,2,3,2,1,0,0.0,0,0.0,2852.666667,0.583487369,10.2,2.5,1.290994449,0,2.0,4.0,0,1,2.5,0,1,1,1,2.0,0,0,0,2,1,0,1,0,0,0,0,1,1,0,0,0,1,0,0,0
34,0,0,5352,11.3,1,3,1,3,3,5,71,1,1,19,54,9,16,3,4,0,0,0.0,0,0.0,5352.0,0.068383659,11.3,3.0,1.632993162,0,0.5625,9.0,1,4,2.7,0,0,0,0,4.0,0,1,0,2,1,0,1,0,0,0,0,0,1,0,1,0,0,0,1,1
41,2,1,6622,14.5,2,3,3,3,4,2,54,1,0,23,77,6,5,5,1,0,0,0.333333333,1,1.0,3311.0,0.284041898,4.833333333,3.0,0.816496581,0,1.2,2.0,1,4,3.208333333,1,-2,0,0,0.333333333,0,2,0,2,0,0,1,0,0,0,0,1,1,0,0,1,0,0,0,0
39,4,3,8465,15.0,2,4,3,2,4,4,44,0,1,33,97,3,5,1,2,1,0,0.6,1,2.0,4232.5,0.364752086,3.0,3.25,0.957427108,0,0.6,0.6,0,1,2.852941176,1,3,1,1,0.4,0,2,0,1,1,0,0,0,1,0,0,0,1,0,0,1,0,0,1,1
32,1,1,5597,14.9,1,4,3,1,3,1,25,1,0,9,27,1,4,4,8,0,0,0.5,0,1.0,5597.0,0.049828179,7.45,2.0,1.154700538,1,0.25,0.5,1,3,2.7,0,0,1,0,4.0,1,3,1,2,1,0,1,0,1,0,0,0,0,0,1,0,0,0,1,0
36,3,3,14201,14.3,4,3,4,4,3,3,39,0,1,17,52,2,2,2,5,1,0,0.75,0,0.75,3550.25,0.895434462,3.575,3.5,0.577350269,0,1.0,0.5,2,3,2.888888889,0,1,0,1,1.25,0,0,0,2,1,0,1,0,1,0,0,0,0,0,0,1,0,0,0,0
44,14,14,15618,11.8,4,4,2,2,3,4,31,0,0,45,79,4,3,5,5,1,0,0.933333333,0,3.5,3904.5,0.962699822,0.786666667,2.75,0.957427108,0,1.333333333,0.266666667,1,2,1.717391304,1,-1,1,0,0.333333333,0,1,0,3,0,0,0,0,0,0,0,0,1,0,0,1,0,0,0,0
30,0,0,4340,17.1,1,3,1,3,4,4,55,1,1,15,34,4,2,4,13,0,0,0.0,0,0.0,4340.0,0.03758472,17.1,3.0,1.414213562,0,2.0,4.0,2,5,2.125,0,-1,0,0,13.0,1,2,0,2,1,1,0,0,0,0,0,1,0,1,1,0,0,0,1,0
31,0,0,5481,12.6,1,1,3,4,3,4,43,1,1,12,34,4,4,1,7,0,0,0.0,0,0.0,5481.0,0.135859519,12.6,3.5,0.577350269,0,1.0,4.0,1,4,2.615384615,0,0,0,0,7.0,0,1,0,2,1,1,0,0,0,0,0,1,0,0,1,0,0,0,1,1
35,3,0,7370,13.5,2,3,4,3,5,3,0,0,1,22,58,5,7,3,1,0,0,0.0,1,1.5,3685.0,0.402649415,3.375,3.75,0.957427108,0,0.714285714,1.25,1,2,2.52173913,0,0,0,0,0.25,0,1,0,2,1,0,0,0,0,0,0,1,1,0,0,1,0,0,0,0
30,0,0,4971,14.4,1,3,3,3,3,5,50,0,0,26,106,4,7,3,2,0,0,0.0,0,0.0,4971.0,0.081792976,14.4,3.5,1.0,0,0.571428571,4.0,2,3,3.925925926,1,0,0,0,2.0,0,2,0,1,1,0,0,0,0,0,0,1,1,0,1,0,0,0,0,1
32,1,1,8004,13.9,2,3,3,3,3,2,29,0,1,13,42,6,11,2,4,0,0,0.5,0,0.5,4002.0,0.697368421,6.95,2.75,0.5,0,0.545454545,3.0,0,1,3.0,0,1,0,1,2.0,0,0,0,3,1,0,1,1,0,0,0,0,0,1,1,0,0,0,0,0
47,6,2,10138,20.2,3,3,1,5,4,2,59,1,1,10,40,3,8,4,8,1,0,0.285714286,1,2.0,3379.333333,0.684280639,2.885714286,3.0,1.825741858,0,0.375,0.428571429,1,3,3.636363636,0,-1,0,0,1.142857143,1,1,0,2,1,0,0,0,0,0,0,0,1,0,0,0,1,0,0,0
45,3,2,9727,20.1,3,4,5,4,5,3,51,1,1,21,39,3,12,4,11,1,0,0.5,1,1.0,3242.333333,0.824459235,5.025,4.25,0.957427108,0,0.25,0.75,1,3,1.772727273,0,0,1,0,2.75,1,1,0,3,0,0,1,0,0,0,1,0,1,0,0,0,1,0,0,0
42,2,2,10118,15.6,2,3,3,3,4,3,33,0,0,3,8,4,13,1,6,0,0,0.666666667,0,1.0,5059.0,0.577074129,5.2,3.25,0.5,0,0.307692308,1.333333333,1,1,2.0,0,2,0,1,2.0,0,0,0,3,1,1,0,0,1,0,0,0,1,0,0,1,0,0,0,0
28,6,4,6473,19.4,2,3,4,2,2,3,56,0,0,27,64,5,8,3,4,0,0,0.571428571,1,3.0,3236.5,0.451480263,2.771428571,2.75,0.957427108,0,0.625,0.714285714,2,3,2.285714286,1,0,0,0,0.571428571,0,3,0,2,0,1,0,1,0,0,0,0,1,0,1,0,0,0,1,1
45,7,7,17135,15.4,4,5,4,3,2,4,53,0,0,7,30,6,7,3,2,1,0,0.875,0,1.75,4283.75,0.966863034,1.925,3.25,0.957427108,0,0.857142857,0.75,0,1,3.75,0,2,1,1,0.25,0,0,0,3,0,0,1,0,1,0,0,0,1,0,0,0,1,0,0,0
34,8,5,11738,13.6,2,3,3,4,4,3,31,1,1,23,84,5,3,4,5,0,0,0.555555556,1,4.0,5869.0,0.752086402,1.511111111,3.5,0.577350269,0,1.666666667,0.555555556,1,4,3.5,1,-1,0,0,0.555555556,0,2,0,3,1,0,0,0,1,0,0,0,1,0,1,0,0,0,1,1
39,0,0,7534,11.0,2,1,3,4,3,1,51,1,1,14,50,2,6,4,5,0,0,0.0,0,0.0,3767.0,0.431300062,11.0,2.75,1.258305739,0,0.333333333,2.0,2,4,3.333333333,0,-3,0,0,5.0,0,1,0,3,1,0,1,0,0,0,0,1,1,0,0,1,0,0,1,1
37,3,2,9375,15.2,1,4,3,3,4,4,32,0,1,19,79,5,2,4,8,0,0,0.5,1,3.0,9375.0,0.584813499,3.8,3.5,0.577350269,0,2.5,1.25,0,1,3.95,1,0,1,0,2.0,1,2,0,3,0,1,0,0,0,0,0,0,1,0,0,1,0,0,0,0
29,5,0,9340,12.2,3,3,3,3,2,1,53,0,0,2,6,8,14,3,3,1,0,0.0,1,1.666666667,3113.333333,0.479381443,2.033333333,2.25,0.957427108,1,0.571428571,1.333333333,1,2,2.0,0,0,0,0,0.5,0,2,0,1,1,1,0,0,1,0,0,0,1,0,1,0,0,0,0,0
41,15,1,10683,13.5,3,5,1,3,5,3,50,1,0,7,18,4,7,4,8,1,0,0.0625,1,5.0,3561.0,0.888935108,0.84375,3.0,1.632993162,0,0.571428571,0.25,0,3,2.25,0,1,1,1,0.5,1,1,0,2,0,0,1,0,0,0,1,0,1,0,0,1,0,0,0,0
39,4,4,7915,14.5,3,3,5,4,5,4,53,0,1,37,129,4,5,2,3,1,0,0.8,0,1.333333333,2638.333333,0.675986842,2.9,4.5,0.577350269,0,0.8,0.8,1,2,3.394736842,1,1,0,1,0.6,0,2,0,2,1,0,0,1,0,0,0,0,1,0,0,1,0,0,0,0
41,5,1,9500,15.1,3,3,3,2,1,4,52,0,0,20,55,2,10,2,2,1,0,0.166666667,1,1.666666667,3166.666667,0.602575488,2.516666667,2.5,1.290994449,0,0.2,0.333333333,2,2,2.619047619,0,1,0,1,0.333333333,0,0,0,2,0,1,0,0,0,0,0,0,1,0,0,1,0,0,0,0
43,15,9,14875,21.2,3,4,4,1,2,2,72,0,0,3,9,5,11,4,5,1,0,0.5625,1,5.0,4958.333333,0.971349353,1.325,2.25,1.258305739,1,0.454545455,0.3125,0,0,2.25,0,0,1,0,0.3125,0,2,0,4,1,0,1,0,0,0,0,1,1,0,0,1,0,0,0,0
29,1,1,10826,15.5,2,3,3,5,3,2,58,0,1,8,35,5,9,4,2,0,0,0.5,0,0.5,5413.0,0.66077565,7.75,3.25,1.258305739,0,0.555555556,2.5,2,3,3.888888889,0,-1,0,0,1.0,0,0,0,3,1,0,0,0,1,0,0,0,1,0,1,0,0,0,0,0
36,1,0,3159,19.2,1,2,4,2,3,4,40,0,0,14,30,11,14,5,3,0,0,0.0,1,1.0,3159.0,0.013311148,9.6,3.25,0.957427108,0,0.785714286,5.5,0,1,2.0,0,-3,0,0,1.5,0,1,0,2,0,0,0,0,0,0,1,0,1,0,0,1,0,0,1,1
32,8,3,7303,12.8,2,3,4,2,3,2,44,1,1,34,117,4,12,3,3,0,0,0.333333333,1,4.0,3651.5,0.391558842,1.422222222,2.75,0.957427108,0,0.333333333,0.444444444,0,2,3.342857143,1,0,0,0,0.333333333,0,2,0,2,1,1,0,0,0,0,0,1,0,1,1,0,0,0,1,1
48,1,1,7253,9.8,2,3,2,4,3,3,30,0,1,14,51,3,8,4,7,0,0,0.5,0,0.5,3626.5,0.517262895,4.9,3.0,0.816496581,0,0.375,1.5,0,0,3.4,0,-1,0,0,3.5,0,0,0,2,0,1,0,0,0,0,1,0,0,1,0,0,1,0,0,0
43,4,3,5731,15.5,1,2,4,2,4,4,30,0,0,13,41,4,6,4,2,0,0,0.6,1,4.0,5731.0,0.165280345,3.1,3.5,1.0,0,0.666666667,0.8,1,2,2.928571429,0,-2,0,0,0.4,0,1,0,3,1,0,1,0,0,0,0,1,0,0,0,1,0,0,1,1
34,4,4,9345,17.5,2,3,3,5,4,3,48,0,1,7,27,4,13,4,3,1,0,0.8,0,2.0,4672.5,0.480854197,3.5,3.75,0.957427108,0,0.307692308,0.8,0,0,3.375,0,-1,0,0,0.6,0,2,0,2,1,1,0,0,1,0,0,0,1,0,1,0,0,0,1,1
41,11,2,16063,22.9,4,4,5,4,3,3,45,0,0,7,30,3,11,4,6,1,0,0.166666667,1,2.75,4015.75,0.996681416,1.908333333,3.75,0.957427108,0,0.272727273,0.25,0,0,3.75,0,0,1,0,0.5,0,0,0,4,1,1,0,0,0,1,0,0,1,0,0,1,0,0,0,0
40,2,2,5689,10.4,2,1,4,4,2,3,61,0,0,46,127,3,4,4,5,0,0,0.666666667,0,1.0,2844.5,0.160813309,3.466666667,3.25,0.957427108,0,0.75,1.0,0,1,2.70212766,1,-3,0,0,1.666666667,0,2,0,2,0,0,1,0,0,0,0,1,1,0,0,1,0,0,1,1
32,7,4,11542,24.1,4,4,3,3,5,3,24,1,0,12,41,6,10,2,7,1,0,0.5,1,1.75,2885.5,0.805950266,3.0125,3.5,1.0,0,0.6,0.75,1,4,3.153846154,0,2,1,1,0.875,0,1,0,2,1,0,0,0,0,0,0,0,1,0,1,0,0,0,0,0
45,12,0,11636,17.7,4,4,3,3,3,3,31,0,0,16,43,5,16,5,5,1,0,0.0,1,3.0,2909.0,0.933860233,1.361538462,3.0,0.0,0,0.3125,0.384615385,1,1,2.529411765,0,-1,1,0,0.384615385,0,0,0,2,1,0,1,0,0,0,1,0,1,0,0,0,1,0,0,0
34,5,4,12730,8.1,3,2,3,2,3,3,14,1,0,13,37,4,9,4,13,1,0,0.666666667,1,1.666666667,4243.333333,0.821305842,1.35,2.75,0.5,0,0.444444444,0.666666667,0,2,2.642857143,0,-2,0,0,2.166666667,1,2,0,3,1,0,1,0,1,0,0,0,1,0,1,0,0,0,1,1
44,2,2,10416,11.1,3,2,4,2,4,4,47,0,0,14,40,5,10,3,7,1,0,0.666666667,0,0.666666667,3472.0,0.794670364,3.7,3.5,1.0,0,0.5,1.666666667,1,1,2.666666667,0,-1,0,0,2.333333333,0,0,0,2,0,1,0,0,0,0,0,1,1,0,0,1,0,0,0,0
50,2,1,4706,10.2,1,3,4,2,2,3,18,1,0,8,30,4,5,3,9,1,1,0.333333333,1,2.0,4706.0,0.105657238,3.4,2.75,0.957427108,0,0.8,1.333333333,1,4,3.333333333,0,0,0,0,3.0,1,2,0,2,1,0,1,0,0,0,1,0,1,0,0,0,1,0,0,1
40,7,0,9137,12.1,2,4,4,3,5,3,25,0,0,20,54,8,9,4,9,0,0,0.0,1,3.5,4568.5,0.456921944,1.5125,3.75,0.957427108,0,0.888888889,1.0,2,3,2.571428571,0,0,1,0,1.125,1,2,0,2,1,1,0,0,1,0,0,0,1,0,0,1,0,0,1,1
40,0,0,5528,10.2,2,1,5,5,3,3,18,1,1,12,35,10,4,4,6,0,0,0.0,0,0.0,2764.0,0.045409917,10.2,4.0,1.154700538,0,2.5,10.0,0,3,2.692307692,0,-3,0,0,6.0,0,1,0,2,0,0,1,0,1,0,0,0,1,0,0,1,0,0,1,1
51,10,8,11268,12.4,4,3,3,3,4,5,57,1,0,36,96,3,7,2,10,1,1,0.727272727,1,2.5,2817.0,0.858287123,1.127272727,3.75,0.957427108,0,0.428571429,0.272727273,1,3,2.594594595,1,1,0,1,0.909090909,1,3,0,2,1,0,1,0,0,0,0,1,0,0,0,0,1,0,0,0
58,2,1,7175,11.8,2,4,3,2,4,2,35,0,1,28,121,5,9,3,3,1,1,0.333333333,1,1.0,3587.5,0.504575707,3.933333333,2.75,0.957427108,0,0.555555556,1.666666667,0,1,4.172413793,1,1,1,1,1.0,0,1,0,2,0,1,0,0,0,0,1,0,1,0,0,0,0,1,0,0
32,9,4,7154,20.1,2,4,2,1,4,3,54,0,0,5,15,1,12,5,4,0,0,0.4,1,4.5,3577.0,0.581414474,2.01,2.5,1.290994449,0,0.083333333,0.1,2,2,2.5,0,-1,1,0,0.4,0,1,0,2,1,0,0,1,0,0,0,0,1,0,1,0,0,0,1,1
27,6,0,8017,15.4,2,4,2,3,2,3,26,0,0,38,111,3,9,3,9,0,0,0.0,1,3.0,4008.5,0.637687188,2.2,2.5,0.577350269,0,0.333333333,0.428571429,1,1,2.846153846,1,1,1,1,1.285714286,1,2,0,2,1,1,0,0,0,0,1,0,1,0,1,0,0,0,0,1
40,6,3,7210,15.2,3,3,4,3,4,4,33,0,0,12,33,2,10,2,9,1,0,0.428571429,1,2.0,2403.333333,0.443584071,2.171428571,3.75,0.5,0,0.2,0.285714286,1,1,2.538461538,0,1,0,1,1.285714286,1,2,0,1,0,0,1,0,0,1,0,0,1,0,0,1,0,0,1,0
50,17,15,16496,14.2,5,2,3,3,4,4,53,0,1,21,81,9,9,2,6,1,1,0.833333333,1,3.4,3299.2,0.976909414,0.788888889,3.5,0.577350269,0,1.0,0.5,1,2,3.681818182,1,0,0,0,0.333333333,0,2,0,2,0,1,0,0,0,0,0,0,1,0,0,0,1,0,1,1
36,5,3,6595,12.3,3,3,4,3,4,3,25,0,1,3,9,1,11,3,9,1,0,0.5,1,1.666666667,2198.333333,0.472861842,2.05,3.5,0.577350269,0,0.090909091,0.166666667,1,1,2.25,0,0,0,0,1.5,1,2,0,2,0,1,0,1,0,0,0,0,1,0,0,1,0,0,1,0
34,2,1,9442,19.2,2,3,2,3,3,4,30,1,1,14,62,3,9,4,12,1,0,0.333333333,1,1.0,4721.0,0.490672558,6.4,3.0,0.816496581,0,0.333333333,1.0,1,3,4.133333333,1,-1,0,0,4.0,1,3,0,2,1,0,1,0,1,0,0,0,1,0,1,0,0,0,1,1
33,3,2,8981,9.7,3,4,4,3,4,5,45,0,1,19,34,3,9,2,7,1,0,0.5,1,1.0,2993.666667,0.758735441,2.425,4.0,0.816496581,0,0.333333333,0.75,0,0,1.7,0,2,1,1,1.75,0,0,0,2,0,0,1,0,0,0,1,0,0,1,1,0,0,0,0,0
42,1,0,9543,16.4,3,5,5,4,2,4,31,0,0,15,59,4,2,4,6,1,0,0.0,1,0.333333333,3181.0,0.806156406,8.2,3.75,1.258305739,0,2.0,2.0,0,1,3.6875,0,1,1,1,3.0,0,0,0,2,0,1,0,0,0,0,1,0,1,0,0,1,0,0,0,0
36,16,4,14732,14.6,5,2,2,4,5,3,25,1,0,24,73,2,5,3,6,1,0,0.235294118,1,3.2,2946.4,0.969192853,0.858823529,3.5,1.290994449,0,0.4,0.117647059,1,3,2.92,1,-1,0,0,0.352941176,0,2,0,2,1,1,0,0,0,0,0,1,0,1,0,1,0,0,1,1
38,3,1,13326,15.5,4,4,4,5,3,3,30,0,1,22,86,4,13,3,13,1,0,0.25,1,0.75,3331.5,0.856651939,3.875,3.75,0.957427108,0,0.307692308,1.0,1,1,3.739130435,1,1,1,1,3.25,1,2,0,2,0,0,1,0,1,0,0,0,1,0,0,1,0,0,0,0
31,5,5,9882,11.0,2,2,4,3,2,3,52,0,1,21,80,3,10,3,4,0,0,0.833333333,0,2.5,4941.0,0.550073638,1.833333333,3.0,0.816496581,0,0.3,0.5,2,2,3.636363636,1,-1,0,0,0.666666667,0,2,0,3,0,1,0,0,1,0,0,0,1,0,1,0,0,0,1,1
31,2,2,6125,16.5,2,3,3,4,3,3,30,1,0,19,51,3,3,4,6,0,0,0.666666667,0,1.0,3062.5,0.21349353,5.5,3.25,0.5,0,1.0,1.0,0,3,2.55,0,-1,0,0,2.0,0,1,0,2,1,0,1,0,0,0,0,1,1,0,1,0,0,0,1,0
35,10,8,14811,18.8,5,3,5,2,3,5,28,0,0,8,25,1,14,3,5,1,0,0.727272727,1,2.0,2962.2,0.994176373,1.709090909,3.75,1.5,0,0.071428571,0.090909091,1,1,2.777777778,0,0,0,0,0.454545455,0,1,0,3,0,1,0,0,0,0,1,0,1,0,0,1,0,0,0,0
27,0,0,4774,13.7,2,3,2,4,4,4,8,0,0,4,16,5,5,3,10,0,0,0.0,0,0.0,2387.0,0.162006579,13.7,3.5,1.0,0,1.0,5.0,1,2,3.2,0,0,0,0,10.0,1,2,0,2,0,1,0,1,0,0,0,0,1,0,1,0,0,0,1,1
38,0,0,3381,10.9,1,3,3,3,3,3,58,1,0,20,64,2,6,5,11,0,0,0.0,0,0.0,3381.0,0.008009858,10.9,3.0,0.0,0,0.333333333,2.0,0,2,3.047619048,1,-2,0,0,11.0,1,3,0,2,0,0,1,0,0,0,0,1,1,0,0,1,0,0,0,0
31,12,8,11258,12.2,3,3,2,4,2,4,29,1,1,7,13,4,14,4,11,1,0,0.615384615,1,4.0,3752.666667,0.707167403,0.938461538,3.0,1.154700538,0,0.285714286,0.307692308,1,3,1.625,0,-1,0,0,0.846153846,1,2,0,1,1,0,1,0,1,0,0,0,1,0,1,0,0,0,0,0
40,4,1,4221,17.2,1,3,3,3,2,3,10,1,0,14,54,7,8,4,7,0,0,0.2,1,4.0,4221.0,0.030653112,3.44,2.75,0.5,0,0.875,1.4,0,3,3.6,0,-1,0,0,1.4,0,1,0,2,1,1,0,0,0,0,0,1,0,0,0,1,0,0,1,1
43,14,0,15039,14.3,4,5,4,2,4,4,48,0,1,8,21,3,10,3,5,1,0,0.0,1,3.5,3759.75,0.973813925,0.953333333,3.5,1.0,0,0.3,0.2,0,0,2.333333333,0,2,1,1,0.333333333,0,0,0,3,1,1,0,0,0,0,0,1,1,0,0,1,0,0,0,0
41,1,0,8378,18.8,1,5,3,3,5,4,50,0,0,26,91,9,14,5,7,0,0,0.0,1,1.0,8378.0,0.352724595,9.4,3.75,0.957427108,0,0.642857143,4.5,1,2,3.37037037,1,0,1,0,3.5,0,2,0,3,1,1,0,0,1,0,0,0,1,0,0,1,0,0,1,0
19,1,1,8111,15.7,1,3,4,3,3,3,60,0,1,17,67,2,8,4,5,1,0,0.5,0,1.0,8111.0,0.314678449,7.85,3.25,0.5,0,0.25,1.0,1,1,3.722222222,1,-1,0,0,2.5,0,2,0,4,1,0,1,0,1,0,0,0,1,0,0,0,0,0,1,1
46,0,0,8178,20.1,2,3,3,3,4,4,46,0,0,29,79,3,3,2,5,0,0,0.0,0,0.0,4089.0,0.326092293,20.1,3.5,0.577350269,0,1.0,3.0,0,1,2.633333333,1,1,0,1,5.0,0,2,0,2,0,1,0,0,1,0,0,0,1,0,0,0,1,0,0,0
29,11,7,10524,14.0,5,1,3,1,3,3,38,0,1,20,53,4,16,3,7,1,0,0.583333333,1,2.2,2104.8,0.879783694,1.166666667,2.5,1.0,0,0.25,0.333333333,1,1,2.523809524,0,-2,0,0,0.583333333,0,1,0,2,0,1,0,0,0,0,1,0,1,0,1,0,0,0,0,0
48,5,1,9613,14.4,2,2,1,1,4,2,66,0,1,6,20,3,9,3,8,0,0,0.166666667,1,2.5,4806.5,0.514727541,2.4,2.0,1.414213562,1,0.333333333,0.5,1,1,2.857142857,0,-1,0,0,1.333333333,1,2,0,2,1,0,1,0,1,0,0,0,1,0,0,0,1,0,1,1
30,3,0,12015,11.5,3,3,4,2,4,2,13,0,0,16,70,4,14,2,7,1,0,0.0,1,1.0,4005.0,0.830373002,2.875,3.0,1.154700538,0,0.285714286,1.0,1,1,4.117647059,1,1,0,1,1.75,0,1,0,3,1,0,1,0,0,0,0,0,0,0,1,0,0,0,0,0
41,9,6,10610,18.3,3,3,5,3,4,4,87,1,0,14,47,6,9,2,10,1,0,0.6,1,3.0,3536.666667,0.883943428,1.83,4.0,0.816496581,0,0.666666667,0.6,1,4,3.133333333,0,1,0,1,1.0,1,2,0,3,0,1,0,0,0,0,1,0,1,0,0,1,0,0,0,0
34,6,4,12097,11.7,3,4,3,4,3,3,62,0,1,29,33,4,10,4,7,1,0,0.571428571,1,2.0,4032.333333,0.779577811,1.671428571,3.25,0.5,0,0.4,0.571428571,2,2,1.1,0,0,1,0,1.0,0,0,0,3,1,0,0,0,1,0,0,0,1,0,1,0,0,0,0,0
54,4,1,10413,14.6,2,4,4,2,5,4,4,0,0,19,52,11,8,3,5,1,1,0.2,1,2.0,5206.5,0.612052037,2.92,3.75,1.258305739,0,1.375,2.2,1,2,2.6,0,1,1,1,1.0,0,0,0,3,1,1,0,0,1,0,0,0,1,0,0,0,1,0,1,1
27,2,2,5712,11.0,1,1,2,2,2,3,52,0,1,29,101,4,20,3,5,1,0,0.666666667,0,2.0,5712.0,0.093472469,3.666666667,2.25,0.5,1,0.2,1.333333333,1,1,3.366666667,1,-2,0,0,1.666666667,0,3,0,2,0,0,1,0,0,0,0,0,1,0,1,0,0,0,1,1
36,0,0,8961,14.9,2,3,2,2,3,3,23,0,1,8,18,3,8,3,2,0,0,0.0,0,0.0,4480.5,0.431885125,14.9,2.5,0.577350269,0,0.375,3.0,2,2,2.0,0,0,0,0,2.0,0,1,0,2,0,1,0,0,1,0,0,0,0,0,0,1,0,0,1,1
50,3,0,6612,15.8,1,4,2,1,3,3,26,0,1,5,14,6,10,4,6,1,1,0.0,1,3.0,6612.0,0.330752212,3.95,2.25,0.957427108,1,0.6,1.5,0,1,2.333333333,0,0,1,0,1.5,0,2,0,2,1,1,0,0,0,1,0,0,1,0,0,0,1,0,0,0
57,5,0,9486,12.5,2,2,3,2,4,2,12,0,0,7,16,6,6,3,8,0,1,0.0,1,2.5,4743.0,0.600133215,2.083333333,2.75,0.957427108,0,1.0,1.0,1,2,2.0,0,-1,0,0,1.333333333,1,1,0,3,0,1,0,0,0,0,0,0,1,0,0,0,0,1,1,1
40,2,2,6793,14.7,2,2,3,5,3,4,33,0,1,24,88,2,4,5,3,0,0,0.666666667,0,1.0,3396.5,0.304528651,4.9,3.75,0.957427108,0,0.5,0.666666667,0,0,3.52,1,-3,0,0,1.0,0,2,0,2,1,0,1,0,0,0,0,1,1,0,0,1,0,0,1,1
42,6,0,10283,12.4,3,2,3,2,4,2,43,1,0,28,114,4,4,3,8,1,0,0.0,1,2.0,3427.666667,0.696714032,1.771428571,2.75,0.957427108,0,1.0,0.571428571,0,3,3.931034483,1,-1,0,0,1.142857143,1,2,0,2,1,1,0,0,0,0,0,0,1,0,0,1,0,0,0,1
49,4,0,11581,12.8,2,3,1,3,3,5,16,1,0,13,33,4,5,3,9,0,0,0.0,1,2.0,5790.5,0.874152803,2.56,3.0,1.632993162,0,0.8,0.8,0,3,2.357142857,0,0,0,0,1.8,1,1,0,4,0,1,0,0,0,0,0,1,1,0,0,0,1,0,1,1
50,3,0,7755,14.8,3,1,5,3,3,2,52,0,0,19,60,1,4,3,3,1,1,0.0,1,1.0,2585.0,0.537887168,3.7,3.25,1.258305739,0,0.25,0.25,0,0,3.0,0,-2,0,0,0.75,0,0,0,2,0,1,0,0,0,1,0,0,1,0,0,0,1,0,0,1
51,4,3,7582,12.7,3,3,5,3,3,4,38,1,0,12,37,4,11,2,6,1,1,0.6,1,1.333333333,2527.333333,0.511615044,2.54,3.75,0.957427108,0,0.363636364,0.8,0,2,2.846153846,0,1,0,1,1.2,0,0,0,2,1,0,1,0,0,1,0,0,1,0,0,0,1,0,0,0
21,3,3,5925,11.6,1,3,4,4,3,4,46,0,1,6,24,3,3,1,4,1,0,0.75,0,3.0,5925.0,0.296589018,2.9,3.75,0.5,0,1.0,0.75,1,2,3.428571429,0,2,0,1,1.0,0,1,0,1,0,0,1,0,0,0,1,0,0,0,0,0,0,0,0,1
55,1,1,7036,13.0,2,4,4,4,4,2,30,0,1,13,50,9,2,3,7,0,1,0.5,0,0.5,3518.0,0.480865225,6.5,3.5,1.0,0,4.5,4.5,1,2,3.571428571,0,1,1,1,3.5,0,1,0,2,1,1,0,0,0,0,1,0,1,0,0,0,0,1,1,0
26,1,0,4567,13.5,2,4,3,2,2,3,32,0,0,18,36,3,8,3,10,0,0,0.0,1,0.5,2283.5,0.076050885,6.75,2.5,0.577350269,0,0.375,1.5,1,1,1.894736842,0,1,1,1,5.0,1,2,0,1,1,1,0,0,0,1,0,0,1,0,1,0,0,0,0,0
34,1,1,7995,10.0,2,5,3,2,3,2,12,0,1,15,47,4,10,3,4,0,0,0.5,0,0.5,3997.5,0.391651865,5.0,2.5,0.577350269,0,0.4,2.0,0,0,2.9375,0,2,1,1,2.0,0,1,0,2,1,1,0,0,0,0,0,0,1,0,1,0,0,0,1,0
40,3,0,10265,9.7,3,2,1,1,2,3,40,0,0,8,26,5,5,1,2,1,0,0.0,1,1.0,3421.666667,0.594747177,2.425,1.75,0.957427108,1,1.0,1.25,1,2,2.888888889,0,1,0,1,0.5,0,1,0,2,0,0,1,0,1,0,0,0,1,0,0,1,0,0,0,1
36,1,0,4767,11.7,1,3,3,4,1,4,33,0,0,16,51,4,7,1,3,0,0,0.0,1,1.0,4767.0,0.114392679,5.85,3.0,1.414213562,0,0.571428571,2.0,0,1,3.0,0,2,0,1,1.5,0,1,0,3,1,1,0,0,0,0,1,0,1,0,0,1,0,0,0,1
28,0,0,7056,16.3,1,3,4,4,4,3,77,0,1,9,23,4,12,5,8,0,0,0.0,0,0.0,7056.0,0.176485027,16.3,3.75,0.5,0,0.333333333,4.0,1,1,2.3,0,-2,0,0,8.0,1,2,0,2,1,1,0,0,1,0,0,0,1,0,1,0,0,0,0,1
32,14,5,10692,15.9,5,4,3,4,3,4,24,0,1,9,35,7,9,2,8,1,0,0.333333333,1,2.8,2138.4,0.819162046,1.06,3.5,0.577350269,0,0.777777778,0.466666667,2,3,3.5,0,2,1,1,0.533333333,1,2,0,1,1,0,1,0,0,0,0,1,1,0,1,0,0,0,0,0
38,1,1,5828,12.9,2,3,2,3,3,4,82,0,0,19,65,6,9,2,6,0,0,0.5,0,0.5,2914.0,0.175138632,6.45,3.0,0.816496581,0,0.666666667,3.0,0,1,3.25,1,1,0,1,3.0,0,2,0,1,0,1,0,0,0,0,0,1,0,1,0,1,0,0,0,0
46,9,9,5176,18.1,1,5,4,2,3,2,39,1,0,9,39,1,11,2,11,1,0,0.9,0,9.0,5176.0,0.103820086,1.81,2.75,0.957427108,0,0.090909091,0.1,1,3,3.9,0,3,1,1,1.1,1,2,0,1,1,0,1,0,0,0,0,1,1,0,0,0,1,0,1,1
18,0,0,7030,12.3,2,2,1,4,2,3,17,0,1,15,61,4,2,4,3,0,0,0.0,0,0.0,3515.0,0.406803097,12.3,2.5,1.290994449,0,2.0,4.0,2,3,3.8125,1,-2,0,0,3.0,0,2,0,2,0,1,0,0,0,1,0,0,1,0,0,0,0,0,1,1
32,0,0,5964,19.3,2,3,1,2,3,4,38,0,1,6,18,4,6,2,4,0,0,0.0,0,0.0,2982.0,0.075110457,19.3,2.5,1.290994449,0,0.666666667,4.0,0,1,2.571428571,0,1,0,1,4.0,0,1,0,2,0,0,0,0,1,0,0,0,1,0,1,0,0,0,0,1
42,4,0,6728,15.6,2,4,3,4,4,3,23,1,0,10,38,4,11,3,17,0,0,0.0,1,2.0,3364.0,0.499588816,3.12,3.5,0.577350269,0,0.363636364,0.8,1,3,3.454545455,0,1,1,1,3.4,1,2,0,2,0,1,0,1,0,0,0,0,1,0,0,1,0,0,1,1
36,2,0,6383,12.8,3,1,2,3,3,3,28,0,0,13,31,4,8,4,3,1,0,0.0,1,0.666666667,2127.666667,0.439967105,4.266666667,2.75,0.5,0,0.5,1.333333333,1,1,2.214285714,0,-3,0,0,1.0,0,1,0,2,1,0,1,1,0,0,0,0,1,0,0,1,0,0,1,1
28,1,1,4261,15.3,1,4,2,1,4,3,30,1,0,6,15,4,6,5,7,0,0,0.5,0,1.0,4261.0,0.033271719,7.65,2.5,1.290994449,0,0.666666667,2.0,1,4,2.142857143,0,-1,1,0,3.5,0,1,0,2,0,0,0,0,0,0,0,1,1,0,1,0,0,0,0,1
36,2,0,5444,12.1,2,3,3,1,4,2,57,1,1,3,5,5,11,5,5,0,0,0.0,1,1.0,2722.0,0.212146423,4.033333333,2.5,1.290994449,0,0.454545455,1.666666667,1,3,1.25,0,-2,0,0,1.666666667,0,1,0,1,1,1,0,0,0,0,1,0,1,0,0,1,0,0,1,0
28,2,1,7408,12.6,3,4,3,3,4,4,43,0,0,6,18,5,14,3,7,1,0,0.333333333,1,0.666666667,2469.333333,0.409735059,4.2,3.5,0.577350269,0,0.357142857,1.666666667,2,2,2.571428571,0,1,1,1,2.333333333,0,1,0,2,1,0,1,0,0,0,0,1,1,0,1,0,0,0,1,1
31,6,5,10100,9.0,2,3,3,3,2,5,23,1,0,20,59,1,9,2,3,0,0,0.714285714,1,3.0,5050.0,0.575601375,1.285714286,3.25,1.258305739,0,0.111111111,0.142857143,1,3,2.80952381,0,1,0,1,0.428571429,0,1,0,3,0,1,0,0,1,0,0,0,1,0,1,0,0,0,1,1
40,1,0,6518,19.4,2,4,2,4,4,2,23,0,1,24,66,5,9,3,4,0,0,0.0,1,0.5,3259.0,0.387687188,9.7,3.0,1.154700538,0,0.555555556,2.5,1,2,2.64,1,1,1,1,2.0,0,2,0,1,1,0,1,0,0,0,1,0,1,0,0,1,0,0,1,0
31,2,1,3679,16.9,1,3,3,4,5,3,38,1,1,9,33,3,12,3,1,0,0,0.333333333,1,2.0,3679.0,0.019911504,5.633333333,3.75,0.957427108,0,0.25,1.0,1,3,3.3,0,0,0,0,0.333333333,0,1,0,2,1,1,0,0,0,1,0,0,1,0,1,0,0,0,1,0
46,4,3,7530,9.8,3,3,1,3,4,3,13,1,0,13,56,10,15,5,8,1,0,0.6,1,1.333333333,2510.0,0.56281198,1.96,2.75,1.258305739,0,0.666666667,2.0,1,4,4.0,0,-2,0,0,1.6,1,1,0,2,1,1,0,0,0,0,1,0,1,0,0,0,1,0,0,0
40,6,3,6105,13.9,2,4,3,2,3,1,39,1,1,41,132,3,16,5,7,0,0,0.428571429,1,3.0,3052.5,0.252212389,1.985714286,2.25,0.957427108,1,0.1875,0.428571429,1,3,3.142857143,1,-1,1,0,1.0,0,3,1,2,1,1,0,0,0,1,0,0,1,0,0,1,0,0,1,1
36,3,1,9099,12.8,3,4,3,4,3,3,41,0,1,10,31,3,5,3,3,1,0,0.25,1,1.0,3033.0,0.653419593,3.2,3.25,0.5,0,0.6,0.75,1,2,2.818181818,0,1,1,1,0.75,0,0,0,2,1,1,0,0,0,0,0,1,1,0,0,1,0,0,0,0
30,2,0,9166,8.5,2,3,3,4,4,3,0,1,0,3,8,6,7,1,11,0,0,0.0,1,1.0,4583.0,0.557726465,2.833333333,3.5,0.577350269,0,0.857142857,2.0,0,3,2.0,0,2,0,1,3.666666667,1,1,0,3,0,1,0,0,0,0,0,0,1,0,1,0,0,0,0,0
48,18,9,13590,16.3,5,5,5,3,4,3,24,1,1,17,58,8,15,3,4,1,0,0.473684211,1,3.6,2718.0,0.912966252,0.857894737,3.75,0.957427108,0,0.533333333,0.421052632,1,4,3.222222222,0,2,1,1,0.210526316,0,0,0,1,0,1,0,0,0,0,0,0,1,0,0,0,1,0,0,0
29,7,4,10802,13.8,3,3,4,3,2,3,56,0,0,36,150,4,5,3,5,1,0,0.5,1,2.333333333,3600.666667,0.657339224,1.725,3.0,0.816496581,0,0.8,0.5,0,1,4.054054054,1,0,0,0,0.625,0,2,0,2,0,0,1,0,1,0,0,0,1,0,1,0,0,0,0,0
34,5,5,7274,16.5,3,5,5,3,4,3,8,0,1,5,13,6,8,4,1,1,0,0.833333333,0,1.666666667,2424.666667,0.387091805,2.75,3.75,0.957427108,0,0.75,1.0,1,2,2.166666667,0,1,1,1,0.166666667,0,2,0,1,1,0,1,0,0,0,0,1,1,0,1,0,0,0,0,0
27,6,0,11666,12.3,3,5,4,2,4,4,22,0,1,4,8,2,5,5,3,1,0,0.0,1,2.0,3888.666667,0.912610619,1.757142857,3.5,1.0,0,0.4,0.285714286,1,1,1.6,0,0,1,0,0.428571429,0,0,0,3,1,1,0,0,0,1,0,0,1,0,1,0,0,0,0,0
24,6,1,6899,16.0,2,5,2,3,5,3,30,0,1,32,111,6,12,2,6,0,0,0.142857143,1,3.0,3449.5,0.456738769,2.285714286,3.25,1.258305739,0,0.5,0.857142857,0,0,3.363636364,1,3,1,1,0.857142857,0,2,0,1,1,0,1,0,0,0,1,0,0,0,0,0,0,0,1,1
45,1,1,6678,17.8,1,4,1,4,5,3,51,0,1,6,21,3,12,4,8,0,0,0.5,0,1.0,6678.0,0.134266078,8.9,3.25,1.707825128,0,0.25,1.5,1,1,3.0,0,0,1,0,4.0,1,2,0,2,1,1,0,0,1,0,0,0,0,1,0,0,1,0,1,0
49,1,1,7482,16.8,2,4,3,4,5,3,54,1,1,7,19,1,7,3,3,0,0,0.5,0,0.5,3741.0,0.422211953,8.4,3.75,0.957427108,0,0.142857143,0.5,2,4,2.375,0,1,1,1,1.5,0,1,0,2,1,0,1,0,0,0,0,1,0,0,0,0,1,0,0,0
27,0,0,8795,13.5,1,3,3,3,3,5,22,1,0,57,150,5,7,3,6,0,0,0.0,0,0.0,8795.0,0.410284732,13.5,3.5,1.0,0,0.714285714,5.0,1,4,2.586206897,1,0,0,0,6.0,0,2,0,4,0,0,1,0,1,0,0,0,1,0,1,0,0,0,0,1
31,1,1,5249,15.0,1,3,4,3,4,3,31,1,1,30,80,2,5,3,4,0,0,0.5,0,1.0,5249.0,0.180532446,7.5,3.5,0.577350269,0,0.4,1.0,1,3,2.580645161,1,0,0,0,2.0,0,2,0,2,1,0,1,0,0,0,1,0,0,1,1,0,0,0,1,0
36,4,4,7437,18.9,3,3,1,4,4,1,22,0,0,4,11,4,4,4,6,1,0,0.8,0,1.333333333,2479.0,0.415742452,3.78,2.5,1.732050808,0,1.0,0.8,1,2,2.2,0,-1,0,0,1.2,0,2,0,1,0,1,0,0,0,0,0,1,1,0,0,1,0,0,1,1
59,3,0,10465,18.4,3,4,3,5,3,2,30,1,1,45,148,3,2,3,5,1,1,0.0,1,1.0,3488.333333,0.61892489,4.6,3.25,1.258305739,0,1.5,0.75,2,5,3.217391304,1,1,1,1,1.25,0,1,0,2,1,1,0,0,1,0,0,0,1,0,0,0,0,1,0,0
53,1,0,4654,14.4,1,3,2,3,2,5,6,0,0,11,42,4,7,3,2,0,1,0.0,1,1.0,4654.0,0.101913478,7.2,3.0,1.414213562,0,0.571428571,2.0,1,2,3.5,0,0,0,0,1.0,0,1,0,2,0,1,0,0,0,0,1,0,0,1,0,0,1,0,1,0
44,1,1,9269,15.5,3,2,3,3,5,4,35,0,0,3,9,4,15,3,7,1,0,0.5,0,0.333333333,3089.666667,0.569049734,7.75,3.75,0.957427108,0,0.266666667,2.0,1,1,2.25,0,-1,0,0,3.5,0,0,0,2,0,1,0,0,0,0,0,0,1,0,0,1,0,0,0,0
29,0,0,8855,9.3,2,2,2,3,3,3,41,1,0,3,12,3,5,4,7,0,0,0.0,0,0.0,4427.5,0.51642984,9.3,2.75,0.5,0,0.6,3.0,1,4,3.0,0,-2,0,0,7.0,0,0,0,3,0,1,0,0,0,0,0,0,1,0,1,0,0,0,1,0
43,2,1,10464,17.5,3,3,4,4,4,3,55,0,0,5,17,6,8,2,4,1,0,0.333333333,1,0.666666667,3488.0,0.87562396,5.833333333,3.75,0.5,0,0.75,2.0,0,1,2.833333333,0,1,0,1,1.333333333,0,0,0,2,0,0,1,0,0,0,1,0,0,1,0,1,0,0,0,0
36,1,1,9044,20.3,2,5,3,3,4,4,0,0,0,9,10,3,6,3,4,0,0,0.5,0,0.5,4522.0,0.4455081,10.15,3.5,0.577350269,0,0.5,1.5,0,0,1.0,0,2,1,1,2.0,0,1,0,2,0,0,1,0,1,0,0,0,1,0,0,1,0,0,0,0
44,5,3,12558,15.6,3,2,3,5,4,3,34,0,0,7,23,2,4,3,7,1,0,0.5,1,1.666666667,4186.0,0.812469318,2.6,3.75,0.957427108,0,0.5,0.333333333,1,1,2.875,0,-1,0,0,1.166666667,0,0,0,3,1,0,1,0,1,0,0,0,1,0,0,1,0,0,1,1
36,0,0,5272,13.0,1,3,2,2,5,2,35,1,0,9,34,2,12,3,10,0,0,0.0,0,0.0,5272.0,0.183860233,13.0,2.75,1.5,0,0.166666667,2.0,1,3,3.4,0,0,0,0,10.0,1,2,0,3,1,0,1,0,0,0,1,0,0,0,0,1,0,0,1,1
26,7,1,9895,11.2,4,4,3,2,1,3,30,0,0,26,56,1,2,4,8,1,0,0.125,1,1.75,2473.75,0.870065789,1.4,2.25,0.957427108,1,0.5,0.125,0,0,2.074074074,0,0,1,0,1.0,1,2,0,2,1,1,0,1,0,0,0,0,1,0,1,0,0,0,0,0
39,7,3,12734,15.1,3,3,4,4,3,3,35,0,0,8,26,3,15,4,2,1,0,0.375,1,2.333333333,4244.666667,0.875666075,1.8875,3.5,0.577350269,0,0.2,0.375,1,1,2.888888889,0,-1,0,0,0.25,0,0,0,3,1,0,1,0,0,0,0,0,1,0,0,1,0,0,0,0
37,1,0,5273,7.3,1,3,3,1,4,3,14,1,1,6,20,2,17,3,5,0,0,0.0,1,1.0,5273.0,0.112754159,3.65,2.75,1.258305739,0,0.117647059,1.0,1,3,2.857142857,0,0,0,0,2.5,0,1,0,1,0,0,1,0,0,0,0,1,0,1,0,1,0,0,1,0
29,0,0,6985,12.6,2,4,5,4,4,3,35,0,1,18,53,5,12,3,4,0,0,0.0,0,0.0,3492.5,0.247335702,12.6,4.0,0.816496581,0,0.416666667,5.0,1,1,2.789473684,0,1,1,1,4.0,0,1,0,1,1,0,1,0,0,0,0,0,1,0,1,0,0,0,1,1
29,2,2,10612,18.9,2,4,2,3,1,2,43,0,0,21,60,5,11,3,4,0,0,0.666666667,0,1.0,5306.0,0.813924831,6.3,2.0,0.816496581,1,0.454545455,1.666666667,1,1,2.727272727,0,1,1,1,1.333333333,0,1,0,3,0,0,1,0,0,0,0,1,1,0,1,0,0,0,0,0
18,0,0,8778,16.0,2,5,3,4,3,5,63,0,0,20,65,2,2,5,1,0,0,0.0,0,0.0,4389.0,0.738352745,16.0,3.75,0.957427108,0,1.0,2.0,1,2,3.095238095,1,0,1,0,1.0,0,1,0,3,1,0,1,0,0,0,1,0,0,0,0,0,0,0,0,0
41,2,2,8815,20.0,2,3,3,3,3,4,55,0,1,13,37,2,16,3,3,0,0,0.666666667,0,1.0,4407.5,0.412125675,6.666666667,3.25,0.5,0,0.125,0.666666667,0,0,2.642857143,0,0,0,0,1.0,0,1,0,2,0,0,1,0,1,0,0,0,1,0,0,1,0,0,1,1
38,5,4,10663,14.4,2,4,4,3,5,3,54,1,1,5,12,3,9,4,5,1,0,0.666666667,1,2.5,5331.5,0.853982301,2.4,3.75,0.957427108,0,0.333333333,0.5,1,3,2.0,0,0,1,0,0.833333333,0,0,0,4,1,1,0,0,0,1,0,0,1,0,0,1,0,0,0,1
50,2,2,7363,15.7,1,3,2,4,4,4,32,1,0,11,30,2,9,3,10,0,1,0.666666667,0,2.0,7363.0,0.21539028,5.233333333,3.5,1.0,0,0.222222222,0.666666667,2,4,2.5,0,0,0,0,3.333333333,1,2,0,3,1,0,1,0,1,0,0,0,1,0,0,0,1,0,1,0
38,4,2,13407,13.9,4,3,3,2,4,4,44,0,1,7,19,3,6,3,4,1,0,0.4,1,1.0,3351.75,0.905861456,2.78,3.25,0.957427108,0,0.5,0.6,1,1,2.375,0,0,0,0,0.8,0,0,0,3,1,0,1,0,0,0,0,0,1,0,0,1,0,0,0,0
33,1,1,3566,12.8,1,2,1,3,4,5,0,0,0,24,86,2,12,3,3,0,0,0.5,0,1.0,3566.0,0.028702163,6.4,3.25,1.707825128,0,0.166666667,1.0,1,1,3.44,1,-1,0,0,1.5,0,2,0,2,0,1,0,0,0,0,1,0,0,0,1,0,0,0,1,1
29,10,2,8586,10.3,4,3,3,2,4,3,10,0,0,25,74,7,6,5,5,1,0,0.181818182,1,2.5,2146.5,0.713810316,0.936363636,3.0,0.816496581,0,1.166666667,0.636363636,2,3,2.846153846,1,-2,0,0,0.454545455,0,1,0,1,0,1,0,0,0,0,1,0,0,0,1,0,0,0,0,0
30,1,0,8759,13.6,2,2,3,5,2,3,41,0,0,12,23,6,10,4,3,0,0,0.0,1,0.5,4379.5,0.503552398,6.8,3.25,1.258305739,0,0.6,3.0,2,3,1.769230769,0,-2,0,0,1.5,0,0,0,2,1,0,1,0,0,0,0,0,1,0,1,0,0,0,1,1
18,0,0,11076,12.8,3,4,3,2,3,3,21,0,1,8,23,6,16,4,5,1,0,0.0,0,0.0,3692.0,0.6880216,12.8,2.75,0.5,0,0.375,6.0,2,2,2.555555556,0,0,1,0,5.0,0,0,0,2,0,0,0,0,1,0,0,0,1,0,0,0,0,0,0,0
59,1,0,8238,10.8,3,3,3,3,3,4,53,1,0,18,65,3,4,2,5,1,1,0.0,1,0.333333333,2746.0,0.537892791,5.4,3.25,0.5,0,0.75,1.5,1,4,3.421052632,1,1,0,1,2.5,0,1,0,2,0,1,0,0,0,0,0,1,0,0,0,0,0,1,0,0
43,1,0,7744,17.4,1,5,3,4,2,2,72,0,1,41,150,2,5,2,8,1,0,0.0,1,1.0,7744.0,0.261659303,8.7,2.75,0.957427108,0,0.4,1.0,1,1,3.571428571,1,3,1,1,4.0,1,3,0,2,1,1,0,0,1,0,0,0,0,1,0,1,0,0,0,0
33,0,0,4260,14.4,1,4,2,5,4,4,21,0,0,31,68,5,8,3,4,1,0,0.0,0,0.0,4260.0,0.032963648,14.4,3.75,1.258305739,0,0.625,5.0,1,2,2.125,1,1,1,1,4.0,0,2,0,1,1,1,0,0,0,0,0,1,1,0,1,0,0,0,1,1
46,3,1,4462,13.8,1,2,3,4,3,5,28,0,0,30,74,5,5,3,7,0,0,0.25,1,3.0,4462.0,0.125822368,3.45,3.75,0.957427108,0,1.0,1.25,2,3,2.387096774,1,-1,0,0,1.75,0,2,0,3,0,1,0,1,0,0,0,0,1,0,0,0,1,0,1,1
40,0,0,7026,18.4,1,4,2,2,3,3,28,1,1,19,44,5,6,3,7,0,0,0.0,0,0.0,7026.0,0.478369384,18.4,2.5,0.577350269,0,0.833333333,5.0,1,4,2.2,0,1,1,1,7.0,0,1,0,3,1,0,1,0,0,0,1,0,0,1,0,1,0,0,0,0
53,2,0,11387,11.5,3,3,1,3,4,3,31,1,1,7,21,4,11,3,10,1,1,0.0,1,0.666666667,3795.666667,0.720790378,3.833333333,2.75,1.258305739,0,0.363636364,1.333333333,0,2,2.625,0,0,0,0,3.333333333,1,1,0,2,1,0,1,0,1,0,0,0,0,0,0,0,1,0,0,0
51,1,1,6275,8.4,1,3,3,3,3,4,10,0,0,7,25,6,7,3,6,0,1,0.5,0,1.0,6275.0,0.097201767,4.2,3.25,0.5,0,0.857142857,3.0,1,2,3.125,0,0,0,0,3.0,0,1,0,2,1,0,1,0,1,0,0,0,1,0,0,0,1,0,0,0
27,1,1,9619,14.3,3,4,3,1,4,3,20,1,0,9,20,7,9,4,4,1,0,0.5,0,0.333333333,3206.333333,0.718268638,7.15,2.75,1.258305739,0,0.777777778,3.5,2,5,2.0,0,0,1,0,2.0,0,0,0,2,1,0,1,0,0,0,0,1,1,0,1,0,0,0,0,0
56,4,0,5461,17.3,1,4,2,2,4,2,15,0,0,5,19,4,8,3,1,0,1,0.0,1,4.0,5461.0,0.216306156,3.46,2.5,1.0,0,0.5,0.8,1,1,3.166666667,0,1,1,1,0.2,0,1,0,2,1,0,1,0,0,0,1,0,1,0,0,0,0,1,1,1
41,2,2,4708,16.0,1,3,3,4,5,4,18,1,1,4,10,2,9,2,6,0,0,0.666666667,0,2.0,4708.0,0.106073211,5.333333333,4.0,0.816496581,0,0.222222222,0.666666667,1,3,2.0,0,1,0,1,2.0,0,1,0,2,0,1,0,0,0,0,1,0,1,0,0,1,0,0,0,0
45,15,10,12017,14.4,4,3,5,3,2,5,15,1,1,9,25,7,6,4,6,1,0,0.625,1,3.75,3004.25,0.831039076,0.9,3.75,1.5,0,1.166666667,0.4375,1,4,2.5,0,-1,0,0,0.375,0,1,0,2,0,0,1,0,0,0,0,0,1,0,0,0,1,0,0,0
35,2,1,10276,13.6,3,3,2,1,1,2,56,0,0,10,48,2,12,3,5,1,0,0.333333333,1,0.666666667,3425.333333,0.782655576,4.533333333,1.5,0.577350269,1,0.166666667,0.666666667,2,2,4.363636364,0,0,0,0,1.666666667,0,1,0,2,1,1,0,0,0,0,0,1,1,0,0,1,0,0,0,0
29,5,5,5466,12.0,1,1,4,2,1,2,21,1,1,24,93,2,2,4,7,0,0,0.833333333,0,5.0,5466.0,0.04197349,2.0,2.25,1.258305739,1,1.0,0.333333333,1,4,3.72,1,-3,0,0,1.166666667,0,4,1,1,1,1,0,0,1,0,0,0,0,0,1,0,0,0,1,1
23,0,0,7743,18.0,3,4,3,2,4,4,71,0,0,6,20,4,6,2,3,1,0,0.0,0,0.0,2581.0,0.595673877,18.0,3.25,0.957427108,0,0.666666667,4.0,1,2,2.857142857,0,2,1,1,3.0,0,0,0,2,1,0,1,0,0,0,1,0,1,0,0,0,0,0,0,0
39,13,11,17538,13.5,5,3,5,4,2,2,41,0,0,15,46,2,6,4,5,1,0,0.785714286,1,2.6,3507.6,0.972999509,0.964285714,3.25,1.5,0,0.333333333,0.142857143,1,1,2.875,0,-1,0,0,0.357142857,0,1,0,2,1,0,1,0,1,0,0,0,1,0,0,1,0,0,0,0
40,10,8,10256,14.9,3,3,2,4,3,4,49,1,0,16,61,1,13,3,8,1,0,0.727272727,1,3.333333333,3418.666667,0.779882933,1.354545455,3.25,0.957427108,0,0.076923077,0.090909091,1,3,3.588235294,1,0,0,0,0.727272727,1,3,0,2,0,0,1,0,0,0,0,1,1,0,0,1,0,0,0,0
30,0,0,5117,19.7,1,2,3,3,2,2,30,0,1,4,12,2,8,2,2,1,0,0.0,0,0.0,5117.0,0.206414474,19.7,2.5,0.577350269,0,0.25,2.0,1,1,2.4,0,0,0,0,2.0,0,1,0,3,1,0,0,1,0,0,0,0,1,0,1,0,0,0,1,1
33,5,0,4765,17.3,1,4,4,1,4,2,31,1,0,6,18,7,7,3,7,0,0,0.0,1,5.0,4765.0,0.113976705,2.883333333,2.75,1.5,0,1.0,1.166666667,1,4,2.571428571,0,1,1,1,1.166666667,0,1,0,2,0,0,1,0,0,0,1,0,1,0,1,0,0,0,1,1
43,4,2,9459,18.6,2,4,3,1,5,3,31,1,1,9,25,2,17,3,7,1,0,0.4,1,2.0,4729.5,0.800124792,3.72,3.0,1.632993162,0,0.117647059,0.4,1,3,2.5,0,1,1,1,1.4,0,0,0,3,1,0,0,0,0,0,1,0,1,0,0,1,0,0,1,1
38,3,0,6722,12.3,2,3,4,3,3,5,41,1,0,19,77,3,6,3,7,0,0,0.0,1,1.5,3361.0,0.295440542,3.075,3.75,0.957427108,0,0.5,0.75,1,3,3.85,1,0,0,0,1.75,0,2,0,2,0,0,1,0,0,0,0,1,0,1,0,1,0,0,0,1
22,2,0,5970,15.0,1,4,4,1,2,3,29,0,1,38,150,9,8,2,6,0,0,0.0,1,2.0,5970.0,0.124777975,5.0,2.5,1.290994449,0,1.125,3.0,1,2,3.846153846,1,2,1,1,2.0,0,2,0,1,0,0,1,0,0,0,0,0,1,0,0,0,0,0,1,1
43,15,7,10532,16.9,5,3,4,1,3,5,13,0,0,16,53,5,9,3,4,1,0,0.4375,1,3.0,2106.4,0.804374615,1.05625,3.25,1.707825128,0,0.555555556,0.3125,0,1,3.117647059,0,0,0,0,0.25,0,1,0,1,0,1,0,0,0,0,0,1,1,0,0,1,0,0,0,0
54,2,2,7288,19.8,2,4,3,2,3,3,25,1,0,21,61,7,7,3,5,1,1,0.666666667,0,1.0,3644.0,0.389402341,6.6,2.75,0.5,0,1.0,2.333333333,2,5,2.772727273,1,1,1,1,1.666666667,0,2,0,2,1,0,1,0,0,0,0,1,1,0,0,0,1,0,0,1
30,9,3,12725,19.8,3,3,5,3,4,1,42,0,1,29,80,5,4,2,5,1,0,0.3,1,3.0,4241.666667,0.924060382,1.98,3.25,1.707825128,0,1.25,0.5,1,2,2.666666667,1,1,0,1,0.5,0,1,0,3,0,1,0,0,0,0,0,1,1,0,1,0,0,0,0,0
26,5,3,8733,14.6,2,3,4,4,4,2,36,0,0,11,33,4,3,3,6,0,0,0.5,1,2.5,4366.5,0.498889876,2.433333333,3.5,1.0,0,1.333333333,0.666666667,2,3,2.75,0,0,0,0,1.0,0,1,0,2,0,1,0,0,0,0,0,0,1,0,1,0,0,0,1,1
48,3,2,8112,20.5,3,5,1,2,3,4,27,1,1,14,66,3,9,5,4,1,0,0.5,1,1.0,2704.0,0.514479359,5.125,2.5,1.290994449,0,0.333333333,0.75,2,4,4.4,1,0,1,0,1.0,0,1,0,2,1,0,1,0,0,0,0,1,1,0,0,0,1,0,0,0
37,11,11,10504,17.3,3,3,3,5,3,3,54,0,0,16,58,4,11,5,7,1,0,0.916666667,0,3.666666667,3501.333333,0.624202258,1.441666667,3.5,1.0,0,0.363636364,0.333333333,1,1,3.411764706,0,-2,0,0,0.583333333,0,1,0,1,0,1,0,0,1,0,0,0,0,0,0,1,0,0,0,0
35,1,0,7471,14.5,2,3,3,2,5,3,36,0,1,20,62,6,12,2,2,0,0,0.0,1,0.5,3735.5,0.420363524,7.25,3.25,1.258305739,0,0.5,3.0,1,1,2.952380952,1,1,0,1,1.0,0,2,0,2,1,0,1,0,0,0,0,1,1,0,0,1,0,0,1,0
60,14,8,9629,17.8,2,3,4,4,5,3,5,0,0,7,19,5,6,2,3,0,1,0.533333333,1,7.0,4814.5,0.814891847,1.186666667,4.0,0.816496581,0,0.833333333,0.333333333,1,2,2.375,0,1,0,1,0.2,0,1,0,2,0,0,1,0,0,0,1,0,1,0,0,0,0,1,1,1
33,10,5,9710,9.0,2,2,4,3,3,3,40,0,1,28,91,1,10,3,4,0,0,0.454545455,1,5.0,4855.0,0.629218472,0.818181818,3.25,0.5,0,0.1,0.090909091,0,0,3.137931034,1,-1,0,0,0.363636364,0,2,0,2,0,0,1,0,0,0,0,0,0,0,1,0,0,0,1,1
43,1,1,9682,18.9,2,4,1,4,2,5,4,0,1,24,82,1,6,3,8,0,0,0.5,0,0.5,4841.0,0.524054983,9.45,3.0,1.825741858,0,0.166666667,0.5,0,0,3.28,1,1,1,1,4.0,1,2,0,2,1,1,0,0,1,0,0,0,0,0,0,1,0,0,0,0
37,1,1,8701,15.8,2,4,2,5,3,2,21,0,0,19,52,5,8,4,5,0,0,0.5,0,0.5,4350.5,0.601355514,7.9,3.0,1.414213562,0,0.625,2.5,2,3,2.6,0,0,1,0,2.5,0,0,0,3,1,1,0,0,0,0,0,1,0,0,0,1,0,0,0,0
33,1,1,9572,13.7,3,3,4,3,4,4,28,0,1,29,103,2,4,2,5,1,0,0.5,0,0.333333333,3190.666667,0.712107209,6.85,3.75,0.5,0,0.5,1.0,1,1,3.433333333,1,1,0,1,2.5,0,1,0,2,0,0,0,0,0,0,0,1,0,1,1,0,0,0,0,0
38,2,2,6756,15.1,2,2,5,2,3,3,65,0,1,6,21,3,5,2,3,1,0,0.666666667,0,1.0,3378.0,0.142120766,5.033333333,3.25,1.258305739,0,0.6,1.0,0,1,3.0,0,0,0,0,1.0,0,1,0,1,1,1,0,0,1,0,0,0,1,0,0,1,0,0,1,1
40,2,2,7879,8.6,3,3,5,3,2,2,51,1,0,13,34,7,7,3,5,1,0,0.666666667,0,0.666666667,2626.333333,0.555309735,2.866666667,3.0,1.414213562,0,1.0,2.333333333,0,3,2.428571429,0,0,0,0,1.666666667,0,0,0,2,1,0,0,0,0,1,0,0,1,0,0,1,0,0,0,0
33,7,5,10324,17.8,3,4,2,3,3,4,19,1,1,7,24,2,10,5,9,1,0,0.625,1,2.333333333,3441.333333,0.602356406,2.225,3.0,0.816496581,0,0.2,0.25,1,3,3.0,0,-1,1,0,1.125,1,1,0,1,1,0,1,0,1,0,0,0,1,0,1,0,0,0,0,0
23,3,0,10234,13.0,3,4,4,4,3,3,42,0,1,26,88,5,9,4,8,1,0,0.0,1,1.0,3411.333333,0.860232945,3.25,3.5,0.577350269,0,0.555555556,1.25,0,1,3.259259259,1,0,1,0,2.0,1,2,0,3,1,0,1,0,0,0,1,0,1,0,0,0,0,0,0,0
35,0,0,4818,14.8,1,4,4,4,1,4,72,0,0,10,55,7,2,3,6,0,0,0.0,0,0.0,4818.0,0.171052632,14.8,3.25,1.5,0,3.5,7.0,1,2,5.0,0,1,1,1,6.0,0,1,0,2,1,1,0,1,0,0,0,0,1,0,0,1,0,0,0,1
34,1,1,5534,10.9,1,3,4,3,1,2,0,0,1,10,31,7,7,4,3,0,0,0.5,0,1.0,5534.0,0.278782895,5.45,2.5,1.290994449,0,1.0,3.5,1,2,2.818181818,0,-1,0,0,1.5,0,1,0,2,1,0,1,1,0,0,0,0,0,0,1,0,0,0,1,1
22,4,3,7740,14.9,2,3,1,2,3,3,22,0,0,8,31,3,7,4,3,1,0,0.6,1,2.0,3870.0,0.353241563,2.98,2.25,0.957427108,1,0.428571429,0.6,1,1,3.444444444,0,-1,0,0,0.6,0,2,0,1,1,0,0,0,0,0,0,0,0,0,0,0,0,0,1,1
27,0,0,5588,14.9,1,3,5,4,3,3,57,0,0,8,30,4,11,3,9,0,0,0.0,0,0.0,5588.0,0.147874307,14.9,3.75,0.957427108,0,0.363636364,4.0,2,2,3.333333333,0,0,0,0,9.0,1,2,0,3,0,0,1,0,0,0,0,1,0,0,1,0,0,0,0,1
48,2,2,8044,20.4,3,3,4,2,3,4,12,1,1,22,79,10,8,4,9,1,0,0.666666667,0,0.666666667,2681.333333,0.507085644,6.8,3.25,0.957427108,0,1.25,3.333333333,1,4,3.434782609,1,-1,0,0,3.0,1,2,0,1,1,0,1,0,0,0,0,1,1,0,0,0,1,0,0,0
32,1,0,6996,13.3,1,3,4,4,2,4,54,0,1,21,55,2,5,5,6,0,0,0.0,1,1.0,6996.0,0.249111901,6.65,3.5,1.0,0,0.4,1.0,2,2,2.5,0,-2,0,0,3.0,0,1,0,3,1,1,0,0,0,0,0,0,1,0,1,0,0,0,0,1
37,1,1,9266,13.6,2,2,1,5,5,3,35,0,1,6,13,2,5,4,5,0,0,0.5,0,0.5,4633.0,0.471158567,6.8,3.5,1.914854216,0,0.4,1.0,1,1,1.857142857,0,-2,0,0,2.5,0,1,0,3,1,1,0,0,1,0,0,0,1,0,0,1,0,0,1,1
33,7,7,11401,20.9,4,4,3,2,1,5,36,1,1,24,67,4,4,2,4,1,0,0.875,0,1.75,2850.25,0.722385862,2.6125,2.75,1.707825128,0,1.0,0.5,1,4,2.68,1,2,1,1,0.5,0,1,0,2,1,1,0,0,1,0,0,0,1,0,1,0,0,0,0,0
37,5,2,9295,14.0,3,3,4,3,2,4,32,1,0,15,44,12,3,3,8,1,0,0.333333333,1,1.666666667,3098.333333,0.788269551,2.333333333,3.25,0.957427108,0,4.0,2.0,2,5,2.75,0,0,0,0,1.333333333,1,1,0,3,0,1,0,0,0,0,1,0,1,0,0,1,0,0,0,0
25,7,4,14228,12.3,4,3,2,2,4,4,12,1,0,10,29,3,5,4,8,1,0,0.5,1,1.75,3557.0,0.896661757,1.5375,3.0,1.154700538,0,0.6,0.375,1,4,2.636363636,0,-1,0,0,1.0,1,2,0,2,1,1,0,0,1,0,0,0,1,0,1,0,0,0,0,0
39,2,0,7301,12.5,2,3,4,3,3,3,36,1,0,16,41,4,8,4,4,0,0,0.0,1,1.0,3650.5,0.390942699,4.166666667,3.25,0.5,0,0.5,1.333333333,0,2,2.411764706,0,-1,0,0,1.333333333,0,1,0,3,1,0,0,0,0,0,0,1,1,0,0,1,0,0,0,1
46,6,5,7583,13.9,1,4,3,2,4,3,40,0,0,8,22,4,8,4,4,0,0,0.714285714,1,6.0,7583.0,0.329040853,1.985714286,3.0,0.816496581,0,0.5,0.571428571,1,1,2.444444444,0,0,1,0,0.571428571,0,1,0,2,0,1,0,0,0,0,0,0,1,0,0,0,1,0,1,1
46,8,4,7104,13.9,2,3,3,4,4,3,57,0,0,8,26,8,11,3,6,0,0,0.444444444,1,4.0,3552.0,0.492304493,1.544444444,3.5,0.577350269,0,0.727272727,0.888888889,1,2,2.888888889,0,0,0,0,0.666666667,0,2,0,1,1,1,0,0,0,0,1,0,1,0,0,0,1,0,1,1
44,2,1,7572,13.8,2,3,1,5,3,3,31,0,1,16,78,4,10,5,6,1,0,0.333333333,1,1.0,3786.0,0.2425135,4.6,3.0,1.632993162,0,0.4,1.333333333,0,0,4.588235294,1,-2,0,0,2.0,0,2,0,2,0,0,1,0,1,0,0,0,1,0,0,1,0,0,0,0
18,0,0,8324,15.6,2,3,5,3,3,3,5,1,0,5,13,5,8,3,10,0,0,0.0,0,0.0,4162.0,0.552526186,15.6,3.5,1.0,0,0.625,5.0,1,4,2.166666667,0,0,0,0,10.0,1,1,0,3,0,1,0,0,0,0,0,1,1,0,0,0,0,0,0,0
44,7,0,4944,13.3,3,2,3,5,3,3,39,0,0,18,94,5,8,4,7,1,0,0.0,1,2.333333333,1648.0,0.184210526,1.6625,3.5,1.0,0,0.625,0.625,0,1,4.947368421,1,-2,0,0,0.875,0,2,0,1,1,0,1,1,0,0,0,0,1,0,0,1,0,0,1,1
34,1,0,6996,14.1,2,1,3,2,4,3,41,0,1,20,53,4,3,3,5,1,0,0.0,1,0.5,3498.0,0.550986842,7.05,3.0,0.816496581,0,1.333333333,2.0,2,3,2.523809524,0,-2,0,0,2.5,0,0,0,4,0,1,0,1,0,0,0,0,1,0,1,0,0,0,0,1
32,9,7,7323,13.6,3,3,4,2,3,4,16,1,0,9,29,5,12,4,10,1,0,0.7,1,3.0,2441.0,0.394947628,1.36,3.25,0.957427108,0,0.416666667,0.5,1,3,2.9,0,-1,0,0,1.0,1,3,0,1,1,1,0,0,0,0,0,1,1,0,1,0,0,0,0,0
33,1,1,6469,11.0,2,3,1,2,3,4,17,0,0,13,51,2,9,4,6,0,0,0.5,0,0.5,3234.5,0.307522124,5.5,2.5,1.290994449,0,0.222222222,1.0,1,1,3.642857143,0,-1,0,0,3.0,0,1,0,1,1,1,0,0,0,1,0,0,1,0,1,0,0,0,0,1
35,5,1,8322,8.1,3,3,3,3,3,3,54,0,1,21,64,3,12,3,6,1,0,0.166666667,1,1.666666667,2774.0,0.682612313,1.35,3.0,0.0,0,0.25,0.5,2,2,2.909090909,1,0,0,0,1.0,0,1,0,1,1,1,0,0,0,0,1,0,0,1,0,1,0,0,0,0
35,0,0,8743,21.9,2,5,4,3,2,3,55,1,0,7,23,3,5,4,9,0,0,0.0,0,0.0,4371.5,0.403289151,21.9,3.0,0.816496581,0,0.6,3.0,2,5,2.875,0,1,1,1,9.0,1,2,0,2,1,0,1,0,1,0,0,0,0,0,0,1,0,0,0,1
46,9,5,12494,17.6,4,3,3,3,4,3,38,0,0,17,53,2,2,2,2,1,0,0.5,1,2.25,3123.5,0.957154742,1.76,3.25,0.5,0,1.0,0.2,1,2,2.944444444,0,1,0,1,0.2,0,1,0,3,0,0,1,0,0,0,1,0,0,0,0,0,1,0,0,0
35,2,1,5622,14.9,1,3,2,4,5,3,18,0,0,9,23,5,9,2,6,0,0,0.333333333,1,2.0,5622.0,0.296052632,4.966666667,3.5,1.290994449,0,0.555555556,1.666666667,1,2,2.3,0,1,0,1,2.0,0,1,0,3,0,1,0,1,0,0,0,0,0,0,0,1,0,0,0,1
41,5,3,10539,9.9,4,2,1,4,4,3,16,0,0,14,46,4,6,3,3,1,0,0.5,1,1.25,2634.75,0.630093274,1.65,3.0,1.414213562,0,0.666666667,0.666666667,0,1,3.066666667,0,-1,0,0,0.5,0,0,0,1,0,1,0,0,1,0,0,0,1,0,0,1,0,0,0,0
28,10,8,12221,10.3,3,3,2,4,3,4,60,0,1,11,39,5,2,3,9,1,0,0.727272727,1,3.333333333,4073.666667,0.788905253,0.936363636,3.25,0.957427108,0,2.5,0.454545455,1,2,3.25,0,0,0,0,0.818181818,1,2,0,2,0,0,0,0,1,0,0,0,1,0,1,0,0,0,0,0
33,0,0,5591,17.4,1,3,2,3,3,2,0,0,1,7,34,2,15,4,5,0,0,0.0,0,0.0,5591.0,0.148182378,17.4,2.5,0.577350269,0,0.133333333,2.0,1,1,4.25,0,-1,0,0,5.0,0,1,0,2,1,1,0,0,0,0,0,1,0,0,1,0,0,0,1,0
52,8,1,16050,18.4,5,3,3,3,4,4,55,0,0,24,97,9,12,2,3,1,1,0.111111111,1,1.6,3210.0,0.971580817,2.044444444,3.5,0.577350269,0,0.75,1.0,2,3,3.88,1,1,0,1,0.333333333,0,1,0,3,1,1,0,0,0,0,0,0,1,0,0,0,1,0,0,0
35,8,0,7894,20.6,2,4,3,4,3,5,36,0,0,12,39,4,8,3,7,0,0,0.0,1,4.0,3947.0,0.283382425,2.288888889,3.75,0.957427108,0,0.5,0.444444444,2,2,3.0,0,1,1,1,0.777777778,0,1,0,1,1,0,1,0,1,0,0,0,1,0,0,1,0,0,1,1
41,2,1,11100,12.7,2,3,4,2,4,5,32,1,0,7,28,5,18,2,8,0,0,0.333333333,1,1.0,5550.0,0.690721649,4.233333333,3.75,1.258305739,0,0.277777778,1.666666667,0,2,3.5,0,1,0,1,2.666666667,1,1,0,4,0,0,0,0,1,0,0,0,1,0,0,1,0,0,0,0
48,2,0,8629,16.4,1,4,2,3,4,3,67,0,0,22,69,8,11,4,10,0,0,0.0,1,2.0,8629.0,0.488010657,5.466666667,3.0,0.816496581,0,0.727272727,2.666666667,0,1,3.0,1,0,1,0,3.333333333,1,3,0,2,1,1,0,0,0,0,0,0,1,0,0,0,1,0,1,0
52,4,0,9134,16.5,3,5,1,2,1,4,41,1,1,7,23,1,12,4,9,1,1,0.0,1,1.333333333,3044.666667,0.657116451,3.3,2.0,1.414213562,1,0.083333333,0.2,1,3,2.875,0,1,1,1,1.8,1,2,1,2,1,0,0,0,0,0,0,1,1,0,0,0,1,0,0,0
27,6,5,8438,18.1,2,5,3,4,3,4,44,1,0,21,59,3,6,3,5,0,0,0.714285714,1,3.0,4219.0,0.696339434,2.585714286,3.5,0.577350269,0,0.5,0.428571429,1,3,2.681818182,0,2,1,1,0.714285714,0,0,0,2,1,0,1,0,0,0,1,0,1,0,1,0,0,0,0,1
28,10,1,13501,14.5,5,5,4,2,2,3,51,0,1,23,60,3,11,4,4,1,0,0.090909091,1,2.0,2700.2,0.864752086,1.318181818,2.75,0.957427108,0,0.272727273,0.272727273,1,1,2.5,0,1,1,1,0.363636364,0,0,0,1,0,1,0,0,1,0,0,0,1,0,1,0,0,0,0,0
40,6,0,8527,17.9,2,3,4,4,1,4,28,0,0,12,33,5,9,3,1,0,0,0.0,1,3.0,4263.5,0.578866297,2.557142857,3.25,1.5,0,0.555555556,0.714285714,1,2,2.538461538,0,0,0,0,0.142857143,0,0,0,2,0,1,0,0,0,0,0,1,1,0,0,1,0,0,1,1
35,1,0,7573,10.5,2,2,3,2,4,3,31,0,1,15,46,5,12,3,6,0,0,0.0,1,0.5,3786.5,0.243004418,5.25,3.0,0.816496581,0,0.416666667,2.5,1,1,2.875,0,-1,0,0,3.0,0,1,0,2,0,1,0,0,1,0,0,0,1,0,0,1,0,0,1,1
59,0,0,3939,20.3,1,3,4,3,3,3,65,0,0,24,72,4,14,2,5,0,1,0.0,0,0.0,3939.0,0.003552398,20.3,3.25,0.5,0,0.285714286,4.0,2,2,2.88,1,1,0,1,5.0,0,2,0,2,0,1,0,0,0,0,0,0,1,0,0,0,0,1,0,0
24,5,5,10092,15.3,2,5,4,1,3,3,17,0,1,13,35,5,8,2,7,0,0,0.833333333,0,2.5,5046.0,0.760628466,2.55,2.75,1.258305739,0,0.625,0.833333333,1,2,2.5,0,3,1,1,1.166666667,0,1,0,3,0,1,0,0,0,0,0,1,1,0,0,0,0,0,1,1
39,3,1,6670,13.5,1,3,4,4,4,4,27,0,1,21,53,3,2,4,5,0,0,0.25,1,3.0,6670.0,0.133529701,3.375,4.0,0.0,0,1.5,0.75,1,2,2.409090909,0,-1,0,0,1.25,0,1,0,2,0,1,0,0,1,0,0,0,1,0,0,1,0,0,0,1
33,4,2,8665,14.1,2,4,5,2,3,3,11,0,0,13,61,2,5,4,9,0,0,0.4,1,2.0,4332.5,0.390770741,2.82,3.25,1.258305739,0,0.4,0.4,1,1,4.357142857,1,0,1,0,1.8,1,3,0,2,1,0,1,0,1,0,0,0,1,0,1,0,0,0,1,1
41,3,1,8732,14.1,3,5,3,3,3,4,28,0,0,27,109,3,2,3,7,1,0,0.25,1,1.0,2910.666667,0.605668515,3.525,3.25,0.5,0,1.5,0.75,2,3,3.892857143,1,2,1,1,1.75,0,1,0,2,0,0,1,0,0,0,0,1,1,0,0,1,0,0,0,0
38,4,3,8701,14.0,2,4,3,2,3,4,43,1,0,25,64,4,17,3,4,0,0,0.6,1,2.0,4350.5,0.39592538,2.8,3.0,0.816496581,0,0.235294118,0.8,0,2,2.461538462,1,1,1,1,0.8,0,2,0,2,1,1,0,0,1,0,0,0,1,0,0,1,0,0,1,1
32,6,1,8927,14.0,3,3,3,3,3,4,28,0,0,19,72,4,8,3,6,1,0,0.142857143,1,2.0,2975.666667,0.630314233,2.0,3.25,0.5,0,0.5,0.571428571,1,1,3.6,1,0,0,0,0.857142857,0,1,0,1,1,1,0,0,0,0,0,1,0,0,1,0,0,0,0,0
35,8,0,8441,20.2,3,3,4,2,4,4,56,1,0,12,39,7,10,3,10,1,0,0.0,1,2.666666667,2813.666667,0.696963394,2.244444444,3.5,1.0,0,0.7,0.777777778,1,4,3.0,0,0,0,0,1.111111111,1,1,0,2,1,1,0,0,0,0,1,0,1,0,0,1,0,0,0,0
26,3,3,12599,14.4,3,3,1,4,2,4,36,1,0,14,44,3,2,3,8,1,0,0.75,0,1.0,4199.666667,0.814555719,3.6,2.75,1.5,0,1.5,0.75,1,4,2.933333333,0,0,0,0,2.0,1,1,0,3,1,1,0,0,1,0,0,0,1,0,1,0,0,0,0,0
50,2,1,6611,15.4,2,3,1,4,4,3,10,1,0,23,100,8,6,3,8,1,1,0.333333333,1,1.0,3305.5,0.329922566,5.133333333,3.0,1.414213562,0,1.333333333,2.666666667,0,3,4.166666667,1,0,0,0,2.666666667,1,3,0,2,0,1,0,0,0,1,0,0,1,0,0,0,1,0,1,0
42,8,5,9109,20.2,2,3,2,3,4,4,34,0,0,24,86,3,9,3,6,0,0,0.555555556,1,4.0,4554.5,0.453853706,2.244444444,3.25,0.957427108,0,0.333333333,0.333333333,2,2,3.44,1,0,0,0,0.666666667,0,3,0,2,0,0,1,0,1,0,0,0,1,0,0,1,0,0,1,1
38,12,6,14602,12.4,4,4,2,2,4,4,14,0,0,4,13,5,2,5,3,1,0,0.461538462,1,3.0,3650.5,0.913107511,0.953846154,3.0,1.154700538,0,2.5,0.384615385,0,1,2.6,0,-1,1,0,0.230769231,0,0,0,2,0,1,0,0,1,0,0,0,1,0,0,1,0,0,0,0
36,17,16,12350,8.4,5,1,3,3,3,3,13,0,1,22,85,5,7,4,8,1,0,0.888888889,1,3.4,2470.0,0.952995008,0.466666667,3.0,0.0,0,0.714285714,0.277777778,1,2,3.695652174,1,-3,0,0,0.444444444,1,3,0,2,1,1,0,0,0,0,1,0,1,0,0,1,0,0,0,0
40,4,1,7386,13.4,2,3,3,2,4,4,38,1,1,19,71,6,8,4,11,0,0,0.2,1,2.0,3693.0,0.406346272,2.68,3.25,0.957427108,0,0.75,1.2,2,5,3.55,1,-1,0,0,2.2,1,3,0,3,1,0,1,0,0,0,0,1,1,0,0,1,0,0,1,1
29,4,2,6745,11.6,2,3,3,3,4,3,38,0,0,16,51,2,4,2,2,0,0,0.4,1,2.0,3372.5,0.212255773,2.32,3.25,0.5,0,0.5,0.4,1,1,3.0,0,1,0,1,0.4,0,1,0,1,0,1,0,0,0,0,0,0,0,0,1,0,0,0,1,1
31,2,2,5464,11.7,1,3,5,1,5,5,65,0,0,23,78,3,7,4,6,0,0,0.666666667,0,2.0,5464.0,0.079040853,3.9,4.0,2.0,0,0.428571429,1.0,0,0,3.25,1,-1,0,0,2.0,0,2,0,1,0,1,0,0,0,0,0,0,1,0,1,0,0,0,1,0
48,6,3,9448,16.0,3,2,4,3,5,1,36,0,1,24,93,2,9,4,2,1,0,0.428571429,1,2.0,3149.333333,0.752212389,2.285714286,3.25,1.707825128,0,0.222222222,0.285714286,1,1,3.72,1,-2,0,0,0.285714286,0,1,0,3,1,1,0,0,0,1,0,0,1,0,0,0,1,0,1,1
43,25,11,15185,21.2,5,4,2,4,1,5,36,0,0,9,21,5,2,3,7,1,0,0.423076923,1,5.0,3037.0,0.976124461,0.815384615,3.0,1.825741858,0,2.5,0.192307692,0,1,2.1,0,1,1,1,0.269230769,0,1,0,2,0,1,0,0,0,0,0,1,1,0,0,1,0,0,0,0
56,16,0,20076,11.3,5,2,4,5,2,2,63,0,0,41,107,2,7,2,9,1,1,0.0,1,3.2,4015.2,0.994845361,0.664705882,3.25,1.5,0,0.285714286,0.117647059,0,0,2.547619048,1,0,0,0,0.529411765,1,2,0,3,1,1,0,0,1,0,0,0,1,0,0,0,0,1,1,0
47,7,3,6867,13.7,2,2,5,4,4,3,46,0,0,16,50,4,19,1,4,0,0,0.375,1,3.5,3433.5,0.157093765,1.7125,4.0,0.816496581,0,0.210526316,0.5,1,1,2.941176471,0,1,0,1,0.5,0,1,0,1,1,1,0,0,1,0,0,0,1,0,0,0,1,0,1,1
43,0,0,7482,9.9,3,3,3,3,2,3,41,0,1,36,125,2,6,4,4,1,0,0.0,0,0.0,2494.0,0.422211953,9.9,2.75,0.5,0,0.333333333,2.0,0,0,3.378378378,1,-1,0,0,4.0,0,2,0,1,1,1,0,0,0,0,0,1,1,0,0,1,0,0,0,0
30,5,0,6231,16.4,2,4,4,1,3,4,43,0,0,24,82,5,2,2,4,0,0,0.0,1,2.5,3115.5,0.226432532,2.733333333,3.0,1.414213562,0,2.5,0.833333333,2,3,3.28,1,2,1,1,0.666666667,0,2,0,2,1,0,1,0,0,0,0,1,1,0,1,0,0,0,1,1
30,5,2,6500,17.8,2,3,2,3,4,3,44,0,0,8,23,4,10,4,3,0,0,0.333333333,1,2.5,3250.0,0.115120275,2.966666667,3.0,0.816496581,0,0.4,0.666666667,1,1,2.555555556,0,-1,0,0,0.5,0,1,0,2,1,1,0,0,1,0,0,0,1,0,1,0,0,0,1,1
26,8,7,7356,14.1,2,2,4,5,3,4,7,0,0,27,58,6,16,3,6,1,0,0.777777778,1,4.0,3678.0,0.535357737,1.566666667,4.0,0.816496581,0,0.375,0.666666667,0,0,2.071428571,0,-1,0,0,0.666666667,0,1,0,2,1,1,0,0,0,0,1,0,1,0,1,0,0,0,1,1
45,7,3,11576,16.4,4,4,3,1,3,3,33,0,0,17,58,6,10,4,8,1,0,0.375,1,1.75,2894.0,0.91039823,2.05,2.5,1.0,0,0.6,0.75,2,3,3.222222222,0,0,1,0,1.0,1,1,0,3,1,0,1,0,0,1,0,0,1,0,0,0,1,0,0,0
32,11,10,7132,15.7,3,3,4,2,5,4,31,1,1,7,25,5,6,3,6,1,0,0.833333333,1,3.666666667,2377.333333,0.428373894,1.308333333,3.75,1.258305739,0,0.833333333,0.416666667,0,3,3.125,0,0,0,0,0.5,0,2,0,1,1,0,1,0,0,1,0,0,1,0,1,0,0,0,1,1
26,6,4,12312,19.2,3,5,3,4,5,2,39,0,0,15,48,2,6,2,4,1,0,0.571428571,1,2.0,4104.0,0.951331115,2.742857143,3.5,1.290994449,0,0.333333333,0.285714286,0,0,3.0,0,3,1,1,0.571428571,0,1,0,3,0,0,1,0,0,0,1,0,1,0,1,0,0,0,0,0
32,5,4,11315,10.8,3,3,4,3,3,3,28,1,1,20,46,4,13,3,4,1,0,0.666666667,1,1.666666667,3771.666667,0.713549337,1.8,3.25,0.5,0,0.307692308,0.666666667,2,4,2.19047619,0,0,0,0,0.666666667,0,1,0,1,1,1,0,0,1,0,0,0,1,0,1,0,0,0,0,0
29,2,1,8673,13.1,3,3,2,3,3,3,9,1,1,21,63,2,8,1,5,1,0,0.333333333,1,0.666666667,2891.0,0.660951327,4.366666667,2.75,0.5,0,0.25,0.666666667,0,2,2.863636364,1,2,0,1,1.666666667,0,1,0,2,1,1,0,0,0,1,0,0,1,0,1,0,0,0,0,0
39,16,14,11850,9.8,5,1,4,5,4,5,35,0,1,15,42,2,11,3,6,1,0,0.823529412,1,3.2,2370.0,0.940515807,0.576470588,4.5,0.577350269,0,0.181818182,0.117647059,0,0,2.625,0,-2,0,0,0.352941176,0,1,0,2,0,1,0,0,0,0,1,0,0,1,0,1,0,0,0,1
42,7,7,13988,15.2,4,4,4,4,1,3,55,1,1,8,23,1,10,3,6,1,0,0.875,0,1.75,3497.0,0.924067496,1.9,3.0,1.414213562,0,0.1,0.125,1,3,2.555555556,0,1,1,1,0.75,0,0,0,3,1,0,1,0,0,0,0,0,0,1,0,1,0,0,0,0
31,12,1,9981,11.7,4,2,4,3,3,4,48,0,1,11,42,3,4,3,5,1,0,0.076923077,1,3.0,2495.25,0.813606195,0.9,3.5,0.577350269,0,0.75,0.230769231,0,1,3.5,0,-1,0,0,0.384615385,0,0,0,1,1,1,0,0,0,1,0,0,1,0,1,0,0,0,0,0
51,2,0,6843,14.4,2,5,2,5,2,2,6,0,0,8,32,3,10,2,0,1,1,0.0,1,1.0,3421.5,0.518092105,4.8,2.75,1.5,0,0.3,1.0,1,1,3.555555556,0,3,1,1,0.0,0,0,0,3,1,1,0,1,0,0,0,0,0,0,0,0,1,0,0,0
38,5,1,5393,12.9,1,3,3,2,3,5,38,1,1,11,44,1,12,4,9,0,0,0.166666667,1,5.0,5393.0,0.203202995,2.15,3.25,1.258305739,0,0.083333333,0.166666667,1,3,3.666666667,0,-1,0,0,1.5,1,2,0,2,1,0,0,0,0,0,1,0,1,0,0,1,0,0,1,1
37,0,0,4520,9.5,1,2,2,4,3,2,7,1,0,32,81,3,11,4,4,0,0,0.0,0,0.0,4520.0,0.131578947,9.5,2.75,0.957427108,0,0.272727273,3.0,1,3,2.454545455,1,-2,0,0,4.0,0,2,0,3,1,1,0,1,0,0,0,0,1,0,0,1,0,0,1,1
18,0,0,7000,18.5,2,4,3,1,3,2,20,0,1,13,63,4,7,3,11,0,0,0.0,0,0.0,3500.0,0.335027726,18.5,2.25,0.957427108,1,0.571428571,4.0,1,2,4.5,1,1,1,1,11.0,1,4,0,1,1,1,0,0,0,0,0,1,0,1,0,0,0,0,1,1
31,6,1,9448,20.9,2,4,2,5,4,5,55,1,1,43,121,6,17,5,6,1,0,0.142857143,1,3.0,4724.0,0.491654394,2.985714286,4.0,1.414213562,0,0.352941176,0.857142857,1,3,2.75,1,-1,1,0,0.857142857,0,2,0,2,0,1,0,0,1,0,0,0,1,0,1,0,0,0,1,1
60,8,7,15589,12.6,3,2,4,3,3,2,46,0,0,4,11,3,12,4,4,1,1,0.777777778,1,2.666666667,5196.333333,0.940353461,1.4,3.0,0.816496581,0,0.25,0.333333333,0,0,2.2,0,-2,0,0,0.444444444,0,1,0,4,1,1,0,0,1,0,0,0,1,0,0,0,0,1,0,1
28,2,1,10480,16.9,2,3,5,4,5,4,41,0,1,15,54,6,7,3,6,1,0,0.333333333,1,1.0,5240.0,0.8781198,5.633333333,4.5,0.577350269,0,0.857142857,2.0,1,2,3.375,0,0,0,0,2.0,0,0,0,4,1,1,0,0,0,0,1,0,0,0,1,0,0,0,0,0
25,0,0,5363,6.4,1,2,4,3,4,5,65,0,1,2,8,4,2,3,6,0,0,0.0,0,0.0,5363.0,0.124152803,6.4,4.0,0.816496581,0,2.0,4.0,1,2,2.666666667,0,-1,0,0,6.0,0,1,0,3,0,0,1,0,0,0,0,1,1,0,1,0,0,0,1,1
39,6,5,9688,12.8,2,3,2,2,4,4,16,0,0,28,62,4,11,3,6,1,0,0.714285714,1,3.0,4844.0,0.722119532,1.828571429,3.0,1.154700538,0,0.363636364,0.571428571,2,2,2.137931034,1,0,0,0,0.857142857,0,2,0,4,1,1,0,0,0,0,0,1,1,0,0,1,0,0,1,1
46,3,3,9530,11.0,3,3,3,5,3,1,26,0,1,2,9,3,9,4,8,1,0,0.75,0,1.0,3176.666667,0.503436426,2.75,3.0,1.632993162,0,0.333333333,0.75,1,1,3.0,0,-1,0,0,2.0,1,1,0,2,1,1,0,0,1,0,0,0,1,0,0,0,1,0,0,0
38,2,0,6586,15.9,2,3,4,3,4,4,38,0,1,5,17,3,6,3,8,0,0,0.0,1,1.0,3293.0,0.398086522,5.3,3.75,0.5,0,0.5,1.0,1,1,2.833333333,0,0,0,0,2.666666667,1,2,0,2,1,0,0,0,0,0,1,0,0,1,0,1,0,0,1,1
38,4,0,6612,17.9,2,2,1,1,4,4,0,0,0,25,80,2,11,3,5,0,0,0.0,1,2.0,3306.0,0.282655576,3.58,2.5,1.732050808,0,0.181818182,0.4,1,1,3.076923077,1,-1,0,0,1.0,0,2,0,3,0,1,0,0,0,0,0,1,1,0,0,1,0,0,1,1
31,0,0,7096,9.6,2,1,2,5,2,3,46,0,0,13,21,3,6,4,5,1,0,0.0,0,0.0,3548.0,0.264653641,9.6,3.0,1.414213562,0,0.5,3.0,0,0,1.5,0,-3,0,0,5.0,0,1,0,3,0,0,1,0,0,0,0,0,1,0,1,0,0,0,1,1
53,1,0,6102,11.5,1,1,2,3,2,3,28,0,0,6,16,4,12,3,4,0,1,0.0,1,1.0,6102.0,0.323627288,5.75,2.5,0.577350269,0,0.333333333,2.0,2,2,2.285714286,0,-2,0,0,2.0,0,1,0,2,0,0,1,0,0,0,1,0,1,0,0,0,1,0,1,1
43,3,3,3683,21.2,1,3,3,2,5,3,44,0,0,16,50,3,6,3,3,0,0,0.75,0,3.0,3683.0,0.03327787,5.3,3.25,1.258305739,0,0.5,0.75,0,0,2.941176471,0,0,0,0,0.75,0,1,0,1,1,0,0,0,0,0,1,0,0,1,0,1,0,0,0,0
40,5,5,6418,14.4,2,2,4,4,2,3,10,0,1,10,41,5,7,2,4,0,0,0.833333333,0,2.5,3209.0,0.373544093,2.4,3.25,0.957427108,0,0.714285714,0.833333333,2,3,3.727272727,0,0,0,0,0.666666667,0,2,0,2,1,0,0,0,0,0,1,0,1,0,0,1,0,0,1,1
51,2,2,7792,16.3,2,2,2,3,4,3,16,0,0,12,51,1,4,3,9,0,1,0.666666667,0,1.0,3896.0,0.602745424,5.433333333,3.0,0.816496581,0,0.25,0.333333333,0,0,3.923076923,0,-1,0,0,3.0,1,1,0,3,1,1,0,0,0,0,1,0,1,0,0,0,1,0,0,1
33,7,3,7741,17.2,2,4,2,4,5,3,39,0,1,33,141,3,10,3,4,1,0,0.375,1,3.5,3870.5,0.353907638,2.15,3.5,1.290994449,0,0.3,0.375,1,1,4.147058824,1,1,1,1,0.5,0,2,0,1,1,1,0,0,0,0,0,0,0,0,1,0,0,0,1,1
53,10,7,14485,11.7,4,3,3,3,3,4,44,1,0,11,33,5,7,4,5,1,1,0.636363636,1,2.5,3621.25,0.986172566,1.063636364,3.25,0.5,0,0.714285714,0.454545455,1,4,2.75,0,-1,0,0,0.454545455,0,1,0,3,1,0,1,0,0,1,0,0,1,0,0,0,1,0,0,0
35,1,1,5264,15.2,1,4,5,3,3,4,33,1,0,8,32,2,5,1,9,0,0,0.5,0,1.0,5264.0,0.182612313,7.6,3.75,0.957427108,0,0.4,1.0,1,3,3.555555556,0,3,1,1,4.5,1,2,0,3,1,1,0,0,0,0,1,0,1,0,0,1,0,0,1,1
33,4,3,8303,21.1,2,3,4,4,4,3,39,0,0,4,14,3,11,1,5,0,0,0.6,1,2.0,4151.5,0.339469809,4.22,3.75,0.5,0,0.272727273,0.6,2,2,2.8,0,2,0,1,1.0,0,1,0,2,1,1,0,0,1,0,0,0,1,0,1,0,0,0,1,1
35,12,9,12870,16.2,5,3,2,3,1,3,18,0,1,15,43,5,10,4,11,1,0,0.692307692,1,2.4,2574.0,0.974506579,1.246153846,2.25,0.957427108,1,0.5,0.384615385,0,0,2.6875,0,-1,0,0,0.846153846,1,3,0,2,0,0,0,1,0,0,0,0,1,0,0,1,0,0,0,0
46,21,13,15293,7.8,4,4,4,5,3,5,12,0,1,23,73,4,13,4,7,1,0,0.590909091,1,5.25,3823.25,0.934462445,0.354545455,4.25,0.957427108,0,0.307692308,0.181818182,2,2,3.041666667,1,0,1,0,0.318181818,0,2,0,2,1,0,1,0,1,0,0,0,0,1,0,0,1,0,0,0
45,13,11,12360,19.5,4,3,3,3,3,2,53,0,1,17,42,4,6,3,6,1,0,0.785714286,1,3.25,3090.0,0.953826955,1.392857143,2.75,0.5,0,0.666666667,0.285714286,0,1,2.333333333,0,0,0,0,0.428571429,0,1,0,3,0,0,1,0,0,0,1,0,1,0,0,0,1,0,0,0
51,4,1,9232,16.9,3,3,5,4,2,1,12,0,0,16,59,4,2,4,3,1,1,0.2,1,1.333333333,3077.333333,0.78140599,3.38,3.0,1.825741858,0,2.0,0.8,1,2,3.470588235,0,-1,0,0,0.6,0,0,0,3,0,1,0,0,0,0,1,0,1,0,0,0,1,0,0,0
26,7,5,10065,10.4,3,2,3,4,2,3,27,1,0,20,54,3,13,3,6,1,0,0.625,1,2.333333333,3355.0,0.571551301,1.3,3.0,0.816496581,0,0.230769231,0.375,1,3,2.571428571,0,-1,0,0,0.75,0,1,0,1,1,1,0,0,1,0,0,0,1,0,1,0,0,0,1,1
22,4,1,11766,12.7,3,3,5,4,3,4,19,1,0,9,36,1,9,4,5,1,0,0.2,1,1.333333333,3922.0,0.754663721,2.54,4.0,0.816496581,0,0.111111111,0.2,1,3,3.6,0,-1,0,0,1.0,0,0,0,2,1,0,0,0,1,0,0,0,1,0,0,0,0,0,0,0
26,7,6,12243,8.4,4,3,3,2,2,2,49,1,0,18,58,4,11,3,5,1,0,0.75,1,1.75,3060.75,0.845914742,1.05,2.25,0.5,1,0.363636364,0.5,0,2,3.052631579,0,0,0,0,0.625,0,2,1,2,1,1,0,0,0,0,0,0,1,0,1,0,0,0,0,0
30,2,1,7237,14.8,1,4,1,3,3,1,55,0,0,3,13,4,12,3,3,0,0,0.333333333,1,2.0,7237.0,0.515391015,4.933333333,2.0,1.154700538,1,0.333333333,1.333333333,1,1,3.25,0,1,1,1,1.0,0,1,0,4,1,1,0,0,0,0,1,0,1,0,1,0,0,0,0,0
30,2,2,7004,13.9,2,4,4,2,4,1,61,1,0,7,22,3,9,4,9,0,0,0.666666667,0,1.0,3502.0,0.336105977,4.633333333,2.75,1.5,0,0.333333333,1.0,0,2,2.75,0,0,1,0,3.0,1,2,0,2,0,0,0,0,0,0,0,1,0,0,1,0,0,0,1,1
30,5,5,11607,10.3,4,1,3,4,3,3,7,1,0,14,49,2,11,3,5,1,0,0.833333333,0,1.25,2901.75,0.74018164,1.716666667,3.25,0.5,0,0.181818182,0.333333333,1,3,3.266666667,0,-2,0,0,0.833333333,0,1,0,2,0,0,1,0,1,0,0,0,1,0,1,0,0,0,1,1
34,10,8,14632,18.1,3,2,3,4,3,3,40,1,0,19,67,5,2,3,5,1,0,0.727272727,1,3.333333333,4877.333333,0.944493783,1.645454545,3.25,0.5,0,2.5,0.454545455,1,4,3.35,1,-1,0,0,0.454545455,0,2,0,4,1,1,0,0,0,0,0,0,0,1,1,0,0,0,0,0
33,7,0,8243,14.9,2,4,3,4,3,4,6,0,1,6,14,3,6,4,8,0,0,0.0,1,3.5,4121.5,0.608960177,1.8625,3.5,0.577350269,0,0.5,0.375,1,1,2.0,0,0,1,0,1.0,1,1,0,3,0,0,1,0,0,1,0,0,1,0,1,0,0,0,1,1
29,9,6,11162,14.4,4,5,4,4,3,3,9,1,0,23,38,4,8,4,10,1,0,0.6,1,2.25,2790.5,0.850585336,1.44,3.5,0.577350269,0,0.5,0.4,1,3,1.583333333,0,1,1,1,1.0,1,2,0,2,0,0,1,0,0,0,0,1,1,0,1,0,0,0,0,0
45,2,2,8955,21.5,2,5,2,3,2,4,31,1,0,10,37,5,6,5,9,1,0,0.666666667,0,1.0,4477.5,0.535079929,7.166666667,2.75,0.957427108,0,0.833333333,1.666666667,2,5,3.363636364,0,0,1,0,3.0,1,1,0,2,1,1,0,0,0,0,0,0,0,0,0,0,1,0,0,0
49,2,1,8632,13.0,2,3,3,1,4,2,9,0,0,14,61,5,11,3,4,0,0,0.333333333,1,1.0,4316.0,0.657079646,4.333333333,2.5,1.290994449,0,0.454545455,1.666666667,2,2,4.066666667,1,0,0,0,1.333333333,0,1,0,3,0,1,0,0,0,1,0,0,0,1,0,0,1,0,0,0
51,0,0,7491,13.3,2,3,3,4,2,4,41,0,0,18,46,4,7,3,3,0,1,0.0,0,0.0,3745.5,0.232817869,13.3,3.25,0.957427108,0,0.571428571,4.0,1,2,2.421052632,0,0,0,0,3.0,0,1,0,2,0,0,1,0,1,0,0,0,1,0,0,0,1,0,0,1
41,6,5,11561,18.5,2,3,5,4,2,3,38,1,0,23,52,7,9,2,4,0,0,0.714285714,1,3.0,5780.5,0.736254296,2.642857143,3.5,1.290994449,0,0.777777778,1.0,1,4,2.166666667,0,1,0,1,0.571428571,0,1,0,4,1,0,1,0,1,0,0,0,1,0,0,1,0,0,1,1
43,16,13,15457,16.5,5,3,4,3,3,3,10,1,1,26,81,6,10,3,4,1,0,0.764705882,1,3.2,3091.4,0.960923623,0.970588235,3.25,0.5,0,0.6,0.352941176,1,4,3.0,1,0,0,0,0.235294118,0,2,0,2,1,1,0,0,0,0,0,0,0,0,0,1,0,0,0,0
26,4,3,7338,12.0,1,3,4,4,3,1,20,0,1,27,82,1,5,3,7,1,0,0.6,1,4.0,7338.0,0.396487985,2.4,3.0,1.414213562,0,0.2,0.2,2,2,2.928571429,1,0,0,0,1.4,0,2,0,2,1,0,1,0,0,0,0,1,1,0,1,0,0,0,1,1
39,13,1,12737,13.0,4,3,4,3,4,3,37,0,0,24,59,2,8,4,6,1,0,0.071428571,1,3.25,3184.25,0.924984596,0.928571429,3.5,0.577350269,0,0.25,0.142857143,1,1,2.36,0,-1,0,0,0.428571429,0,0,0,2,1,1,0,0,0,0,0,1,1,0,0,1,0,0,0,0
38,20,7,18087,15.2,5,2,4,3,4,5,11,0,1,9,28,5,3,3,7,1,0,0.333333333,1,4.0,3617.4,0.979381443,0.723809524,4.0,0.816496581,0,1.666666667,0.238095238,2,3,2.8,0,-1,0,0,0.333333333,0,1,0,2,1,0,0,0,1,0,0,0,1,0,0,1,0,0,1,1
47,8,8,9137,16.6,2,4,2,1,5,2,23,1,1,22,74,4,4,3,4,0,0,0.888888889,0,4.0,4568.5,0.456921944,1.844444444,2.5,1.732050808,0,1.0,0.444444444,0,3,3.217391304,1,1,1,1,0.444444444,0,3,0,2,1,1,0,0,1,0,0,0,1,0,0,0,1,0,1,1
55,26,9,14030,19.2,5,3,2,2,3,3,35,0,1,5,13,3,2,4,6,1,1,0.333333333,1,5.2,2806.0,0.986272879,0.711111111,2.5,0.577350269,0,1.5,0.111111111,1,2,2.166666667,0,-1,0,0,0.222222222,0,1,0,2,0,1,0,0,0,0,1,0,1,0,0,0,0,1,0,0
44,7,3,5636,13.0,3,3,2,5,4,4,0,1,1,27,81,1,8,3,7,1,0,0.375,1,2.333333333,1878.666667,0.245008319,1.625,3.75,1.258305739,0,0.125,0.125,1,3,2.892857143,1,0,0,0,0.875,0,2,0,1,1,1,0,0,0,0,1,0,0,1,0,1,0,0,0,0
30,6,2,8936,21.7,4,4,2,4,5,4,49,0,0,22,84,6,9,5,5,1,0,0.285714286,1,1.5,2234.0,0.799342105,3.1,3.75,1.258305739,0,0.666666667,0.857142857,0,1,3.652173913,1,-1,1,0,0.714285714,0,1,0,1,0,0,1,1,0,0,0,0,0,0,1,0,0,0,0,0
18,0,0,3901,12.6,1,3,3,3,2,5,23,1,0,2,5,5,5,4,8,0,0,0.0,0,0.0,3901.0,0.003436426,12.6,3.25,1.258305739,0,1.0,5.0,1,4,1.666666667,0,-1,0,0,8.0,1,2,0,2,1,1,0,0,1,0,0,0,0,1,0,0,0,0,0,0
47,8,4,6966,20.1,2,4,4,3,3,3,65,0,0,11,40,4,9,3,3,0,0,0.444444444,1,4.0,3483.0,0.395188053,2.233333333,3.25,0.5,0,0.444444444,0.444444444,0,0,3.333333333,0,1,1,1,0.333333333,0,2,0,2,1,1,0,0,0,1,0,0,1,0,0,0,1,0,1,1
51,0,0,6061,17.4,1,4,3,3,5,4,18,0,0,37,123,4,4,5,6,0,1,0.0,0,0.0,6061.0,0.134547069,17.4,3.75,0.957427108,0,1.0,4.0,2,3,3.236842105,1,-1,1,0,6.0,0,2,0,2,1,0,1,0,0,0,0,0,1,0,0,0,1,0,1,0
20,2,0,5310,15.4,1,3,5,3,3,3,62,1,0,13,46,5,9,4,4,1,0,0.0,1,2.0,5310.0,0.115988909,5.133333333,3.5,1.0,0,0.555555556,1.666666667,0,3,3.285714286,0,-1,0,0,1.333333333,0,1,0,2,1,0,1,0,0,0,0,1,1,0,0,0,0,0,1,1
20,2,0,7837,17.1,3,4,3,4,2,3,47,0,1,27,57,4,13,3,4,1,0,0.0,1,0.666666667,2612.333333,0.477202711,5.7,3.0,0.816496581,0,0.307692308,1.333333333,1,1,2.035714286,0,1,1,1,1.333333333,0,1,0,1,0,0,0,0,0,0,0,1,0,0,0,0,0,0,1,1
18,0,0,7051,20.5,3,4,3,4,1,3,60,1,1,17,36,10,10,4,5,1,0,0.0,0,0.0,2350.333333,0.483569052,20.5,2.75,1.258305739,0,1.0,10.0,0,3,2.0,0,0,1,0,5.0,0,1,0,1,0,1,0,0,0,0,1,0,1,0,0,0,0,0,1,1
36,3,1,8366,15.8,3,5,4,2,4,1,32,1,1,12,43,2,12,3,10,1,0,0.25,1,1.0,2788.666667,0.742598684,3.95,2.75,1.5,0,0.166666667,0.5,1,3,3.307692308,0,2,1,1,2.5,1,1,0,2,0,1,0,1,0,0,0,0,1,0,0,1,0,0,0,0
42,5,1,8627,13.8,2,3,4,4,3,4,34,0,0,27,72,6,4,4,5,1,0,0.166666667,1,2.5,4313.5,0.487566607,2.3,3.75,0.5,0,1.5,1.0,0,1,2.571428571,1,-1,0,0,0.833333333,0,2,0,2,1,1,0,0,0,0,0,0,1,0,0,1,0,0,1,1
41,1,1,8799,13.5,3,3,5,4,2,4,26,1,1,9,20,8,10,3,7,1,0,0.5,0,0.333333333,2933.0,0.614294516,6.75,3.75,1.258305739,0,0.8,4.0,1,4,2.0,0,0,0,0,3.5,0,0,0,2,1,0,1,0,0,0,0,1,0,0,0,1,0,0,0,0
37,0,0,5575,18.5,2,3,3,3,2,4,43,1,0,18,60,7,7,3,6,1,0,0.0,0,0.0,2787.5,0.145717807,18.5,3.0,0.816496581,0,1.0,7.0,1,4,3.157894737,0,0,0,0,6.0,0,1,0,2,0,0,1,0,0,0,0,1,1,0,0,1,0,0,1,1
28,3,3,6695,12.0,2,3,4,3,4,5,62,1,0,8,23,2,20,3,3,0,0,0.75,0,1.5,3347.5,0.417845258,3.0,4.0,0.816496581,0,0.1,0.5,1,3,2.555555556,0,0,0,0,0.75,0,1,0,3,1,1,0,0,0,0,1,0,1,0,1,0,0,0,0,1
35,2,1,6295,15.9,1,3,3,3,3,2,37,0,0,22,86,1,5,3,3,0,0,0.333333333,1,2.0,6295.0,0.098551792,5.3,2.75,0.5,0,0.2,0.333333333,0,0,3.739130435,1,0,0,0,1.0,0,2,0,2,1,0,1,0,1,0,0,0,1,0,0,1,0,0,1,1
52,1,0,8772,14.1,2,3,1,2,2,3,0,0,1,7,22,2,4,2,3,0,1,0.0,1,0.5,4386.0,0.406725577,7.05,2.0,0.816496581,1,0.5,1.0,1,1,2.75,0,1,0,1,1.5,0,2,0,2,1,1,0,0,1,0,0,0,1,0,0,0,1,0,1,0
43,6,3,6779,11.8,1,3,3,4,4,1,32,0,0,11,17,3,10,3,3,0,0,0.428571429,1,6.0,6779.0,0.358960177,1.685714286,3.0,1.414213562,0,0.3,0.428571429,2,2,1.416666667,0,0,0,0,0.428571429,0,1,0,3,1,1,0,0,0,1,0,0,1,0,0,1,0,0,1,1
36,18,10,14104,15.9,5,4,4,3,3,2,28,1,1,16,44,3,7,3,7,1,0,0.526315789,1,3.6,2820.8,0.95810228,0.836842105,3.0,0.816496581,0,0.428571429,0.157894737,0,2,2.588235294,0,1,1,1,0.368421053,0,0,0,2,1,0,1,0,0,0,0,1,1,0,0,1,0,0,0,0
43,6,6,10011,15.1,2,4,3,4,2,5,23,0,0,25,78,7,11,3,5,0,0,0.857142857,0,3.0,5005.5,0.56431026,2.157142857,3.5,1.290994449,0,0.636363636,1.0,1,2,3.0,1,1,1,1,0.714285714,0,1,0,2,0,0,1,0,1,0,0,0,1,0,0,1,0,0,1,1
28,3,0,7588,17.2,2,4,3,2,3,3,22,0,1,49,126,6,10,3,4,0,0,0.0,1,1.5,3794.0,0.514380531,4.3,2.75,0.5,0,0.6,1.5,0,1,2.52,1,1,1,1,1.0,0,1,0,2,1,1,0,0,0,1,0,0,0,0,1,0,0,0,0,0
45,5,3,5726,14.2,2,3,4,2,2,3,49,0,0,8,28,5,3,3,3,0,0,0.5,1,2.5,2863.0,0.315789474,2.366666667,2.75,0.957427108,0,1.666666667,0.833333333,0,1,3.111111111,0,0,0,0,0.5,0,1,0,1,0,0,0,1,0,0,0,0,1,0,0,0,1,0,1,1
27,9,4,8384,19.4,3,3,4,2,3,4,25,0,0,21,65,2,7,2,5,1,0,0.4,1,3.0,2794.666667,0.691347754,1.94,3.25,0.957427108,0,0.285714286,0.2,2,2,2.954545455,1,1,0,1,0.5,0,2,0,1,0,0,0,0,0,0,1,0,0,1,1,0,0,0,0,0
46,7,4,9431,14.8,4,2,3,3,4,2,25,1,1,4,13,6,2,3,6,1,0,0.5,1,1.75,2357.75,0.837993421,1.85,3.0,0.816496581,0,3.0,0.75,1,4,2.6,0,-1,0,0,0.75,0,1,0,2,1,1,0,1,0,0,0,0,1,0,0,0,1,0,1,1
43,2,1,7754,19.1,2,4,5,4,4,2,51,1,1,8,29,2,15,3,5,1,0,0.333333333,1,1.0,3877.0,0.262641139,6.366666667,3.75,1.258305739,0,0.133333333,0.666666667,0,2,3.222222222,0,1,1,1,1.666666667,0,1,0,1,1,0,1,0,1,0,0,0,1,0,0,1,0,0,0,1
41,10,2,13006,20.4,5,4,2,3,2,4,21,0,0,15,61,3,2,2,6,1,0,0.181818182,1,2.0,2601.2,0.888987567,1.854545455,2.75,0.957427108,0,1.5,0.272727273,0,1,3.8125,1,2,1,1,0.545454545,0,1,0,2,1,1,0,0,0,0,0,0,1,0,0,1,0,0,0,0
36,3,2,14921,15.4,5,3,4,4,5,2,57,0,0,25,65,7,5,3,4,1,0,0.5,1,0.6,2984.2,0.995424293,3.85,3.75,1.258305739,0,1.4,1.75,0,1,2.5,1,0,0,0,1.0,0,1,0,4,0,0,1,0,0,0,1,0,0,1,0,1,0,0,0,0
47,17,4,15258,7.0,4,1,3,2,3,2,83,0,0,12,32,1,12,4,3,1,0,0.222222222,1,4.25,3814.5,0.99170354,0.388888889,2.5,0.577350269,0,0.083333333,0.055555556,2,2,2.461538462,0,-3,0,0,0.166666667,0,1,0,4,0,1,0,0,0,1,0,0,1,0,0,0,1,0,0,0
20,2,0,7873,18.0,2,5,5,4,3,2,34,0,0,30,88,6,2,5,10,0,0,0.0,1,1.0,3936.5,0.371225577,6.0,3.5,1.290994449,0,3.0,2.0,1,2,2.838709677,1,0,1,0,3.333333333,1,3,0,3,1,0,1,0,0,0,0,0,1,0,0,0,0,0,0,0
24,4,2,8980,16.3,2,3,4,4,4,4,36,0,0,10,44,5,10,4,10,0,0,0.4,1,2.0,4490.0,0.434216986,3.26,4.0,0.0,0,0.5,1.0,1,1,4.0,0,-1,0,0,2.0,1,2,0,2,1,1,0,0,1,0,0,0,0,0,0,0,0,0,1,1
42,13,6,11686,13.9,4,3,5,3,2,2,45,0,1,21,59,4,7,5,4,1,0,0.428571429,1,3.25,2921.5,0.878927911,0.992857143,3.0,1.414213562,0,0.571428571,0.285714286,0,1,2.681818182,0,-2,0,0,0.285714286,0,1,0,2,0,1,0,0,0,0,0,1,0,1,0,1,0,0,0,0
42,6,4,7421,12.3,2,3,2,1,3,3,48,0,1,11,30,2,7,1,3,0,0,0.571428571,1,3.0,3710.5,0.411737523,1.757142857,2.25,0.957427108,1,0.285714286,0.285714286,0,0,2.5,0,2,0,1,0.428571429,0,3,0,2,0,1,0,0,0,0,0,1,1,0,0,1,0,0,1,1
22,1,0,5619,15.4,2,4,3,1,3,3,30,0,1,37,150,4,6,2,3,0,0,0.0,1,0.5,2809.5,0.294407895,7.7,2.5,1.0,0,0.666666667,2.0,1,2,3.947368421,1,2,1,1,1.5,0,2,0,2,1,1,0,1,0,0,0,0,0,0,0,0,0,0,0,0
39,1,0,7838,14.0,1,5,3,2,4,1,18,1,1,6,12,6,15,3,9,0,0,0.0,1,1.0,7838.0,0.274423171,7.0,2.5,1.290994449,0,0.4,3.0,0,2,1.714285714,0,2,1,1,4.5,1,2,0,2,0,1,0,0,1,0,0,0,1,0,0,1,0,0,1,0
45,5,3,7434,13.9,2,3,5,3,4,4,39,0,0,20,63,3,10,3,4,0,0,0.5,1,2.5,3717.0,0.547836938,2.316666667,4.0,0.816496581,0,0.3,0.5,2,2,3.0,1,0,0,0,0.666666667,0,1,0,3,1,1,0,0,0,0,1,0,1,0,0,0,1,0,1,1
38,5,1,6022,15.5,2,4,4,3,1,4,39,1,0,32,72,5,6,3,5,0,0,0.166666667,1,2.5,3011.0,0.200708564,2.583333333,3.0,1.414213562,0,0.833333333,0.833333333,1,4,2.181818182,1,1,1,1,0.833333333,0,2,0,1,1,0,1,0,0,0,0,1,1,0,0,1,0,0,1,1
31,10,6,11851,11.8,3,3,3,1,3,4,17,0,0,11,38,5,2,3,1,1,0,0.545454545,1,3.333333333,3950.333333,0.763132057,1.072727273,2.75,1.258305739,0,2.5,0.454545455,1,2,3.166666667,0,0,0,0,0.090909091,0,1,0,2,1,1,0,0,1,0,0,0,1,0,1,0,0,0,0,0
41,1,1,5985,11.4,2,3,3,2,2,2,45,1,1,6,22,2,7,2,8,0,0,0.5,0,0.5,2992.5,0.196395564,5.7,2.25,0.5,1,0.285714286,1.0,2,4,3.142857143,0,1,0,1,4.0,1,3,1,1,1,0,0,0,0,0,0,1,1,0,0,1,0,0,1,1
32,3,3,8238,13.4,2,4,2,2,3,4,26,0,0,10,27,1,5,2,5,0,0,0.75,0,1.5,4119.0,0.333087874,3.35,2.75,0.957427108,0,0.2,0.25,1,1,2.454545455,0,2,1,1,1.25,0,1,0,1,0,0,1,0,1,0,0,0,1,0,1,0,0,0,0,1
41,4,0,6286,13.9,2,4,4,2,4,5,60,0,1,14,50,6,13,4,4,0,0,0.0,1,2.0,3143.0,0.348793677,2.78,3.75,1.258305739,0,0.461538462,1.2,2,2,3.333333333,0,0,1,0,0.8,0,1,0,2,0,1,0,0,0,0,1,0,0,1,0,1,0,0,1,1
31,4,4,7565,21.0,2,4,5,4,3,4,50,0,0,13,31,5,5,3,3,0,0,0.8,0,2.0,3782.5,0.241531664,4.2,4.0,0.816496581,0,1.0,1.0,1,2,2.214285714,0,1,1,1,0.6,0,2,0,1,0,0,1,0,1,0,0,0,1,0,1,0,0,0,1,1
31,1,0,8157,14.6,1,3,2,3,3,3,46,0,1,10,40,3,10,3,6,0,0,0.0,1,1.0,8157.0,0.322042219,7.3,2.75,0.5,0,0.3,1.5,1,1,3.636363636,0,0,0,0,3.0,0,1,0,3,0,1,0,0,1,0,0,0,1,0,1,0,0,0,1,0
33,14,0,10942,10.5,3,1,3,2,3,3,38,0,0,4,13,3,7,2,6,1,0,0.0,1,4.666666667,3647.333333,0.671575847,0.7,2.75,0.5,0,0.428571429,0.2,1,1,2.6,0,-1,0,0,0.4,0,0,0,2,0,1,0,0,1,0,0,0,1,0,1,0,0,0,0,1
36,9,5,12964,19.3,3,3,4,1,3,3,14,1,0,6,18,5,4,4,14,1,0,0.5,1,3.0,4321.333333,0.837260677,1.93,2.75,1.258305739,0,1.25,0.5,1,4,2.571428571,0,-1,0,0,1.4,1,2,0,2,1,0,0,0,1,0,0,0,1,0,0,1,0,0,0,0
18,0,0,6945,21.2,2,5,3,2,4,3,41,1,1,28,71,5,9,4,12,1,0,0.0,0,0.0,3472.5,0.389380531,21.2,3.0,0.816496581,0,0.555555556,5.0,1,4,2.448275862,1,1,1,1,12.0,1,3,0,1,1,0,1,0,0,1,0,0,1,0,0,0,0,0,0,0
46,4,1,5056,16.7,1,3,1,3,3,3,16,0,0,6,12,4,3,4,7,0,0,0.2,1,4.0,5056.0,0.047513321,3.34,2.5,1.0,0,1.333333333,0.8,0,1,1.714285714,0,-1,0,0,1.4,0,1,0,1,1,0,1,0,0,0,0,0,1,0,0,0,1,0,1,1
35,0,0,4406,16.2,1,3,4,4,3,2,42,0,1,9,27,2,2,3,5,0,0,0.0,0,0.0,4406.0,0.009081983,16.2,3.25,0.957427108,0,1.0,2.0,1,2,2.7,0,0,0,0,5.0,0,1,0,1,1,1,0,0,1,0,0,0,1,0,0,1,0,0,0,0
25,0,0,6721,11.2,1,1,2,5,1,4,24,1,0,8,27,4,9,3,8,0,0,0.0,0,0.0,6721.0,0.295132471,11.2,3.0,1.825741858,0,0.444444444,4.0,1,3,3.0,0,-2,0,0,8.0,1,2,0,3,1,1,0,0,0,0,0,1,1,0,1,0,0,0,1,1
38,2,2,5494,12.2,1,1,5,4,2,5,38,0,1,5,18,5,15,4,3,0,0,0.666666667,0,2.0,5494.0,0.044059892,4.066666667,4.0,1.414213562,0,0.333333333,1.666666667,0,0,3.0,0,-3,0,0,1.0,0,1,0,2,0,0,1,0,1,0,0,0,1,0,0,1,0,0,1,1
30,7,6,10863,20.0,4,5,3,3,3,5,50,0,0,10,38,4,6,4,8,1,0,0.75,1,1.75,2715.75,0.752664298,2.5,3.5,1.0,0,0.666666667,0.5,1,2,3.454545455,0,1,1,1,1.0,1,2,0,1,0,0,0,0,0,0,0,0,1,0,1,0,0,0,0,0
29,1,1,6980,15.0,2,3,3,2,2,2,7,1,1,29,66,7,14,5,4,1,0,0.5,0,0.5,3490.0,0.167648503,7.5,2.25,0.5,1,0.5,3.5,0,2,2.2,1,-2,0,0,2.0,0,3,1,1,1,1,0,0,1,0,0,0,1,0,1,0,0,0,0,0
37,5,0,10439,15.3,3,4,5,3,3,3,26,1,1,22,97,4,7,2,5,1,0,0.0,1,1.666666667,3479.666667,0.615979381,2.55,3.5,1.0,0,0.571428571,0.666666667,1,4,4.217391304,1,2,1,1,0.833333333,0,1,0,1,1,0,1,0,1,0,0,0,1,0,0,1,0,0,0,0
27,8,8,10179,15.2,3,3,4,2,3,2,32,0,1,17,62,3,2,4,2,1,0,0.888888889,0,2.666666667,3393.0,0.585787923,1.688888889,2.75,0.957427108,0,1.5,0.333333333,1,2,3.444444444,1,-1,0,0,0.222222222,0,2,0,1,0,1,0,0,1,0,0,0,1,0,1,0,0,0,0,0
57,9,2,6611,9.5,2,2,1,4,3,3,22,1,1,11,48,1,8,4,5,0,1,0.2,1,4.5,3305.5,0.282193469,0.95,2.75,1.258305739,0,0.125,0.1,1,3,4.0,0,-2,0,0,0.5,0,1,0,1,0,1,0,0,0,0,0,1,1,0,0,0,0,1,1,1
54,4,3,7542,23.4,3,4,3,4,5,3,23,1,0,16,60,6,6,3,7,1,1,0.6,1,1.333333333,2514.0,0.432686383,4.68,3.75,0.957427108,0,1.0,1.2,1,4,3.529411765,0,1,1,1,1.4,0,1,0,1,1,0,1,0,0,0,0,1,1,0,0,0,1,0,1,0
29,11,5,14931,13.4,5,5,1,3,5,3,44,1,1,21,91,3,6,2,1,1,0,0.416666667,1,2.2,2986.2,0.923907707,1.116666667,3.0,1.632993162,0,0.5,0.25,0,2,4.136363636,1,3,1,1,0.083333333,0,1,0,2,1,0,1,0,1,0,0,0,1,0,1,0,0,0,0,0
32,8,6,12181,12.3,4,3,3,3,3,3,0,0,1,14,56,3,9,4,4,1,0,0.666666667,1,2.0,3045.25,0.785714286,1.366666667,3.0,0.0,0,0.333333333,0.333333333,2,2,3.733333333,0,-1,0,0,0.444444444,0,1,0,2,1,0,1,0,1,0,0,0,1,0,1,0,0,0,0,0
56,2,0,8750,16.8,2,3,3,1,2,3,76,0,0,15,47,4,8,2,7,0,1,0.0,1,1.0,4375.0,0.733361065,5.6,2.25,0.957427108,1,0.5,1.333333333,1,1,2.9375,0,1,0,1,2.333333333,0,1,0,3,0,1,0,0,0,0,1,0,1,0,0,0,0,1,0,0
48,1,0,5418,13.0,1,5,3,5,2,3,33,1,1,3,8,8,14,3,5,0,0,0.0,1,1.0,5418.0,0.12969809,6.5,3.25,1.258305739,0,0.571428571,4.0,2,5,2.0,0,2,1,1,2.5,0,1,0,2,0,0,1,0,0,0,0,1,0,0,0,0,1,0,0,1
35,6,1,9631,18.1,3,3,5,2,4,4,33,0,1,18,50,8,2,3,2,1,0,0.142857143,1,2.0,3210.333333,0.719346888,2.585714286,3.75,1.258305739,0,4.0,1.142857143,1,2,2.631578947,0,0,0,0,0.285714286,0,0,0,2,0,0,1,0,0,0,0,1,0,1,0,1,0,0,0,0
30,3,3,6457,18.1,2,3,3,2,2,4,47,0,0,38,128,8,10,2,3,0,0,0.75,0,1.5,3228.5,0.181172291,4.525,2.75,0.957427108,0,0.8,2.0,1,2,3.282051282,1,1,0,1,0.75,0,2,0,2,0,1,0,0,0,0,0,0,0,0,1,0,0,0,0,0
28,4,2,9745,12.3,2,4,3,3,2,4,65,1,1,16,65,5,5,4,5,0,0,0.4,1,2.0,4872.5,0.63410302,2.46,3.0,0.816496581,0,1.0,1.0,1,4,3.823529412,1,0,1,0,1.0,0,1,0,3,1,0,1,0,0,0,0,0,1,0,1,0,0,0,1,1
47,2,0,7778,17.7,4,3,3,4,3,3,39,0,0,15,59,6,7,4,9,1,0,0.0,1,0.5,1944.5,0.468268638,5.9,3.25,0.5,0,0.857142857,2.0,1,2,3.6875,0,-1,0,0,3.0,1,2,0,1,1,0,1,0,0,0,0,1,1,0,0,0,1,0,0,0
45,0,0,5294,18.8,1,4,3,4,4,3,44,0,1,11,42,2,4,3,4,0,0,0.0,0,0.0,5294.0,0.114140481,18.8,3.5,0.577350269,0,0.5,2.0,1,1,3.5,0,1,1,1,4.0,0,1,0,2,0,0,1,0,0,0,0,1,1,0,0,0,1,0,0,0
34,0,0,8285,16.9,2,3,1,5,4,3,24,0,0,11,40,4,5,4,4,0,0,0.0,0,0.0,4142.5,0.337874325,16.9,3.25,1.707825128,0,0.8,4.0,0,1,3.333333333,0,-1,0,0,4.0,0,1,0,2,1,0,1,0,1,0,0,0,1,0,1,0,0,0,1,1
38,4,0,9415,21.6,3,5,4,3,4,1,28,0,1,17,55,6,2,3,7,1,0,0.0,1,1.333333333,3138.333333,0.796589018,4.32,3.0,1.414213562,0,3.0,1.2,1,2,3.055555556,0,2,1,1,1.4,0,0,0,2,1,1,0,0,0,0,1,0,1,0,0,1,0,0,0,0
40,9,3,12329,15.9,4,4,4,2,2,4,42,0,0,29,111,4,13,5,2,1,0,0.3,1,2.25,3082.25,0.851687389,1.59,3.0,1.154700538,0,0.307692308,0.4,1,1,3.7,1,-1,1,0,0.2,0,1,0,2,1,0,1,0,0,0,0,0,1,0,0,1,0,0,0,0
47,10,8,16662,13.7,4,2,3,4,2,1,18,1,1,28,89,3,15,5,5,1,0,0.727272727,1,2.5,4165.5,0.960972018,1.245454545,2.5,1.290994449,0,0.2,0.272727273,1,3,3.068965517,1,-3,0,0,0.454545455,0,2,0,3,0,1,0,0,1,0,0,0,1,0,0,0,1,0,1,1
37,2,1,5979,15.5,2,3,4,2,2,3,30,1,1,12,42,9,6,3,5,1,0,0.333333333,1,1.0,2989.5,0.195009242,5.166666667,2.75,0.957427108,0,1.5,3.0,0,3,3.230769231,0,0,0,0,1.666666667,0,1,0,1,0,0,1,0,0,0,0,1,1,0,0,1,0,0,1,1
45,0,0,3871,16.6,1,3,2,4,3,2,28,0,0,18,47,1,7,3,7,1,0,0.0,0,0.0,3871.0,0.003190967,16.6,2.75,0.957427108,0,0.142857143,1.0,0,0,2.473684211,0,0,0,0,7.0,0,1,0,1,0,0,1,0,1,0,0,0,1,0,0,0,1,0,1,0
35,8,0,9365,20.6,2,3,1,3,3,2,34,0,1,18,73,2,11,4,3,0,0,0.0,1,4.0,4682.5,0.688539741,2.288888889,2.25,0.957427108,1,0.181818182,0.222222222,1,1,3.842105263,1,-1,0,0,0.333333333,0,2,0,3,1,1,0,0,0,0,0,1,0,1,0,1,0,0,1,1
49,1,1,4545,19.4,2,4,4,3,3,3,31,0,1,8,30,3,2,3,6,0,0,0.5,0,0.5,2272.5,0.08922629,9.7,3.25,0.5,0,1.5,1.5,1,2,3.333333333,0,1,1,1,3.0,0,1,0,2,0,0,1,0,0,0,1,0,0,0,0,0,1,0,1,1
47,6,4,8390,8.9,3,3,2,4,2,4,43,0,0,20,77,3,14,4,4,1,0,0.571428571,1,2.0,2796.666667,0.630254425,1.271428571,3.0,1.154700538,0,0.214285714,0.428571429,0,0,3.666666667,1,-1,0,0,0.571428571,0,2,0,2,1,1,0,0,0,1,0,0,0,0,0,0,1,0,0,0
46,13,1,9986,13.6,3,3,1,2,4,4,28,1,0,4,12,2,11,2,12,1,0,0.071428571,1,4.333333333,3328.666667,0.663410302,0.971428571,2.75,1.5,0,0.181818182,0.142857143,1,3,2.4,0,1,0,1,0.857142857,1,1,0,1,0,1,0,0,0,0,0,0,1,0,0,0,1,0,0,0
41,2,2,6918,17.1,2,4,2,3,1,3,65,0,0,19,58,4,14,2,9,1,0,0.666666667,0,1.0,3459.0,0.234902309,5.7,2.25,0.957427108,1,0.285714286,1.333333333,0,0,2.9,0,2,1,1,3.0,1,3,0,2,1,1,0,0,0,0,0,0,0,0,0,1,0,0,1,1
33,4,3,8116,15.8,3,4,4,3,3,4,33,1,0,18,69,2,14,2,9,1,0,0.6,1,1.333333333,2705.333333,0.514787431,3.16,3.5,0.577350269,0,0.142857143,0.4,1,3,3.631578947,1,2,1,1,1.8,1,2,0,2,1,1,0,0,0,0,0,1,1,0,1,0,0,0,0,0
43,1,0,7624,8.6,2,3,3,3,1,4,46,0,1,18,78,2,6,3,5,1,0,0.0,1,0.5,3812.0,0.248404516,4.3,2.75,1.258305739,0,0.333333333,1.0,0,0,4.105263158,1,0,0,0,2.5,0,2,0,1,1,1,0,0,1,0,0,0,1,0,0,1,0,0,0,1
36,18,3,9931,9.4,5,3,2,1,5,5,16,0,0,45,150,7,9,4,9,1,0,0.157894737,1,3.6,1986.2,0.745841035,0.494736842,3.25,2.061552813,0,0.777777778,0.368421053,1,2,3.260869565,1,-1,0,0,0.473684211,1,2,0,1,0,0,1,0,0,0,0,1,1,0,0,1,0,0,0,0
30,2,1,5908,7.5,1,4,3,2,2,5,37,0,1,20,88,4,11,5,7,0,0,0.333333333,1,2.0,5908.0,0.070937653,2.5,3.0,1.414213562,0,0.363636364,1.333333333,1,1,4.19047619,1,-1,1,0,2.333333333,0,2,0,2,1,1,0,0,1,0,0,0,1,0,1,0,0,0,1,0
30,12,8,12246,8.2,3,3,3,2,2,3,39,0,0,22,56,4,13,3,7,1,0,0.615384615,1,4.0,4082.0,0.902957486,0.630769231,2.5,0.577350269,0,0.307692308,0.307692308,1,1,2.434782609,0,0,0,0,0.538461538,0,1,0,3,1,1,0,0,0,0,0,1,1,0,1,0,0,0,0,0
39,2,0,8165,11.8,2,2,4,5,2,2,45,1,1,16,34,5,12,3,5,0,0,0.0,1,1.0,4082.5,0.595685841,3.933333333,3.25,1.5,0,0.416666667,1.666666667,1,3,2.0,0,-1,0,0,1.666666667,0,0,0,3,1,1,0,0,0,1,0,0,1,0,0,1,0,0,0,1
42,3,3,6159,15.1,2,4,5,3,3,1,47,0,0,6,30,6,7,3,3,1,0,0.75,0,1.5,3079.5,0.145870337,3.775,3.0,1.632993162,0,0.857142857,1.5,2,3,4.285714286,0,1,1,1,0.75,0,1,0,2,0,1,0,0,0,0,0,0,1,0,0,1,0,0,1,1
27,7,6,5524,21.0,2,3,4,3,3,1,24,0,1,9,45,1,9,3,3,0,0,0.75,1,3.5,2762.0,0.227121464,2.625,2.75,1.258305739,0,0.111111111,0.125,1,1,4.5,0,0,0,0,0.375,0,2,0,1,0,1,0,0,0,0,1,0,1,0,1,0,0,0,1,1
18,0,0,5697,16.1,1,3,4,2,5,3,22,0,0,3,7,3,7,3,4,1,0,0.0,0,0.0,5697.0,0.055719195,16.1,3.5,1.290994449,0,0.428571429,3.0,0,0,1.75,0,0,0,0,4.0,0,1,0,1,1,1,0,0,1,0,0,0,1,0,0,0,0,0,0,1
25,2,0,8509,13.6,3,3,3,3,1,3,29,0,0,30,117,5,3,1,6,1,0,0.0,1,0.666666667,2836.333333,0.706738769,4.533333333,2.5,1.0,0,1.666666667,1.666666667,0,1,3.774193548,1,2,0,1,2.0,0,1,0,1,1,1,0,0,0,0,1,0,1,0,1,0,0,0,0,0
31,4,1,3701,14.2,1,3,3,4,3,4,0,0,1,26,45,1,14,4,2,0,0,0.2,1,4.0,3701.0,0.052631579,2.84,3.5,0.577350269,0,0.071428571,0.2,0,0,1.666666667,0,-1,0,0,0.4,0,1,0,1,1,1,0,1,0,0,0,0,1,0,1,0,0,0,1,1
34,8,1,7009,15.0,2,3,3,1,5,3,45,0,1,4,6,3,10,3,5,0,0,0.111111111,1,4.0,3504.5,0.250888099,1.666666667,3.0,1.632993162,0,0.3,0.333333333,0,0,1.2,0,0,0,0,0.555555556,0,1,0,1,1,0,0,0,0,0,0,0,1,0,1,0,0,0,1,1
35,0,0,8971,15.0,3,2,1,3,5,3,43,1,1,5,8,6,10,3,8,1,0,0.0,0,0.0,2990.333333,0.636475662,15.0,3.0,1.632993162,0,0.6,6.0,1,4,1.333333333,0,-1,0,0,8.0,1,1,0,2,0,1,0,0,0,0,0,1,1,0,0,1,0,0,0,0
41,4,3,7264,18.5,3,3,5,5,3,5,12,1,1,25,71,3,9,5,6,1,0,0.6,1,1.333333333,2421.333333,0.202012764,3.7,4.5,1.0,0,0.333333333,0.6,1,3,2.730769231,1,-2,0,0,1.2,0,2,0,1,0,0,1,0,1,0,0,0,1,0,0,1,0,0,0,0
31,13,6,17262,13.6,4,3,5,3,2,3,31,1,1,15,50,6,3,5,5,1,0,0.428571429,1,3.25,4315.5,0.970054001,0.971428571,3.25,1.258305739,0,2.0,0.428571429,1,4,3.125,0,-2,0,0,0.357142857,0,1,0,3,1,1,0,0,1,0,0,0,1,0,1,0,0,0,0,0
37,0,0,4123,10.6,1,3,3,5,2,2,15,0,1,17,53,9,5,3,10,0,0,0.0,0,0.0,4123.0,0.054908486,10.6,3.0,1.414213562,0,1.8,9.0,2,3,2.944444444,0,0,0,0,10.0,1,2,0,1,0,0,0,0,0,0,1,0,1,0,0,1,0,0,1,1
29,1,1,8456,17.1,2,4,3,2,3,4,33,0,0,17,63,4,8,3,5,1,0,0.5,0,0.5,4228.0,0.362788414,8.55,3.0,0.816496581,0,0.5,2.0,0,0,3.5,1,1,1,1,2.5,0,2,0,2,0,1,0,0,1,0,0,0,1,0,1,0,0,0,0,0
48,1,1,9565,17.5,2,3,3,3,3,1,18,1,1,13,44,5,6,3,8,1,0,0.5,0,0.5,4782.5,0.508591065,8.75,2.5,1.0,0,0.833333333,2.5,0,3,3.142857143,0,0,0,0,4.0,1,1,0,3,0,0,1,0,1,0,0,0,1,0,0,0,1,0,0,0
26,1,0,6105,18.8,1,5,4,3,4,3,28,0,1,15,40,2,10,5,4,0,0,0.0,1,1.0,6105.0,0.086156112,9.4,3.5,0.577350269,0,0.2,1.0,1,1,2.5,0,0,1,0,2.0,0,1,0,2,1,0,1,0,1,0,0,0,1,0,1,0,0,0,0,1
50,6,5,9172,16.4,3,5,2,3,1,3,47,0,0,8,29,5,5,1,4,1,1,0.714285714,1,2.0,3057.333333,0.819078947,2.342857143,2.25,0.957427108,1,1.0,0.714285714,0,1,3.222222222,0,4,1,1,0.571428571,0,2,0,2,1,1,0,1,0,0,0,0,1,0,0,0,1,0,0,0
45,14,0,10287,17.1,5,3,2,2,1,4,27,0,0,14,33,3,7,3,2,1,0,0.0,1,2.8,2057.4,0.862728785,1.14,2.25,1.258305739,1,0.428571429,0.2,0,0,2.2,0,0,0,0,0.133333333,0,1,0,1,1,1,0,0,0,0,1,0,1,0,0,0,1,0,0,0
43,8,6,8183,17.4,3,4,3,2,3,5,34,0,1,4,11,5,10,3,4,1,0,0.666666667,1,2.666666667,2727.666667,0.32670594,1.933333333,3.25,1.258305739,0,0.5,0.555555556,0,0,2.2,0,1,1,1,0.444444444,0,1,0,1,0,0,1,0,1,0,0,0,1,0,0,1,0,0,0,0
34,0,0,6790,18.2,2,3,3,4,4,2,15,1,1,2,6,4,17,4,5,0,0,0.0,0,0.0,3395.0,0.433028286,18.2,3.25,0.957427108,0,0.235294118,4.0,1,3,2.0,0,-1,0,0,5.0,0,1,0,3,1,0,1,0,0,0,1,0,1,0,1,0,0,0,1,0
36,5,4,13271,11.3,4,3,3,3,4,2,43,0,1,3,11,4,3,5,9,1,0,0.666666667,1,1.25,3317.75,0.853460972,1.883333333,3.0,0.816496581,0,1.333333333,0.666666667,0,1,2.75,0,-2,0,0,1.5,1,2,0,2,0,0,0,0,1,0,0,0,1,0,0,1,0,0,0,0
32,10,10,13962,9.4,4,3,3,2,3,2,33,1,0,5,8,4,4,3,4,1,0,0.909090909,0,2.5,3490.5,0.977323009,0.854545455,2.5,0.577350269,0,1.0,0.363636364,1,4,1.333333333,0,0,0,0,0.363636364,0,1,0,4,1,1,0,0,0,1,0,0,1,0,1,0,0,0,0,0
25,3,3,5128,12.0,1,2,3,2,3,3,27,0,0,10,34,3,9,4,2,0,0,0.75,0,3.0,5128.0,0.097658657,3.0,2.75,0.5,0,0.333333333,0.75,1,1,3.090909091,0,-2,0,0,0.5,0,1,0,2,0,1,0,0,0,0,0,1,1,0,1,0,0,0,1,1
34,1,1,7976,17.0,2,3,4,2,2,4,49,0,0,6,15,4,8,3,4,1,0,0.5,0,0.5,3988.0,0.499691929,8.5,3.0,1.154700538,0,0.5,2.0,1,1,2.142857143,0,0,0,0,2.0,0,1,0,3,0,0,0,0,0,0,0,1,0,0,1,0,0,0,1,0
35,1,1,11403,14.1,3,3,3,2,3,4,34,1,0,8,23,4,5,3,6,1,0,0.5,0,0.333333333,3801.0,0.795737123,7.05,3.0,0.816496581,0,0.8,2.0,1,4,2.555555556,0,0,0,0,3.0,0,0,0,3,1,1,0,0,0,0,0,0,1,0,0,1,0,0,0,0
44,12,7,12775,12.4,4,2,3,3,4,4,25,0,1,9,30,5,9,1,3,1,0,0.538461538,1,3.0,3193.75,0.926370918,0.953846154,3.5,0.577350269,0,0.555555556,0.384615385,2,3,3.0,0,1,0,1,0.230769231,0,1,0,3,0,1,0,0,0,0,0,1,1,0,0,1,0,0,1,1
28,2,1,6915,14.8,1,3,4,5,5,4,25,0,0,6,15,8,13,2,7,0,0,0.333333333,1,2.0,6915.0,0.319470117,4.933333333,4.5,0.577350269,0,0.615384615,2.666666667,1,2,2.142857143,0,1,0,1,2.333333333,0,1,0,4,0,1,0,0,0,0,0,1,1,0,1,0,0,0,0,0
40,5,0,8387,18.4,2,4,4,3,2,3,46,0,1,8,25,5,8,3,4,0,0,0.0,1,2.5,4193.5,0.629424779,3.066666667,3.0,0.816496581,0,0.625,0.833333333,0,1,2.777777778,0,1,1,1,0.666666667,0,0,0,3,1,1,0,0,0,1,0,0,1,0,0,1,0,0,0,1
45,6,2,9903,14.4,4,3,4,3,3,3,35,0,0,16,46,5,8,4,6,1,0,0.285714286,1,1.5,2475.75,0.834858569,2.057142857,3.25,0.5,0,0.625,0.714285714,1,2,2.705882353,0,-1,0,0,0.857142857,0,0,0,2,0,0,0,0,0,0,1,0,0,1,0,0,1,0,0,0
31,10,2,14148,21.4,3,4,3,2,2,5,75,0,1,21,84,7,4,4,8,1,0,0.181818182,1,3.333333333,4716.0,0.932060391,1.945454545,3.0,1.414213562,0,1.75,0.636363636,1,2,3.818181818,1,0,1,0,0.727272727,1,2,0,3,1,0,1,0,0,0,0,0,1,0,1,0,0,0,0,0
29,11,6,12478,19.3,5,4,1,3,3,5,0,0,1,23,54,3,11,4,9,1,0,0.5,1,2.2,2495.6,0.945243363,1.608333333,3.0,1.632993162,0,0.272727273,0.25,0,0,2.25,0,0,1,0,0.75,1,2,0,1,1,1,0,0,0,1,0,0,1,0,1,0,0,0,0,0
48,8,6,14082,12.2,3,3,2,3,2,3,26,1,0,49,150,2,3,2,7,1,0,0.666666667,1,2.666666667,4694.0,0.930728242,1.355555556,2.5,0.577350269,0,0.666666667,0.222222222,1,4,3.0,1,1,0,1,0.777777778,0,2,0,4,1,0,1,0,0,0,0,0,0,0,0,0,1,0,0,0
32,3,1,7465,16.0,2,3,2,3,3,4,66,1,1,4,11,5,5,5,6,1,0,0.25,1,1.5,3732.5,0.312166963,4.0,3.0,0.816496581,0,1.0,1.25,1,4,2.2,0,-2,0,0,1.5,0,1,0,2,0,1,0,0,0,0,0,0,1,0,1,0,0,0,1,1
37,9,7,13024,18.1,3,4,3,5,2,3,34,0,0,12,38,5,3,3,9,1,0,0.7,1,3.0,4341.333333,0.840451645,1.81,3.25,1.258305739,0,1.666666667,0.5,0,1,2.923076923,0,1,1,1,0.9,1,2,0,3,1,0,1,0,1,0,0,0,1,0,0,1,0,0,0,0
42,2,2,6468,16.7,2,3,1,3,4,2,0,0,0,21,83,7,6,3,5,0,0,0.666666667,0,1.0,3234.0,0.379575707,5.566666667,2.5,1.290994449,0,1.166666667,2.333333333,0,1,3.772727273,1,0,0,0,1.666666667,0,2,0,1,0,0,1,0,0,0,1,0,1,0,0,1,0,0,1,0
38,6,2,8334,16.8,3,4,4,2,3,2,21,0,1,35,140,2,9,4,5,1,0,0.285714286,1,2.0,2778.0,0.68531614,2.4,2.75,0.957427108,0,0.222222222,0.285714286,1,1,3.888888889,1,0,1,0,0.714285714,0,1,0,2,1,1,0,0,0,0,1,0,1,0,0,1,0,0,0,0
43,25,17,17789,16.1,5,4,4,3,4,4,55,0,1,26,86,4,10,3,6,1,0,0.653846154,1,5.0,3557.8,0.994146642,0.619230769,3.75,0.5,0,0.4,0.153846154,1,1,3.185185185,1,1,1,1,0.230769231,0,2,0,3,0,0,0,0,0,0,0,1,1,0,0,1,0,0,0,0
35,4,4,6904,16.1,2,5,2,4,4,3,59,0,1,13,38,7,6,3,5,0,0,0.8,0,2.0,3452.0,0.318237831,3.22,3.25,0.957427108,0,1.166666667,1.4,1,2,2.714285714,0,2,1,1,1.0,0,2,0,2,0,0,0,0,0,0,0,1,0,1,0,1,0,0,1,1
27,3,0,13893,15.8,3,4,2,3,4,2,18,1,1,6,25,6,7,3,9,1,0,0.0,1,1.0,4631.0,0.882425135,3.95,2.75,0.957427108,0,0.857142857,1.5,1,4,3.571428571,0,1,1,1,2.25,1,1,0,3,1,1,0,0,1,0,0,0,0,1,1,0,0,0,0,0
34,15,5,12717,15.2,5,3,3,3,5,1,0,0,1,9,23,3,11,3,3,1,0,0.3125,1,3.0,2543.4,0.951327434,0.95,3.0,1.632993162,0,0.272727273,0.1875,2,2,2.3,0,0,0,0,0.1875,0,1,0,2,1,0,0,0,0,1,0,0,0,1,1,0,0,0,0,0
30,1,0,10584,11.2,3,3,4,4,4,5,16,0,1,16,71,6,11,2,2,1,0,0.0,1,0.333333333,3528.0,0.809149723,5.6,4.25,0.5,0,0.545454545,3.0,1,2,4.176470588,1,1,0,1,1.0,0,1,0,3,1,0,1,0,0,0,0,1,0,0,1,0,0,0,0,0
30,1,1,6432,12.8,1,2,5,3,3,2,49,1,0,20,48,3,3,2,4,1,0,0.5,0,1.0,6432.0,0.108615611,6.4,3.25,1.258305739,0,1.0,1.5,0,3,2.285714286,0,0,0,0,2.0,0,1,0,2,1,1,0,0,1,0,0,0,1,0,1,0,0,0,1,1
36,2,1,8016,15.6,1,3,3,3,3,3,14,0,0,13,53,5,7,3,6,0,0,0.333333333,1,2.0,8016.0,0.504775108,5.2,3.0,0.0,0,0.714285714,1.666666667,1,2,3.785714286,0,0,0,0,2.0,0,0,0,3,0,1,0,0,0,0,0,1,1,0,0,1,0,0,0,0
28,10,3,10596,12.9,4,3,5,2,2,2,30,0,0,23,66,3,4,5,7,1,0,0.272727273,1,2.5,2649.0,0.912006579,1.172727273,2.75,1.5,0,0.75,0.272727273,0,1,2.75,1,-2,0,0,0.636363636,0,1,0,2,1,1,0,1,0,0,0,0,1,0,1,0,0,0,0,0
29,2,1,6108,15.5,1,4,4,3,3,4,46,0,0,5,20,1,7,4,5,1,0,0.333333333,1,2.0,6108.0,0.324667221,5.166666667,3.5,0.577350269,0,0.142857143,0.333333333,0,0,3.333333333,0,0,1,0,1.666666667,0,1,0,3,0,1,0,0,0,0,1,0,1,0,1,0,0,0,1,1
39,3,2,5778,13.7,1,4,4,2,2,2,25,0,1,19,60,4,7,3,2,0,0,0.5,1,3.0,5778.0,0.100133215,3.425,2.5,1.0,0,0.571428571,1.0,0,1,3.0,0,1,1,1,0.5,0,1,0,2,1,1,0,0,0,0,0,0,1,0,0,1,0,0,0,1
51,6,2,13817,15.5,4,3,1,2,2,4,40,1,1,2,7,5,15,3,6,1,1,0.285714286,1,1.5,3454.25,0.951016636,2.214285714,2.25,1.258305739,1,0.333333333,0.714285714,1,3,2.333333333,0,0,0,0,0.857142857,0,1,1,4,0,1,0,0,0,0,0,1,1,0,0,0,1,0,0,0
33,0,0,8871,15.4,2,3,4,3,3,4,39,0,0,13,46,5,6,5,9,0,0,0.0,0,0.0,4435.5,0.519094139,15.4,3.5,0.577350269,0,0.833333333,5.0,1,2,3.285714286,0,-2,0,0,9.0,1,1,0,3,0,0,1,0,0,0,0,0,1,0,1,0,0,0,0,0
47,1,1,6151,12.3,1,1,5,3,4,3,33,0,0,1,5,3,10,2,4,0,0,0.5,0,1.0,6151.0,0.088856161,6.15,3.75,0.957427108,0,0.3,1.5,2,2,2.5,0,-1,0,0,2.0,0,1,0,3,1,1,0,0,1,0,0,0,1,0,0,0,1,0,1,1
27,9,0,9327,21.6,3,4,3,2,3,3,18,0,0,9,34,5,5,5,3,1,0,0.0,1,3.0,3109.0,0.681146026,2.16,2.75,0.5,0,1.0,0.5,0,1,3.4,0,-1,1,0,0.3,0,0,0,2,1,1,0,0,0,0,0,1,1,0,1,0,0,0,0,0
40,7,6,8185,10.9,2,4,3,3,3,4,58,0,0,10,31,3,9,5,6,0,0,0.75,1,3.5,4092.5,0.721217105,1.3625,3.25,0.5,0,0.333333333,0.375,2,2,2.818181818,0,-1,1,0,0.75,0,0,0,3,1,1,0,1,0,0,0,0,0,0,0,1,0,0,0,1
36,11,3,15767,11.7,5,3,4,4,3,2,47,1,1,26,89,4,5,3,8,1,0,0.25,1,2.2,3153.4,0.968472469,0.975,3.25,0.957427108,0,0.8,0.333333333,1,4,3.296296296,1,0,0,0,0.666666667,1,2,0,2,0,0,0,0,0,0,0,0,1,0,0,1,0,0,0,0
26,0,0,6481,17.9,2,3,3,2,3,5,41,1,1,22,81,8,11,3,9,0,0,0.0,0,0.0,3240.5,0.264941466,17.9,3.25,1.258305739,0,0.727272727,8.0,1,4,3.52173913,1,0,0,0,9.0,1,3,0,1,1,0,0,0,0,0,0,1,1,0,1,0,0,0,1,1
34,16,16,14858,12.3,4,3,4,1,4,4,59,1,0,7,21,3,10,2,9,1,0,0.941176471,0,4.0,3714.5,0.920962199,0.723529412,3.25,1.5,0,0.3,0.176470588,0,2,2.625,0,1,0,1,0.529411765,1,2,0,2,1,1,0,0,1,0,0,0,1,0,1,0,0,0,0,0
46,2,1,9641,18.2,2,3,4,2,2,3,38,0,1,30,88,9,4,3,5,0,0,0.333333333,1,1.0,4820.5,0.519145803,6.066666667,2.75,0.957427108,0,2.25,3.0,1,2,2.838709677,1,0,0,0,1.666666667,0,1,0,3,0,1,0,0,1,0,0,0,1,0,0,0,1,0,0,0
56,0,0,5749,13.0,1,1,4,1,4,4,47,1,1,9,35,4,9,1,9,0,1,0.0,0,0.0,5749.0,0.321134868,13.0,3.25,1.5,0,0.444444444,4.0,1,3,3.5,0,0,0,0,9.0,1,2,0,4,0,1,0,1,0,0,0,0,1,0,0,0,0,1,1,1
44,3,1,8539,21.2,3,4,2,3,3,3,16,0,0,15,37,3,13,4,2,1,0,0.25,1,1.0,2846.333333,0.375061365,5.3,2.75,0.5,0,0.230769231,0.75,0,0,2.3125,0,0,1,0,0.5,0,1,0,1,0,0,1,0,1,0,0,0,1,0,0,1,0,0,1,1
55,2,2,3755,5.3,2,2,2,3,4,4,42,1,1,26,95,4,13,4,5,0,1,0.666666667,0,1.0,1877.5,0.036605657,1.766666667,3.25,0.957427108,0,0.307692308,1.333333333,0,2,3.518518519,1,-2,0,0,1.666666667,0,2,0,1,0,0,1,0,0,0,1,0,1,0,0,0,0,1,1,1
18,0,0,6031,17.5,2,2,4,4,4,3,39,0,1,15,62,6,4,4,8,0,0,0.0,0,0.0,3015.5,0.202248922,17.5,3.75,0.5,0,1.5,6.0,1,2,3.875,1,-2,0,0,8.0,1,3,0,2,1,0,1,0,0,0,0,1,1,0,0,0,0,0,1,1
34,11,7,10847,16.8,4,3,5,5,3,3,14,1,0,21,59,4,6,3,5,1,0,0.583333333,1,2.75,2711.75,0.896006656,1.4,4.0,1.154700538,0,0.666666667,0.333333333,1,4,2.681818182,0,0,0,0,0.416666667,0,1,0,3,0,1,0,0,0,0,1,0,1,0,1,0,0,0,0,0
36,0,0,4618,11.9,1,3,3,3,3,4,23,1,0,13,47,3,11,4,7,0,0,0.0,0,0.0,4618.0,0.09608985,11.9,3.25,0.5,0,0.272727273,3.0,2,4,3.357142857,0,-1,0,0,7.0,0,1,0,2,0,0,1,0,0,0,1,0,0,1,0,1,0,0,1,1
30,11,2,9811,10.5,3,5,3,3,3,4,45,0,0,11,44,6,7,3,4,1,0,0.166666667,1,3.666666667,3270.333333,0.733518176,0.875,3.25,0.5,0,0.857142857,0.5,1,2,3.666666667,0,2,1,1,0.333333333,0,0,0,2,0,1,0,0,0,0,0,1,1,0,1,0,0,0,0,0
43,1,0,9593,14.1,3,4,5,3,4,3,17,0,0,5,23,7,10,4,4,1,0,0.0,1,0.333333333,3197.666667,0.612344583,7.05,3.75,0.957427108,0,0.7,3.5,1,2,3.833333333,0,0,1,0,2.0,0,0,0,3,1,0,1,0,0,0,0,0,1,0,0,1,0,0,0,0
40,6,3,7326,16.5,2,4,1,4,4,3,38,0,1,8,22,2,13,3,5,0,0,0.428571429,1,3.0,3663.0,0.52828619,2.357142857,3.0,1.414213562,0,0.153846154,0.285714286,1,1,2.444444444,0,1,1,1,0.714285714,0,0,0,2,0,0,1,0,0,0,1,0,0,1,0,1,0,0,0,1
43,5,3,12464,10.5,3,2,4,4,2,4,41,1,0,6,20,2,6,3,8,1,0,0.5,1,1.666666667,4154.666667,0.912661738,1.75,3.5,1.0,0,0.333333333,0.333333333,1,3,2.857142857,0,-1,0,0,1.333333333,1,1,0,4,0,0,1,0,0,0,0,1,1,0,0,1,0,0,1,1
43,7,2,10732,18.1,4,4,5,3,4,4,53,0,1,15,41,6,6,2,4,1,0,0.25,1,1.75,2683.0,0.861172566,2.2625,4.0,0.816496581,0,1.0,0.75,2,3,2.5625,0,2,1,1,0.5,0,0,0,2,1,1,0,0,0,1,0,0,1,0,0,1,0,0,0,0
33,2,0,4316,15.6,1,3,4,5,4,4,59,0,0,36,79,1,7,2,6,0,0,0.0,1,2.0,4316.0,0.036044362,5.2,4.25,0.5,0,0.142857143,0.333333333,1,1,2.135135135,1,1,0,1,2.0,0,2,0,1,1,0,1,0,0,0,0,1,1,0,1,0,0,0,0,1
43,2,1,4611,13.6,1,4,3,2,3,3,63,0,1,21,57,6,11,3,13,0,0,0.333333333,1,2.0,4611.0,0.021758437,4.533333333,2.75,0.5,0,0.545454545,2.0,1,2,2.590909091,0,1,1,1,4.333333333,1,2,0,1,1,1,0,0,0,0,0,0,0,1,0,1,0,0,0,1
27,8,3,12800,14.8,4,3,3,4,3,3,33,0,0,20,58,6,2,2,4,1,0,0.333333333,1,2.0,3200.0,0.879218472,1.644444444,3.25,0.5,0,3.0,0.666666667,1,2,2.761904762,0,1,0,1,0.444444444,0,0,0,3,0,0,0,0,0,0,0,0,1,0,1,0,0,0,0,0
20,2,1,4482,14.1,1,2,1,1,4,4,36,1,1,3,12,2,9,3,2,0,0,0.333333333,1,2.0,4482.0,0.010800196,4.7,2.5,1.732050808,0,0.222222222,0.666666667,2,4,3.0,0,-1,0,0,0.666666667,0,1,0,1,1,0,1,0,1,0,0,0,0,0,0,0,0,0,1,1
37,19,12,12340,16.1,5,5,2,4,4,2,13,0,0,27,102,3,13,2,4,1,0,0.6,1,3.8,2468.0,0.962993421,0.805,3.0,1.154700538,0,0.230769231,0.15,1,1,3.642857143,1,3,1,1,0.2,0,2,0,2,1,0,1,1,0,0,0,0,1,0,0,1,0,0,0,0
47,2,1,5572,19.3,1,4,3,1,2,5,55,0,0,27,66,6,6,4,5,0,0,0.333333333,1,2.0,5572.0,0.145101664,6.433333333,2.75,1.707825128,0,1.0,2.0,1,2,2.357142857,1,0,1,0,1.666666667,0,2,0,2,1,1,0,0,0,0,0,1,0,1,0,0,1,0,1,1
42,3,2,6824,13.6,1,3,1,2,4,3,37,1,0,25,82,3,4,1,9,1,0,0.5,1,3.0,6824.0,0.308841651,3.4,2.5,1.290994449,0,0.75,0.75,1,4,3.153846154,1,2,0,1,2.25,1,3,0,2,0,0,1,0,0,0,0,1,1,0,0,1,0,0,0,1
32,3,0,8763,17.9,3,5,5,2,4,3,32,1,0,36,99,6,2,4,8,1,0,0.0,1,1.0,2921.0,0.736272879,4.475,3.5,1.290994449,0,3.0,1.5,1,4,2.675675676,1,1,1,1,2.0,1,2,0,1,1,0,0,0,0,0,1,0,1,0,1,0,0,0,0,0
36,6,5,12434,17.6,3,4,4,3,4,3,45,0,0,19,51,2,21,4,1,1,0,0.714285714,1,2.0,4144.666667,0.80436917,2.514285714,3.5,0.577350269,0,0.095238095,0.285714286,2,2,2.55,0,0,1,0,0.142857143,0,0,0,3,1,1,0,0,1,0,0,0,1,0,0,1,0,0,0,0
38,4,2,7185,12.4,2,4,1,3,2,3,76,0,1,9,49,7,12,4,3,0,0,0.4,1,2.0,3592.5,0.272646536,2.48,2.25,0.957427108,1,0.583333333,1.4,1,2,4.9,0,0,1,0,0.6,0,2,0,1,1,0,0,0,0,0,0,0,1,0,0,1,0,0,1,1
48,10,0,13401,16.6,3,3,1,3,4,4,43,0,0,16,49,5,2,5,4,1,0,0.0,1,3.333333333,4467.0,0.981085526,1.509090909,3.0,1.414213562,0,2.5,0.454545455,1,2,2.882352941,0,-2,0,0,0.363636364,0,0,0,4,1,1,0,1,0,0,0,0,0,0,0,0,1,0,0,0
52,4,1,9740,20.3,2,3,3,4,4,3,17,0,0,9,20,2,9,4,3,1,1,0.2,1,2.0,4870.0,0.632104796,4.06,3.5,0.577350269,0,0.222222222,0.4,1,1,2.0,0,-1,0,0,0.6,0,0,0,2,1,0,0,0,0,0,0,0,0,1,0,0,1,0,1,1
28,1,0,6669,9.6,2,2,2,1,3,3,55,0,0,35,126,1,12,3,3,0,0,0.0,1,0.5,3334.5,0.204928952,4.8,2.25,0.957427108,1,0.083333333,0.5,0,0,3.5,1,-1,0,0,1.5,0,3,0,2,1,0,1,0,0,0,0,0,1,0,1,0,0,0,1,1
21,0,0,6638,13.9,1,3,2,3,4,3,30,0,0,20,40,8,12,4,4,0,0,0.0,0,0.0,6638.0,0.200488455,13.9,3.0,0.816496581,0,0.666666667,8.0,1,2,1.904761905,0,-1,0,0,4.0,0,1,0,2,1,0,1,0,0,0,0,0,1,0,0,0,0,0,1,1
29,2,1,6350,18.1,1,4,3,3,3,4,19,1,1,5,16,2,2,4,9,0,0,0.333333333,1,2.0,6350.0,0.434621711,6.033333333,3.25,0.5,0,1.0,0.666666667,2,5,2.666666667,0,0,1,0,3.0,1,2,0,3,1,1,0,1,0,0,0,0,1,0,1,0,0,0,1,1
29,1,1,12135,15.0,3,2,2,2,4,5,28,0,0,13,22,3,10,4,6,1,0,0.5,0,0.333333333,4045.0,0.781786942,7.5,3.25,1.5,0,0.3,1.5,1,1,1.571428571,0,-2,0,0,3.0,0,0,0,3,0,1,0,0,1,0,0,0,1,0,1,0,0,0,0,0
45,12,5,12489,18.5,5,5,3,1,2,4,48,1,1,7,27,5,14,3,7,1,0,0.384615385,1,2.4,2497.8,0.915126309,1.423076923,2.5,1.290994449,0,0.357142857,0.384615385,1,3,3.375,0,2,1,1,0.538461538,0,0,0,2,0,1,0,0,0,0,0,1,1,0,0,0,1,0,0,0
31,1,1,6890,11.9,2,2,3,4,4,1,31,0,0,5,19,3,2,3,3,0,0,0.5,0,0.5,3445.0,0.159793814,5.95,3.0,1.414213562,0,1.5,1.5,0,1,3.166666667,0,-1,0,0,1.5,0,1,0,1,0,1,0,0,1,0,0,0,1,0,1,0,0,0,1,1
45,5,1,8468,11.8,3,2,4,3,3,4,18,0,0,2,5,4,13,3,2,1,0,0.166666667,1,1.666666667,2822.666667,0.575015404,1.966666667,3.5,0.577350269,0,0.307692308,0.666666667,0,0,1.666666667,0,-1,0,0,0.333333333,0,0,0,2,1,1,0,0,0,0,0,1,1,0,0,0,1,0,1,1
19,1,1,7759,13.3,2,3,3,4,4,5,24,0,0,39,124,5,2,3,4,0,0,0.5,0,0.5,3879.5,0.465341959,6.65,4.0,0.816496581,0,2.5,2.5,1,2,3.1,1,0,0,0,2.0,0,2,0,3,0,0,0,0,0,0,0,1,1,0,0,0,0,0,0,0
60,3,1,8144,21.5,2,4,4,2,4,3,37,0,0,30,80,5,10,4,8,1,1,0.25,1,1.5,4072.0,0.321060383,5.375,3.25,0.957427108,0,0.5,1.25,1,1,2.580645161,1,0,1,0,2.0,1,3,0,2,1,1,0,0,1,0,0,0,0,0,0,0,0,1,0,1
30,3,1,9551,17.8,2,3,4,1,4,3,32,0,1,13,40,1,14,5,3,0,0,0.25,1,1.5,4775.5,0.507118311,4.45,3.0,1.414213562,0,0.071428571,0.25,0,0,2.857142857,0,-2,0,0,0.75,0,0,0,2,0,1,0,0,1,0,0,0,1,0,1,0,0,0,0,0
51,6,2,7629,14.0,2,4,4,4,3,3,54,0,1,14,45,3,7,3,3,0,1,0.285714286,1,3.0,3814.5,0.447011707,2.0,3.5,0.577350269,0,0.428571429,0.428571429,1,1,3.0,0,1,1,1,0.428571429,0,1,0,2,0,1,0,0,0,0,0,1,0,0,0,0,1,0,1,1
32,0,0,5886,9.2,2,2,4,4,1,2,37,0,0,10,45,5,7,4,2,0,0,0.0,0,0.0,2943.0,0.183456562,9.2,2.75,1.5,0,0.714285714,5.0,2,3,4.090909091,0,-2,0,0,2.0,0,1,0,2,1,0,1,0,0,0,0,1,1,0,1,0,0,0,1,1
54,2,2,4554,12.2,1,2,3,4,3,2,43,0,0,4,13,4,13,2,7,0,1,0.666666667,0,2.0,4554.0,0.011782032,4.066666667,3.0,0.816496581,0,0.307692308,1.333333333,2,2,2.6,0,0,0,0,2.333333333,0,1,0,1,0,0,1,0,1,0,0,0,1,0,0,0,1,0,1,1
40,6,3,10106,19.4,4,5,3,3,2,3,45,1,1,17,65,10,11,1,6,1,0,0.428571429,1,1.5,2526.5,0.679396092,2.771428571,2.75,0.5,0,0.909090909,1.428571429,2,5,3.611111111,1,4,1,1,0.857142857,0,1,0,2,0,0,0,0,0,0,0,0,0,1,0,1,0,0,0,0
27,3,0,7204,14.5,1,3,2,3,4,4,29,0,1,5,17,4,14,3,3,0,0,0.0,1,3.0,7204.0,0.196121748,3.625,3.25,0.957427108,0,0.285714286,1.0,1,1,2.833333333,0,0,0,0,0.75,0,1,0,2,1,1,0,0,1,0,0,0,0,0,1,0,0,0,1,1
41,3,1,4899,8.7,2,1,2,4,4,5,26,1,0,19,36,8,4,4,9,0,0,0.25,1,1.5,2449.5,0.180921053,2.175,3.75,1.258305739,0,2.0,2.0,1,4,1.8,0,-3,0,0,2.25,1,2,0,2,1,0,1,1,0,0,0,0,1,0,0,1,0,0,1,1
26,0,0,7461,12.3,1,3,3,2,3,4,25,0,0,12,49,1,6,3,5,0,0,0.0,0,0.0,7461.0,0.229258714,12.3,3.0,0.816496581,0,0.166666667,1.0,0,0,3.769230769,0,0,0,0,5.0,0,1,0,1,1,1,0,0,1,0,0,0,1,0,1,0,0,0,1,1
40,1,1,3582,12.1,1,3,5,1,3,3,41,1,1,26,71,4,2,3,9,0,0,0.5,0,1.0,3582.0,0.044819079,6.05,3.0,1.632993162,0,2.0,2.0,1,4,2.62962963,1,0,0,0,4.5,1,3,0,2,0,0,0,1,0,0,0,0,1,0,0,1,0,0,0,1
35,3,2,10060,14.6,3,4,4,4,3,3,30,0,0,29,87,6,10,4,7,1,0,0.5,1,1.0,3353.333333,0.757855823,3.65,3.5,0.577350269,0,0.6,1.5,1,2,2.9,1,0,1,0,1.75,0,1,0,3,1,0,1,0,0,0,0,1,0,0,0,1,0,0,0,0
19,1,1,9297,14.4,2,3,1,5,2,3,55,0,1,10,30,6,12,4,1,0,0,0.5,0,0.5,4648.5,0.47520864,7.2,2.75,1.707825128,0,0.5,3.0,1,1,2.727272727,0,-1,0,0,0.5,0,1,0,3,0,1,0,0,1,0,0,0,1,0,0,0,0,0,0,1
18,0,0,7827,13.3,2,3,4,3,3,1,35,0,1,10,25,3,9,2,5,0,0,0.0,0,0.0,3913.5,0.475662354,13.3,2.75,1.258305739,0,0.333333333,3.0,2,2,2.272727273,0,1,0,1,5.0,0,1,0,3,0,1,0,0,0,0,0,1,1,0,0,0,0,0,0,1
39,2,1,5568,12.8,1,3,3,1,3,3,53,0,0,26,87,5,9,4,5,0,0,0.333333333,1,2.0,5568.0,0.047864507,4.266666667,2.5,1.0,0,0.555555556,1.666666667,1,2,3.222222222,1,-1,0,0,1.666666667,0,2,0,2,1,1,0,0,1,0,0,0,1,0,0,1,0,0,0,1
32,1,0,7140,16.4,1,3,4,4,3,3,12,0,0,29,93,3,14,4,4,1,0,0.0,1,1.0,7140.0,0.187285223,8.2,3.5,0.577350269,0,0.214285714,1.5,1,1,3.1,1,-1,0,0,2.0,0,2,0,2,1,1,0,0,1,0,0,0,1,0,1,0,0,0,0,0
43,4,4,7081,17.1,1,4,4,4,2,3,39,1,0,7,27,2,8,5,3,1,0,0.8,0,4.0,7081.0,0.350277264,3.42,3.25,0.957427108,0,0.25,0.4,1,3,3.375,0,-1,1,0,0.6,0,2,0,3,1,1,0,0,0,0,0,1,1,0,0,1,0,0,1,1
35,7,2,7722,11.0,4,2,2,4,2,3,76,1,0,57,150,4,2,5,7,1,0,0.25,1,1.75,1930.5,0.460720887,1.375,2.75,0.957427108,0,2.0,0.5,0,3,2.586206897,1,-3,0,0,0.875,0,2,0,1,0,1,0,0,0,0,0,1,0,1,0,1,0,0,1,1
24,6,4,7731,14.5,4,4,2,4,3,3,37,0,1,14,52,4,2,4,7,1,0,0.571428571,1,1.5,1932.75,0.594425957,2.071428571,3.0,0.816496581,0,2.0,0.571428571,1,2,3.466666667,0,0,1,0,1.0,0,1,0,1,0,0,0,0,0,0,1,0,1,0,0,0,0,0,0,0
36,2,2,12412,15.1,3,4,2,3,4,4,48,0,1,7,20,3,8,1,6,1,0,0.666666667,0,0.666666667,4137.333333,0.910659273,5.033333333,3.25,0.957427108,0,0.375,1.0,1,1,2.5,0,3,1,1,2.0,0,0,0,4,1,1,0,0,0,0,0,1,0,0,0,1,0,0,0,0
29,0,0,5164,17.2,1,4,5,3,4,2,56,0,1,23,71,5,5,3,2,0,0,0.0,0,0.0,5164.0,0.213815789,17.2,3.5,1.290994449,0,1.0,5.0,2,3,2.958333333,1,1,1,1,2.0,0,2,0,2,0,1,0,1,0,0,0,0,1,0,1,0,0,0,0,0
55,7,0,9574,12.7,3,4,3,3,2,3,49,0,0,8,22,2,3,4,4,1,1,0.0,1,2.333333333,3191.333333,0.769911504,1.5875,2.75,0.5,0,0.666666667,0.25,2,3,2.444444444,0,0,1,0,0.5,0,0,0,2,1,1,0,0,0,1,0,0,0,1,0,0,0,1,0,0
51,0,0,4476,13.1,2,3,3,5,4,3,6,0,1,15,51,4,10,3,6,0,1,0.0,0,0.0,2238.0,0.086938436,13.1,3.75,0.957427108,0,0.4,4.0,1,1,3.1875,0,0,0,0,6.0,0,1,0,1,0,0,0,0,0,0,1,0,1,0,0,0,1,0,0,0
35,1,0,7778,23.4,2,3,2,1,1,4,62,0,0,4,11,2,11,3,6,0,0,0.0,1,0.5,3889.0,0.599833611,11.7,2.0,1.414213562,1,0.181818182,1.0,1,1,2.2,0,0,0,0,3.0,0,1,0,2,0,0,0,0,0,0,1,0,1,0,0,1,0,0,0,0
40,4,3,11019,11.3,3,1,3,2,4,5,58,0,0,6,18,8,4,1,9,1,0,0.6,1,1.333333333,3673.0,0.907237937,2.26,3.5,1.290994449,0,2.0,1.6,0,1,2.571428571,0,0,0,0,1.8,1,1,0,4,1,1,0,0,0,0,1,0,1,0,0,1,0,0,0,0
46,4,4,7614,17.4,1,3,4,2,3,4,74,0,1,24,94,3,9,3,4,0,0,0.8,0,4.0,7614.0,0.444393099,3.48,3.25,0.957427108,0,0.333333333,0.6,1,1,3.76,1,0,0,0,0.8,0,3,0,4,0,1,0,0,0,0,0,1,1,0,0,0,1,0,1,1
19,1,0,3383,10.3,1,2,2,3,3,3,38,0,1,23,73,5,8,3,4,0,0,0.0,1,1.0,3383.0,0.00831793,5.15,2.75,0.5,0,0.625,2.5,0,1,3.041666667,1,-1,0,0,2.0,0,2,0,2,0,1,0,0,0,0,0,1,1,0,0,0,0,0,1,1
45,26,15,15665,10.7,5,3,3,4,3,4,17,0,0,3,8,2,12,3,2,1,0,0.555555556,1,5.2,3133.0,0.963587922,0.396296296,3.5,0.577350269,0,0.166666667,0.074074074,1,1,2.0,0,0,0,0,0.074074074,0,1,0,2,0,1,0,0,0,0,0,0,1,0,0,0,1,0,0,0
39,7,1,7128,14.9,3,1,3,4,5,3,55,0,0,20,48,1,10,3,5,1,0,0.125,1,2.333333333,2376.0,0.42699115,1.8625,3.75,0.957427108,0,0.1,0.125,2,2,2.285714286,0,-2,0,0,0.625,0,1,0,2,0,0,0,0,0,1,0,0,1,0,0,1,0,0,1,1
31,3,2,8428,19.4,3,3,4,3,4,3,11,0,1,30,50,6,8,5,4,1,0,0.5,1,1.0,2809.333333,0.635785398,4.85,3.5,0.577350269,0,0.75,1.5,0,1,1.612903226,0,-2,0,0,1.0,0,0,0,2,1,0,1,0,0,1,0,0,1,0,1,0,0,0,0,0
21,1,1,9386,15.7,2,3,5,4,4,3,23,0,1,12,39,3,4,4,5,1,0,0.5,0,0.5,4693.0,0.484781541,7.85,4.0,0.816496581,0,0.75,1.5,0,1,3.0,0,-1,0,0,2.5,0,1,0,2,1,1,0,0,1,0,0,0,0,0,0,0,0,0,0,1
23,2,0,9389,11.5,2,3,3,4,4,2,24,0,0,11,27,2,7,2,4,1,0,0.0,1,1.0,4694.5,0.692236599,3.833333333,3.25,0.957427108,0,0.285714286,0.666666667,1,1,2.25,0,1,0,1,1.333333333,0,0,0,4,0,0,0,0,0,0,0,1,0,0,0,0,0,0,0,0
38,4,0,9926,20.8,4,4,3,4,4,2,0,1,0,16,82,10,2,2,6,1,0,0.0,1,1.0,2481.5,0.554982818,4.16,3.25,0.957427108,0,5.0,2.0,0,3,4.823529412,1,2,1,1,1.2,0,1,0,1,0,0,1,0,1,0,0,0,0,1,0,1,0,0,0,0
51,0,0,7657,15.9,2,3,3,3,3,4,19,0,0,43,116,2,7,4,8,0,1,0.0,0,0.0,3828.5,0.252822779,15.9,3.25,0.5,0,0.285714286,2.0,1,1,2.636363636,1,-1,0,0,8.0,1,3,0,2,0,1,0,0,1,0,0,0,1,0,0,0,1,0,0,0
45,2,1,7777,16.3,2,3,4,4,3,3,42,0,0,33,113,2,3,3,3,1,0,0.333333333,1,1.0,3888.5,0.26485027,5.433333333,3.5,0.577350269,0,0.666666667,0.666666667,1,2,3.323529412,1,0,0,0,1.0,0,2,0,2,0,1,0,0,1,0,0,0,1,0,0,0,1,0,0,1
51,4,2,8238,14.0,2,3,4,3,2,2,52,0,0,2,6,1,8,4,5,0,1,0.4,1,2.0,4119.0,0.537892791,2.8,2.75,0.957427108,0,0.125,0.2,1,1,2.0,0,-1,0,0,1.0,0,0,0,3,0,0,1,0,0,0,0,1,1,0,0,0,1,0,1,1
37,4,1,7880,17.8,2,3,2,1,4,3,8,0,0,4,16,3,5,1,5,1,0,0.2,1,2.0,3940.0,0.483980283,3.56,2.5,1.290994449,0,0.6,0.6,1,2,3.2,0,2,0,1,1.0,0,1,0,2,0,0,1,0,0,0,0,1,1,0,0,1,0,0,1,1
37,11,5,12301,11.1,5,4,3,3,4,1,31,0,1,12,37,3,13,5,4,1,0,0.416666667,1,2.2,2460.2,0.961348684,0.925,2.75,1.258305739,0,0.230769231,0.25,1,1,2.846153846,0,-1,1,0,0.333333333,0,0,0,2,0,1,0,1,0,0,0,0,1,0,0,1,0,0,0,0
45,2,0,7726,12.4,2,3,4,5,1,3,23,0,0,14,28,3,13,3,9,0,0,0.0,1,1.0,3863.0,0.25994109,4.133333333,3.25,1.707825128,0,0.230769231,1.0,1,1,1.866666667,0,0,0,0,3.0,1,2,0,2,1,0,0,0,1,0,0,0,0,1,0,0,1,0,0,1
32,4,1,17583,9.9,4,1,3,3,2,3,6,1,0,28,128,3,10,4,9,1,0,0.2,1,1.0,4395.75,0.973735886,1.98,2.75,0.5,0,0.3,0.6,1,3,4.413793103,1,-3,0,0,1.8,1,2,0,4,0,0,0,0,1,0,0,0,0,1,1,0,0,0,0,1
34,8,4,7803,14.6,3,5,3,3,3,4,37,1,1,4,8,4,5,4,6,1,0,0.444444444,1,2.666666667,2601.0,0.472273567,1.622222222,3.25,0.5,0,0.8,0.444444444,0,3,1.6,0,1,1,1,0.666666667,0,1,0,1,1,1,0,0,0,0,0,1,1,0,1,0,0,0,0,0
40,5,2,5658,11.3,2,3,1,2,4,3,19,0,1,13,32,3,8,4,5,1,0,0.333333333,1,2.5,2829.0,0.155884165,1.883333333,2.5,1.290994449,0,0.375,0.5,0,0,2.285714286,0,-1,0,0,0.833333333,0,1,0,2,0,0,0,0,0,0,0,1,1,0,0,1,0,0,1,1
18,0,0,7376,11.7,2,3,5,3,3,3,15,1,0,27,70,4,6,5,7,1,0,0.0,0,0.0,3688.0,0.217967599,11.7,3.5,1.0,0,0.666666667,4.0,1,4,2.5,1,-2,0,0,7.0,0,2,0,2,0,1,0,0,1,0,0,0,1,0,0,0,0,0,0,0
40,4,4,10604,16.2,2,3,4,4,3,3,37,0,0,5,22,1,5,2,2,1,0,0.8,0,2.0,5302.0,0.638438881,3.24,3.5,0.577350269,0,0.2,0.2,1,1,3.666666667,0,1,0,1,0.4,0,1,0,4,1,0,1,0,1,0,0,0,1,0,0,1,0,0,1,1
28,3,1,8142,10.0,2,4,3,1,3,3,1,0,0,13,42,4,5,3,5,0,0,0.25,1,1.5,4071.0,0.320814924,2.5,2.5,1.0,0,0.8,1.0,2,3,3.0,0,1,1,1,1.25,0,1,0,2,0,0,1,0,1,0,0,0,1,0,1,0,0,0,0,1
50,3,0,5827,14.2,1,3,4,5,5,3,50,0,0,14,45,2,9,3,6,0,1,0.0,1,3.0,5827.0,0.174522489,3.55,4.25,0.957427108,0,0.222222222,0.5,0,0,3.0,0,0,0,0,1.5,0,1,0,1,1,1,0,0,0,0,0,1,1,0,0,0,1,0,0,1
47,3,0,7228,10.3,2,3,4,3,1,5,45,0,1,9,14,4,8,4,2,1,0,0.0,1,1.5,3614.0,0.377079482,2.575,3.25,1.707825128,0,0.5,1.0,0,0,1.4,0,-1,0,0,0.5,0,1,0,1,1,1,0,0,0,0,0,1,0,0,0,0,1,0,1,1
29,6,4,10652,13.9,2,3,3,3,5,3,27,1,0,3,8,6,5,3,6,0,0,0.571428571,1,3.0,5326.0,0.816081331,1.985714286,3.5,1.0,0,1.2,0.857142857,1,4,2.0,0,0,0,0,0.857142857,0,1,0,4,1,0,1,0,0,0,0,1,0,0,1,0,0,0,1,1
39,8,5,10095,13.9,3,4,1,3,1,3,50,0,0,37,114,6,2,2,8,1,0,0.555555556,1,2.666666667,3365.0,0.574619539,1.544444444,2.0,1.154700538,1,3.0,0.666666667,0,1,3.0,1,2,1,1,0.888888889,1,4,0,1,0,0,1,0,1,0,0,0,1,0,0,1,0,0,0,0
32,2,2,5691,4.7,2,3,4,3,3,5,9,0,1,4,11,2,6,2,4,1,0,0.666666667,0,1.0,2845.5,0.254575707,1.566666667,3.75,0.957427108,0,0.333333333,0.666666667,2,2,2.2,0,1,0,1,1.333333333,0,1,0,1,0,1,0,0,0,0,1,0,0,0,1,0,0,0,0,1
36,4,4,9198,18.0,3,3,2,4,3,3,27,0,1,29,89,5,14,3,4,1,0,0.8,0,1.333333333,3066.0,0.562166963,3.6,3.0,0.816496581,0,0.357142857,1.0,2,2,2.966666667,1,0,0,0,0.8,0,2,0,2,0,1,0,0,0,0,0,0,1,0,0,1,0,0,0,0
31,13,13,15973,19.8,5,5,4,3,3,2,44,1,1,10,38,2,14,3,10,1,0,0.928571429,0,2.6,3194.6,0.983672212,1.414285714,3.0,0.816496581,0,0.142857143,0.142857143,1,3,3.454545455,0,2,1,1,0.714285714,1,2,0,3,0,0,1,0,0,0,0,1,1,0,1,0,0,0,0,0
21,1,1,7780,21.3,1,4,3,1,3,5,36,1,0,48,150,4,10,3,14,0,0,0.5,0,1.0,7780.0,0.265586647,10.65,3.0,1.632993162,0,0.4,2.0,2,4,3.06122449,1,1,1,1,7.0,1,3,0,3,0,0,0,0,1,0,0,0,1,0,0,0,0,0,0,0
41,0,0,10813,13.5,3,3,3,1,5,2,48,1,0,13,39,2,5,3,6,1,0,0.0,0,0.0,3604.333333,0.747335702,13.5,2.75,1.707825128,0,0.4,2.0,0,2,2.785714286,0,0,0,0,6.0,0,0,0,3,1,1,0,0,0,0,0,0,0,1,0,1,0,0,0,0
28,1,0,5672,17.5,2,3,2,4,2,3,25,1,0,12,46,3,2,2,7,0,0,0.0,1,0.5,2836.0,0.198561947,8.75,2.75,0.957427108,0,1.5,1.5,1,4,3.538461538,0,1,0,1,3.5,0,1,0,2,1,0,1,0,0,1,0,0,1,0,1,0,0,0,0,1
46,13,0,13767,13.1,5,2,1,3,2,3,29,0,1,16,54,7,10,4,2,1,0,0.0,1,2.6,2753.4,0.876656848,0.935714286,2.25,0.957427108,1,0.7,0.5,0,1,3.176470588,0,-2,0,0,0.142857143,0,1,0,1,1,1,0,0,1,0,0,0,1,0,0,0,1,0,0,0
35,8,7,9431,16.0,2,4,2,2,3,3,11,1,0,10,27,3,2,2,4,1,0,0.777777778,1,4.0,4715.5,0.490427099,1.777777778,2.5,0.577350269,0,1.5,0.333333333,1,4,2.454545455,0,2,1,1,0.444444444,0,2,0,2,0,1,0,0,1,0,0,0,1,0,0,1,0,0,1,1
32,7,4,10303,22.1,3,5,1,4,4,3,32,0,1,2,7,4,3,3,7,1,0,0.5,1,2.333333333,3434.333333,0.785582255,2.7625,3.0,1.414213562,0,1.333333333,0.5,2,3,2.333333333,0,2,1,1,0.875,0,1,0,2,0,0,1,0,0,0,0,1,1,0,1,0,0,0,0,0
42,0,0,5781,18.6,1,4,5,2,4,5,41,0,0,6,18,4,13,5,5,1,0,0.0,0,0.0,5781.0,0.061119293,18.6,4.0,1.414213562,0,0.307692308,4.0,1,1,2.571428571,0,-1,1,0,5.0,0,1,0,2,1,1,0,0,1,0,0,0,1,0,0,1,0,0,1,0
44,26,3,17822,13.4,5,3,3,5,3,3,30,0,0,4,14,7,14,5,8,1,0,0.111111111,1,5.2,3564.4,0.976190476,0.496296296,3.5,1.0,0,0.5,0.259259259,1,1,2.8,0,-2,0,0,0.296296296,1,1,0,2,1,1,0,0,1,0,0,0,1,0,0,1,0,0,0,0
26,1,1,11172,11.1,3,4,3,3,3,3,16,0,0,28,106,4,3,3,5,1,0,0.5,0,0.333333333,3724.0,0.851817622,5.55,3.0,0.0,0,1.333333333,2.0,2,3,3.655172414,1,1,1,1,2.5,0,1,0,3,0,1,0,0,0,0,0,1,1,0,1,0,0,0,0,0
50,3,1,6505,17.4,2,3,4,3,3,3,33,1,0,20,38,3,6,3,12,1,1,0.25,1,1.5,3252.5,0.385607321,4.35,3.25,0.5,0,0.5,0.75,1,3,1.80952381,0,0,0,0,3.0,1,2,0,1,1,1,0,0,0,0,1,0,1,0,0,0,1,0,1,1
39,0,0,5954,12.7,2,2,3,3,3,4,37,0,1,26,58,6,9,3,4,0,0,0.0,0,0.0,2977.0,0.19038817,12.7,3.25,0.5,0,0.666666667,6.0,1,2,2.148148148,0,-1,0,0,4.0,0,1,0,1,1,1,0,0,0,0,0,1,1,0,0,1,0,0,1,1
27,5,1,9637,20.3,3,5,2,4,3,1,15,1,0,10,28,7,9,4,5,1,0,0.166666667,1,1.666666667,3212.333333,0.61722913,3.383333333,2.5,1.290994449,0,0.777777778,1.166666667,2,5,2.545454545,0,1,1,1,0.833333333,0,0,0,1,1,1,0,0,0,0,0,0,1,0,1,0,0,0,0,0
36,7,7,9594,12.5,2,4,3,4,3,2,42,1,0,3,11,4,8,3,9,1,0,0.875,0,3.5,4797.0,0.613010657,1.5625,3.0,0.816496581,0,0.5,0.5,2,4,2.75,0,1,1,1,1.125,1,1,0,2,1,1,0,0,0,0,0,0,0,0,0,1,0,0,0,1
24,3,2,7528,16.2,2,4,4,3,3,2,47,0,0,13,46,5,7,4,3,1,0,0.5,1,1.5,3764.0,0.430221811,4.05,3.0,0.816496581,0,0.714285714,1.25,1,2,3.285714286,0,0,1,0,0.75,0,1,0,3,1,1,0,0,0,0,0,1,1,0,0,0,0,0,0,0
49,6,2,7460,20.0,2,3,4,3,4,4,52,0,0,12,27,2,10,4,5,0,0,0.285714286,1,3.0,3730.0,0.625,2.857142857,3.75,0.5,0,0.2,0.285714286,1,1,2.076923077,0,-1,0,0,0.714285714,0,0,0,3,1,0,1,1,0,0,0,0,1,0,0,0,1,0,1,1
46,1,0,9796,20.4,3,4,1,4,3,4,34,0,0,9,19,3,8,3,7,1,0,0.0,1,0.333333333,3265.333333,0.64142984,10.2,3.0,1.414213562,0,0.375,1.5,0,0,1.9,0,1,1,1,3.5,0,0,0,2,1,1,0,0,0,0,0,0,1,0,0,0,1,0,0,0
36,12,0,12826,21.5,5,4,3,4,2,3,41,0,0,7,25,5,11,3,8,1,0,0.0,1,2.4,2565.2,0.967554077,1.653846154,3.0,0.816496581,0,0.454545455,0.384615385,1,1,3.125,0,1,1,1,0.615384615,1,1,0,2,0,0,1,0,0,0,1,0,1,0,0,1,0,0,0,0
28,4,1,7531,15.3,3,3,3,3,3,3,31,1,1,21,61,3,9,3,6,1,0,0.2,1,1.333333333,2510.333333,0.501106195,3.06,3.0,0.0,0,0.333333333,0.6,1,3,2.772727273,1,0,0,0,1.2,0,1,0,2,0,1,0,0,0,1,0,0,1,0,1,0,0,0,0,0
39,1,1,10660,17.9,3,3,4,3,3,2,20,0,1,29,94,1,3,3,9,1,0,0.5,0,0.333333333,3553.333333,0.642611684,8.95,3.0,0.816496581,0,0.333333333,0.5,0,0,3.133333333,1,0,0,0,4.5,1,2,0,3,0,0,1,0,1,0,0,0,1,0,0,1,0,0,0,0
42,4,3,11533,16.9,3,2,1,2,4,3,15,0,0,13,53,1,11,4,6,1,0,0.6,1,1.333333333,3844.333333,0.805062167,3.38,2.5,1.290994449,0,0.090909091,0.2,2,2,3.785714286,0,-2,0,0,1.2,0,0,0,3,1,0,1,0,0,0,0,0,1,0,0,1,0,0,1,0
35,6,5,10497,20.0,3,5,3,5,3,2,40,0,0,11,44,3,8,3,3,1,0,0.714285714,1,2.0,3499.0,0.621747668,2.857142857,3.25,1.258305739,0,0.375,0.428571429,1,1,3.666666667,0,2,1,1,0.428571429,0,1,0,2,0,1,0,0,1,0,0,0,1,0,0,1,0,0,0,0
35,3,0,14018,22.0,3,3,3,3,5,3,34,0,1,17,53,1,17,5,4,1,0,0.0,1,1.0,4672.666667,0.926287744,5.5,3.5,1.0,0,0.058823529,0.25,1,1,2.944444444,0,-2,0,0,1.0,0,0,0,4,1,1,0,0,0,0,0,0,1,0,0,1,0,0,0,0
25,3,3,11089,20.1,4,3,1,1,2,2,47,1,0,12,28,8,14,4,5,1,0,0.75,0,0.75,2772.25,0.90890183,5.025,1.5,0.577350269,1,0.571428571,2.0,1,4,2.153846154,0,-1,0,0,1.25,0,1,1,3,1,1,0,0,0,0,1,0,1,0,1,0,0,0,0,0
37,6,3,11736,8.7,4,1,2,4,4,3,42,1,0,5,17,3,2,4,8,1,0,0.428571429,1,1.5,2934.0,0.948190789,1.242857143,3.25,0.957427108,0,1.5,0.428571429,0,3,2.833333333,0,-3,0,0,1.142857143,1,1,0,4,1,1,0,1,0,0,0,0,1,0,0,1,0,0,0,1
31,11,8,11128,13.4,3,3,1,2,2,4,26,0,0,16,44,3,6,3,8,1,0,0.666666667,1,3.666666667,3709.333333,0.849044978,1.116666667,2.25,1.258305739,1,0.5,0.25,0,0,2.588235294,0,0,0,0,0.666666667,1,3,0,3,0,0,0,0,0,0,0,1,1,0,1,0,0,0,0,0
41,3,2,7433,17.3,2,4,3,3,2,1,20,1,1,20,80,1,8,3,11,0,0,0.5,1,1.5,3716.5,0.224963181,4.325,2.25,0.957427108,1,0.125,0.25,1,3,3.80952381,1,1,1,1,2.75,1,4,1,1,1,1,0,0,1,0,0,0,1,0,0,1,0,0,0,1
33,4,4,8432,14.8,2,4,4,2,3,3,24,1,1,15,37,2,7,3,7,1,0,0.8,0,2.0,4216.0,0.452930728,2.96,3.0,0.816496581,0,0.285714286,0.4,1,3,2.3125,0,1,1,1,1.4,0,2,0,2,1,1,0,0,0,0,0,0,1,0,1,0,0,0,1,1
28,6,2,5955,18.6,3,3,3,2,3,2,41,0,0,7,24,10,4,5,7,1,0,0.285714286,1,2.0,1985.0,0.359375,2.657142857,2.5,0.577350269,0,2.5,1.428571429,0,1,3.0,0,-2,0,0,1.0,0,1,0,1,1,1,0,1,0,0,0,0,0,1,1,0,0,0,0,0
34,5,0,8350,12.4,2,4,3,4,3,2,40,0,0,33,102,5,2,5,4,0,0,0.0,1,2.5,4175.0,0.624446903,2.066666667,3.0,0.816496581,0,2.5,0.833333333,1,2,3.0,1,-1,1,0,0.666666667,0,1,0,3,0,1,0,0,0,1,0,0,1,0,1,0,0,0,1,1
32,3,0,5652,15.0,1,3,2,3,4,4,3,1,0,50,104,5,12,5,8,0,0,0.0,1,3.0,5652.0,0.089253996,3.75,3.25,0.957427108,0,0.416666667,1.25,1,3,2.039215686,1,-2,0,0,2.0,1,3,0,1,0,1,0,0,0,0,0,0,1,0,1,0,0,0,1,1
24,6,2,8337,16.9,3,4,3,4,1,2,30,0,0,12,30,5,4,4,4,1,0,0.285714286,1,2.0,2779.0,0.345729013,2.414285714,2.5,1.290994449,0,1.25,0.714285714,1,2,2.307692308,0,0,1,0,0.571428571,0,1,0,1,0,0,1,0,1,0,0,0,1,0,0,0,0,0,1,0
40,3,0,4368,19.9,1,4,4,2,1,3,23,0,1,18,71,4,15,1,4,1,0,0.0,1,3.0,4368.0,0.058075221,4.975,2.5,1.290994449,0,0.266666667,1.0,0,0,3.736842105,1,3,1,1,1.0,0,2,0,1,0,0,1,0,0,1,0,0,1,0,0,1,0,0,0,0
39,0,0,7845,5.1,2,1,4,2,3,3,34,1,1,11,30,6,2,3,9,1,0,0.0,0,0.0,3922.5,0.477818854,5.1,3.0,0.816496581,0,3.0,6.0,0,3,2.5,0,-2,0,0,9.0,1,2,0,3,0,1,0,0,0,0,0,1,1,0,0,1,0,0,1,1
26,7,0,11838,19.2,4,4,3,3,4,5,20,0,1,3,12,7,5,2,3,1,0,0.0,1,1.75,2959.5,0.940099834,2.4,3.75,0.957427108,0,1.4,0.875,2,3,3.0,0,2,1,1,0.375,0,0,0,3,1,1,0,0,0,0,1,0,1,0,1,0,0,0,0,0
53,2,2,10407,16.1,3,4,4,2,2,3,4,1,0,13,35,1,11,3,2,1,1,0.666666667,0,0.666666667,3469.0,0.79297597,5.366666667,2.75,0.957427108,0,0.090909091,0.333333333,1,3,2.5,0,1,1,1,0.666666667,0,0,0,2,0,0,1,0,0,0,0,1,1,0,0,0,1,0,0,0
34,3,3,5704,12.6,2,3,2,4,2,3,21,0,1,14,51,4,6,1,6,0,0,0.75,0,1.5,2852.0,0.257903494,3.15,2.75,0.957427108,0,0.666666667,1.0,0,1,3.4,0,2,0,1,1.5,0,1,0,2,1,0,1,0,0,0,1,0,1,0,1,0,0,0,1,1
49,8,5,16477,9.8,3,3,5,4,2,3,52,1,0,1,5,4,4,3,6,1,0,0.555555556,1,2.666666667,5492.333333,0.958517428,1.088888889,3.5,1.290994449,0,1.0,0.444444444,2,5,2.5,0,0,0,0,0.666666667,0,1,0,4,1,0,1,0,1,0,0,0,1,0,0,0,1,0,0,0
26,2,0,8951,15.2,2,4,4,3,3,3,8,0,0,3,6,7,5,3,3,0,0,0.0,1,1.0,4475.5,0.430289642,5.066666667,3.25,0.5,0,1.4,2.333333333,2,3,1.5,0,1,1,1,1.0,0,1,0,2,0,0,1,0,1,0,0,0,1,0,1,0,0,0,0,0
41,6,1,5448,11.7,2,3,3,4,4,3,46,0,0,52,150,2,13,4,3,0,0,0.142857143,1,3.0,2724.0,0.213394343,1.671428571,3.5,0.577350269,0,0.153846154,0.285714286,1,1,2.830188679,1,-1,0,0,0.428571429,0,2,0,2,1,1,0,0,0,0,1,0,1,0,0,1,0,0,1,1
54,2,0,7788,17.3,2,4,5,3,4,2,34,0,0,10,34,3,3,3,4,0,1,0.0,1,1.0,3894.0,0.469500924,5.766666667,3.5,1.290994449,0,1.0,1.0,0,1,3.090909091,0,1,1,1,1.333333333,0,1,0,1,1,1,0,0,0,0,0,1,1,0,0,0,1,0,0,1
52,11,7,9987,20.8,5,3,3,3,3,3,27,1,0,25,83,3,12,4,10,1,1,0.583333333,1,2.2,1997.4,0.814988938,1.733333333,3.0,0.0,0,0.25,0.25,1,3,3.192307692,1,-1,0,0,0.833333333,1,3,0,1,0,1,0,0,0,1,0,0,1,0,0,0,1,0,0,0
35,2,0,10674,12.7,3,3,4,3,1,2,58,0,0,17,71,5,15,3,2,1,0,0.0,1,0.666666667,3558.0,0.644452626,4.233333333,2.5,1.290994449,0,0.333333333,1.666666667,1,1,3.944444444,1,0,0,0,0.666666667,0,1,0,2,0,1,0,0,1,0,0,0,1,0,0,1,0,0,0,0
35,3,2,10794,13.3,2,3,3,2,3,3,27,0,0,7,12,7,5,5,5,1,0,0.5,1,1.5,5397.0,0.657093765,3.325,2.75,0.5,0,1.4,1.75,0,1,1.5,0,-2,0,0,1.25,0,0,0,3,0,1,0,0,1,0,0,0,0,1,0,1,0,0,0,0
