age,years_at_company,years_in_current_role,monthly_income,salary_hike_percent,job_level,performance_rating,job_satisfaction,work_life_balance,environment_satisfaction,relationship_satisfaction,training_hours_last_year,overtime,remote_work,distance_from_home,commute_time_minutes,number_of_projects,team_size,manager_rating,absence_days,promotion_last_5_years,stock_option,is_senior_age,role_tenure_ratio,has_changed_role,career_stagnation_flag,years_per_job_level,income_per_job_level,income_percentile_in_dept,below_dept_median_income_flag,salary_hike_per_year_tenure,overall_satisfaction_index,satisfaction_volatility,low_satisfaction_flag,workload_intensity,projects_per_year_tenure,business_travel_ordinal,commute_burden_index,long_commute_flag,performance_manager_gap,high_performer_flag,underrated_flag,absence_rate_per_year,hr_red_flag_count,overtime_and_low_satisfaction_flag,education_level_ordinal,gender_Male,marital_status_Married,marital_status_Single,department_HR,department_IT,department_Marketing,department_Operations,department_Sales,employment_type_Full-Time,employment_type_Part-Time,age_group_25-34,age_group_35-44,age_group_45-54,age_group_55+,actual_workforce_risk,predicted_workforce_risk
27,4,0,9906,19.0,2,5,3,4,4,3,0,1,1,24,82,2,11,4,3,0,0,0,0.0,1,0,2.0,4953.0,0.806969027,0,3.8,3.5,0.577350269,0,0.181818182,0.4,1,3.28,1,1,1,1,0.6,1,0,3,0,0,0,0,0,1,0,0,1,0,1,0,0,0,1,0
24,2,2,7951,18.4,3,3,4,4,5,2,65,0,0,1,5,3,8,1,3,0,1,0,0.666666667,0,0,0.666666667,2650.333333,0.495070856,1,6.133333333,3.75,1.258305739,0,0.375,1.0,0,2.5,0,2,0,1,1.0,1,0,2,1,0,1,0,0,0,0,1,1,0,0,0,0,0,0,0
32,2,1,11019,12.7,4,2,1,2,3,2,0,0,0,21,60,3,9,4,4,0,1,0,0.333333333,1,0,0.5,2754.75,0.679921453,0,4.233333333,2.0,0.816496581,1,0.333333333,1.0,0,2.727272727,0,-2,0,0,1.333333333,1,0,2,0,0,1,0,1,0,0,0,1,0,1,0,0,0,0,0
29,1,1,6320,13.3,3,3,5,2,4,3,38,0,0,5,12,2,7,4,6,0,1,0,0.5,0,0,0.333333333,2106.666667,0.241528035,1,6.65,3.5,1.290994449,0,0.285714286,1.0,0,2.0,0,-1,0,0,3.0,1,0,1,1,0,1,0,0,0,0,1,1,0,1,0,0,0,0,0
37,2,2,14069,14.5,4,4,2,4,1,4,37,0,0,37,90,2,7,3,1,0,1,0,0.666666667,0,0,0.5,3517.25,0.957332101,0,4.833333333,2.75,1.5,0,0.285714286,0.666666667,1,2.368421053,1,1,1,1,0.333333333,1,0,4,0,1,0,0,0,0,0,1,1,0,0,1,0,0,0,0
37,0,0,3622,19.7,1,3,2,2,5,4,0,0,1,4,10,5,11,4,3,0,0,0,0.0,0,0,0.0,3622.0,0.001963672,1,19.7,3.25,1.5,0,0.454545455,5.0,1,2.0,0,-1,0,0,3.0,1,0,1,0,0,1,0,1,0,0,0,1,0,0,1,0,0,0,0
35,6,3,7178,16.1,2,3,3,2,2,5,5,1,1,1,5,5,8,3,8,0,0,0,0.428571429,1,0,3.0,3589.0,0.368761553,1,2.3,3.0,1.414213562,0,0.625,0.714285714,1,2.5,0,0,0,0,1.142857143,2,0,2,1,0,0,0,0,0,0,1,1,0,0,1,0,0,1,1
34,0,0,6034,12.9,2,3,3,3,5,2,52,0,0,21,64,3,8,4,5,0,0,0,0.0,0,0,0.0,3017.0,0.2030191,1,12.9,3.25,1.258305739,0,0.375,3.0,1,2.909090909,1,-1,0,0,5.0,2,0,2,1,1,0,0,0,0,0,1,1,0,1,0,0,0,0,0
45,7,2,9586,17.3,3,4,3,4,2,5,32,1,1,11,56,4,13,4,7,0,1,0,0.25,1,0,2.333333333,3195.333333,0.713955638,0,2.1625,3.5,1.290994449,0,0.307692308,0.5,2,4.666666667,0,0,1,0,0.875,0,0,2,0,1,0,0,0,0,0,1,1,0,0,0,1,0,1,1
43,4,0,6427,16.6,4,3,2,4,3,4,46,0,1,5,13,4,8,3,6,0,1,0,0.0,1,0,1.0,1606.75,0.256007394,1,3.32,3.25,0.957427108,0,0.5,0.8,0,2.166666667,0,0,0,0,1.2,1,0,1,0,1,0,0,0,0,0,1,1,0,0,1,0,0,0,0
48,6,1,9313,14.8,3,3,5,1,2,3,35,0,1,18,59,5,3,5,3,0,1,0,0.142857143,1,0,2.0,3104.333333,0.573712256,0,2.114285714,2.75,1.707825128,0,1.666666667,0.714285714,0,3.105263158,0,-2,0,0,0.428571429,0,0,2,1,1,0,0,0,0,0,0,1,0,0,0,1,0,0,0
27,3,1,6542,21.8,3,3,5,2,3,2,77,1,1,3,5,2,3,4,2,0,1,0,0.25,1,0,1.0,2180.666667,0.464638158,1,5.45,3.0,1.414213562,0,0.666666667,0.5,1,1.25,0,-1,0,0,0.5,1,0,2,1,1,0,1,0,0,0,0,1,0,1,0,0,0,1,1
29,4,4,9156,19.7,2,4,2,2,3,3,31,1,1,38,123,1,8,3,5,0,0,0,0.8,0,1,2.0,4578.0,0.724280973,0,3.94,2.5,0.577350269,0,0.125,0.2,1,3.153846154,1,1,1,1,1.0,2,0,3,0,1,0,0,0,1,0,0,1,0,1,0,0,0,1,1
46,7,4,8370,9.9,1,3,1,3,5,3,55,0,1,22,100,7,13,2,7,0,0,0,0.5,1,1,7.0,8370.0,0.55961183,0,1.2375,3.0,1.632993162,0,0.538461538,0.875,1,4.347826087,1,1,0,1,0.875,2,0,3,1,1,0,0,0,0,0,1,0,0,0,0,1,0,0,0
41,1,0,4441,20.2,1,3,3,2,2,3,19,1,1,6,18,7,15,3,6,0,0,0,0.0,1,0,1.0,4441.0,0.044208256,1,10.1,2.5,0.577350269,0,0.466666667,3.5,0,2.571428571,0,0,0,0,3.0,1,0,3,0,1,0,0,0,0,0,1,1,0,0,1,0,0,1,0
30,1,1,11614,20.4,3,5,4,4,3,3,69,0,0,25,72,4,9,3,4,0,1,0,0.5,0,0,0.333333333,3871.333333,0.809724689,0,10.2,3.5,0.577350269,0,0.444444444,2.0,0,2.769230769,1,2,1,1,2.0,1,0,3,0,1,0,0,0,0,0,0,1,0,1,0,0,0,0,0
50,0,0,6380,15.5,2,3,4,3,2,3,31,1,0,16,45,3,10,4,8,0,0,1,0.0,0,0,0.0,3190.0,0.299502212,1,15.5,3.0,0.816496581,0,0.3,3.0,1,2.647058824,0,-1,0,0,8.0,2,0,3,0,1,0,0,0,1,0,0,1,0,0,0,1,0,1,1
33,0,0,6786,22.0,1,5,1,4,2,3,37,0,0,14,38,2,6,3,5,0,0,0,0.0,0,0,0.0,6786.0,0.146784487,1,22.0,2.5,1.290994449,0,0.333333333,2.0,1,2.533333333,0,2,1,1,5.0,1,0,3,1,1,0,0,1,0,0,0,1,0,1,0,0,0,0,0
39,4,4,8316,11.5,2,3,3,4,4,3,32,1,0,4,7,5,9,2,9,0,0,0,0.8,0,1,2.0,4158.0,0.619469027,0,2.3,3.5,0.577350269,0,0.555555556,1.0,0,1.4,0,1,0,1,1.8,2,0,2,0,0,1,0,0,1,0,0,1,0,0,1,0,0,1,1
46,0,0,7417,14.5,1,3,4,4,4,4,30,1,0,12,27,7,7,5,8,0,1,0,0.0,0,0,0.0,7417.0,0.307060391,1,14.5,4.0,0.0,0,1.0,7.0,2,2.076923077,0,-2,0,0,8.0,2,0,1,0,0,0,0,0,0,0,0,1,0,0,0,1,0,1,1
23,3,2,8778,18.2,3,2,3,4,3,4,51,1,1,24,70,1,10,2,8,0,1,0,0.5,1,0,1.0,2926.0,0.675884956,0,4.55,3.5,0.577350269,0,0.1,0.25,1,2.8,1,0,0,0,2.0,2,0,3,0,1,0,0,0,1,0,0,1,0,0,0,0,0,1,1
41,3,1,6965,18.2,1,3,3,3,3,3,70,0,0,29,68,3,7,3,2,0,0,0,0.25,1,0,3.0,6965.0,0.245115453,1,4.55,3.0,0.0,0,0.428571429,0.75,2,2.266666667,1,0,0,0,0.5,2,0,2,0,0,1,0,0,0,0,0,0,1,0,1,0,0,0,0
22,4,3,6974,15.5,3,3,2,4,4,2,39,0,1,11,35,4,7,4,4,0,1,0,0.6,1,0,1.333333333,2324.666667,0.546875,0,3.1,3.0,1.154700538,0,0.571428571,0.8,0,2.916666667,0,-1,0,0,0.8,0,0,2,0,1,0,1,0,0,0,0,1,0,0,0,0,0,0,0
46,1,0,6292,16.7,2,3,3,1,1,2,48,0,0,33,117,4,4,5,2,0,0,0,0.0,1,0,0.5,3146.0,0.236290819,1,8.35,1.75,0.957427108,1,1.0,2.0,2,3.441176471,1,-2,0,0,1.0,3,0,2,0,0,1,0,0,0,0,1,1,0,0,0,1,0,0,0
30,5,0,8529,18.4,3,3,3,4,2,2,53,0,0,7,27,2,7,3,1,0,1,0,0.0,1,0,1.666666667,2843.0,0.373097693,1,3.066666667,2.75,0.957427108,0,0.285714286,0.333333333,1,3.375,0,0,0,0,0.166666667,1,0,1,1,0,1,0,1,0,0,0,1,0,1,0,0,0,0,0
29,4,2,6745,11.6,2,3,3,3,4,3,38,0,0,16,51,2,4,2,2,0,0,0,0.4,1,0,2.0,3372.5,0.212255773,1,2.32,3.25,0.5,0,0.5,0.4,1,3.0,0,1,0,1,0.4,1,0,1,0,1,0,0,0,0,0,0,0,0,1,0,0,0,0,0
37,9,0,9380,14.5,3,2,1,3,4,3,42,0,0,8,34,7,7,2,3,0,1,0,0.0,1,0,3.0,3126.666667,0.691312384,0,1.45,2.75,1.258305739,0,1.0,0.7,1,3.777777778,0,0,0,0,0.3,0,0,2,1,1,0,0,0,0,0,1,1,0,0,1,0,0,0,0
41,4,0,8393,11.3,3,3,3,3,4,2,41,0,0,10,45,3,12,3,6,0,1,0,0.0,1,0,1.333333333,2797.666667,0.748355263,0,2.26,3.0,0.816496581,0,0.25,0.6,1,4.090909091,0,0,0,0,1.2,0,0,3,0,0,0,1,0,0,0,0,1,0,0,1,0,0,0,0
26,5,3,8733,14.6,2,3,4,4,4,2,36,0,0,11,33,4,3,3,6,0,0,0,0.5,1,0,2.5,4366.5,0.498889876,1,2.433333333,3.5,1.0,0,1.333333333,0.666666667,2,2.75,0,0,0,0,1.0,1,0,2,0,1,0,0,0,0,0,0,1,0,1,0,0,0,0,0
36,0,0,7475,14.4,3,3,4,2,3,3,57,0,0,2,6,3,12,3,7,0,1,0,0.0,0,0,0.0,2491.666667,0.625822368,0,14.4,3.0,0.816496581,0,0.25,3.0,2,2.0,0,0,0,0,7.0,0,0,2,1,0,1,1,0,0,0,0,1,0,0,1,0,0,0,0
40,7,7,9723,12.2,4,3,3,4,3,4,41,0,0,11,38,2,10,2,4,0,1,0,0.875,0,1,1.75,2430.75,0.824043261,0,1.525,3.5,0.577350269,0,0.2,0.25,0,3.166666667,0,1,0,1,0.5,1,0,1,1,1,0,0,0,0,1,0,0,0,0,1,0,0,0,0
18,0,0,9869,16.3,2,3,4,4,3,4,73,1,0,19,61,3,10,5,6,0,0,0,0.0,0,0,0.0,4934.5,0.548355425,0,16.3,3.75,0.5,0,0.3,3.0,2,3.05,1,-2,0,0,6.0,1,0,3,1,0,0,0,1,0,0,0,1,0,0,0,0,0,1,1
28,2,0,9929,15.2,2,3,3,3,4,3,19,0,0,5,15,4,14,3,11,0,0,0,0.0,1,0,1.0,4964.5,0.555596465,0,5.066666667,3.25,0.5,0,0.285714286,1.333333333,1,2.5,0,0,0,0,3.666666667,1,0,3,0,1,0,0,1,0,0,0,1,0,1,0,0,0,0,0
42,3,2,8015,7.8,2,3,2,3,5,2,40,1,0,21,48,3,2,2,9,0,0,0,0.5,1,0,1.5,4007.5,0.698190789,0,1.95,3.0,1.414213562,0,1.5,0.75,2,2.181818182,0,1,0,1,2.25,1,0,3,0,1,0,1,0,0,0,0,1,0,0,1,0,0,1,1
27,2,0,6558,21.0,1,3,4,2,4,3,11,1,1,8,27,3,6,4,9,0,0,0,0.0,1,0,2.0,6558.0,0.192717584,1,7.0,3.25,0.957427108,0,0.5,1.0,0,3.0,0,-1,0,0,3.0,2,0,2,1,1,0,0,0,0,0,0,1,0,1,0,0,0,0,0
40,1,0,6147,17.0,1,3,3,4,5,2,32,1,0,21,63,4,8,3,7,0,1,0,0.0,1,0,1.0,6147.0,0.393914474,1,8.5,3.5,1.290994449,0,0.5,2.0,0,2.863636364,1,0,0,0,3.5,2,0,3,1,1,0,1,0,0,0,0,0,0,0,1,0,0,0,0
38,7,3,12240,9.3,3,3,5,3,1,3,29,0,0,3,10,4,12,4,2,0,1,0,0.375,1,0,2.333333333,4080.0,0.845248668,0,1.1625,3.0,1.632993162,0,0.333333333,0.5,0,2.5,0,-1,0,0,0.25,0,0,3,1,1,0,0,0,0,0,0,0,1,0,1,0,0,0,0
25,1,1,7397,15.7,1,4,4,3,3,2,44,0,0,17,42,2,14,3,2,0,0,0,0.5,0,0,1.0,7397.0,0.541181364,0,7.85,3.0,0.816496581,0,0.142857143,1.0,1,2.333333333,0,1,1,1,1.0,0,0,4,1,1,0,0,0,0,1,0,1,0,1,0,0,0,0,0
34,1,1,7976,17.0,2,3,4,2,2,4,49,0,0,6,15,4,8,3,4,0,1,0,0.5,0,0,0.5,3988.0,0.499691929,1,8.5,3.0,1.154700538,0,0.5,2.0,1,2.142857143,0,0,0,0,2.0,1,0,3,0,0,0,0,0,0,0,1,0,0,1,0,0,0,0,0
18,0,0,7243,16.5,2,5,5,5,3,1,17,0,0,21,92,3,6,3,6,0,0,0,0.0,0,0,0.0,3621.5,0.379544054,1,16.5,3.5,1.914854216,0,0.5,3.0,2,4.181818182,1,2,1,1,6.0,2,0,2,1,1,0,0,0,0,0,1,1,0,0,0,0,0,0,0
34,0,0,5352,11.3,1,3,1,3,3,5,71,1,1,19,54,9,16,3,4,0,0,0,0.0,0,0,0.0,5352.0,0.068383659,1,11.3,3.0,1.632993162,0,0.5625,9.0,1,2.7,0,0,0,0,4.0,1,0,2,1,0,1,0,0,0,0,0,1,0,1,0,0,0,1,1
37,0,0,8441,17.4,2,4,2,4,2,4,26,1,1,5,23,8,8,4,5,0,0,0,0.0,0,0,0.0,4220.5,0.57008626,0,17.4,3.0,1.154700538,0,1.0,8.0,0,3.833333333,0,0,1,0,5.0,0,0,2,1,1,0,0,0,0,0,1,0,0,0,1,0,0,0,0
29,5,3,8289,13.4,2,3,5,2,1,5,48,0,1,12,17,3,3,3,7,0,0,0,0.5,1,0,2.5,4144.5,0.43294849,1,2.233333333,3.25,2.061552813,0,1.0,0.5,0,1.307692308,0,0,0,0,1.166666667,1,0,3,0,1,0,0,0,0,0,0,0,1,1,0,0,0,0,0
51,3,0,4814,12.5,2,3,4,2,1,2,18,1,0,17,56,5,8,4,4,0,0,1,0.0,1,0,1.5,2407.0,0.119384359,1,3.125,2.25,1.258305739,1,0.625,1.25,0,3.111111111,0,-1,0,0,1.0,2,1,2,0,0,1,0,0,0,1,0,1,0,0,0,1,0,1,1
20,2,1,9813,12.9,3,4,4,2,4,5,52,0,0,2,9,4,4,5,5,0,1,0,0.333333333,1,0,0.666666667,3271.0,0.795353982,0,4.3,3.75,1.258305739,0,1.0,1.333333333,0,3.0,0,-1,1,0,1.666666667,0,0,3,1,0,1,0,0,1,0,0,1,0,0,0,0,0,0,0
43,2,1,4896,17.0,1,2,3,1,3,4,82,0,1,8,20,1,2,4,8,0,0,0,0.333333333,1,0,2.0,4896.0,0.105641593,1,5.666666667,2.75,1.258305739,0,0.5,0.333333333,1,2.222222222,0,-2,0,0,2.666666667,2,0,3,0,0,1,0,0,1,0,0,0,1,0,1,0,0,0,0
29,11,6,14608,11.2,4,2,4,4,3,3,65,0,0,12,28,5,2,4,6,0,1,0,0.5,1,1,2.75,3652.0,0.943161634,0,0.933333333,3.5,0.577350269,0,2.5,0.416666667,2,2.153846154,0,-2,0,0,0.5,1,0,3,0,1,0,0,0,0,0,0,1,0,1,0,0,0,0,0
55,2,2,7922,13.6,3,3,4,3,1,4,27,1,0,4,16,6,7,4,4,0,1,1,0.666666667,0,0,0.666666667,2640.666667,0.561393805,0,4.533333333,3.0,1.414213562,0,0.857142857,2.0,0,3.2,0,-1,0,0,1.333333333,0,0,2,1,0,1,0,0,1,0,0,1,0,0,0,0,1,0,0
43,1,0,5462,12.8,2,4,4,3,5,2,38,0,1,14,63,7,10,2,6,0,1,0,0.0,1,0,0.5,2731.0,0.265625,1,6.4,3.5,1.290994449,0,0.7,3.5,1,4.2,1,2,1,1,3.0,2,0,1,0,1,0,1,0,0,0,0,0,1,0,1,0,0,0,0
29,3,0,9790,18.6,2,3,3,2,1,4,84,0,1,8,23,3,9,3,4,0,1,0,0.0,1,0,1.5,4895.0,0.540009818,0,4.65,2.5,1.290994449,0,0.333333333,0.75,2,2.555555556,0,0,0,0,1.0,0,0,3,1,1,0,0,1,0,0,0,0,0,1,0,0,0,0,0
33,4,1,8352,12.0,1,3,4,2,2,2,17,0,1,13,35,3,2,3,3,0,0,0,0.2,1,0,4.0,8352.0,0.556377079,0,2.4,2.5,1.0,0,1.5,0.6,1,2.5,0,0,0,0,0.6,0,0,3,0,1,0,0,0,0,0,1,1,0,1,0,0,0,0,0
20,2,0,7474,18.6,2,5,5,3,3,3,26,0,1,14,52,2,12,3,5,0,1,0,0.0,1,0,1.0,3737.0,0.49170354,1,6.2,3.5,1.0,0,0.166666667,0.666666667,1,3.466666667,0,2,1,1,1.666666667,1,0,2,1,0,0,0,0,1,0,0,0,0,0,0,0,0,0,0
39,4,0,11285,13.9,3,2,4,2,4,4,17,1,0,38,123,8,18,3,8,0,1,0,0.0,1,0,1.333333333,3761.666667,0.709744723,0,2.78,3.5,1.0,0,0.444444444,1.6,1,3.153846154,1,-1,0,0,1.6,2,0,3,1,1,0,0,1,0,0,0,1,0,0,1,0,0,1,1
18,0,0,5212,10.5,1,4,3,4,2,3,56,0,1,8,27,4,12,3,2,0,0,0,0.0,0,0,0.0,5212.0,0.138827434,1,10.5,3.0,0.816496581,0,0.333333333,4.0,0,3.0,0,1,1,1,2.0,1,0,2,1,0,1,0,0,1,0,0,1,0,0,0,0,0,0,0
41,1,0,5953,12.6,1,3,5,5,3,3,42,0,1,6,19,7,8,3,5,0,1,0,0.0,1,0,1.0,5953.0,0.190080099,1,6.3,4.0,1.154700538,0,0.875,3.5,0,2.714285714,0,0,0,0,2.5,1,0,3,0,0,1,0,0,0,0,1,1,0,0,1,0,0,0,0
26,1,0,3872,20.6,1,4,1,4,1,3,40,1,0,13,22,7,5,2,8,0,0,0,0.0,1,0,1.0,3872.0,0.018176217,1,10.3,2.25,1.5,1,1.4,3.5,2,1.571428571,0,2,1,1,4.0,3,1,1,1,1,0,0,0,0,0,1,0,1,1,0,0,0,1,1
30,11,6,11465,13.6,4,2,4,3,3,2,55,1,0,29,102,5,5,3,6,0,1,0,0.5,1,1,2.75,2866.25,0.925540765,0,1.133333333,3.0,0.816496581,0,1.0,0.416666667,0,3.4,1,-1,0,0,0.5,2,0,2,1,0,1,0,0,0,1,0,1,0,1,0,0,0,0,0
45,3,1,4392,12.6,1,4,2,4,3,4,49,0,1,6,21,3,9,4,0,0,0,0,0.25,1,0,3.0,4392.0,0.075083195,1,3.15,3.25,0.957427108,0,0.333333333,0.75,1,3.0,0,0,1,0,0.0,1,0,2,0,0,1,0,0,0,1,0,1,0,0,0,1,0,0,0
45,7,3,7939,17.5,2,4,4,5,4,1,56,0,0,11,28,4,4,3,3,1,0,0,0.375,1,0,3.5,3969.5,0.493684535,1,2.1875,3.5,1.732050808,0,1.0,0.5,1,2.333333333,0,1,1,1,0.375,1,0,3,0,1,0,0,0,0,0,1,0,0,0,0,1,0,0,0
33,1,0,7296,17.5,3,3,3,3,3,4,28,0,1,20,61,3,13,3,4,0,1,0,0.0,1,0,0.333333333,2432.0,0.456858407,1,8.75,3.25,0.5,0,0.230769231,1.5,0,2.904761905,1,0,0,0,2.0,2,0,1,0,1,0,0,0,1,0,0,0,0,1,0,0,0,0,0
50,2,2,4988,13.0,1,4,4,3,4,3,39,1,0,9,26,5,10,4,6,0,1,1,0.666666667,0,0,2.0,4988.0,0.083949476,1,4.333333333,3.5,0.577350269,0,0.5,1.666666667,0,2.6,0,0,1,0,2.0,1,0,2,1,1,0,0,0,0,0,1,1,0,0,0,1,0,0,0
39,0,0,6998,17.0,2,3,5,5,2,3,16,1,1,7,9,2,4,3,10,0,0,0,0.0,0,0,0.0,3499.0,0.334565619,1,17.0,3.75,1.5,0,0.5,2.0,1,1.125,0,0,0,0,10.0,2,0,2,0,1,0,0,0,0,0,1,1,0,0,1,0,0,1,1
26,2,0,10084,15.2,2,5,4,4,4,4,38,0,1,45,150,1,4,3,2,0,0,0,0.0,1,0,1.0,5042.0,0.573269514,0,5.066666667,4.0,0.0,0,0.25,0.333333333,1,3.260869565,1,2,1,1,0.666666667,1,0,2,1,1,0,0,1,0,0,0,1,0,1,0,0,0,0,0
27,1,0,6636,14.0,2,3,5,3,2,2,60,0,0,14,57,1,17,4,6,0,0,0,0.0,1,0,0.5,3318.0,0.19982238,1,7.0,3.0,1.414213562,0,0.058823529,0.5,2,3.8,0,-1,0,0,3.0,1,0,2,1,0,1,0,0,0,0,0,1,0,1,0,0,0,0,0
34,2,1,8431,16.6,2,3,1,2,2,4,58,0,0,40,150,4,13,2,5,0,0,0,0.333333333,1,0,1.0,4215.5,0.452486679,1,5.533333333,2.25,1.258305739,1,0.307692308,1.333333333,1,3.658536585,1,1,0,1,1.666666667,3,0,3,0,1,0,0,0,0,0,0,1,0,1,0,0,0,0,0
33,11,11,12740,12.1,4,2,4,1,2,2,41,0,0,2,6,5,16,4,8,0,1,0,0.916666667,0,1,2.75,3185.0,0.876110124,0,1.008333333,2.25,1.258305739,1,0.3125,0.416666667,1,2.0,0,-2,0,0,0.666666667,3,0,2,1,1,0,0,0,0,0,0,1,0,1,0,0,0,0,0
35,9,3,14562,13.8,3,5,3,3,3,2,23,0,0,6,24,4,9,4,5,0,1,0,0.3,1,0,3.0,4854.0,0.911512027,0,1.38,2.75,0.5,0,0.444444444,0.4,1,3.428571429,0,1,1,1,0.5,0,0,3,0,0,1,0,1,0,0,0,0,1,0,1,0,0,0,0
35,2,1,4899,8.9,2,3,4,4,4,3,45,0,0,23,83,1,6,1,4,0,0,0,0.333333333,1,0,1.0,2449.5,0.074861368,1,2.966666667,3.75,0.5,0,0.166666667,0.333333333,1,3.458333333,1,2,0,1,1.333333333,2,0,1,1,1,0,0,0,0,0,1,1,0,0,1,0,0,0,0
40,6,2,9093,9.2,3,3,2,4,5,2,45,1,0,6,23,5,8,1,10,0,1,0,0.285714286,1,0,2.0,3031.0,0.716261062,0,1.314285714,3.25,1.5,0,0.625,0.714285714,1,3.285714286,0,2,0,1,1.428571429,1,0,2,0,0,1,0,0,1,0,0,1,0,0,1,0,0,1,1
34,10,1,8018,13.8,2,2,3,3,3,3,35,0,0,9,18,4,6,4,4,0,0,0,0.090909091,1,0,5.0,4009.0,0.298969072,1,1.254545455,3.0,0.0,0,0.666666667,0.363636364,1,1.8,0,-2,0,0,0.363636364,1,0,2,0,1,0,0,1,0,0,0,0,0,1,0,0,0,0,0
40,5,2,5658,11.3,2,3,1,2,4,3,19,0,1,13,32,3,8,4,5,0,1,0,0.333333333,1,0,2.5,2829.0,0.155884165,1,1.883333333,2.5,1.290994449,0,0.375,0.5,0,2.285714286,0,-1,0,0,0.833333333,1,0,2,0,0,0,0,0,0,0,1,1,0,0,1,0,0,0,0
44,10,9,11718,14.2,4,2,4,4,2,3,68,1,1,13,54,6,10,3,9,0,1,0,0.818181818,1,1,2.5,2929.5,0.880468269,0,1.290909091,3.25,0.957427108,0,0.6,0.545454545,1,3.857142857,0,-1,0,0,0.818181818,2,0,3,0,1,0,0,0,0,0,1,1,0,0,1,0,0,1,1
39,6,5,9688,12.8,2,3,2,2,4,4,16,0,0,28,62,4,11,3,6,0,1,0,0.714285714,1,1,3.0,4844.0,0.722119532,0,1.828571429,3.0,1.154700538,0,0.363636364,0.571428571,2,2.137931034,1,0,0,0,0.857142857,2,0,4,1,1,0,0,0,0,0,1,1,0,0,1,0,0,0,0
26,8,4,9411,11.6,4,3,2,3,4,4,49,0,0,20,43,3,9,3,7,0,1,0,0.444444444,1,1,2.0,2352.75,0.836348684,0,1.288888889,3.25,0.957427108,0,0.333333333,0.333333333,0,2.047619048,0,0,0,0,0.777777778,1,0,1,0,1,0,1,0,0,0,0,1,0,1,0,0,0,0,0
26,3,0,10486,16.4,2,4,4,2,5,4,54,1,1,15,56,8,10,3,8,0,1,0,0.0,1,0,1.5,5243.0,0.62125675,0,4.1,3.75,1.258305739,0,0.8,2.0,0,3.5,0,1,1,1,2.0,1,0,3,0,0,1,0,1,0,0,0,1,0,1,0,0,0,0,0
43,8,5,8081,17.5,3,4,3,3,3,3,59,1,1,8,28,2,8,4,3,1,1,0,0.555555556,1,0,2.666666667,2693.666667,0.587389381,0,1.944444444,3.0,0.0,0,0.25,0.222222222,0,3.111111111,0,0,1,0,0.333333333,0,0,1,0,1,0,0,0,1,0,0,1,0,0,1,0,0,0,0
30,2,2,7141,12.3,2,3,3,3,1,3,26,0,1,28,75,1,15,3,6,0,0,0,0.666666667,0,0,1.0,3570.5,0.268650089,1,4.1,2.5,1.0,0,0.066666667,0.333333333,1,2.586206897,1,0,0,0,2.0,2,0,3,0,0,1,0,0,0,0,0,1,0,1,0,0,0,0,0
42,1,0,6468,18.0,1,4,4,3,2,4,21,1,1,25,130,4,4,3,9,0,0,0,0.0,1,0,1.0,6468.0,0.263093038,1,9.0,3.25,0.957427108,0,1.0,2.0,0,5.0,1,1,1,1,4.5,3,0,2,1,0,0,0,0,0,0,1,1,0,0,1,0,0,1,1
48,4,2,6884,15.7,2,2,1,4,2,4,17,0,1,20,51,1,11,2,3,0,1,0,0.4,1,0,2.0,3442.0,0.526315789,0,3.14,2.75,1.5,0,0.090909091,0.2,0,2.428571429,0,0,0,0,0.6,0,0,4,0,1,0,1,0,0,0,0,1,0,0,0,1,0,0,0
32,2,0,6006,16.4,2,4,4,4,3,3,50,0,1,7,10,5,4,4,3,0,0,0,0.0,1,0,1.0,3003.0,0.240597345,1,5.466666667,3.5,0.577350269,0,1.25,1.666666667,1,1.25,0,0,1,0,1.0,1,0,2,0,0,1,0,0,1,0,0,1,0,1,0,0,0,0,0
39,7,6,10130,13.7,3,3,4,4,4,3,53,1,1,11,33,5,7,3,3,0,1,0,0.75,1,1,2.333333333,3376.666667,0.767252002,0,1.7125,3.75,0.5,0,0.714285714,0.625,1,2.75,0,0,0,0,0.375,1,0,2,1,1,0,0,0,0,0,1,1,0,0,1,0,0,0,0
39,3,1,5887,14.9,2,3,4,1,4,3,28,0,0,13,42,2,13,4,4,0,0,0,0.25,1,0,1.5,2943.5,0.347450658,1,3.725,3.0,1.414213562,0,0.153846154,0.5,1,3.0,0,-1,0,0,1.0,1,0,2,1,1,0,1,0,0,0,0,1,0,0,1,0,0,0,0
30,4,1,7927,11.3,3,2,3,3,4,1,47,0,1,17,67,3,11,3,5,0,1,0,0.2,1,0,1.333333333,2642.333333,0.380106572,1,2.26,2.75,1.258305739,0,0.272727273,0.6,2,3.722222222,1,-1,0,0,1.0,2,0,1,1,1,0,0,0,0,0,0,1,0,1,0,0,0,0,0
34,1,0,6767,9.4,1,1,5,3,2,3,51,0,0,27,76,2,8,5,8,0,0,0,0.0,1,0,1.0,6767.0,0.143716249,1,4.7,3.25,1.258305739,0,0.25,1.0,0,2.714285714,1,-4,0,0,4.0,3,0,3,0,1,0,0,1,0,0,0,1,0,1,0,0,0,1,0
23,0,0,6138,12.6,2,3,3,3,4,2,37,0,0,54,111,1,9,3,9,0,1,0,0.0,0,0,0.0,3069.0,0.329866889,1,12.6,3.0,0.816496581,0,0.111111111,1.0,2,2.018181818,1,0,0,0,9.0,3,0,2,0,1,0,0,0,0,1,0,1,0,0,0,0,0,0,1
55,3,1,10822,11.5,2,4,4,5,3,5,47,1,0,3,10,6,5,3,3,0,0,1,0.25,1,0,1.5,5411.0,0.747779751,0,2.875,4.25,0.957427108,0,1.2,1.5,1,2.5,0,1,1,1,0.75,0,0,3,0,1,0,0,0,0,0,0,0,1,0,0,0,1,1,1
41,4,0,8930,15.4,2,4,4,3,4,3,39,1,0,18,75,3,2,2,6,0,0,0,0.0,1,0,2.0,4465.0,0.427098675,1,3.08,3.5,0.577350269,0,1.5,0.6,1,3.947368421,1,2,1,1,1.2,2,0,2,1,0,1,0,1,0,0,0,1,0,0,1,0,0,1,1
31,4,4,11008,16.8,3,3,5,5,4,2,51,1,1,18,57,2,6,3,8,0,1,0,0.8,0,1,1.333333333,3669.333333,0.678939617,0,3.36,4.0,1.414213562,0,0.333333333,0.4,0,3.0,0,0,0,0,1.6,2,0,2,0,0,1,0,1,0,0,0,1,0,1,0,0,0,1,1
48,1,0,6969,10.3,2,3,3,4,2,1,47,1,0,18,40,3,8,3,9,0,0,0,0.0,1,0,0.5,3484.5,0.166666667,1,5.15,2.5,1.290994449,0,0.375,1.5,0,2.105263158,0,0,0,0,4.5,2,0,1,1,0,1,0,1,0,0,0,1,0,0,0,1,0,1,1
21,1,0,7214,15.9,2,4,2,4,3,4,4,0,0,9,29,2,10,1,2,0,0,0,0.0,1,0,0.5,3607.0,0.196858125,1,7.95,3.25,0.957427108,0,0.2,1.0,1,2.9,0,3,1,1,1.0,1,0,2,0,1,0,0,1,0,0,0,0,0,0,0,0,0,0,0
24,4,1,5114,13.0,1,2,4,3,3,4,66,0,1,28,68,7,6,3,10,0,0,0,0.2,1,0,4.0,5114.0,0.126106195,1,2.6,3.5,0.577350269,0,1.166666667,1.4,1,2.344827586,1,-1,0,0,2.0,3,0,2,0,0,0,0,0,1,0,0,0,1,0,0,0,0,0,0
44,13,12,15765,14.4,5,1,2,2,3,3,0,0,0,19,49,3,7,3,7,0,1,0,0.857142857,1,1,2.6,3153.0,0.944894453,0,1.028571429,2.5,0.577350269,0,0.428571429,0.214285714,2,2.45,0,-2,0,0,0.5,1,0,2,1,0,1,0,1,0,0,0,1,0,0,1,0,0,0,0
33,5,0,6933,16.2,1,5,3,4,4,3,38,0,0,21,64,2,10,3,10,0,1,0,0.0,1,0,5.0,6933.0,0.540296053,0,2.7,3.5,0.577350269,0,0.2,0.333333333,1,2.909090909,1,2,1,1,1.666666667,2,0,4,0,0,0,1,0,0,0,0,0,0,1,0,0,0,0,0
38,7,2,11202,15.3,3,4,1,4,3,2,37,0,0,14,46,4,7,3,7,1,1,0,0.25,1,0,2.333333333,3734.0,0.854898336,0,1.9125,2.5,1.290994449,0,0.571428571,0.5,1,3.066666667,0,1,1,1,0.875,0,0,2,1,1,0,0,0,0,0,1,1,0,0,1,0,0,0,0
24,3,2,5559,9.7,1,3,4,2,4,2,70,0,1,16,34,3,8,3,1,0,0,0,0.5,1,0,3.0,5559.0,0.046637212,1,2.425,3.0,1.154700538,0,0.375,0.75,1,2.0,0,0,0,0,0.25,1,0,2,1,0,1,0,1,0,0,0,1,0,0,0,0,0,0,0
24,1,1,8038,21.1,2,4,2,5,3,4,28,1,0,2,6,2,11,1,11,0,0,0,0.5,0,0,0.5,4019.0,0.303387334,1,10.55,3.5,1.290994449,0,0.181818182,1.0,1,2.0,0,3,1,1,5.5,2,0,2,0,0,1,0,1,0,0,0,1,0,0,0,0,0,1,1
28,8,1,11646,10.0,4,4,2,1,4,5,58,0,1,24,76,2,2,4,4,1,1,0,0.111111111,1,0,2.0,2911.5,0.876771411,0,1.111111111,3.0,1.825741858,0,1.0,0.222222222,1,3.04,1,0,1,0,0.444444444,1,0,1,1,0,0,0,0,0,0,1,0,0,1,0,0,0,0,0
25,4,1,7807,19.5,2,4,3,4,3,4,56,0,0,17,72,3,11,3,4,0,0,0,0.2,1,0,2.0,3903.5,0.662006579,0,3.9,3.5,0.577350269,0,0.272727273,0.6,2,4.0,1,1,1,1,0.8,1,0,3,1,1,0,1,0,0,0,0,1,0,1,0,0,0,0,0
41,4,2,7349,15.7,2,5,1,3,4,2,37,0,1,15,39,3,13,4,2,0,0,0,0.4,1,0,2.0,3674.5,0.53202995,0,3.14,2.5,1.290994449,0,0.230769231,0.6,1,2.4375,0,1,1,1,0.4,0,0,2,1,0,1,0,0,0,1,0,1,0,0,1,0,0,0,0
49,3,0,10861,16.6,3,3,3,4,5,3,27,0,1,9,29,4,7,2,4,0,1,0,0.0,1,0,1.0,3620.333333,0.752220249,0,4.15,3.75,0.957427108,0,0.571428571,1.0,1,2.9,0,1,0,1,1.0,0,0,3,1,1,0,0,0,0,0,0,1,0,0,0,1,0,0,0
41,5,3,4875,10.0,2,2,1,1,4,4,38,0,1,7,20,4,10,3,5,0,1,0,0.5,1,0,2.5,2437.5,0.126039933,1,1.666666667,2.5,1.732050808,0,0.4,0.666666667,0,2.5,0,-1,0,0,0.833333333,1,0,2,0,1,0,0,0,0,1,0,0,0,0,1,0,0,0,0
31,4,2,7961,20.9,1,4,2,2,4,3,43,0,0,19,79,3,3,4,3,0,0,0,0.4,1,0,4.0,7961.0,0.496303142,1,4.18,2.75,0.957427108,0,1.0,0.6,2,3.95,1,0,1,0,0.6,2,0,4,0,0,0,0,0,0,0,1,1,0,1,0,0,0,0,0
27,9,5,12377,9.1,4,3,1,2,3,1,43,0,1,18,45,4,6,3,5,0,1,0,0.5,1,1,2.25,3094.25,0.799705449,0,0.91,1.75,0.957427108,1,0.666666667,0.4,0,2.368421053,0,0,0,0,0.5,2,0,2,1,1,0,0,1,0,0,0,1,0,1,0,0,0,0,0
39,0,0,3795,13.2,1,3,4,5,2,3,11,0,1,13,8,4,9,4,4,0,0,0,0.0,0,0,0.0,3795.0,0.061677632,1,13.2,3.5,1.290994449,0,0.444444444,4.0,2,0.571428571,0,-1,0,0,4.0,1,0,3,0,1,0,1,0,0,0,0,0,0,0,1,0,0,0,0
37,1,0,4175,20.7,1,3,3,5,3,4,44,0,1,9,26,2,6,5,6,0,1,0,0.0,1,0,1.0,4175.0,0.007992895,1,10.35,3.75,0.957427108,0,0.333333333,1.0,1,2.6,0,-2,0,0,3.0,1,0,2,0,1,0,0,0,0,0,0,1,0,0,1,0,0,0,0
50,2,1,6611,15.4,2,3,1,4,4,3,10,1,0,23,100,8,6,3,8,0,1,1,0.333333333,1,0,1.0,3305.5,0.329922566,1,5.133333333,3.0,1.414213562,0,1.333333333,2.666666667,0,4.166666667,1,0,0,0,2.666666667,3,0,2,0,1,0,0,0,1,0,0,1,0,0,0,1,0,1,1
38,2,1,9086,13.6,3,3,4,5,3,3,0,0,1,17,55,2,7,3,9,0,1,0,0.333333333,1,0,0.666666667,3028.666667,0.450171821,1,4.533333333,3.75,0.957427108,0,0.285714286,0.666666667,1,3.055555556,0,0,0,0,3.0,2,0,2,1,1,0,0,1,0,0,0,1,0,0,1,0,0,0,0
33,2,2,5835,20.6,1,4,3,4,2,5,47,0,1,12,27,4,9,5,2,0,0,0,0.666666667,0,0,2.0,5835.0,0.280990017,1,6.866666667,3.5,1.290994449,0,0.444444444,1.333333333,1,2.076923077,0,-1,1,0,0.666666667,1,0,2,0,1,0,0,0,0,1,0,1,0,1,0,0,0,0,0
30,3,3,7891,20.2,3,4,4,4,3,3,15,0,0,19,47,4,18,5,5,0,1,0,0.75,0,0,1.0,2630.333333,0.619800333,0,5.05,3.5,0.577350269,0,0.222222222,1.0,0,2.35,0,-1,1,0,1.25,0,0,2,1,0,1,0,0,0,1,0,0,1,1,0,0,0,0,0
38,10,1,8794,17.5,3,4,2,4,4,3,21,1,0,24,78,3,6,3,5,1,1,0,0.090909091,1,0,3.333333333,2931.333333,0.741056572,0,1.590909091,3.25,0.957427108,0,0.5,0.272727273,1,3.12,1,1,1,1,0.454545455,1,0,2,0,0,0,0,0,0,1,0,1,0,0,1,0,0,0,0
40,4,1,7147,12.6,2,1,3,3,3,3,25,1,0,26,88,3,8,4,7,0,0,0,0.2,1,0,2.0,3573.5,0.49875208,1,2.52,3.0,0.0,0,0.375,0.6,0,3.259259259,1,-3,0,0,1.4,2,0,2,0,1,0,0,0,0,1,0,1,0,0,1,0,0,0,0
20,0,0,5614,12.6,1,2,2,4,3,1,38,0,0,5,12,5,3,3,5,0,0,0,0.0,0,0,0.0,5614.0,0.241680532,1,12.6,2.5,1.290994449,0,1.666666667,5.0,1,2.0,0,-1,0,0,5.0,1,0,2,1,0,0,0,0,0,1,0,1,0,0,0,0,0,0,0
40,3,2,5972,13.1,2,3,1,1,2,1,54,0,0,1,5,2,9,3,5,0,0,0,0.5,1,0,1.5,2986.0,0.194393099,1,3.275,1.25,0.5,1,0.222222222,0.5,2,2.5,0,0,0,0,1.25,2,0,2,0,1,0,0,0,0,0,1,1,0,0,1,0,0,0,0
39,4,2,9544,18.1,3,4,4,2,4,4,34,1,1,11,33,1,2,3,6,0,1,0,0.4,1,0,1.333333333,3181.333333,0.506013746,0,3.62,3.5,1.0,0,0.5,0.2,2,2.75,0,1,1,1,1.2,0,0,1,0,1,0,0,1,0,0,0,0,0,0,1,0,0,1,1
45,2,2,10064,5.0,2,1,4,2,5,4,60,0,0,10,28,6,8,4,6,0,0,0,0.666666667,0,0,1.0,5032.0,0.571183112,0,1.666666667,3.75,1.258305739,0,0.75,2.0,1,2.545454545,0,-3,0,0,2.0,0,0,3,1,0,0,0,1,0,0,0,1,0,0,0,1,0,0,0
28,1,1,6387,12.3,1,2,2,3,4,4,22,0,1,11,39,3,12,4,4,0,1,0,0.5,0,0,1.0,6387.0,0.104810997,1,6.15,3.25,0.957427108,0,0.25,1.5,2,3.25,0,-2,0,0,2.0,1,0,2,0,1,0,0,1,0,0,0,1,0,1,0,0,0,0,0
34,5,2,9899,20.8,3,4,3,3,4,4,43,0,0,19,70,2,2,3,2,1,1,0,0.333333333,1,0,1.666666667,3299.666667,0.805033186,0,3.466666667,3.5,0.577350269,0,1.0,0.333333333,1,3.5,1,1,1,1,0.333333333,1,0,2,1,1,0,0,0,1,0,0,1,0,1,0,0,0,0,0
37,2,2,6742,18.9,1,4,2,2,3,3,26,0,0,42,142,3,7,2,4,0,1,0,0.666666667,0,0,2.0,6742.0,0.297905114,1,6.3,2.5,0.577350269,0,0.428571429,1.0,0,3.302325581,1,2,1,1,1.333333333,2,0,3,0,0,1,0,0,0,0,1,1,0,0,1,0,0,0,0
36,13,8,16596,14.6,4,4,2,5,4,3,32,0,0,14,24,5,2,3,7,0,1,0,0.571428571,1,1,3.25,4149.0,0.959990182,0,1.042857143,3.5,1.290994449,0,2.5,0.357142857,1,1.6,0,1,1,1,0.5,1,0,3,0,1,0,0,1,0,0,0,1,0,0,1,0,0,0,0
25,7,7,14775,16.7,3,4,5,3,3,3,42,0,0,9,28,6,8,3,3,0,1,0,0.875,0,1,2.333333333,4925.0,0.947602131,0,2.0875,3.5,1.0,0,0.75,0.75,1,2.8,0,1,1,1,0.375,1,0,4,0,1,0,0,0,0,0,0,1,0,1,0,0,0,0,0
44,1,0,3542,13.2,1,4,4,2,3,3,39,1,0,26,76,5,11,3,3,0,0,0,0.0,1,0,1.0,3542.0,0.02828619,1,6.6,3.0,0.816496581,0,0.454545455,2.5,1,2.814814815,1,1,1,1,1.5,2,0,1,1,1,0,0,0,0,1,0,1,0,0,1,0,0,0,0
36,4,1,7462,11.2,2,3,2,4,4,1,33,1,0,13,36,2,8,3,5,0,0,0,0.2,1,0,2.0,3731.0,0.311278863,1,2.24,2.75,1.5,0,0.25,0.4,2,2.571428571,0,0,0,0,1.0,1,0,2,1,0,1,0,0,0,0,0,1,0,0,1,0,0,1,1
44,2,1,7790,17.1,2,3,4,2,4,4,55,0,0,18,30,9,9,4,5,0,0,0,0.333333333,1,0,1.0,3895.0,0.601913478,0,5.7,3.5,1.0,0,1.0,3.0,1,1.578947368,0,-1,0,0,1.666666667,0,0,3,0,1,0,0,0,0,1,0,1,0,0,1,0,0,0,0
38,20,20,14806,15.5,5,5,3,3,1,2,29,0,1,16,58,7,7,3,5,0,1,0,0.952380952,0,1,4.0,2961.2,0.97073321,0,0.738095238,2.25,0.957427108,1,1.0,0.333333333,2,3.411764706,0,2,1,1,0.238095238,2,0,2,0,0,1,0,0,0,0,1,1,0,0,1,0,0,0,0
26,2,1,6926,15.7,2,4,3,3,3,4,32,0,0,8,27,4,7,3,6,0,0,0,0.333333333,1,0,1.0,3463.0,0.237122558,1,5.233333333,3.25,0.5,0,0.571428571,1.333333333,1,3.0,0,1,1,1,2.0,1,0,2,0,1,0,0,0,0,0,0,1,0,1,0,0,0,0,0
46,5,2,9040,19.2,2,3,3,2,3,2,47,0,0,27,59,6,7,3,4,0,0,0,0.333333333,1,0,2.5,4520.0,0.444771723,1,3.2,2.5,0.577350269,0,0.857142857,1.0,2,2.107142857,0,0,0,0,0.666666667,1,0,2,1,0,0,0,1,0,0,0,1,0,0,0,1,0,0,0
31,3,0,4080,14.1,1,4,3,5,4,3,71,0,1,30,78,3,6,3,9,0,0,0,0.0,1,0,3.0,4080.0,0.053660566,1,3.525,3.75,0.957427108,0,0.5,0.75,0,2.516129032,1,1,1,1,2.25,3,0,2,0,1,0,0,0,0,1,0,0,1,1,0,0,0,0,0
38,10,10,18061,15.0,5,5,5,2,2,4,44,0,1,60,150,8,9,3,6,0,1,0,0.909090909,0,1,2.0,3612.2,0.991563055,0,1.363636364,3.25,1.5,0,0.888888889,0.727272727,0,2.459016393,1,2,1,1,0.545454545,2,0,3,0,1,0,0,0,0,0,0,1,0,0,1,0,0,0,0
40,12,9,11176,19.4,4,4,1,3,3,1,50,1,1,12,38,6,12,3,2,1,1,0,0.692307692,1,0,3.0,2794.0,0.852279729,0,1.492307692,2.0,1.154700538,1,0.5,0.461538462,2,2.923076923,0,1,1,1,0.153846154,1,1,2,0,1,0,0,0,0,0,1,1,0,0,1,0,0,0,0
26,5,0,9290,15.0,4,1,4,4,4,4,52,0,1,13,47,5,7,3,8,0,1,0,0.0,1,0,1.25,2322.5,0.737002212,0,2.5,4.0,0.0,0,0.714285714,0.833333333,2,3.357142857,0,-2,0,0,1.333333333,1,0,2,1,0,1,0,0,1,0,0,0,1,1,0,0,0,0,0
31,2,0,11120,14.7,3,3,5,3,2,3,43,0,1,6,17,6,10,4,8,0,1,0,0.0,1,0,0.666666667,3706.666667,0.693789887,0,4.9,3.25,1.258305739,0,0.6,2.0,1,2.428571429,0,-1,0,0,2.666666667,1,0,2,0,1,0,0,1,0,0,0,1,0,1,0,0,0,0,0
32,9,5,9188,17.6,2,4,4,2,3,3,35,0,0,6,19,11,5,3,6,0,0,0,0.5,1,1,4.5,4594.0,0.462690231,1,1.76,3.0,0.816496581,0,2.2,1.1,0,2.714285714,0,1,1,1,0.6,2,0,2,1,1,0,0,1,0,0,0,1,0,1,0,0,0,0,0
20,2,2,6485,16.0,1,4,5,2,3,4,30,0,0,20,81,3,8,3,6,0,1,0,0.666666667,0,0,2.0,6485.0,0.183170515,1,5.333333333,3.5,1.290994449,0,0.375,1.0,0,3.857142857,1,1,1,1,2.0,2,0,2,0,0,0,0,0,0,0,0,1,0,0,0,0,0,0,0
39,0,0,5679,12.1,1,3,1,2,4,3,30,0,0,38,81,3,7,3,2,0,1,0,0.0,0,0,0.0,5679.0,0.25249584,1,12.1,2.5,1.290994449,0,0.428571429,3.0,1,2.076923077,1,0,0,0,2.0,2,0,2,1,0,0,0,0,0,1,0,1,0,0,1,0,0,0,0
23,5,1,8915,17.5,2,3,3,4,2,1,39,1,0,13,41,2,6,3,11,0,0,0,0.166666667,1,0,2.5,4457.5,0.424889543,1,2.916666667,2.5,1.290994449,0,0.333333333,0.333333333,0,2.928571429,0,0,0,0,1.833333333,2,0,2,1,1,0,0,1,0,0,0,0,1,0,0,0,0,1,1
52,1,1,6667,9.9,1,3,3,3,4,3,52,0,0,23,92,7,7,3,3,0,0,1,0.5,0,0,1.0,6667.0,0.204040853,1,4.95,3.25,0.5,0,1.0,3.5,0,3.833333333,1,0,0,0,1.5,2,0,2,1,1,0,0,0,0,0,0,1,0,0,0,1,0,0,0
31,8,2,7880,12.5,3,3,3,2,3,1,29,0,1,14,54,6,13,3,1,0,1,0,0.222222222,1,0,2.666666667,2626.666667,0.483980283,1,1.388888889,2.25,0.957427108,1,0.461538462,0.666666667,1,3.6,0,0,0,0,0.111111111,2,0,1,1,0,1,0,0,0,0,1,1,0,1,0,0,0,0,0
47,12,7,10689,8.8,5,2,3,3,1,4,47,0,1,9,30,4,9,3,6,0,1,0,0.538461538,1,1,2.4,2137.8,0.916118421,0,0.676923077,2.75,1.258305739,0,0.444444444,0.307692308,1,3.0,0,-1,0,0,0.461538462,1,0,2,1,0,1,1,0,0,0,0,1,0,0,0,1,0,0,0
53,2,2,11011,15.7,3,3,2,3,3,4,16,0,0,7,21,2,8,4,6,0,1,1,0.666666667,0,0,0.666666667,3670.333333,0.679675994,0,5.233333333,3.0,0.816496581,0,0.25,0.666666667,0,2.625,0,-1,0,0,2.0,0,0,2,1,0,1,0,1,0,0,0,1,0,0,0,1,0,0,0
35,6,0,9647,18.5,2,3,3,3,3,2,55,0,0,5,18,3,3,4,6,0,0,0,0.0,1,0,3.0,4823.5,0.519636721,0,2.642857143,2.75,0.5,0,1.0,0.428571429,0,3.0,0,-1,0,0,0.857142857,0,0,2,1,1,0,0,1,0,0,0,0,0,0,1,0,0,0,0
20,2,2,4674,11.2,1,3,3,2,3,2,22,0,0,2,6,5,2,3,7,0,0,0,0.666666667,0,0,2.0,4674.0,0.013254786,1,3.733333333,2.5,0.577350269,0,2.5,1.666666667,1,2.0,0,0,0,0,2.333333333,1,0,2,0,1,0,0,1,0,0,0,1,0,0,0,0,0,0,0
31,1,0,6624,14.2,2,4,3,4,3,1,21,0,0,13,44,4,8,4,5,0,0,0,0.0,1,0,0.5,3312.0,0.199156306,1,7.1,2.75,1.258305739,0,0.5,2.0,2,3.142857143,0,0,1,0,2.5,1,0,2,1,1,0,0,0,0,0,0,1,0,1,0,0,0,0,0
31,0,0,6758,12.3,1,3,3,2,1,2,28,1,1,11,36,6,7,4,6,0,0,0,0.0,0,0,0.0,6758.0,0.142366225,1,12.3,2.0,0.816496581,1,0.857142857,6.0,2,3.0,0,-1,0,0,6.0,2,1,2,1,0,1,0,1,0,0,0,1,0,1,0,0,0,1,1
22,2,2,11459,18.6,3,5,2,4,3,4,67,0,0,13,48,4,3,3,10,0,1,0,0.666666667,0,0,0.666666667,3819.666667,0.79973357,0,6.2,3.25,0.957427108,0,1.333333333,1.333333333,2,3.428571429,0,2,1,1,3.333333333,1,0,2,1,0,0,0,0,0,0,0,0,0,0,0,0,0,0,0
49,3,1,5565,12.4,1,4,1,2,3,3,33,0,0,23,67,3,13,3,4,0,0,0,0.25,1,0,3.0,5565.0,0.144485521,1,3.1,2.25,0.957427108,1,0.230769231,0.75,1,2.791666667,1,1,1,1,1.0,3,0,2,1,1,0,0,0,0,0,1,1,0,0,0,1,0,0,0
48,1,1,9565,17.5,2,3,3,3,3,1,18,1,1,13,44,5,6,3,8,0,1,0,0.5,0,0,0.5,4782.5,0.508591065,0,8.75,2.5,1.0,0,0.833333333,2.5,0,3.142857143,0,0,0,0,4.0,1,0,3,0,0,1,0,1,0,0,0,1,0,0,0,1,0,0,1
33,0,0,5377,17.9,1,3,4,5,3,3,63,0,1,17,56,1,9,3,1,0,0,0,0.0,0,0,0.0,5377.0,0.037555228,1,17.9,3.75,0.957427108,0,0.111111111,1.0,1,3.111111111,0,0,0,0,1.0,1,0,2,1,0,1,0,1,0,0,0,0,0,1,0,0,0,0,0
41,2,2,6649,13.6,2,4,2,3,2,3,30,0,0,19,47,4,2,4,1,0,0,0,0.666666667,0,0,1.0,3324.5,0.40890183,1,4.533333333,2.5,0.577350269,0,2.0,1.333333333,1,2.35,0,0,1,0,0.333333333,1,0,2,0,1,0,0,0,0,1,0,0,0,0,1,0,0,0,0
37,0,0,4028,21.9,1,5,3,1,4,1,34,0,1,9,37,8,7,4,8,0,1,0,0.0,0,0,0.0,4028.0,0.004172803,1,21.9,2.25,1.5,1,1.142857143,8.0,1,3.7,0,1,1,1,8.0,3,0,2,1,1,0,0,1,0,0,0,1,0,0,1,0,0,0,0
21,3,0,5940,14.5,1,3,3,3,3,3,22,0,0,38,96,2,5,2,5,0,0,0,0.0,1,0,3.0,5940.0,0.228982301,1,3.625,3.0,0.0,0,0.4,0.5,2,2.461538462,1,1,0,1,1.25,2,0,2,0,0,1,0,0,1,0,0,1,0,0,0,0,0,0,0
41,2,0,10359,13.8,3,3,4,2,3,4,54,0,0,18,48,2,5,3,4,0,1,0,0.0,1,0,0.666666667,3453.0,0.606038292,0,4.6,3.25,0.957427108,0,0.4,0.666666667,1,2.526315789,0,0,0,0,1.333333333,0,0,2,0,1,0,0,1,0,0,0,1,0,0,1,0,0,0,0
45,1,0,6563,11.7,2,3,2,3,1,2,45,0,1,9,32,6,5,2,2,0,0,0,0.0,1,0,0.5,3281.5,0.276648182,1,5.85,2.0,0.816496581,1,1.2,3.0,1,3.2,0,1,0,1,1.0,2,0,2,1,0,1,0,0,0,0,1,0,1,0,0,1,0,0,0
43,3,0,7703,16.5,2,4,2,3,3,2,57,0,0,13,36,8,2,2,4,0,0,0,0.0,1,0,1.5,3851.5,0.533738938,0,4.125,2.5,0.577350269,0,4.0,2.0,0,2.571428571,0,2,1,1,1.0,0,0,3,0,1,0,0,0,1,0,0,1,0,0,1,0,0,0,0
20,2,2,5166,9.4,1,2,3,1,3,3,3,0,1,3,11,3,7,3,5,0,0,0,0.666666667,0,0,2.0,5166.0,0.053285968,1,3.133333333,2.5,1.0,0,0.428571429,1.0,1,2.75,0,-1,0,0,1.666666667,1,0,2,1,1,0,0,0,0,0,0,0,1,0,0,0,0,0,0
48,21,20,14116,13.3,5,3,4,3,3,2,39,1,0,18,54,3,4,3,7,0,1,0,0.909090909,1,1,4.2,2823.2,0.8910162,0,0.604545455,3.0,0.816496581,0,0.75,0.136363636,0,2.842105263,0,0,0,0,0.318181818,1,0,1,0,1,0,0,1,0,0,0,1,0,0,0,1,0,0,0
31,11,10,9826,19.9,3,3,4,4,2,5,14,1,0,5,15,3,5,4,8,0,1,0,0.833333333,1,1,3.666666667,3275.333333,0.830906822,0,1.658333333,3.75,1.258305739,0,0.6,0.25,1,2.5,0,-1,0,0,0.666666667,2,0,3,0,0,1,0,0,0,1,0,1,0,1,0,0,0,1,1
42,6,4,8564,19.1,2,3,3,4,2,3,43,0,1,6,21,5,9,2,11,0,0,0,0.571428571,1,1,3.0,4282.0,0.472912966,1,2.728571429,3.0,0.816496581,0,0.555555556,0.714285714,1,3.0,0,1,0,1,1.571428571,3,0,1,0,1,0,0,0,0,0,0,1,0,0,1,0,0,0,0
23,5,5,7590,12.7,3,4,4,3,4,4,8,1,1,8,24,7,11,4,7,1,1,0,0.833333333,0,0,1.666666667,2530.0,0.637746711,0,2.116666667,3.75,0.5,0,0.636363636,1.166666667,0,2.666666667,0,0,1,0,1.166666667,0,0,1,1,1,0,1,0,0,0,0,0,1,0,0,0,0,0,0
52,5,2,8993,17.7,3,4,1,2,1,4,63,0,1,8,25,4,15,3,5,1,1,1,0.333333333,1,0,1.666666667,2997.666667,0.639556377,0,2.95,2.0,1.414213562,1,0.266666667,0.666666667,1,2.777777778,0,1,1,1,0.833333333,1,0,1,1,0,1,0,0,0,0,1,1,0,0,0,1,0,0,0
18,0,0,4906,18.9,1,5,4,3,4,1,53,0,0,11,35,2,9,3,5,0,0,0,0.0,0,0,0.0,4906.0,0.131863561,1,18.9,3.0,1.414213562,0,0.222222222,2.0,1,2.916666667,0,2,1,1,5.0,1,0,2,1,1,0,0,0,0,1,0,1,0,0,0,0,0,0,0
20,2,0,7083,13.9,3,3,4,2,4,4,9,1,0,23,80,8,5,3,8,0,1,0,0.0,1,0,0.666666667,2361.0,0.566611842,0,4.633333333,3.5,1.0,0,1.6,2.666666667,2,3.333333333,1,0,0,0,2.666666667,2,0,2,1,0,1,1,0,0,0,0,1,0,0,0,0,0,1,1
36,7,3,11780,17.6,4,4,2,3,4,3,38,0,1,8,34,6,5,3,4,1,1,0,0.375,1,0,1.75,2945.0,0.882316697,0,2.2,3.0,0.816496581,0,1.2,0.75,1,3.777777778,0,1,1,1,0.5,0,0,2,1,1,0,0,0,0,0,1,1,0,0,1,0,0,0,0
25,7,3,17957,9.3,4,3,2,1,4,3,15,1,1,5,12,10,10,4,7,0,1,0,0.375,1,0,1.75,4489.25,0.977417771,0,1.1625,2.5,1.290994449,0,1.0,1.25,2,2.0,0,-1,0,0,0.875,0,0,4,0,1,0,0,1,0,0,0,1,0,1,0,0,0,1,1
21,0,0,7905,17.9,2,4,4,4,4,4,22,1,1,25,110,6,10,4,5,0,0,0,0.0,0,0,0.0,3952.5,0.28460972,1,17.9,4.0,0.0,0,0.6,6.0,0,4.230769231,1,0,1,0,5.0,2,0,2,1,1,0,0,1,0,0,0,1,0,0,0,0,0,0,1
28,5,4,8877,14.7,1,4,4,1,4,2,22,0,0,22,63,3,9,3,4,0,1,0,0.666666667,1,1,5.0,8877.0,0.419489445,1,2.45,2.75,1.5,0,0.333333333,0.5,0,2.739130435,1,1,1,1,0.666666667,3,0,3,1,1,0,0,1,0,0,0,1,0,1,0,0,0,0,0
51,0,0,5727,10.0,1,2,4,3,2,3,70,0,1,6,25,4,11,3,7,0,0,1,0.0,0,0,0.0,5727.0,0.094582593,1,10.0,3.0,0.816496581,0,0.363636364,4.0,1,3.571428571,0,-1,0,0,7.0,1,0,3,1,1,0,0,0,0,0,0,1,0,0,0,1,0,0,0
47,12,7,12912,14.3,4,4,3,4,4,4,57,0,1,11,38,4,7,3,5,1,1,0,0.538461538,1,0,3.0,3228.0,0.928681454,0,1.1,3.75,0.5,0,0.571428571,0.307692308,0,3.166666667,0,1,1,1,0.384615385,0,0,3,1,1,0,0,0,0,0,1,1,0,0,0,1,0,0,0
44,8,3,14574,14.3,4,4,4,2,3,1,8,1,1,19,59,4,9,3,10,1,1,0,0.333333333,1,0,2.0,3643.5,0.911880216,0,1.588888889,2.5,1.290994449,0,0.444444444,0.444444444,1,2.95,0,1,1,1,1.111111111,1,0,2,0,1,0,0,1,0,0,0,0,0,0,1,0,0,1,1
35,2,0,9380,14.4,3,4,2,3,3,2,33,0,0,6,12,5,9,4,4,0,1,0,0.0,1,0,0.666666667,3126.666667,0.745298673,0,4.8,2.5,0.577350269,0,0.555555556,1.666666667,1,1.714285714,0,0,1,0,1.333333333,0,0,3,0,1,0,0,0,1,0,0,1,0,0,1,0,0,0,0
45,4,0,6513,15.6,2,3,2,3,2,4,58,0,0,12,39,9,9,4,5,0,0,0,0.0,1,0,2.0,3256.5,0.386439268,1,3.12,2.75,0.957427108,0,1.0,1.8,0,3.0,0,-1,0,0,1.0,1,0,2,0,1,0,0,0,0,1,0,0,0,0,0,1,0,0,0
50,1,1,6915,15.4,2,4,4,4,2,4,15,0,1,13,57,7,7,4,3,0,0,1,0.5,0,0,0.5,3457.5,0.533717105,0,7.7,3.5,1.0,0,1.0,3.5,0,4.071428571,0,0,1,0,1.5,0,0,2,0,1,0,1,0,0,0,0,0,1,0,0,1,0,0,0
41,1,1,6199,10.3,2,2,1,3,4,3,28,0,0,3,13,8,4,3,4,0,0,0,0.5,0,0,0.5,3099.5,0.150976909,1,5.15,2.75,1.258305739,0,2.0,4.0,1,3.25,0,-1,0,0,2.0,1,0,1,1,1,0,0,0,0,0,0,1,0,0,1,0,0,0,0
52,9,4,16017,14.9,4,4,3,3,2,3,49,0,1,16,47,3,6,4,6,1,1,1,0.4,1,0,2.25,4004.25,0.951276387,0,1.49,2.75,0.5,0,0.5,0.3,0,2.764705882,0,0,1,0,0.6,0,0,3,1,1,0,0,1,0,0,0,1,0,0,0,1,0,0,0
43,1,0,9622,9.3,2,1,3,5,3,3,33,0,0,33,113,6,13,3,5,0,1,0,0.0,1,0,0.5,4811.0,0.516691213,0,4.65,3.5,1.0,0,0.461538462,3.0,1,3.323529412,1,-2,0,0,2.5,1,0,3,1,0,1,0,1,0,0,0,1,0,0,1,0,0,0,0
37,0,0,5665,15.3,1,2,2,2,3,4,29,0,0,13,38,4,11,3,5,0,0,0,0.0,0,0,0.0,5665.0,0.157732594,1,15.3,2.75,0.957427108,0,0.363636364,4.0,1,2.714285714,0,-1,0,0,5.0,1,0,2,1,1,0,0,0,0,0,1,1,0,0,1,0,0,0,0
42,10,8,12457,16.6,3,3,4,4,3,4,30,1,0,3,11,2,9,2,4,0,1,0,0.727272727,1,1,3.333333333,4152.333333,0.944690265,0,1.509090909,3.75,0.5,0,0.222222222,0.181818182,1,2.75,0,1,0,1,0.363636364,1,0,3,1,0,1,0,0,1,0,0,1,0,0,1,0,0,0,0
55,3,3,5336,14.8,2,4,3,3,3,3,46,1,1,8,19,1,4,4,9,0,0,1,0.75,0,0,1.5,2668.0,0.243009868,1,3.7,3.0,0.0,0,0.25,0.25,2,2.111111111,0,0,1,0,2.25,2,0,1,0,0,1,1,0,0,0,0,1,0,0,0,0,1,1,1
40,17,2,14830,12.1,5,2,3,3,3,3,9,0,0,15,46,3,9,4,6,0,1,0,0.111111111,1,0,3.4,2966.0,0.919734904,0,0.672222222,3.0,0.0,0,0.333333333,0.166666667,1,2.875,0,-2,0,0,0.333333333,0,0,2,1,1,0,0,1,0,0,0,1,0,0,1,0,0,0,0
22,0,0,6265,19.8,1,4,4,3,3,5,48,1,0,32,113,3,14,4,11,0,0,0,0.0,0,0,0.0,6265.0,0.34484193,1,19.8,3.75,0.957427108,0,0.214285714,3.0,2,3.424242424,1,0,1,0,11.0,3,0,3,1,1,0,0,0,0,1,0,1,0,0,0,0,0,1,1
18,0,0,9836,13.6,2,3,1,3,4,2,48,0,0,12,44,6,10,3,7,0,1,0,0.0,0,0,0.0,4918.0,0.543937162,0,13.6,2.5,1.290994449,0,0.6,6.0,1,3.384615385,0,0,0,0,7.0,0,0,2,0,1,0,0,1,0,0,0,1,0,0,0,0,0,0,0
34,2,0,3448,10.4,1,3,4,2,3,3,40,0,0,16,44,7,8,4,5,0,0,0,0.0,1,0,2.0,3448.0,0.037828947,1,3.466666667,3.0,0.816496581,0,0.875,2.333333333,1,2.588235294,0,-1,0,0,1.666666667,1,0,1,1,1,0,1,0,0,0,0,0,1,1,0,0,0,0,0
47,1,0,5743,9.0,1,3,2,5,3,3,44,0,1,12,24,1,8,3,8,0,0,0,0.0,1,0,1.0,5743.0,0.096580817,1,4.5,3.25,1.258305739,0,0.125,0.5,1,1.846153846,0,0,0,0,4.0,2,0,2,1,1,0,0,0,0,0,0,0,0,0,0,1,0,0,0
51,10,8,11268,12.4,4,3,3,3,4,5,57,1,0,36,96,3,7,2,10,0,1,1,0.727272727,1,1,2.5,2817.0,0.858287123,0,1.127272727,3.75,0.957427108,0,0.428571429,0.272727273,1,2.594594595,1,1,0,1,0.909090909,3,0,2,1,0,1,0,0,0,0,1,0,0,0,0,1,0,1,1
43,3,1,5044,13.6,1,1,4,3,4,4,39,0,0,12,41,1,4,5,3,0,0,0,0.25,1,0,3.0,5044.0,0.045515098,1,3.4,3.75,0.5,0,0.25,0.25,2,3.153846154,0,-4,0,0,0.75,1,0,2,1,1,0,0,0,0,0,0,0,1,0,1,0,0,0,0
26,1,0,9600,17.5,2,4,3,3,5,2,65,0,0,20,53,5,2,3,1,0,0,0,0.0,1,0,0.5,4800.0,0.613898757,0,8.75,3.25,1.258305739,0,2.5,2.5,1,2.523809524,0,1,1,1,0.5,0,0,2,1,1,0,0,0,0,0,0,1,0,1,0,0,0,0,0
35,7,1,9535,15.5,4,2,4,4,5,4,36,1,1,4,17,1,4,4,8,0,1,0,0.125,1,0,1.75,2383.75,0.804908486,0,1.9375,4.25,0.5,0,0.25,0.125,0,3.4,0,-2,0,0,1.0,1,0,2,1,0,0,0,0,0,1,0,0,0,0,1,0,0,1,1
44,4,3,9399,17.4,2,4,3,1,4,5,57,0,0,23,75,1,10,3,4,0,1,0,0.6,1,0,2.0,4699.5,0.588809947,0,3.48,3.25,1.707825128,0,0.1,0.2,0,3.125,1,1,1,1,0.8,1,0,2,1,0,0,0,0,0,0,0,1,0,0,1,0,0,0,0
58,8,7,14219,18.8,4,3,4,4,2,2,19,0,1,8,29,3,9,3,5,0,1,1,0.777777778,1,1,2.0,3554.75,0.93383659,0,2.088888889,3.0,1.154700538,0,0.333333333,0.333333333,1,3.222222222,0,0,0,0,0.555555556,1,0,3,0,1,0,0,0,0,0,0,1,0,0,0,0,1,0,0
39,5,3,7058,18.8,1,3,3,4,5,2,21,1,1,20,48,6,7,5,10,0,0,0,0.5,1,0,5.0,7058.0,0.176730486,1,3.133333333,3.5,1.290994449,0,0.857142857,1.0,1,2.285714286,0,-2,0,0,1.666666667,2,0,2,1,0,0,0,1,0,0,0,1,0,0,1,0,0,1,1
35,0,0,6142,17.6,2,4,4,3,5,4,20,0,1,7,32,3,8,4,6,0,0,0,0.0,0,0,0.0,3071.0,0.256637168,1,17.6,4.0,0.816496581,0,0.375,3.0,0,4.0,0,0,1,0,6.0,1,0,1,1,1,0,0,0,1,0,0,0,0,0,1,0,0,0,0
37,3,1,5673,16.1,1,5,1,4,4,3,26,1,1,8,24,7,2,4,11,0,1,0,0.25,1,0,3.0,5673.0,0.251663894,1,4.025,3.0,1.414213562,0,3.5,1.75,0,2.666666667,0,1,1,1,2.75,2,0,2,0,1,0,0,0,0,1,0,0,0,0,1,0,0,0,1
45,5,2,7407,18.9,2,5,4,4,3,3,53,0,0,18,63,5,9,2,5,0,0,0,0.333333333,1,0,2.5,3703.5,0.303730018,1,3.15,3.5,0.577350269,0,0.555555556,0.833333333,2,3.315789474,1,3,1,1,0.833333333,2,0,2,1,0,1,0,0,0,0,0,1,0,0,0,1,0,0,0
46,6,4,8576,11.4,2,4,4,1,1,3,5,0,1,6,23,2,2,1,5,1,0,0,0.571428571,1,0,3.0,4288.0,0.711730449,0,1.628571429,2.25,1.5,1,1.0,0.285714286,1,3.285714286,0,3,1,1,0.714285714,1,0,3,1,1,0,0,0,0,1,0,1,0,0,0,1,0,0,0
34,15,3,12227,15.3,5,3,3,2,4,4,23,0,0,36,137,3,2,3,3,0,1,0,0.1875,1,0,3.0,2445.4,0.9375,0,0.95625,3.25,0.957427108,0,1.5,0.1875,0,3.702702703,1,0,0,0,0.1875,1,0,2,1,0,0,0,0,1,0,0,1,0,1,0,0,0,0,0
18,0,0,11781,8.7,2,3,4,3,3,3,33,0,0,16,35,2,7,5,11,0,0,0,0.0,0,0,0.0,5890.5,0.756504664,0,8.7,3.25,0.5,0,0.285714286,2.0,0,2.058823529,0,-2,0,0,11.0,1,0,4,1,0,1,0,1,0,0,0,1,0,0,0,0,0,0,0
18,0,0,4787,14.7,1,3,3,3,3,3,52,0,1,18,41,5,9,3,6,0,0,0,0.0,0,0,0.0,4787.0,0.164473684,1,14.7,3.0,0.0,0,0.555555556,5.0,1,2.157894737,0,0,0,0,6.0,1,0,3,1,1,0,1,0,0,0,0,1,0,0,0,0,0,0,0
32,9,0,11322,11.1,4,1,3,3,2,3,20,0,0,15,72,1,2,4,5,0,1,0,0.0,1,0,2.25,2830.5,0.789520426,0,1.11,2.75,0.5,0,0.5,0.1,0,4.5,1,-3,0,0,0.5,1,0,2,0,1,0,0,0,0,0,0,1,0,1,0,0,0,0,0
38,3,2,4989,19.6,2,3,4,3,1,3,0,1,1,8,30,4,8,3,8,0,0,0,0.5,1,0,1.5,2494.5,0.142678869,1,4.9,2.75,1.258305739,0,0.5,1.0,0,3.333333333,0,0,0,0,2.0,2,0,1,1,1,0,0,0,0,1,0,1,0,0,1,0,0,1,1
42,8,4,10087,16.1,4,3,4,3,3,3,19,0,1,28,60,3,6,3,5,0,1,0,0.444444444,1,1,2.0,2521.75,0.881578947,0,1.788888889,3.25,0.5,0,0.5,0.333333333,0,2.068965517,0,0,0,0,0.555555556,1,0,2,0,0,1,1,0,0,0,0,1,0,0,1,0,0,0,0
28,0,0,4782,14.6,1,3,1,3,5,3,30,0,0,18,57,5,6,4,9,0,0,0,0.0,0,0,0.0,4782.0,0.094026549,1,14.6,3.0,1.632993162,0,0.833333333,5.0,1,3.0,0,-1,0,0,9.0,2,0,4,0,0,0,0,0,1,0,0,1,0,1,0,0,0,0,0
44,5,2,5440,16.7,1,4,4,4,3,2,47,0,0,12,39,1,6,1,5,0,0,0,0.333333333,1,0,5.0,5440.0,0.0395189,1,2.783333333,3.25,0.957427108,0,0.166666667,0.166666667,1,3.0,0,3,1,1,0.833333333,1,0,2,0,0,0,0,1,0,0,0,1,0,0,1,0,0,0,0
28,8,2,10818,14.2,2,3,3,3,1,4,39,0,0,2,6,6,14,3,3,0,1,0,0.222222222,1,0,4.0,5409.0,0.659548355,0,1.577777778,2.75,1.258305739,0,0.428571429,0.666666667,0,2.0,0,0,0,0,0.333333333,0,0,3,0,1,0,0,1,0,0,0,1,0,1,0,0,0,0,0
41,6,0,10117,21.0,2,3,5,3,5,1,47,0,1,7,27,6,9,4,5,0,0,0,0.0,1,0,3.0,5058.5,0.57682867,0,3.0,3.5,1.914854216,0,0.666666667,0.857142857,1,3.375,0,-1,0,0,0.714285714,0,0,3,0,0,1,0,1,0,0,0,1,0,0,1,0,0,0,0
36,1,1,4975,15.1,2,4,2,4,5,3,60,1,0,22,87,5,6,3,8,0,1,0,0.5,0,0,0.5,2487.5,0.083025262,1,7.55,3.5,1.290994449,0,0.833333333,2.5,2,3.782608696,1,1,1,1,4.0,3,0,1,1,0,1,0,0,0,0,1,1,0,0,1,0,0,1,1
34,15,15,11369,16.2,3,4,3,3,3,5,45,0,1,18,46,2,5,3,5,0,1,0,0.9375,0,1,5.0,3789.666667,0.719440353,0,1.0125,3.5,1.0,0,0.4,0.125,1,2.421052632,0,1,1,1,0.3125,1,0,2,0,0,0,0,1,0,0,0,1,0,1,0,0,0,0,0
34,9,3,12664,19.4,3,3,4,4,5,4,39,0,0,24,63,4,10,2,4,0,1,0,0.3,1,0,3.0,4221.333333,0.921133703,0,1.94,4.25,0.5,0,0.4,0.4,0,2.52,1,1,0,1,0.4,1,0,4,0,0,0,0,0,0,0,1,0,0,1,0,0,0,0,0
43,3,1,14215,13.9,4,4,4,4,2,4,33,0,0,15,29,7,7,2,3,0,1,0,0.25,1,0,0.75,3553.75,0.93339254,0,3.475,3.5,1.0,0,1.0,1.75,0,1.8125,0,2,1,1,0.75,0,0,2,1,0,1,0,0,0,0,0,1,0,0,1,0,0,0,0
18,0,0,8658,14.4,2,4,2,4,3,4,72,1,0,9,31,8,7,3,8,0,1,0,0.0,0,0,0.0,4329.0,0.389543446,1,14.4,3.25,0.957427108,0,1.142857143,8.0,0,3.1,0,1,1,1,8.0,2,0,1,1,0,1,0,1,0,0,0,1,0,0,0,0,0,1,1
28,10,9,14259,17.8,5,3,4,2,2,3,40,1,1,4,8,2,4,4,6,0,1,0,0.818181818,1,1,2.0,2851.8,0.961491066,0,1.618181818,2.75,0.957427108,0,0.5,0.181818182,1,1.6,0,-1,0,0,0.545454545,1,0,2,0,0,1,0,0,0,0,1,1,0,1,0,0,0,0,0
33,14,0,10942,10.5,3,1,3,2,3,3,38,0,0,4,13,3,7,2,6,0,1,0,0.0,1,0,4.666666667,3647.333333,0.671575847,0,0.7,2.75,0.5,0,0.428571429,0.2,1,2.6,0,-1,0,0,0.4,0,0,2,0,1,0,0,1,0,0,0,1,0,1,0,0,0,0,0
37,3,3,13015,14.8,3,3,3,2,4,3,23,0,0,1,5,6,5,4,5,0,1,0,0.75,0,0,1.0,4338.333333,0.839960727,0,3.7,3.0,0.816496581,0,1.2,1.5,1,2.5,0,-1,0,0,1.25,0,0,3,0,1,0,0,1,0,0,0,1,0,0,1,0,0,0,0
36,1,1,5918,19.9,2,4,3,5,5,5,30,0,1,25,103,4,2,2,5,0,0,0,0.5,0,0,0.5,2959.0,0.294509151,1,9.95,4.5,1.0,0,2.0,2.0,1,3.961538462,1,2,1,1,2.5,2,0,2,0,0,1,0,0,0,1,0,1,0,0,1,0,0,0,0
35,7,2,8617,13.4,2,4,3,3,4,2,55,0,0,7,21,3,3,2,0,0,0,0,0.25,1,0,3.5,4308.5,0.485346359,1,1.675,3.0,0.816496581,0,1.0,0.375,0,2.625,0,2,1,1,0.0,1,0,2,1,1,0,0,0,0,0,0,1,0,0,1,0,0,0,0
36,0,0,7545,11.8,2,3,1,4,4,4,22,0,0,19,66,1,7,2,7,0,0,0,0.0,0,0,0.0,3772.5,0.433302526,1,11.8,3.25,1.5,0,0.142857143,1.0,1,3.3,1,1,0,1,7.0,2,0,2,1,1,0,0,0,0,0,1,1,0,0,1,0,0,0,0
42,8,7,11231,13.8,3,4,4,2,3,3,47,0,0,2,6,5,12,3,8,0,1,0,0.777777778,1,1,2.666666667,3743.666667,0.705817378,0,1.533333333,3.0,0.816496581,0,0.416666667,0.555555556,2,2.0,0,1,1,1,0.888888889,2,0,2,1,0,0,0,1,0,0,0,1,0,0,1,0,0,0,0
27,1,1,6894,14.5,1,3,4,1,3,2,47,1,1,7,18,1,7,4,11,0,0,0,0.5,0,0,1.0,6894.0,0.160284732,1,7.25,2.5,1.290994449,0,0.142857143,0.5,2,2.25,0,-1,0,0,5.5,2,0,1,0,1,0,0,1,0,0,0,1,0,1,0,0,0,1,1
35,1,1,5959,12.0,1,3,4,3,1,5,55,0,0,35,117,5,8,4,7,0,1,0,0.5,0,0,1.0,5959.0,0.074496809,1,6.0,3.25,1.707825128,0,0.625,2.5,1,3.25,1,-1,0,0,3.5,2,0,1,0,0,1,0,1,0,0,0,1,0,0,1,0,0,0,0
41,5,1,9571,13.7,3,4,3,4,4,4,24,0,1,4,14,3,13,4,6,1,1,0,0.166666667,1,0,1.666666667,3190.333333,0.711491066,0,2.283333333,3.75,0.5,0,0.230769231,0.5,0,2.8,0,0,1,0,1.0,0,0,3,1,0,0,0,0,0,0,1,1,0,0,1,0,0,0,0
28,10,3,12704,8.7,4,2,4,3,2,3,53,1,0,13,46,4,15,3,8,0,1,0,0.272727273,1,0,2.5,3176.0,0.923290203,0,0.790909091,3.0,0.816496581,0,0.266666667,0.363636364,2,3.285714286,0,-1,0,0,0.727272727,1,0,3,1,1,0,0,0,0,0,1,0,1,1,0,0,0,1,1
49,3,1,9361,12.0,3,5,2,2,4,4,0,0,0,1,5,2,8,3,1,0,1,0,0.25,1,0,1.0,3120.333333,0.790765391,0,3.0,3.0,1.154700538,0,0.25,0.5,1,2.5,0,2,1,1,0.25,0,0,2,1,0,1,0,0,0,1,0,1,0,0,0,1,0,0,0
29,2,2,8391,14.3,3,3,3,3,4,3,30,0,0,6,17,2,5,4,4,0,1,0,0.666666667,0,0,0.666666667,2797.0,0.563154652,0,4.766666667,3.25,0.5,0,0.4,0.666666667,2,2.428571429,0,-1,0,0,1.333333333,0,0,2,0,1,0,0,0,0,0,1,0,0,1,0,0,0,0,0
45,2,1,9820,17.4,3,2,1,4,3,4,46,1,0,11,35,2,3,1,4,0,1,0,0.333333333,1,0,0.666666667,3273.333333,0.644316163,0,5.8,3.0,1.414213562,0,0.666666667,0.666666667,0,2.916666667,0,1,0,1,1.333333333,0,0,2,1,1,0,0,0,0,0,0,1,0,0,0,1,0,1,0
30,0,0,8264,10.7,2,2,3,3,5,2,14,0,0,44,150,4,12,3,4,0,0,0,0.0,0,0,0.0,4132.0,0.613384956,0,10.7,3.25,1.258305739,0,0.333333333,4.0,0,3.333333333,1,-1,0,0,4.0,1,0,3,0,0,1,0,0,1,0,0,1,0,1,0,0,0,0,0
35,1,1,6670,15.9,2,3,3,2,4,2,22,1,0,9,23,4,13,4,6,0,0,0,0.5,0,0,0.5,3335.0,0.491776316,1,7.95,2.75,0.957427108,0,0.307692308,2.0,2,2.3,0,-1,0,0,3.0,1,0,1,1,1,0,1,0,0,0,0,1,0,0,1,0,0,1,1
37,0,0,3008,16.2,1,4,2,4,2,4,53,0,0,4,16,2,14,4,4,0,0,0,0.0,0,0,0.0,3008.0,0.009983361,1,16.2,3.0,1.154700538,0,0.142857143,2.0,2,3.2,0,0,1,0,4.0,1,0,1,0,0,0,0,0,0,1,0,0,0,0,1,0,0,0,0
35,10,3,15677,17.0,4,2,4,3,4,4,17,1,0,17,55,5,10,3,12,0,1,0,0.272727273,1,0,2.5,3919.25,0.964031972,0,1.545454545,3.75,0.5,0,0.5,0.454545455,2,3.055555556,0,-1,0,0,1.090909091,1,0,3,1,0,1,0,0,0,0,0,1,0,0,1,0,0,1,1
28,5,0,10089,14.4,3,4,3,1,3,4,34,0,1,16,77,6,2,3,7,1,1,0,0.0,1,0,1.666666667,3363.0,0.760320394,0,2.4,2.75,1.258305739,0,3.0,1.0,0,4.529411765,1,1,1,1,1.166666667,1,0,2,1,1,0,0,0,0,0,1,1,0,1,0,0,0,0,0
47,2,1,8185,11.7,2,4,3,1,4,3,56,1,1,12,41,5,6,4,6,0,1,0,0.333333333,1,0,1.0,4092.5,0.599557522,0,3.9,2.75,1.258305739,0,0.833333333,1.666666667,1,3.153846154,0,0,1,0,2.0,0,0,2,0,1,0,0,0,1,0,0,1,0,0,0,1,0,1,1
31,0,0,8025,16.1,1,3,2,3,3,2,20,0,1,13,58,2,4,5,8,0,0,0,0.0,0,0,0.0,8025.0,0.300564556,1,16.1,2.5,0.577350269,0,0.5,2.0,1,4.142857143,0,-2,0,0,8.0,2,0,3,1,1,0,0,1,0,0,0,1,0,1,0,0,0,0,0
25,0,0,9119,18.9,3,3,4,4,4,3,45,0,0,22,77,7,2,3,3,0,1,0,0.0,0,0,0.0,3039.666667,0.655422058,0,18.9,3.75,0.5,0,3.5,7.0,1,3.347826087,1,0,0,0,3.0,1,0,4,0,1,0,0,0,0,0,1,1,0,1,0,0,0,0,0
37,2,0,6495,12.5,1,3,4,4,5,3,46,1,0,15,57,3,8,2,9,0,0,0,0.0,1,0,2.0,6495.0,0.384359401,1,4.166666667,4.0,0.816496581,0,0.375,1.0,1,3.5625,0,1,0,1,3.0,2,0,3,0,1,0,0,0,0,1,0,0,0,0,1,0,0,1,1
23,1,1,6265,20.5,1,3,3,5,5,3,50,0,1,9,27,5,14,3,4,0,0,0,0.5,0,0,1.0,6265.0,0.421052632,1,10.25,4.0,1.154700538,0,0.357142857,2.5,1,2.7,0,0,0,0,2.0,1,0,3,1,0,1,1,0,0,0,0,1,0,0,0,0,0,0,0
39,3,2,8437,17.8,1,3,4,3,5,3,45,1,1,8,31,6,6,3,3,0,1,0,0.5,1,0,3.0,8437.0,0.360824742,1,4.45,3.75,0.957427108,0,1.0,1.5,1,3.444444444,0,0,0,0,0.75,1,0,3,0,1,0,0,1,0,0,0,1,0,0,1,0,0,0,0
41,23,19,21609,14.3,5,3,3,4,2,2,22,0,1,8,35,5,11,3,3,0,1,0,0.791666667,1,1,4.6,4321.8,0.998772705,0,0.595833333,2.75,0.957427108,0,0.454545455,0.208333333,1,3.888888889,0,0,0,0,0.125,1,0,3,0,1,0,0,1,0,0,0,0,0,0,1,0,0,0,0
40,6,1,13822,16.1,4,2,2,3,4,3,31,1,1,4,11,6,11,3,5,0,1,0,0.142857143,1,0,1.5,3455.5,0.879970545,0,2.3,3.0,0.816496581,0,0.545454545,0.857142857,2,2.2,0,-1,0,0,0.714285714,0,0,2,1,1,0,0,1,0,0,0,1,0,0,1,0,0,1,1
37,7,6,10605,18.3,3,4,1,4,3,3,63,0,1,5,11,2,11,4,4,0,1,0,0.75,1,1,2.333333333,3535.0,0.731349911,0,2.2875,2.75,1.258305739,0,0.181818182,0.25,2,1.833333333,0,0,1,0,0.5,1,0,2,0,0,1,0,0,0,0,0,1,0,0,1,0,0,0,0
32,11,6,10868,16.7,3,4,4,4,4,2,32,0,0,21,67,3,6,5,5,1,1,0,0.5,1,0,3.666666667,3622.666667,0.664457536,0,1.391666667,3.5,1.0,0,0.5,0.25,1,3.045454545,1,-1,1,0,0.416666667,1,0,2,1,1,0,0,1,0,0,0,0,1,1,0,0,0,0,0
27,3,2,9035,19.3,2,4,4,4,3,4,35,0,0,7,16,2,5,2,4,0,0,0,0.5,1,0,1.5,4517.5,0.544849023,0,4.825,3.75,0.5,0,0.4,0.5,1,2.0,0,2,1,1,1.0,0,0,2,1,1,0,0,0,0,0,0,0,0,1,0,0,0,0,0
18,0,0,6879,10.4,3,3,4,2,3,1,39,1,1,5,15,2,14,4,9,0,1,0,0.0,0,0,0.0,2293.0,0.314540974,1,10.4,2.5,1.290994449,0,0.142857143,2.0,1,2.5,0,-1,0,0,9.0,2,0,2,1,1,0,0,0,0,0,1,1,0,0,0,0,0,1,1
43,8,6,6162,18.5,2,4,2,2,3,1,21,0,1,7,22,2,17,3,2,1,0,0,0.666666667,1,0,4.0,3081.0,0.259955752,1,2.055555556,2.0,0.816496581,1,0.117647059,0.222222222,2,2.75,0,1,1,1,0.222222222,2,0,2,0,1,0,0,0,1,0,0,1,0,0,1,0,0,0,0
36,16,13,14700,16.4,5,4,2,3,4,2,47,1,0,21,76,1,7,2,6,1,1,0,0.764705882,1,0,3.2,2940.0,0.946714032,0,0.964705882,2.75,0.957427108,0,0.142857143,0.058823529,1,3.454545455,1,2,1,1,0.352941176,1,0,1,1,1,0,0,0,0,0,0,1,0,0,1,0,0,0,0
32,2,1,6028,15.3,1,3,3,3,4,3,40,0,1,8,29,4,13,2,0,0,1,0,0.333333333,1,0,2.0,6028.0,0.130994671,1,5.1,3.25,0.5,0,0.307692308,1.333333333,1,3.222222222,0,1,0,1,0.0,1,0,1,0,0,0,0,0,0,0,0,1,0,1,0,0,0,0,0
40,5,2,7869,15.9,3,5,2,1,4,3,48,0,0,2,5,6,11,3,4,1,1,0,0.333333333,1,0,1.666666667,2623.0,0.615432612,0,2.65,2.5,1.290994449,0,0.545454545,1.0,1,1.666666667,0,2,1,1,0.666666667,0,0,2,1,0,1,0,0,0,1,0,1,0,0,1,0,0,0,0
42,20,9,14838,17.0,5,3,2,2,2,2,46,0,0,9,29,4,7,3,9,0,1,0,0.428571429,1,1,4.0,2967.6,0.948490231,0,0.80952381,2.0,0.0,1,0.571428571,0.19047619,1,2.9,0,0,0,0,0.428571429,3,0,2,1,1,0,0,0,0,0,0,1,0,0,1,0,0,0,0
27,9,6,10658,12.7,3,3,4,3,4,2,10,1,0,6,24,8,10,3,11,0,1,0,0.6,1,1,3.0,3552.666667,0.642366225,0,1.27,3.25,0.957427108,0,0.8,0.8,0,3.428571429,0,0,0,0,1.1,2,0,2,0,1,0,0,1,0,0,0,1,0,1,0,0,0,0,0
26,2,2,6892,14.9,1,2,4,3,5,4,42,0,0,27,87,4,2,3,4,0,0,0,0.666666667,0,0,2.0,6892.0,0.160039273,1,4.966666667,4.0,0.816496581,0,2.0,1.333333333,0,3.107142857,1,-1,0,0,1.333333333,2,0,3,1,0,1,0,1,0,0,0,1,0,1,0,0,0,0,0
38,0,0,5394,16.1,2,2,4,3,3,3,69,0,1,17,54,2,15,3,3,0,1,0,0.0,0,0,0.0,2697.0,0.038537064,1,16.1,3.25,0.5,0,0.133333333,2.0,1,3.0,0,-1,0,0,3.0,1,0,1,0,1,0,0,1,0,0,0,1,0,0,1,0,0,0,0
51,7,5,12380,17.6,3,4,3,4,3,4,17,0,0,16,49,5,6,3,6,0,1,1,0.625,1,1,2.333333333,4126.666667,0.799950908,0,2.2,3.5,0.577350269,0,0.833333333,0.625,0,2.882352941,0,1,1,1,0.75,1,0,2,1,1,0,0,1,0,0,0,1,0,0,0,1,0,0,0
47,4,1,5790,13.7,1,4,4,3,4,3,42,0,0,14,41,2,10,1,6,0,0,0,0.2,1,0,4.0,5790.0,0.170671596,1,2.74,3.5,0.577350269,0,0.2,0.4,1,2.733333333,0,3,1,1,1.2,1,0,3,0,0,1,0,0,0,0,1,1,0,0,0,1,0,0,0
34,8,4,9368,13.4,3,4,4,3,3,3,36,0,0,4,13,4,11,3,7,0,1,0,0.444444444,1,1,2.666666667,3122.666667,0.689463956,0,1.488888889,3.25,0.5,0,0.363636364,0.444444444,1,2.6,0,1,1,1,0.777777778,1,0,1,0,1,0,0,0,0,0,1,1,0,1,0,0,0,0,0
39,12,6,14517,14.7,4,3,1,4,3,4,28,0,0,55,150,4,11,4,2,0,1,0,0.461538462,1,1,3.0,3629.25,0.940497336,0,1.130769231,3.0,1.414213562,0,0.363636364,0.307692308,1,2.678571429,1,-1,0,0,0.153846154,2,0,3,1,0,0,0,0,0,0,0,1,0,0,1,0,0,0,0
36,17,6,15111,13.7,5,4,5,2,4,4,2,0,1,12,37,5,5,3,5,0,1,0,0.333333333,1,1,3.4,3022.2,0.954262877,0,0.761111111,3.75,1.258305739,0,1.0,0.277777778,1,2.846153846,0,1,1,1,0.277777778,1,0,2,0,1,0,0,0,0,0,0,1,0,0,1,0,0,0,0
40,9,3,12329,15.9,4,4,4,2,2,4,42,0,0,29,111,4,13,5,2,0,1,0,0.3,1,0,2.25,3082.25,0.851687389,0,1.59,3.0,1.154700538,0,0.307692308,0.4,1,3.7,1,-1,1,0,0.2,1,0,2,1,0,1,0,0,0,0,0,1,0,0,1,0,0,0,0
37,6,6,9239,15.1,3,5,4,3,4,2,33,1,0,25,90,10,10,3,6,1,1,0,0.857142857,0,0,2.0,3079.666667,0.78202995,0,2.157142857,3.25,0.957427108,0,1.0,1.428571429,0,3.461538462,1,2,1,1,0.857142857,1,0,2,1,1,0,0,0,0,1,0,1,0,0,1,0,0,0,0
18,0,0,5483,19.4,1,4,3,3,4,3,64,0,1,19,51,1,9,3,5,0,0,0,0.0,0,0,0.0,5483.0,0.136167591,1,19.4,3.25,0.5,0,0.111111111,1.0,1,2.55,0,1,1,1,5.0,1,0,3,0,1,0,0,0,0,0,1,1,0,0,0,0,0,0,0
40,5,1,5490,15.7,2,4,3,4,4,3,30,0,0,23,84,6,12,3,6,0,0,0,0.166666667,1,0,2.5,2745.0,0.136629698,1,2.616666667,3.5,0.577350269,0,0.5,1.0,0,3.5,1,1,1,1,1.0,2,0,1,1,0,1,0,0,0,0,1,1,0,0,1,0,0,0,0
37,0,0,3581,10.7,1,2,5,3,4,4,39,0,0,10,26,5,7,5,7,0,0,0,0.0,0,0,0.0,3581.0,0.011090573,1,10.7,4.0,0.816496581,0,0.714285714,5.0,1,2.363636364,0,-3,0,0,7.0,1,0,2,0,1,0,0,0,0,0,1,0,1,0,1,0,0,0,0
30,10,5,12247,12.5,4,3,1,2,4,3,28,1,0,15,49,2,9,3,2,0,1,0,0.454545455,1,1,2.5,3061.75,0.846358792,0,1.136363636,2.5,1.290994449,0,0.222222222,0.181818182,1,3.0625,0,0,0,0,0.181818182,1,0,2,1,0,1,0,0,0,0,0,1,0,1,0,0,0,0,1
42,1,1,4740,19.1,1,4,4,2,4,1,42,0,1,14,33,4,7,3,3,0,0,0,0.5,0,0,1.0,4740.0,0.109400998,1,9.55,2.75,1.5,0,0.571428571,2.0,2,2.2,0,1,1,1,1.5,1,0,2,1,0,1,0,0,0,1,0,1,0,0,1,0,0,0,0
32,2,2,5940,8.5,2,3,3,3,4,2,17,1,0,7,22,3,13,4,9,0,0,0,0.666666667,0,0,1.0,2970.0,0.072655866,1,2.833333333,3.0,0.816496581,0,0.230769231,1.0,0,2.75,0,-1,0,0,3.0,2,0,1,0,0,1,0,1,0,0,0,1,0,1,0,0,0,0,1
45,5,1,7868,7.8,3,2,5,3,4,4,7,0,0,12,31,4,10,3,4,0,1,0,0.166666667,1,0,1.666666667,2622.666667,0.614808652,0,1.3,4.0,0.816496581,0,0.4,0.666666667,1,2.384615385,0,-1,0,0,0.666666667,0,0,2,1,1,0,0,0,0,1,0,1,0,0,0,1,0,0,0
46,0,0,8665,23.8,2,4,2,3,3,3,28,0,1,24,83,3,15,2,3,0,0,0,0.0,0,0,0.0,4332.5,0.597966728,0,23.8,2.75,0.5,0,0.2,3.0,1,3.32,1,2,1,1,3.0,1,0,3,1,1,0,0,0,0,0,1,1,0,0,0,1,0,0,0
40,1,0,8835,10.6,3,3,3,4,5,4,4,0,0,30,66,3,16,3,6,0,1,0,0.0,1,0,0.333333333,2945.0,0.513765542,0,5.3,4.0,0.816496581,0,0.1875,1.5,1,2.129032258,1,0,0,0,3.0,1,0,2,0,0,0,0,0,0,0,0,1,0,0,1,0,0,0,0
43,13,0,14371,13.9,4,3,2,3,4,5,51,1,0,13,41,6,8,4,7,0,1,0,0.0,1,0,3.25,3592.75,0.938277087,0,0.992857143,3.5,1.290994449,0,0.75,0.428571429,1,2.928571429,0,-1,0,0,0.5,0,0,3,0,1,0,0,0,0,0,0,1,0,0,1,0,0,1,1
27,0,0,5084,15.0,1,1,3,4,4,4,20,0,1,24,55,6,9,1,6,0,0,0,0.0,0,0,0.0,5084.0,0.025036819,1,15.0,3.75,0.5,0,0.666666667,6.0,0,2.2,0,0,0,0,6.0,1,0,2,0,0,1,0,1,0,0,0,0,0,1,0,0,0,0,0
32,0,0,5882,13.8,2,3,2,2,2,4,41,0,1,17,45,1,12,5,3,0,0,0,0.0,0,0,0.0,2941.0,0.344572368,1,13.8,2.5,1.0,0,0.083333333,1.0,1,2.5,0,-2,0,0,3.0,1,0,2,1,1,0,1,0,0,0,0,1,0,1,0,0,0,0,0
32,6,2,9738,13.2,2,3,2,3,3,2,24,1,0,10,19,4,3,4,5,0,1,0,0.285714286,1,0,3.0,4869.0,0.533873343,0,1.885714286,2.5,0.577350269,0,1.333333333,0.571428571,0,1.727272727,0,-1,0,0,0.714285714,0,0,2,1,1,0,0,1,0,0,0,1,0,1,0,0,0,0,0
37,7,1,5272,8.7,2,2,3,5,4,3,6,0,0,6,13,5,15,3,6,0,0,0,0.125,1,0,3.5,2636.0,0.143252212,1,1.0875,3.75,0.957427108,0,0.333333333,0.625,1,1.857142857,0,-1,0,0,0.75,1,0,1,1,1,0,0,0,1,0,0,1,0,0,1,0,0,0,0
33,4,3,6263,18.5,3,5,2,4,5,3,4,1,0,25,104,4,12,2,11,0,1,0,0.6,1,0,1.333333333,2087.666667,0.276272124,1,3.7,3.5,1.290994449,0,0.333333333,0.8,1,4.0,1,3,1,1,2.2,3,0,1,0,0,1,0,0,1,0,0,1,0,1,0,0,0,1,1
24,5,2,8074,15.4,2,4,5,4,3,1,16,0,0,16,52,3,11,4,6,0,0,0,0.333333333,1,0,2.5,4037.0,0.644342762,0,2.566666667,3.25,1.707825128,0,0.272727273,0.5,1,3.058823529,0,0,1,0,1.0,0,0,3,1,1,0,0,0,0,1,0,1,0,0,0,0,0,0,0
38,5,1,11210,13.6,3,3,3,3,4,3,44,1,1,26,120,5,12,2,4,0,1,0,0.166666667,1,0,1.666666667,3736.666667,0.784191829,0,2.266666667,3.25,0.5,0,0.416666667,0.833333333,1,4.444444444,1,1,0,1,0.666666667,1,0,2,0,1,0,0,0,0,0,0,1,0,0,1,0,0,0,0
35,7,2,7120,9.7,1,3,2,3,4,3,27,0,0,7,20,6,11,3,1,0,0,0,0.25,1,0,7.0,7120.0,0.358595194,1,1.2125,3.0,0.816496581,0,0.545454545,0.75,1,2.5,0,0,0,0,0.125,1,0,2,0,1,0,0,0,0,0,1,0,0,0,1,0,0,0,0
36,2,0,7104,13.7,3,3,1,3,2,4,25,1,1,28,107,3,5,3,12,0,1,0,0.0,1,0,0.666666667,2368.0,0.424778761,1,4.566666667,2.5,1.290994449,0,0.6,1.0,1,3.689655172,1,0,0,0,4.0,3,0,1,1,0,0,0,0,1,0,0,0,1,0,1,0,0,1,1
55,0,0,5296,20.1,1,4,2,4,5,3,67,0,0,45,150,8,13,2,9,0,0,1,0.0,0,0,0.0,5296.0,0.146294248,1,20.1,3.5,1.290994449,0,0.615384615,8.0,1,3.260869565,1,2,1,1,9.0,3,0,2,0,0,1,0,0,1,0,0,1,0,0,0,0,1,0,0
47,3,0,10178,18.5,2,4,4,2,3,2,26,1,1,20,52,4,6,3,12,0,0,0,0.0,1,0,1.5,5089.0,0.77202711,0,4.625,2.75,0.957427108,0,0.666666667,1.0,1,2.476190476,0,1,1,1,3.0,1,0,4,0,0,0,0,0,0,0,1,0,1,0,0,1,0,1,1
27,8,7,4513,17.4,2,3,4,2,3,5,52,1,0,7,35,3,7,4,12,0,1,0,0.777777778,1,1,4.0,2256.5,0.072455752,1,1.933333333,3.5,1.290994449,0,0.428571429,0.333333333,0,4.375,0,-1,0,0,1.333333333,3,0,1,0,0,0,0,0,1,0,0,1,0,1,0,0,0,1,1
43,8,1,9574,14.8,2,2,2,2,2,3,42,0,0,16,39,5,10,4,4,0,0,0,0.111111111,1,0,4.0,4787.0,0.50994109,0,1.644444444,2.25,0.5,1,0.5,0.555555556,1,2.294117647,0,-2,0,0,0.444444444,1,0,2,1,0,1,0,1,0,0,0,1,0,0,1,0,0,0,0
34,4,1,9566,13.8,1,3,3,3,3,3,65,1,0,19,84,8,5,3,10,0,0,0,0.2,1,0,4.0,9566.0,0.508836524,0,2.76,3.0,0.0,0,1.6,1.6,1,4.2,1,0,0,0,2.0,2,0,4,1,0,0,0,1,0,0,0,0,1,1,0,0,0,1,1
40,2,1,7116,15.4,2,4,2,4,1,1,48,0,1,28,113,5,8,3,3,0,0,0,0.333333333,1,0,1.0,3558.0,0.357979051,1,5.133333333,2.0,1.414213562,1,0.625,1.666666667,0,3.896551724,1,1,1,1,1.0,3,0,2,0,0,1,0,0,0,0,1,1,0,0,1,0,0,0,0
34,1,0,8775,18.9,2,3,3,3,3,3,61,0,0,11,48,2,11,5,4,0,1,0,0.0,1,0,0.5,4387.5,0.407216495,1,9.45,3.0,0.0,0,0.181818182,1.0,0,4.0,0,-2,0,0,2.0,1,0,2,1,1,0,0,1,0,0,0,1,0,1,0,0,0,0,0
48,1,1,9211,16.3,2,3,5,3,3,3,46,0,0,3,11,3,3,3,4,0,0,0,0.5,0,0,0.5,4605.5,0.465022091,1,8.15,3.5,1.0,0,1.0,1.5,2,2.75,0,0,0,0,2.0,1,0,2,0,0,1,0,1,0,0,0,0,0,0,0,1,0,0,0
42,1,0,8705,15.7,2,4,4,3,2,3,44,0,0,9,30,4,10,3,5,0,1,0,0.0,1,0,0.5,4352.5,0.496447602,1,7.85,3.0,0.816496581,0,0.4,2.0,1,3.0,0,1,1,1,2.5,1,0,2,1,1,0,0,0,0,0,0,0,1,0,1,0,0,0,0
38,2,2,12829,13.4,2,4,5,4,5,2,33,0,0,8,29,2,7,4,7,0,0,0,0.666666667,0,0,1.0,6414.5,0.828669612,0,4.466666667,4.0,1.414213562,0,0.285714286,0.666666667,1,3.222222222,0,0,1,0,2.333333333,0,0,4,1,1,0,0,1,0,0,0,1,0,0,1,0,0,0,0
33,1,0,6406,16.0,1,3,3,4,2,4,43,0,0,20,89,2,2,2,8,0,0,0,0.0,1,0,1.0,6406.0,0.10652921,1,8.0,3.25,0.957427108,0,1.0,1.0,2,4.238095238,1,1,0,1,4.0,3,0,2,0,1,0,0,1,0,0,0,0,1,1,0,0,0,1,0
57,9,2,6611,9.5,2,2,1,4,3,3,22,1,1,11,48,1,8,4,5,0,0,1,0.2,1,0,4.5,3305.5,0.282193469,1,0.95,2.75,1.258305739,0,0.125,0.1,1,4.0,0,-2,0,0,0.5,1,0,1,0,1,0,0,0,0,0,1,1,0,0,0,0,1,0,0
39,0,0,5621,17.7,1,4,4,3,2,3,48,1,1,24,90,6,4,3,4,0,1,0,0.0,0,0,0.0,5621.0,0.087033748,1,17.7,3.0,0.816496581,0,1.5,6.0,1,3.6,1,1,1,1,4.0,2,0,2,1,0,0,0,0,0,0,0,1,0,0,1,0,0,0,1
48,7,6,11901,18.6,3,3,5,4,3,2,26,1,0,12,34,6,3,2,9,0,1,0,0.75,1,1,2.333333333,3967.0,0.767918508,0,2.325,3.5,1.290994449,0,2.0,0.75,1,2.615384615,0,1,0,1,1.125,2,0,3,1,1,0,0,1,0,0,0,1,0,0,0,1,0,1,1
39,8,5,9581,16.7,3,3,2,5,3,2,46,0,0,18,67,3,2,3,8,0,1,0,0.555555556,1,1,2.666666667,3193.666667,0.81031614,0,1.855555556,3.0,1.414213562,0,1.5,0.333333333,1,3.526315789,1,0,0,0,0.888888889,3,0,3,0,0,1,0,0,0,1,0,1,0,0,1,0,0,0,0
29,3,2,6382,23.1,2,3,1,5,3,4,28,1,0,24,81,5,7,3,10,0,0,0,0.5,1,0,1.5,3191.0,0.300331858,1,5.775,3.25,1.707825128,0,0.714285714,1.25,2,3.24,1,0,0,0,2.5,3,0,2,0,1,0,0,0,1,0,0,1,0,1,0,0,0,1,1
34,3,0,6482,12.6,2,2,2,5,2,5,33,0,0,13,44,6,11,2,3,0,0,0,0.0,1,0,1.5,3241.0,0.381863561,1,3.15,3.5,1.732050808,0,0.545454545,1.5,1,3.142857143,0,0,0,0,0.75,1,0,1,1,1,0,0,0,0,1,0,1,0,1,0,0,0,0,0
35,13,7,8915,11.6,3,2,4,2,1,4,26,1,1,12,37,4,7,4,7,0,1,0,0.5,1,1,4.333333333,2971.666667,0.691924779,0,0.828571429,2.75,1.5,0,0.571428571,0.285714286,1,2.846153846,0,-2,0,0,0.5,1,0,2,0,1,0,0,0,1,0,0,1,0,0,1,0,0,1,1
18,0,0,5448,18.1,2,4,3,3,2,3,0,1,1,7,29,4,5,2,6,0,0,0,0.0,0,0,0.0,2724.0,0.165929204,1,18.1,2.75,0.5,0,0.8,4.0,0,3.625,0,2,1,1,6.0,1,0,2,0,0,0,0,0,1,0,0,1,0,0,0,0,0,0,0
20,2,2,6094,11.2,2,2,4,3,3,4,35,1,0,19,47,3,2,2,9,0,0,0,0.666666667,0,0,1.0,3047.0,0.084806087,1,3.733333333,3.5,0.577350269,0,1.5,1.0,1,2.35,0,0,0,0,3.0,2,0,1,1,1,0,0,1,0,0,0,1,0,0,0,0,0,1,1
39,3,3,10899,15.6,3,3,5,2,2,5,34,0,0,5,15,6,3,4,9,0,1,0,0.75,0,0,1.0,3633.0,0.667893962,0,3.9,3.5,1.732050808,0,2.0,1.5,1,2.5,0,-1,0,0,2.25,1,0,2,1,1,0,0,1,0,0,0,1,0,0,1,0,0,0,0
47,2,1,5199,15.2,1,4,3,4,4,3,22,0,0,33,106,4,2,4,5,0,1,0,0.333333333,1,0,2.0,5199.0,0.104744301,1,5.066666667,3.5,0.577350269,0,2.0,1.333333333,0,3.117647059,1,0,1,0,1.666666667,2,0,2,1,0,1,0,0,0,0,1,1,0,0,0,1,0,0,0
24,4,4,6492,14.0,2,2,5,1,4,2,0,1,0,49,137,4,10,3,9,0,0,0,0.8,0,1,2.0,3246.0,0.383735441,1,2.8,3.0,1.825741858,0,0.4,0.8,0,2.74,1,-1,0,0,1.8,4,0,2,1,0,0,0,0,0,1,0,1,0,0,0,0,0,1,1
34,2,0,7646,20.3,2,5,4,3,3,1,5,0,1,26,51,1,8,2,5,0,0,0,0.0,1,0,1.0,3823.0,0.337255773,1,6.766666667,2.75,1.258305739,0,0.125,0.333333333,0,1.888888889,0,3,1,1,1.666666667,1,0,1,0,0,1,0,0,0,0,0,1,0,1,0,0,0,0,0
32,1,1,5622,14.5,1,4,3,3,3,4,19,1,0,7,26,3,20,5,5,0,0,0,0.5,0,0,1.0,5622.0,0.050564556,1,7.25,3.25,0.5,0,0.15,1.5,2,3.25,0,-1,1,0,2.5,1,0,2,1,1,0,0,1,0,0,0,1,0,1,0,0,0,0,1
20,2,0,5234,13.7,1,3,5,3,3,4,50,0,0,20,40,3,4,3,8,0,0,0,0.0,1,0,2.0,5234.0,0.109365373,1,4.566666667,3.75,0.957427108,0,0.75,1.0,1,1.904761905,0,0,0,0,2.666666667,2,0,2,1,0,0,0,0,0,0,1,1,0,0,0,0,0,0,0
19,1,0,5499,10.8,2,2,1,2,1,3,72,1,1,6,13,4,14,3,8,0,0,0,0.0,1,0,0.5,2749.5,0.177544248,1,5.4,1.75,0.957427108,1,0.285714286,2.0,1,1.857142857,0,-1,0,0,4.0,3,1,1,0,1,0,0,0,1,0,0,1,0,0,0,0,0,1,1
34,3,2,9817,10.8,3,4,4,3,5,5,36,0,0,8,30,1,2,3,5,0,1,0,0.5,1,0,1.0,3272.333333,0.542587138,0,2.7,4.25,0.957427108,0,0.5,0.25,0,3.333333333,0,1,1,1,1.25,0,0,2,1,0,1,0,1,0,0,0,0,1,1,0,0,0,0,0
32,1,0,6879,14.1,2,3,3,3,4,3,26,0,0,42,150,6,7,2,8,0,0,0,0.0,1,0,0.5,3439.5,0.15832106,1,7.05,3.25,0.5,0,0.857142857,3.0,1,3.488372093,1,1,0,1,4.0,3,0,1,0,0,1,0,1,0,0,0,0,0,1,0,0,0,0,0
41,2,1,7645,14.3,4,3,5,1,3,4,22,0,1,6,12,5,7,2,9,0,1,0,0.333333333,1,0,0.5,1911.25,0.524889381,0,4.766666667,3.25,1.707825128,0,0.714285714,1.666666667,1,1.714285714,0,1,0,1,3.0,1,0,1,0,1,0,0,0,1,0,0,0,0,0,1,0,0,0,0
33,1,0,7671,15.5,2,3,4,4,3,3,17,0,1,22,100,3,3,3,3,0,0,0,0.0,1,0,0.5,3835.5,0.452711029,1,7.75,3.5,0.577350269,0,1.0,1.5,0,4.347826087,1,0,0,0,1.5,2,0,2,1,0,1,0,0,0,0,1,1,0,1,0,0,0,0,0
46,3,2,5105,12.3,1,1,3,4,2,5,31,1,0,4,12,1,13,2,11,0,1,0,0.5,1,0,3.0,5105.0,0.026509573,1,3.075,3.5,1.290994449,0,0.076923077,0.25,1,2.4,0,-1,0,0,2.75,2,0,1,1,0,0,0,1,0,0,0,1,0,0,0,1,0,1,1
25,2,0,7400,13.9,2,3,3,3,2,4,38,0,1,21,70,2,10,3,8,0,0,0,0.0,1,0,1.0,3700.0,0.614720395,0,4.633333333,3.0,0.816496581,0,0.2,0.666666667,1,3.181818182,1,0,0,0,2.666666667,2,0,3,1,1,0,1,0,0,0,0,1,0,1,0,0,0,0,0
18,0,0,3958,15.1,1,2,4,4,3,3,28,0,1,25,52,6,6,3,4,0,0,0,0.0,0,0,0.0,3958.0,0.043677205,1,15.1,3.5,0.577350269,0,1.0,6.0,2,2.0,0,-1,0,0,4.0,1,0,2,1,0,1,0,0,0,1,0,1,0,0,0,0,0,0,0
32,9,5,7546,13.4,3,4,1,3,1,5,18,1,1,7,22,5,6,1,7,1,1,0,0.5,1,0,3.0,2515.333333,0.434072705,1,1.34,2.5,1.914854216,0,0.833333333,0.5,0,2.75,0,3,1,1,0.7,1,0,1,0,0,1,0,0,0,0,1,1,0,1,0,0,0,0,0
37,11,2,11065,14.2,3,3,2,3,2,4,50,0,0,21,70,1,10,4,5,0,1,0,0.166666667,1,0,3.666666667,3688.333333,0.686548846,0,1.183333333,2.75,0.957427108,0,0.1,0.083333333,1,3.181818182,1,-1,0,0,0.416666667,1,0,2,0,0,1,0,1,0,0,0,1,0,0,1,0,0,0,0
60,0,0,9697,13.4,3,4,3,3,4,2,56,0,1,6,20,7,9,3,2,0,1,1,0.0,0,0,0.0,3232.333333,0.782079646,0,13.4,3.0,0.816496581,0,0.777777778,7.0,0,2.857142857,0,1,1,1,2.0,0,0,2,0,0,0,0,0,1,0,0,1,0,0,0,0,1,0,0
35,1,1,8790,12.0,2,3,4,4,5,3,49,0,1,18,71,7,13,2,4,0,0,0,0.5,0,0,0.5,4395.0,0.409671085,1,6.0,4.0,0.816496581,0,0.538461538,3.5,1,3.736842105,1,1,0,1,2.0,2,0,2,1,0,1,0,1,0,0,0,0,0,0,1,0,0,0,0
38,8,6,14222,12.3,3,4,3,3,3,2,52,0,0,10,28,1,6,5,3,0,1,0,0.666666667,1,1,2.666666667,4740.666667,0.960566852,0,1.366666667,2.75,0.5,0,0.166666667,0.111111111,0,2.545454545,0,-1,1,0,0.333333333,1,0,4,0,1,0,0,0,0,0,1,1,0,0,1,0,0,0,0
57,7,6,10907,15.3,3,3,3,2,2,3,43,0,1,5,16,1,7,5,3,0,1,1,0.75,1,1,2.333333333,3635.666667,0.901414309,0,1.9125,2.5,0.577350269,0,0.142857143,0.125,2,2.666666667,0,-2,0,0,0.375,1,0,3,1,0,1,0,0,0,1,0,1,0,0,0,0,1,0,0
60,1,0,9702,16.8,2,4,5,3,3,3,59,0,0,5,16,7,10,3,3,0,0,1,0.0,1,0,0.5,4851.0,0.526755032,0,8.4,3.5,1.0,0,0.7,3.5,1,2.666666667,0,1,1,1,1.5,0,0,2,0,1,0,0,1,0,0,0,1,0,0,0,0,1,0,0
26,8,4,8699,13.7,2,3,3,3,2,5,16,0,0,20,54,1,13,4,7,0,0,0,0.444444444,1,1,4.0,4349.5,0.395557192,1,1.522222222,3.25,1.258305739,0,0.076923077,0.111111111,2,2.571428571,0,-1,0,0,0.777777778,2,0,2,1,0,0,0,1,0,0,0,0,0,1,0,0,0,0,0
27,1,0,7535,12.5,2,3,1,3,3,3,30,1,1,10,29,4,17,1,11,0,1,0,0.0,1,0,0.5,3767.5,0.502765487,0,6.25,2.5,1.0,0,0.235294118,2.0,0,2.636363636,0,2,0,1,5.5,1,0,3,0,0,1,0,0,1,0,0,0,0,1,0,0,0,1,1
37,0,0,7299,13.9,1,3,3,1,2,3,29,0,1,25,58,4,2,2,7,0,0,0,0.0,0,0,0.0,7299.0,0.206308297,1,13.9,2.25,0.957427108,1,2.0,4.0,2,2.230769231,0,1,0,1,7.0,2,0,2,1,0,1,0,1,0,0,0,1,0,0,1,0,0,0,0
35,3,2,10084,14.7,2,4,1,1,3,4,24,0,0,5,13,5,9,3,3,0,0,0,0.5,1,0,1.5,5042.0,0.573269514,0,3.675,2.25,1.5,1,0.555555556,1.25,2,2.166666667,0,1,1,1,0.75,1,0,3,1,1,0,0,1,0,0,0,0,0,0,1,0,0,0,0
39,4,4,7915,14.5,3,3,5,4,5,4,53,0,1,37,129,4,5,2,3,0,1,0,0.8,0,1,1.333333333,2638.333333,0.675986842,0,2.9,4.5,0.577350269,0,0.8,0.8,1,3.394736842,1,1,0,1,0.6,2,0,2,1,0,0,1,0,0,0,0,1,0,0,1,0,0,0,0
41,1,0,6540,18.5,2,4,3,3,4,4,55,0,1,13,26,5,14,3,6,0,0,0,0.0,1,0,0.5,3270.0,0.31664823,1,9.25,3.5,0.577350269,0,0.357142857,2.5,2,1.857142857,0,1,1,1,3.0,1,0,2,1,1,0,0,0,1,0,0,1,0,0,1,0,0,0,0
47,1,1,12256,12.3,3,3,3,2,4,4,40,0,1,7,20,3,14,3,5,0,1,0,0.5,0,0,0.333333333,4085.333333,0.791359843,0,6.15,3.25,0.957427108,0,0.214285714,1.5,1,2.5,0,0,0,0,2.5,0,0,3,0,0,1,0,1,0,0,0,1,0,0,0,1,0,0,0
30,4,2,10689,18.1,3,3,3,4,3,4,18,1,1,14,40,7,7,1,10,0,1,0,0.4,1,0,1.333333333,3563.0,0.738010657,0,3.62,3.5,0.577350269,0,1.0,1.4,1,2.666666667,0,2,0,1,2.0,1,0,2,1,0,1,0,0,0,0,0,1,0,1,0,0,0,1,1
57,12,0,11385,11.0,5,3,4,3,4,2,19,1,0,30,116,4,9,4,6,0,1,1,0.0,1,0,2.4,2277.0,0.864756624,0,0.846153846,3.25,0.957427108,0,0.444444444,0.307692308,2,3.741935484,1,-1,0,0,0.461538462,1,0,2,1,0,1,0,0,0,0,1,1,0,0,0,0,1,0,1
24,3,1,4898,14.9,2,3,5,2,2,4,26,1,0,46,150,5,13,3,5,0,0,0,0.25,1,0,1.5,2449.0,0.129783694,1,3.725,3.25,1.5,0,0.384615385,1.25,1,3.191489362,1,0,0,0,1.25,2,0,1,0,1,0,0,0,0,1,0,1,0,0,0,0,0,0,0
28,1,0,6108,17.7,2,5,5,2,3,4,49,0,0,27,101,3,11,3,2,0,0,0,0.0,1,0,0.5,3054.0,0.138099467,1,8.85,3.5,1.290994449,0,0.272727273,1.5,1,3.607142857,1,2,1,1,1.0,2,0,1,0,1,0,0,0,0,0,0,1,0,1,0,0,0,0,0
25,1,0,6712,9.8,2,2,4,1,4,3,62,1,0,19,77,1,9,2,13,0,0,0,0.0,1,0,0.5,3356.0,0.345132743,1,4.9,3.0,1.414213562,0,0.111111111,0.5,0,3.85,1,0,0,0,6.5,3,0,2,1,0,1,0,0,1,0,0,1,0,1,0,0,0,1,1
48,1,1,4600,14.4,1,1,3,4,4,4,20,0,0,31,99,5,4,2,4,0,0,0,0.5,0,0,1.0,4600.0,0.053912508,1,7.2,3.75,0.5,0,1.25,2.5,0,3.09375,1,-1,0,0,2.0,2,0,3,0,0,0,0,0,0,0,1,0,0,0,0,1,0,0,0
33,2,0,6660,9.4,1,1,3,2,2,2,17,1,0,14,39,3,5,2,9,0,0,0,0.0,1,0,2.0,6660.0,0.132056946,1,3.133333333,2.25,0.5,1,0.6,1.0,1,2.6,0,-1,0,0,3.0,3,1,2,1,1,0,0,1,0,0,0,1,0,1,0,0,0,1,1
21,3,2,8806,14.8,2,3,2,3,4,4,36,0,1,26,76,3,5,4,12,0,0,0,0.5,1,0,1.5,4403.0,0.615064695,0,3.7,3.25,0.957427108,0,0.6,0.75,1,2.814814815,1,-1,0,0,3.0,2,0,3,1,1,0,0,0,0,0,1,1,0,0,0,0,0,1,0
49,3,2,5827,14.3,2,2,3,4,1,3,27,0,1,6,27,5,7,2,5,0,0,0,0.5,1,0,1.5,2913.5,0.174522489,1,3.575,2.75,1.258305739,0,0.714285714,1.25,1,3.857142857,0,0,0,0,1.25,1,0,2,1,0,1,0,0,0,0,1,1,0,0,0,1,0,0,0
48,2,0,8629,16.4,1,4,2,3,4,3,67,0,0,22,69,8,11,4,10,0,0,0,0.0,1,0,2.0,8629.0,0.488010657,1,5.466666667,3.0,0.816496581,0,0.727272727,2.666666667,0,3.0,1,0,1,0,3.333333333,3,0,2,1,1,0,0,0,0,0,0,1,0,0,0,1,0,1,0
38,2,0,8656,18.0,2,3,3,4,2,3,0,0,0,28,76,4,9,3,10,0,1,0,0.0,1,0,1.0,4328.0,0.596272335,0,6.0,3.0,0.816496581,0,0.444444444,1.333333333,1,2.620689655,1,0,0,0,3.333333333,2,0,4,0,0,1,0,0,0,0,1,1,0,0,1,0,0,0,0
51,5,3,9039,13.1,3,2,2,3,3,3,69,0,0,6,13,4,7,3,4,0,1,1,0.5,1,0,1.666666667,3013.0,0.645717807,0,2.183333333,2.75,0.5,0,0.571428571,0.666666667,2,1.857142857,0,-1,0,0,0.666666667,0,0,2,1,1,0,0,0,0,0,1,0,0,0,0,1,0,0,0
18,0,0,11387,14.4,3,3,2,3,4,4,52,0,0,12,39,6,6,2,8,0,1,0,0.0,0,0,0.0,3795.666667,0.720790378,0,14.4,3.25,0.957427108,0,1.0,6.0,1,3.0,0,1,0,1,8.0,1,0,3,1,0,1,0,1,0,0,0,1,0,0,0,0,0,0,0
44,18,2,13033,18.4,4,4,4,3,3,2,69,1,0,7,24,4,2,4,8,1,1,0,0.105263158,1,0,4.5,3258.25,0.960730088,0,0.968421053,3.0,0.816496581,0,2.0,0.210526316,0,3.0,0,0,1,0,0.421052632,1,0,2,0,1,0,0,0,1,0,0,0,0,0,1,0,0,0,1
51,0,0,7102,15.2,3,3,3,5,4,1,29,0,1,9,24,1,10,3,4,0,1,1,0.0,0,0,0.0,2367.333333,0.491680532,1,15.2,3.25,1.707825128,0,0.1,1.0,2,2.4,0,0,0,0,4.0,1,0,1,1,0,1,0,0,0,1,0,0,1,0,0,1,0,0,0
43,12,5,9263,17.0,3,3,3,4,4,4,51,0,0,9,31,4,11,3,7,0,1,0,0.384615385,1,1,4.0,3087.666667,0.735066372,0,1.307692308,3.75,0.5,0,0.363636364,0.307692308,0,3.1,0,0,0,0,0.538461538,1,0,2,1,0,1,0,0,1,0,0,1,0,0,1,0,0,0,0
44,13,7,15766,15.5,5,3,4,3,3,3,37,0,0,22,50,6,12,4,6,0,1,0,0.5,1,1,2.6,3153.2,0.968028419,0,1.107142857,3.25,0.5,0,0.5,0.428571429,1,2.173913043,0,-1,0,0,0.428571429,1,0,2,0,1,0,0,0,0,0,0,0,0,0,1,0,0,0,0
41,2,0,8839,13.4,3,4,2,4,5,4,20,1,0,15,66,2,6,5,8,0,1,0,0.0,1,0,0.666666667,2946.333333,0.416298478,1,4.466666667,3.75,1.258305739,0,0.333333333,0.666666667,1,4.125,1,-1,1,0,2.666666667,3,0,1,1,1,0,0,1,0,0,0,1,0,0,1,0,0,1,1
46,1,1,8070,16.0,2,4,3,3,2,3,28,0,0,6,17,5,9,3,9,0,1,0,0.5,0,0,0.5,4035.0,0.643510815,0,8.0,2.75,0.5,0,0.555555556,2.5,1,2.428571429,0,1,1,1,4.5,1,0,3,1,0,1,0,0,0,1,0,1,0,0,0,1,0,0,0
42,1,0,9543,16.4,3,5,5,4,2,4,31,0,0,15,59,4,2,4,6,0,1,0,0.0,1,0,0.333333333,3181.0,0.806156406,0,8.2,3.75,1.258305739,0,2.0,2.0,0,3.6875,0,1,1,1,3.0,0,0,2,0,1,0,0,0,0,1,0,1,0,0,1,0,0,0,0
30,2,2,10534,15.1,2,4,1,2,4,4,0,0,1,6,22,3,8,4,5,0,0,0,0.666666667,0,0,1.0,5267.0,0.629111438,0,5.033333333,2.75,1.5,0,0.375,1.0,1,3.142857143,0,0,1,0,1.666666667,0,0,2,1,0,1,0,1,0,0,0,1,0,1,0,0,0,0,0
34,4,0,11098,13.3,2,4,2,1,2,3,59,0,0,5,15,4,4,2,4,0,0,0,0.0,1,0,2.0,5549.0,0.690230731,0,2.66,2.0,0.816496581,1,1.0,0.8,1,2.5,0,2,1,1,0.8,1,0,3,0,1,0,0,1,0,0,0,1,0,1,0,0,0,0,0
34,1,0,9364,14.8,2,4,1,5,1,4,36,0,0,39,60,3,6,3,4,0,0,0,0.0,1,0,0.5,4682.0,0.5839254,0,7.4,2.75,2.061552813,0,0.5,1.5,0,1.5,0,1,1,1,2.0,0,0,3,0,0,0,0,0,0,0,0,1,0,1,0,0,0,0,0
46,9,6,7957,11.3,3,2,4,3,4,3,20,0,0,13,55,4,23,3,3,0,1,0,0.6,1,1,3.0,2652.333333,0.565265487,0,1.13,3.5,0.577350269,0,0.173913043,0.4,1,3.928571429,0,-1,0,0,0.3,1,0,2,1,1,0,0,0,1,0,0,1,0,0,0,1,0,0,0
30,4,2,6055,17.7,1,4,5,3,4,2,44,0,1,17,51,2,2,1,5,0,0,0,0.4,1,0,4.0,6055.0,0.31655574,1,3.54,3.5,1.290994449,0,1.0,0.4,1,2.833333333,0,3,1,1,1.0,1,0,2,1,0,0,0,0,0,1,0,1,0,1,0,0,0,0,0
30,11,8,19176,12.8,4,3,1,2,2,4,32,0,1,10,28,3,11,3,7,0,1,0,0.666666667,1,1,2.75,4794.0,0.99018164,0,1.066666667,2.25,1.258305739,1,0.272727273,0.25,1,2.545454545,0,0,0,0,0.583333333,2,0,4,0,1,0,0,1,0,0,0,1,0,1,0,0,0,0,0
31,3,0,6575,18.9,2,3,3,3,3,3,45,1,0,11,28,2,2,3,10,0,0,0,0.0,1,0,1.5,3287.5,0.396006656,1,4.725,3.0,0.0,0,1.0,0.5,2,2.333333333,0,0,0,0,2.5,2,0,1,1,0,1,0,0,0,1,0,1,0,1,0,0,0,1,1
23,4,3,8661,11.2,2,3,2,3,5,3,10,0,0,21,55,4,7,1,4,0,1,0,0.6,1,0,2.0,4330.5,0.597042514,0,2.24,3.25,1.258305739,0,0.571428571,0.8,0,2.5,0,2,0,1,0.8,0,0,3,1,1,0,0,0,0,0,1,0,0,0,0,0,0,0,0
38,11,8,10510,13.4,3,3,3,1,3,3,39,0,0,12,34,5,5,2,3,0,1,0,0.666666667,1,1,3.666666667,3503.333333,0.841261062,0,1.116666667,2.5,1.0,0,1.0,0.416666667,1,2.615384615,0,1,0,1,0.25,1,0,3,0,0,1,0,0,1,0,0,1,0,0,1,0,0,0,0
36,16,2,15299,17.3,5,4,5,2,3,3,45,0,0,16,67,3,11,3,4,0,1,0,0.117647059,1,0,3.2,3059.8,0.958703375,0,1.017647059,3.25,1.258305739,0,0.272727273,0.176470588,1,3.941176471,1,1,1,1,0.235294118,1,0,2,0,1,0,0,0,0,0,0,1,0,0,1,0,0,0,0
37,7,3,8749,12.8,3,3,3,3,4,4,75,0,1,38,119,3,5,2,6,0,1,0,0.375,1,0,2.333333333,2916.333333,0.607825015,0,1.6,3.5,0.577350269,0,0.6,0.375,1,3.051282051,1,1,0,1,0.75,1,0,2,1,1,0,0,0,0,0,1,1,0,0,1,0,0,0,0
30,3,3,7437,14.2,2,1,2,3,2,3,47,1,0,10,39,4,3,3,12,0,0,0,0.75,0,0,1.5,3718.5,0.415742452,1,3.55,2.5,0.577350269,0,1.333333333,1.0,1,3.545454545,0,-2,0,0,3.0,2,0,3,1,0,1,0,0,0,0,1,1,0,1,0,0,0,1,1
34,1,1,5441,21.1,1,4,3,3,4,3,40,0,0,13,37,4,9,4,4,0,0,0,0.5,0,0,1.0,5441.0,0.039764359,1,10.55,3.25,0.5,0,0.444444444,2.0,2,2.642857143,0,0,1,0,2.0,1,0,2,1,1,0,0,1,0,0,0,1,0,1,0,0,0,0,0
34,2,1,4977,16.0,1,3,4,4,4,4,23,1,0,17,37,1,17,3,10,0,0,0,0.333333333,1,0,2.0,4977.0,0.141014975,1,5.333333333,4.0,0.0,0,0.058823529,0.333333333,1,2.055555556,0,0,0,0,3.333333333,2,0,2,1,1,0,0,0,0,1,0,1,0,1,0,0,0,0,1
31,6,6,7083,17.1,2,2,2,4,3,3,32,0,1,7,21,4,8,3,4,0,0,0,0.857142857,0,1,3.0,3541.5,0.262877442,1,2.442857143,3.0,0.816496581,0,0.5,0.571428571,1,2.625,0,-1,0,0,0.571428571,2,0,2,1,0,1,0,0,0,0,0,1,0,1,0,0,0,0,0
43,3,1,7563,12.9,2,2,4,3,4,3,71,0,0,8,31,5,11,2,7,0,0,0,0.25,1,0,1.5,3781.5,0.240795287,1,3.225,3.5,0.577350269,0,0.454545455,1.25,2,3.444444444,0,0,0,0,1.75,1,0,2,1,1,0,0,1,0,0,0,0,0,0,1,0,0,0,0
44,18,3,14324,18.5,5,3,4,5,3,4,54,0,0,48,141,4,14,3,8,0,1,0,0.157894737,1,0,3.6,2864.8,0.900834561,0,0.973684211,4.0,0.816496581,0,0.285714286,0.210526316,2,2.87755102,1,0,0,0,0.421052632,2,0,1,0,0,1,0,1,0,0,0,1,0,0,1,0,0,0,0
36,11,6,9083,14.2,4,3,2,4,3,4,25,0,0,14,33,3,13,3,6,0,1,0,0.5,1,1,2.75,2270.75,0.650184843,0,1.183333333,3.25,0.957427108,0,0.230769231,0.25,0,2.2,0,0,0,0,0.5,1,0,1,0,0,1,0,0,0,0,1,1,0,0,1,0,0,0,0
35,3,1,5465,15.6,2,4,4,4,4,4,38,0,0,26,63,3,12,3,5,0,0,0,0.25,1,0,1.5,2732.5,0.134473198,1,3.9,4.0,0.0,0,0.25,0.75,0,2.333333333,1,1,1,1,1.25,2,0,1,0,0,0,0,0,0,0,1,1,0,0,1,0,0,0,0
24,1,1,7224,17.9,2,4,1,1,2,3,7,0,1,10,46,5,6,4,6,0,0,0,0.5,0,0,0.5,3612.0,0.513311148,0,8.95,1.75,0.957427108,1,0.833333333,2.5,1,4.181818182,0,0,1,0,3.0,1,0,2,1,0,1,0,0,0,1,0,1,0,0,0,0,0,0,0
49,3,1,5337,14.4,2,2,5,3,3,5,11,0,0,16,49,5,11,3,8,0,0,0,0.25,1,0,1.5,2668.5,0.194675541,1,3.6,4.0,1.154700538,0,0.454545455,1.25,1,2.882352941,0,-1,0,0,2.0,2,0,1,0,0,0,0,0,0,1,0,1,0,0,0,1,0,0,0
47,1,1,8138,11.4,2,4,1,5,5,3,29,0,1,16,67,4,5,3,5,0,1,0,0.5,0,0,0.5,4069.0,0.409857904,1,5.7,3.5,1.914854216,0,0.8,2.0,2,3.941176471,1,1,1,1,2.5,2,0,3,1,0,1,0,0,0,0,0,1,0,0,0,1,0,0,0
51,2,1,9045,12.2,2,4,5,3,3,4,19,0,0,30,70,1,12,4,3,0,0,1,0.333333333,1,0,1.0,4522.5,0.445876289,1,4.066666667,3.75,0.957427108,0,0.083333333,0.333333333,1,2.258064516,1,0,1,0,1.0,2,0,3,1,1,0,0,1,0,0,0,1,0,0,0,1,0,0,0
22,3,1,9901,15.2,3,3,2,4,3,3,20,1,0,13,35,6,8,3,3,0,1,0,0.25,1,0,1.0,3300.333333,0.649866785,0,3.8,3.0,0.816496581,0,0.75,1.5,0,2.5,0,0,0,0,0.75,0,0,3,1,0,0,0,0,0,0,0,0,1,0,0,0,0,0,0
29,1,0,9466,14.8,2,3,3,4,1,2,33,0,0,18,51,2,2,4,5,0,0,0,0.0,1,0,0.5,4733.0,0.494231713,1,7.4,2.5,1.290994449,0,1.0,1.0,0,2.684210526,0,-1,0,0,2.5,1,0,2,1,0,1,0,1,0,0,0,1,0,1,0,0,0,0,0
30,6,0,10825,16.7,2,4,2,5,3,5,43,1,0,4,11,6,10,3,6,1,1,0,0.0,1,0,3.0,5412.5,0.748223801,0,2.385714286,3.75,1.5,0,0.6,0.857142857,1,2.2,0,1,1,1,0.857142857,0,0,3,1,1,0,0,0,0,0,0,1,0,1,0,0,0,1,1
24,2,0,7888,11.4,2,3,4,2,3,3,26,1,0,5,15,4,12,4,11,0,0,0,0.0,1,0,1.0,3944.0,0.618760399,0,3.8,3.0,0.816496581,0,0.333333333,1.333333333,0,2.5,0,-1,0,0,3.666666667,1,0,2,1,0,1,0,0,0,1,0,1,0,0,0,0,0,1,1
18,0,0,5770,14.3,1,4,2,1,4,3,52,1,1,17,45,4,6,3,6,0,0,0,0.0,0,0,0.0,5770.0,0.060382916,1,14.3,2.5,1.290994449,0,0.666666667,4.0,1,2.5,0,1,1,1,6.0,1,0,2,1,0,0,0,1,0,0,0,1,0,0,0,0,0,1,1
48,0,0,6565,17.1,2,3,4,3,3,1,21,0,0,16,60,1,2,4,4,0,1,0,0.0,0,0,0.0,3282.5,0.319137168,1,17.1,2.75,1.258305739,0,0.5,1.0,1,3.529411765,0,-1,0,0,4.0,1,0,2,1,1,0,0,0,1,0,0,1,0,0,0,1,0,0,0
48,21,21,9962,10.4,5,5,3,4,5,3,13,0,0,11,32,6,10,4,2,1,1,0,0.954545455,0,0,4.2,1992.4,0.840266223,0,0.472727273,3.75,0.957427108,0,0.6,0.272727273,2,2.666666667,0,1,1,1,0.090909091,0,0,1,1,0,1,0,0,0,1,0,1,0,0,0,1,0,0,0
36,6,4,11912,13.8,2,3,3,4,3,3,21,0,1,11,46,4,3,2,5,0,1,0,0.571428571,1,1,3.0,5956.0,0.768900344,0,1.971428571,3.25,0.5,0,1.333333333,0.571428571,1,3.833333333,0,1,0,1,0.714285714,1,0,3,1,1,0,0,1,0,0,0,0,0,0,1,0,0,0,0
32,2,0,5296,7.3,1,1,3,3,5,4,29,1,0,5,17,3,7,4,6,0,1,0,0.0,1,0,2.0,5296.0,0.146294248,1,2.433333333,3.75,0.957427108,0,0.428571429,1.0,1,2.833333333,0,-3,0,0,2.0,1,0,2,1,0,1,0,0,1,0,0,1,0,1,0,0,0,0,0
27,6,1,8987,15.8,4,2,4,3,4,3,45,0,1,14,39,1,10,3,4,0,1,0,0.142857143,1,0,1.5,2246.75,0.703816372,0,2.257142857,3.5,0.577350269,0,0.1,0.142857143,0,2.6,0,-1,0,0,0.571428571,0,0,1,0,1,0,0,0,1,0,0,1,0,1,0,0,0,0,0
36,2,0,5791,15.6,2,4,4,2,3,3,30,1,1,4,11,5,7,3,6,0,0,0,0.0,1,0,1.0,2895.5,0.328125,1,5.2,3.0,0.816496581,0,0.714285714,1.666666667,2,2.2,0,1,1,1,2.0,1,0,2,1,0,1,1,0,0,0,0,0,0,0,1,0,0,1,1
26,0,0,6382,20.7,2,4,1,4,2,1,37,0,0,27,90,2,10,4,2,0,0,0,0.0,0,0,0.0,3191.0,0.10407462,1,20.7,2.0,1.414213562,1,0.2,2.0,1,3.214285714,1,0,1,0,2.0,3,0,1,1,0,1,0,1,0,0,0,1,0,1,0,0,0,0,0
41,10,9,9474,13.2,3,3,2,1,3,3,33,0,1,4,14,2,9,2,7,0,1,0,0.818181818,1,1,3.333333333,3158.0,0.701016636,0,1.2,2.25,0.957427108,1,0.222222222,0.181818182,1,2.8,0,1,0,1,0.636363636,2,0,2,1,0,1,0,0,0,0,1,0,0,0,1,0,0,0,0
48,5,2,8656,19.4,2,3,3,4,5,3,29,0,0,16,48,3,2,2,7,0,0,0,0.333333333,1,0,2.5,4328.0,0.596272335,0,3.233333333,3.75,0.957427108,0,1.5,0.5,1,2.823529412,0,1,0,1,1.166666667,0,0,1,1,1,0,0,0,0,0,1,1,0,0,0,1,0,0,0
41,1,0,8226,19.6,1,5,4,5,5,4,15,1,0,4,14,3,4,4,10,0,0,0,0.0,1,0,1.0,8226.0,0.42428952,1,9.8,4.5,0.577350269,0,0.75,1.5,1,2.8,0,1,1,1,5.0,2,0,3,1,0,1,0,0,0,0,0,1,0,0,1,0,0,1,1
34,9,1,12061,10.5,4,3,5,2,5,4,19,0,1,9,29,3,12,2,2,0,1,0,0.1,1,0,2.25,3015.25,0.835479574,0,1.05,4.0,1.414213562,0,0.25,0.3,1,2.9,0,1,0,1,0.2,0,0,2,0,1,0,0,0,0,0,0,0,1,1,0,0,0,0,0
34,0,0,8285,16.9,2,3,1,5,4,3,24,0,0,11,40,4,5,4,4,0,0,0,0.0,0,0,0.0,4142.5,0.337874325,1,16.9,3.25,1.707825128,0,0.8,4.0,0,3.333333333,0,-1,0,0,4.0,1,0,2,1,0,1,0,1,0,0,0,1,0,1,0,0,0,0,0
18,0,0,7668,20.2,1,5,3,2,1,3,6,0,1,23,96,4,6,3,3,0,0,0,0.0,0,0,0.0,7668.0,0.341030195,1,20.2,2.25,0.957427108,1,0.666666667,4.0,1,4.0,1,2,1,1,3.0,3,0,3,0,1,0,0,0,0,0,0,1,0,0,0,0,0,0,0
36,0,0,2453,13.6,1,2,3,3,3,3,16,1,1,16,28,1,11,2,10,0,0,0,0.0,0,0,0.0,2453.0,0.001663894,1,13.6,3.0,0.0,0,0.090909091,1.0,1,1.647058824,0,0,0,0,10.0,2,0,2,0,1,0,0,0,0,1,0,1,0,0,1,0,0,1,1
23,1,0,5999,14.4,1,4,3,2,3,3,31,1,0,14,41,7,14,2,10,0,0,0,0.0,1,0,1.0,5999.0,0.23755531,1,7.2,2.75,0.5,0,0.5,3.5,1,2.733333333,0,2,1,1,5.0,2,0,2,1,1,0,0,0,1,0,0,1,0,0,0,0,0,1,1
33,3,2,9940,16.9,2,5,2,5,4,3,16,0,1,13,21,7,3,3,5,0,0,0,0.5,1,0,1.5,4970.0,0.558173785,0,4.225,3.5,1.290994449,0,2.333333333,1.75,1,1.5,0,2,1,1,1.25,0,0,1,1,0,1,0,1,0,0,0,1,0,1,0,0,0,0,0
26,8,1,10286,11.6,3,3,4,2,3,4,37,0,0,19,61,6,14,2,4,0,1,0,0.111111111,1,0,2.666666667,3428.666667,0.783733826,0,1.288888889,3.25,0.957427108,0,0.428571429,0.666666667,0,3.05,1,1,0,1,0.444444444,1,0,2,1,0,1,0,0,0,0,1,0,1,1,0,0,0,0,0
38,4,1,8650,13.7,3,3,2,3,3,4,1,1,0,1,5,4,8,4,10,0,1,0,0.2,1,0,1.333333333,2883.333333,0.722129784,0,2.74,3.0,0.816496581,0,0.5,0.8,1,2.5,0,-1,0,0,2.0,1,0,3,1,0,1,0,0,0,1,0,1,0,0,1,0,0,0,1
52,11,4,9525,11.8,2,4,2,4,5,5,31,0,0,21,78,3,7,3,6,0,0,1,0.333333333,1,1,5.5,4762.5,0.763550885,0,0.983333333,4.0,1.414213562,0,0.428571429,0.25,0,3.545454545,1,1,1,1,0.5,2,0,3,1,0,1,0,0,1,0,0,0,1,0,0,1,0,0,0
51,1,0,12009,17.7,3,5,3,3,4,4,35,1,0,27,80,3,2,3,6,0,1,1,0.0,1,0,0.333333333,4003.0,0.829928952,0,8.85,3.5,0.577350269,0,1.5,1.5,1,2.857142857,1,2,1,1,3.0,1,0,3,0,0,1,0,0,0,0,0,1,0,0,0,1,0,1,1
51,6,2,6846,18.3,2,3,4,3,3,3,49,0,0,21,54,3,6,4,2,0,1,1,0.285714286,1,0,3.0,3423.0,0.444259567,1,2.614285714,3.25,0.5,0,0.5,0.428571429,2,2.454545455,0,-1,0,0,0.285714286,1,0,2,0,0,1,0,0,0,1,0,1,0,0,0,1,0,0,0
40,4,4,6239,17.3,1,4,3,4,4,4,17,0,0,15,43,10,12,3,10,0,0,0,0.8,0,1,4.0,6239.0,0.094501718,1,3.46,3.75,0.5,0,0.833333333,2.0,1,2.6875,0,1,1,1,2.0,3,0,2,1,0,1,0,1,0,0,0,0,1,0,1,0,0,0,0
38,8,3,6746,15.3,2,4,4,3,4,3,37,0,1,8,38,2,10,3,5,1,0,0,0.333333333,1,0,4.0,3373.0,0.502467105,0,1.7,3.5,0.577350269,0,0.2,0.222222222,0,4.222222222,0,1,1,1,0.555555556,0,0,1,0,0,1,1,0,0,0,0,1,0,0,1,0,0,0,0
18,0,0,8497,14.8,1,4,4,4,4,3,21,1,0,7,16,4,11,3,7,0,0,0,0.0,0,0,0.0,8497.0,0.462921847,1,14.8,3.75,0.5,0,0.363636364,4.0,1,2.0,0,1,1,1,7.0,1,0,2,0,1,0,0,0,0,0,0,1,0,0,0,0,0,0,0
36,7,0,6289,13.0,2,3,4,3,3,3,33,0,1,10,25,5,11,3,3,0,0,0,0.0,1,0,3.5,3144.5,0.349625624,1,1.625,3.25,0.5,0,0.454545455,0.625,1,2.272727273,0,0,0,0,0.375,1,0,1,0,1,0,0,0,0,1,0,1,0,0,1,0,0,0,0
42,2,0,10369,14.3,2,4,3,3,3,3,6,1,1,23,110,3,6,3,9,0,0,0,0.0,1,0,1.0,5184.5,0.705595027,0,4.766666667,3.0,0.0,0,0.5,1.0,1,4.583333333,1,1,1,1,3.0,2,0,3,0,1,0,0,0,0,0,0,0,1,0,1,0,0,0,1
32,3,2,8487,9.8,2,3,4,2,2,1,55,0,0,8,33,4,11,4,5,0,0,0,0.5,1,0,1.5,4243.5,0.367697595,1,2.45,2.25,1.258305739,1,0.363636364,1.0,2,3.666666667,0,-1,0,0,1.25,2,0,2,0,0,1,0,1,0,0,0,0,1,1,0,0,0,0,0
50,3,3,7392,15.1,1,4,5,5,4,5,0,0,0,7,28,3,10,4,4,0,0,1,0.75,0,0,3.0,7392.0,0.219931271,1,3.775,4.75,0.5,0,0.3,0.75,1,3.5,0,0,1,0,1.0,1,0,2,1,0,0,0,1,0,0,0,1,0,0,0,1,0,0,0
43,1,0,6778,16.6,1,5,3,2,2,4,3,0,0,5,14,1,5,4,4,0,0,0,0.0,1,0,1.0,6778.0,0.145802651,1,8.3,2.75,0.957427108,0,0.2,0.5,2,2.333333333,0,1,1,1,2.0,1,0,2,1,0,1,0,1,0,0,0,1,0,0,1,0,0,0,0
44,5,4,9492,16.1,3,4,2,3,3,5,31,0,0,15,47,9,10,4,5,0,1,0,0.666666667,1,1,1.666666667,3164.0,0.601243339,0,2.683333333,3.25,1.258305739,0,0.9,1.5,0,2.9375,0,0,1,0,0.833333333,1,0,1,0,0,1,0,0,0,0,0,1,0,0,1,0,0,0,0
29,1,1,8586,11.5,2,4,5,4,3,2,43,0,1,15,41,3,5,2,6,0,0,0,0.5,0,0,0.5,4293.0,0.475577265,1,5.75,3.5,1.290994449,0,0.6,1.5,0,2.5625,0,2,1,1,3.0,1,0,3,0,1,0,0,0,0,0,0,0,0,1,0,0,0,0,0
18,0,0,7379,18.4,1,2,3,5,5,1,24,1,1,19,66,4,8,3,8,0,0,0,0.0,0,0,0.0,7379.0,0.218458517,1,18.4,3.5,1.914854216,0,0.5,4.0,1,3.3,1,-1,0,0,8.0,3,0,2,1,1,0,0,1,0,0,0,1,0,0,0,0,0,0,1
32,4,1,6182,10.5,1,3,2,4,3,1,28,1,0,21,56,8,6,4,8,0,1,0,0.2,1,0,4.0,6182.0,0.09155621,1,2.1,2.5,1.290994449,0,1.333333333,1.6,2,2.545454545,0,-1,0,0,1.6,2,0,2,0,0,1,0,1,0,0,0,1,0,1,0,0,0,1,1
35,0,0,11554,16.6,3,3,4,4,3,4,48,1,0,4,5,3,9,4,3,0,1,0,0.0,0,0,0.0,3851.333333,0.806394316,0,16.6,3.75,0.5,0,0.333333333,3.0,0,1.0,0,-1,0,0,3.0,0,0,3,1,0,1,0,0,0,0,0,0,0,0,1,0,0,0,0
18,0,0,4728,11.3,1,3,1,4,3,4,37,0,0,14,57,4,8,4,2,0,0,0,0.0,0,0,0.0,4728.0,0.091261062,1,11.3,3.0,1.414213562,0,0.5,4.0,1,3.8,0,-1,0,0,2.0,1,0,2,0,0,1,0,0,1,0,0,1,0,0,0,0,0,0,0
37,2,1,5539,16.2,2,4,4,2,4,3,0,0,0,9,32,6,6,3,6,0,0,0,0.333333333,1,0,1.0,2769.5,0.180862832,1,5.4,3.25,0.957427108,0,1.0,2.0,1,3.2,0,1,1,1,2.0,1,0,2,1,1,0,0,0,1,0,0,0,0,0,1,0,0,0,0
48,2,0,8179,16.9,3,2,2,4,4,5,28,0,0,32,103,1,10,5,3,0,1,0,0.0,1,0,0.666666667,2726.333333,0.661397671,0,5.633333333,3.75,1.258305739,0,0.1,0.333333333,1,3.121212121,1,-3,0,0,1.0,1,0,2,0,1,0,0,0,0,1,0,1,0,0,0,1,0,0,0
45,10,8,12272,14.1,5,3,2,4,5,2,27,0,1,3,8,5,7,4,3,0,1,0,0.727272727,1,1,2.0,2454.4,0.903573629,0,1.281818182,3.25,1.5,0,0.714285714,0.454545455,0,2.0,0,-1,0,0,0.272727273,1,0,2,1,1,0,0,0,0,0,1,0,0,0,0,1,0,0,0
31,5,3,8599,15.5,2,4,3,3,4,4,47,0,1,9,42,5,13,5,4,0,0,0,0.5,1,0,2.5,4299.5,0.480461812,1,2.583333333,3.5,0.577350269,0,0.384615385,0.833333333,1,4.2,0,-1,1,0,0.666666667,1,0,2,0,0,1,0,0,0,0,0,1,0,1,0,0,0,0,0
41,3,2,6396,14.7,2,2,1,4,2,4,30,1,0,6,14,3,8,3,3,0,0,0,0.5,1,0,1.5,3198.0,0.368968386,1,3.675,2.75,1.5,0,0.375,0.75,1,2.0,0,-1,0,0,0.75,1,0,1,1,0,0,0,0,0,1,0,1,0,0,1,0,0,1,0
45,6,3,5562,20.2,2,4,1,4,2,2,18,1,1,11,27,6,2,2,7,0,0,0,0.428571429,1,0,3.0,2781.0,0.282894737,1,2.885714286,2.25,1.258305739,1,3.0,0.857142857,1,2.25,0,2,1,1,1.0,2,1,2,1,0,1,1,0,0,0,0,1,0,0,0,1,0,1,1
43,1,1,8907,13.7,3,3,4,4,1,2,33,0,0,44,150,5,7,4,3,0,1,0,0.5,0,0,0.333333333,2969.0,0.422925871,1,6.85,2.75,1.5,0,0.714285714,2.5,0,3.333333333,1,-1,0,0,1.5,2,0,1,0,1,0,0,1,0,0,0,1,0,0,1,0,0,0,0
42,1,1,5872,12.8,1,2,2,3,4,4,46,0,0,12,32,6,14,2,10,0,0,0,0.5,0,0,1.0,5872.0,0.067501227,1,6.4,3.25,0.957427108,0,0.428571429,3.0,1,2.461538462,0,0,0,0,5.0,2,0,3,1,1,0,0,1,0,0,0,1,0,0,1,0,0,0,0
35,11,0,11737,13.6,4,3,2,2,3,5,40,1,0,16,40,5,2,3,8,0,1,0,0.0,1,0,2.75,2934.25,0.815053286,0,1.133333333,3.0,1.414213562,0,2.5,0.416666667,1,2.352941176,0,0,0,0,0.666666667,1,0,2,1,0,1,0,0,0,0,0,1,0,0,1,0,0,1,1
42,1,1,7514,11.9,2,2,3,3,4,1,21,1,0,5,9,1,9,3,8,0,0,0,0.5,0,0,0.5,3757.0,0.427141097,1,5.95,2.75,1.258305739,0,0.111111111,0.5,0,1.5,0,-1,0,0,4.0,2,0,2,1,1,0,0,0,0,0,1,0,0,0,1,0,0,1,1
38,0,0,7090,15.3,1,4,3,3,3,1,17,1,0,25,89,1,2,4,6,0,0,0,0.0,0,0,0.0,7090.0,0.181026019,1,15.3,2.5,1.0,0,0.5,1.0,0,3.423076923,1,0,1,0,6.0,2,0,2,1,0,1,0,1,0,0,0,1,0,0,1,0,0,0,0
38,13,2,9795,16.5,3,4,4,3,4,2,49,0,0,9,28,2,7,4,2,1,1,0,0.142857143,1,0,4.333333333,3265.0,0.829866889,0,1.178571429,3.25,0.957427108,0,0.285714286,0.142857143,0,2.8,0,0,1,0,0.142857143,0,0,2,1,0,1,0,0,0,1,0,1,0,0,1,0,0,0,0
35,5,5,8920,14.3,3,3,3,3,3,4,7,0,0,23,59,10,12,3,3,0,1,0,0.833333333,0,1,1.666666667,2973.333333,0.753327787,0,2.383333333,3.25,0.5,0,0.833333333,1.666666667,1,2.458333333,0,0,0,0,0.5,1,0,2,0,0,1,0,0,0,1,0,1,0,0,1,0,0,0,0
41,2,2,7881,16.6,1,3,5,5,3,2,35,0,0,17,33,3,9,5,5,0,0,0,0.666666667,0,0,2.0,7881.0,0.484596426,1,5.533333333,3.75,1.5,0,0.333333333,1.0,1,1.833333333,0,-2,0,0,1.666666667,1,0,4,0,0,1,0,0,0,0,1,1,0,0,1,0,0,0,0
37,9,6,12675,15.1,5,3,3,4,4,4,25,1,1,13,25,5,7,4,9,0,1,0,0.6,1,1,1.8,2535.0,0.921903882,0,1.51,3.75,0.5,0,0.714285714,0.5,2,1.785714286,0,-1,0,0,0.9,2,0,2,0,1,0,0,0,0,0,1,0,1,0,1,0,0,1,1
36,3,3,8106,12.4,3,3,4,2,3,3,9,0,1,8,27,3,11,3,3,0,1,0,0.75,0,0,1.0,2702.0,0.313819342,1,3.1,3.0,0.816496581,0,0.272727273,0.75,2,3.0,0,0,0,0,0.75,1,0,1,1,1,0,0,1,0,0,0,0,0,0,1,0,0,0,0
33,2,2,4766,14.4,3,3,3,2,4,5,18,0,0,14,56,8,11,1,6,0,1,0,0.666666667,0,0,0.666666667,1588.666667,0.160361842,1,4.8,3.5,1.290994449,0,0.727272727,2.666666667,2,3.733333333,0,2,0,1,2.0,1,0,2,1,1,0,1,0,0,0,0,1,0,1,0,0,0,0,0
45,7,0,10109,14.4,2,5,4,3,3,3,48,0,0,4,14,4,5,3,7,0,1,0,0.0,1,0,3.5,5054.5,0.763401109,0,1.8,3.25,0.5,0,0.8,0.5,2,2.8,0,2,1,1,0.875,0,0,3,0,1,0,0,0,0,0,1,1,0,0,0,1,0,0,0
35,2,1,7179,15.9,2,4,3,2,4,4,16,0,0,9,32,3,7,3,6,0,1,0,0.333333333,1,0,1.0,3589.5,0.438053097,1,5.3,3.25,0.957427108,0,0.428571429,1.0,2,3.2,0,1,1,1,2.0,1,0,2,1,1,0,0,0,1,0,0,1,0,0,1,0,0,0,0
28,6,5,5640,18.9,2,3,5,4,2,4,37,0,1,26,104,4,5,2,6,0,1,0,0.714285714,1,1,3.0,2820.0,0.302220395,1,2.7,3.75,1.258305739,0,0.8,0.571428571,1,3.851851852,1,1,0,1,0.857142857,3,0,1,0,0,1,1,0,0,0,0,1,0,1,0,0,0,0,0
21,3,3,8596,17.9,1,5,3,4,2,3,42,0,0,7,25,5,3,4,5,0,1,0,0.75,0,0,3.0,8596.0,0.478907638,1,4.475,3.0,0.816496581,0,1.666666667,1.25,0,3.125,0,1,1,1,1.25,1,0,3,0,1,0,0,0,0,0,0,0,1,0,0,0,0,0,0
42,1,1,8003,16.0,2,4,4,2,3,5,48,0,0,7,19,3,11,4,6,0,0,0,0.5,0,0,0.5,4001.5,0.636023295,0,8.0,3.5,1.290994449,0,0.272727273,1.5,0,2.375,0,0,1,0,3.0,0,0,2,1,1,0,0,0,0,1,0,1,0,0,1,0,0,0,0
40,4,2,12236,17.8,3,4,4,3,4,4,23,0,1,16,58,1,10,3,7,0,1,0,0.4,1,0,1.333333333,4078.666667,0.844138544,0,3.56,3.75,0.5,0,0.1,0.2,1,3.411764706,0,1,1,1,1.4,0,0,2,1,1,0,0,0,0,0,0,0,1,0,1,0,0,0,0
32,6,1,13997,13.7,4,4,3,2,4,3,0,0,1,11,31,4,5,4,5,0,1,0,0.142857143,1,0,1.5,3499.25,0.885861561,0,1.957142857,3.0,0.816496581,0,0.8,0.571428571,2,2.583333333,0,0,1,0,0.714285714,0,0,2,1,0,1,0,1,0,0,0,1,0,1,0,0,0,0,0
20,0,0,6523,15.7,2,3,3,4,1,3,55,0,1,18,64,7,9,3,6,0,0,0,0.0,0,0,0.0,3261.5,0.459703947,1,15.7,2.75,1.258305739,0,0.777777778,7.0,2,3.368421053,1,0,0,0,6.0,2,0,2,1,1,0,1,0,0,0,0,1,0,0,0,0,0,0,0
36,4,2,5810,14.4,2,3,3,3,4,1,43,0,0,9,30,6,9,4,11,0,0,0,0.4,1,0,2.0,2905.0,0.104351687,1,2.88,2.75,1.258305739,0,0.666666667,1.2,1,3.0,0,-1,0,0,2.2,2,0,1,0,1,0,0,0,0,0,0,1,0,0,1,0,0,0,0
32,14,4,11625,16.4,5,3,4,3,2,3,19,0,1,10,30,5,9,3,7,0,1,0,0.266666667,1,1,2.8,2325.0,0.943256579,0,1.093333333,3.0,0.816496581,0,0.555555556,0.333333333,1,2.727272727,0,0,0,0,0.466666667,1,0,2,1,1,0,1,0,0,0,0,1,0,1,0,0,0,0,0
44,6,2,9859,12.5,4,2,2,3,4,2,40,1,1,11,42,2,7,3,3,0,1,0,0.285714286,1,0,1.5,2464.75,0.799225664,0,1.785714286,2.75,0.957427108,0,0.285714286,0.285714286,1,3.5,0,-1,0,0,0.428571429,0,0,1,1,1,0,0,0,1,0,0,0,1,0,1,0,0,0,1
45,7,0,8080,10.8,2,4,3,2,4,3,24,0,0,1,5,6,11,3,3,1,1,0,0.0,1,0,3.5,4040.0,0.706414474,0,1.35,3.0,0.816496581,0,0.545454545,0.75,0,2.5,0,1,1,1,0.375,0,0,4,1,0,0,1,0,0,0,0,1,0,0,0,1,0,0,0
49,17,3,13544,12.1,5,4,3,4,2,4,32,1,0,14,41,3,9,4,6,0,1,0,0.166666667,1,0,3.4,2708.8,0.977953411,0,0.672222222,3.25,0.957427108,0,0.333333333,0.166666667,2,2.733333333,0,0,1,0,0.333333333,0,0,3,1,1,0,0,0,0,1,0,1,0,0,0,1,0,0,1
26,1,0,7408,7.1,1,3,3,4,3,2,46,0,0,10,40,4,2,4,1,0,0,0,0.0,1,0,1.0,7408.0,0.543261231,0,3.55,3.0,0.816496581,0,2.0,2.0,1,3.636363636,0,-1,0,0,0.5,0,0,4,0,0,1,0,0,0,1,0,1,0,1,0,0,0,0,0
44,9,6,10912,10.6,3,3,3,3,2,3,37,0,0,32,79,5,2,3,4,0,1,0,0.6,1,1,3.0,3637.333333,0.874446903,0,1.06,2.75,0.5,0,2.5,0.5,0,2.393939394,1,0,0,0,0.4,2,0,3,1,1,0,0,0,1,0,0,0,1,0,1,0,0,0,0
36,6,2,6229,13.1,2,3,4,1,4,3,56,1,0,31,72,4,7,4,4,0,0,0,0.285714286,1,0,3.0,3114.5,0.339018303,1,1.871428571,3.0,1.414213562,0,0.571428571,0.571428571,0,2.25,1,-1,0,0,0.571428571,2,0,2,1,1,0,0,0,0,1,0,0,1,0,1,0,0,0,0
34,6,0,7305,14.0,2,2,3,4,5,4,15,1,0,30,103,6,12,5,4,0,0,0,0.0,1,0,3.0,3652.5,0.294182948,1,2.0,4.0,0.816496581,0,0.5,0.857142857,1,3.322580645,1,-3,0,0,0.571428571,2,0,2,0,0,1,0,0,0,0,0,0,0,1,0,0,0,0,0
39,15,5,14117,8.0,4,1,4,2,4,3,38,0,0,6,18,9,5,5,3,0,1,0,0.3125,1,1,3.75,3529.25,0.958410351,0,0.5,3.25,0.957427108,0,1.8,0.5625,1,2.571428571,0,-4,0,0,0.1875,1,0,3,1,0,1,0,0,0,0,1,1,0,0,1,0,0,0,0
36,5,0,12031,16.1,3,4,4,3,4,2,17,0,1,3,9,6,6,3,4,1,1,0,0.0,1,0,1.666666667,4010.333333,0.775773196,0,2.683333333,3.25,0.957427108,0,1.0,1.0,0,2.25,0,1,1,1,0.666666667,0,0,2,1,1,0,0,1,0,0,0,1,0,0,1,0,0,0,0
43,4,0,10716,18.8,2,4,3,2,4,3,69,0,0,29,111,1,5,4,5,0,0,0,0.0,1,0,2.0,5358.0,0.6485027,0,3.76,3.0,0.816496581,0,0.2,0.2,1,3.7,1,0,1,0,1.0,1,0,2,1,1,0,0,1,0,0,0,1,0,0,1,0,0,0,0
40,1,1,9574,11.9,2,3,2,2,3,3,44,0,1,4,14,5,9,4,4,0,0,0,0.5,0,0,0.5,4787.0,0.609680284,0,5.95,2.5,0.577350269,0,0.555555556,2.5,0,2.8,0,-1,0,0,2.0,0,0,3,0,0,1,0,0,0,0,0,1,0,0,1,0,0,0,0
38,9,8,12598,13.2,3,3,4,2,3,2,44,0,0,20,75,3,10,4,3,0,1,0,0.8,1,1,3.0,4199.333333,0.868117229,0,1.32,2.75,0.957427108,0,0.3,0.3,2,3.571428571,1,-1,0,0,0.3,2,0,3,0,1,0,0,0,0,0,0,1,0,0,1,0,0,0,0
30,3,3,8070,19.9,2,4,4,3,1,4,27,0,1,20,72,6,2,4,5,0,1,0,0.75,0,0,1.5,4035.0,0.401865009,1,4.975,3.0,1.414213562,0,3.0,1.5,1,3.428571429,1,0,1,0,1.25,2,0,2,0,0,1,0,0,0,0,0,1,0,1,0,0,0,0,0
44,0,0,5885,14.5,1,4,2,3,4,3,48,0,1,7,23,8,10,3,5,0,0,0,0.0,0,0,0.0,5885.0,0.114120782,1,14.5,3.0,0.816496581,0,0.8,8.0,1,2.875,0,1,1,1,5.0,1,0,3,1,1,0,0,0,0,0,0,1,0,0,1,0,0,0,0
47,8,8,9137,16.6,2,4,2,1,5,2,23,1,1,22,74,4,4,3,4,0,0,0,0.888888889,0,1,4.0,4568.5,0.456921944,1,1.844444444,2.5,1.732050808,0,1.0,0.444444444,0,3.217391304,1,1,1,1,0.444444444,3,0,2,1,1,0,0,1,0,0,0,1,0,0,0,1,0,0,1
39,2,1,7923,11.3,2,3,1,3,3,3,36,0,0,19,49,2,6,1,8,0,0,0,0.333333333,1,0,1.0,3961.5,0.490141713,1,3.766666667,2.5,1.0,0,0.333333333,0.666666667,1,2.45,0,2,0,1,2.666666667,2,0,2,0,0,0,0,0,0,0,1,1,0,0,1,0,0,0,0
31,0,0,7734,17.9,1,5,2,2,3,3,42,1,1,9,26,1,9,4,5,0,0,0,0.0,0,0,0.0,7734.0,0.260800196,1,17.9,2.5,0.577350269,0,0.111111111,1.0,1,2.6,0,1,1,1,5.0,1,0,2,1,0,0,0,1,0,0,0,0,1,1,0,0,0,0,1
21,1,1,9386,15.7,2,3,5,4,4,3,23,0,1,12,39,3,4,4,5,0,1,0,0.5,0,0,0.5,4693.0,0.484781541,1,7.85,4.0,0.816496581,0,0.75,1.5,0,3.0,0,-1,0,0,2.5,1,0,2,1,1,0,0,1,0,0,0,0,0,0,0,0,0,0,0
21,3,0,9600,16.1,1,4,4,4,5,4,46,0,0,10,28,3,5,1,4,0,0,0,0.0,1,0,3.0,9600.0,0.512763868,0,4.025,4.25,0.5,0,0.6,0.75,0,2.545454545,0,3,1,1,1.0,0,0,4,1,0,1,0,1,0,0,0,0,0,0,0,0,0,0,0
35,0,0,5816,10.9,2,3,3,3,2,2,33,0,0,10,11,1,13,3,5,0,1,0,0.0,0,0,0.0,2908.0,0.277870216,1,10.9,2.5,0.577350269,0,0.076923077,1.0,2,1.0,0,0,0,0,5.0,1,0,3,1,0,0,0,0,0,1,0,1,0,0,1,0,0,0,0
40,2,1,7381,16.2,3,4,3,2,4,3,50,0,1,27,101,3,10,1,4,0,1,0,0.333333333,1,0,0.666666667,2460.333333,0.539101498,0,5.4,3.0,0.816496581,0,0.3,1.0,2,3.607142857,1,3,1,1,1.333333333,1,0,1,1,1,0,0,0,0,1,0,0,0,0,1,0,0,0,0
26,0,0,9419,8.5,2,3,5,5,5,4,22,0,0,47,143,5,10,3,3,0,0,0,0.0,0,0,0.0,4709.5,0.489199804,1,8.5,4.75,0.5,0,0.5,5.0,0,2.979166667,1,0,0,0,3.0,2,0,3,0,0,1,0,1,0,0,0,0,0,1,0,0,0,0,0
40,0,0,7153,19.2,2,3,1,3,3,4,25,1,0,17,54,5,10,4,7,0,1,0,0.0,0,0,0.0,3576.5,0.190721649,1,19.2,2.75,1.258305739,0,0.5,5.0,0,3.0,0,-1,0,0,7.0,1,0,1,1,0,0,0,1,0,0,0,1,0,0,1,0,0,0,1
31,1,0,5465,16.4,1,3,1,3,4,4,24,1,1,26,88,7,3,4,5,0,0,0,0.0,1,0,1.0,5465.0,0.041728031,1,8.2,3.0,1.414213562,0,2.333333333,3.5,2,3.259259259,1,-1,0,0,2.5,2,0,2,1,1,0,0,1,0,0,0,1,0,1,0,0,0,1,1
29,1,1,8893,14.6,3,4,3,4,3,3,50,0,0,18,32,3,6,3,6,0,1,0,0.5,0,0,0.333333333,2964.333333,0.627079482,0,7.3,3.25,0.5,0,0.5,1.5,2,1.684210526,0,1,1,1,3.0,0,0,1,1,1,0,0,0,0,0,1,1,0,1,0,0,0,0,0
44,5,2,6604,18.6,2,4,3,3,3,4,19,0,0,13,44,6,12,2,6,0,0,0,0.333333333,1,0,2.5,3302.0,0.401414309,1,3.1,3.25,0.5,0,0.5,1.0,0,3.142857143,0,2,1,1,1.0,1,0,2,1,1,0,0,0,0,1,0,0,0,0,1,0,0,0,0
40,3,2,6881,13.0,1,3,2,3,4,5,32,1,0,8,27,5,9,2,9,0,1,0,0.5,1,0,3.0,6881.0,0.230905861,1,3.25,3.5,1.290994449,0,0.555555556,1.25,1,3.0,0,1,0,1,2.25,2,0,3,1,0,1,0,0,0,0,0,0,1,0,1,0,0,1,1
29,3,1,8880,13.0,3,3,1,5,3,2,50,0,1,24,80,3,13,3,6,0,1,0,0.25,1,0,1.0,2960.0,0.521092362,0,3.25,2.75,1.707825128,0,0.230769231,0.75,2,3.2,1,0,0,0,1.5,1,0,2,1,1,0,0,0,0,0,0,1,0,1,0,0,0,0,0
42,1,0,6757,19.7,1,5,4,3,5,5,52,0,0,20,69,3,11,3,3,0,0,0,0.0,1,0,1.0,6757.0,0.299753543,1,9.85,4.25,0.957427108,0,0.272727273,1.5,1,3.285714286,1,2,1,1,1.5,2,0,3,1,0,1,0,0,0,0,1,0,1,0,1,0,0,0,0
35,0,0,4406,16.2,1,3,4,4,3,2,42,0,1,9,27,2,2,3,5,0,0,0,0.0,0,0,0.0,4406.0,0.009081983,1,16.2,3.25,0.957427108,0,1.0,2.0,1,2.7,0,0,0,0,5.0,1,0,1,1,1,0,0,1,0,0,0,1,0,0,1,0,0,0,0
20,2,2,9389,8.9,2,3,5,2,4,3,55,0,0,1,5,2,3,4,8,0,1,0,0.666666667,0,0,1.0,4694.5,0.485517919,1,2.966666667,3.5,1.290994449,0,0.666666667,0.666666667,2,2.5,0,-1,0,0,2.666666667,2,0,2,1,0,0,0,1,0,0,0,1,0,0,0,0,0,0,0
29,3,2,10309,6.8,2,3,3,5,3,5,53,0,0,4,15,5,5,2,6,0,1,0,0.5,1,0,1.5,5154.5,0.70026643,0,1.7,4.0,1.154700538,0,1.0,1.25,1,3.0,0,1,0,1,1.5,0,0,3,1,0,1,0,0,0,0,0,0,0,1,0,0,0,0,0
51,9,5,10622,15.5,3,4,1,5,3,4,38,1,1,20,49,1,7,3,8,0,1,1,0.5,1,1,3.0,3540.666667,0.732238011,0,1.55,3.25,1.707825128,0,0.142857143,0.1,1,2.333333333,0,1,1,1,0.8,2,0,2,1,1,0,0,0,0,0,0,1,0,0,0,1,0,1,1
36,2,2,4914,16.2,2,3,1,5,4,2,64,0,0,7,27,1,7,4,4,0,0,0,0.666666667,0,0,1.0,2457.0,0.109513274,1,5.4,3.0,1.825741858,0,0.142857143,0.333333333,1,3.375,0,-1,0,0,1.333333333,1,0,2,0,0,1,0,0,1,0,0,1,0,0,1,0,0,0,0
33,2,0,5602,14.0,2,3,3,4,5,4,39,1,0,22,74,8,9,3,6,0,0,0,0.0,1,0,1.0,2801.0,0.190265487,1,4.666666667,4.0,0.816496581,0,0.888888889,2.666666667,1,3.217391304,1,0,0,0,2.0,2,0,2,0,1,0,0,0,1,0,0,0,1,1,0,0,0,1,1
38,5,4,9041,15.0,3,3,3,3,3,3,47,0,0,25,82,5,15,5,5,0,1,0,0.666666667,1,1,1.666666667,3013.666667,0.764975042,0,2.5,3.0,0.0,0,0.333333333,0.833333333,1,3.153846154,1,-2,0,0,0.833333333,2,0,2,0,0,0,0,0,0,1,0,1,0,0,1,0,0,0,0
38,6,0,13076,16.0,2,3,2,4,4,3,43,0,1,8,42,2,5,1,2,0,0,0,0.0,1,0,3.0,6538.0,0.843151694,0,2.285714286,3.25,0.957427108,0,0.4,0.285714286,1,4.666666667,0,2,0,1,0.285714286,0,0,4,1,0,0,0,1,0,0,0,1,0,0,1,0,0,0,0
30,4,4,10898,19.6,2,3,5,2,3,3,38,0,0,12,34,4,5,3,4,0,1,0,0.8,0,1,2.0,5449.0,0.667648503,0,3.92,3.25,1.258305739,0,0.8,0.8,1,2.615384615,0,0,0,0,0.8,1,0,3,0,1,0,0,1,0,0,0,1,0,1,0,0,0,0,0
41,4,4,9004,8.9,3,1,2,2,3,1,44,0,1,6,28,3,11,5,4,0,1,0,0.8,0,1,1.333333333,3001.333333,0.760607321,0,1.78,2.0,0.816496581,1,0.272727273,0.6,0,4.0,0,-4,0,0,0.8,2,0,3,0,0,1,0,0,0,1,0,1,0,0,1,0,0,0,0
40,2,2,8965,15.5,2,4,4,1,2,2,50,0,1,7,25,8,8,4,8,0,0,0,0.666666667,0,0,1.0,4482.5,0.432498773,1,5.166666667,2.25,1.258305739,1,1.0,2.666666667,0,3.125,0,0,1,0,2.666666667,3,0,1,1,0,1,0,1,0,0,0,1,0,0,1,0,0,1,0
28,7,4,10746,15.7,2,4,3,2,4,2,15,1,1,8,17,7,12,4,3,1,0,0,0.5,1,0,3.5,5373.0,0.651202749,0,1.9625,2.75,0.957427108,0,0.583333333,0.875,0,1.888888889,0,0,1,0,0.375,0,0,3,1,1,0,0,1,0,0,0,0,0,1,0,0,0,0,0
37,5,4,7763,19.3,1,3,4,3,2,3,45,0,1,17,60,2,12,3,4,0,0,0,0.666666667,1,1,5.0,7763.0,0.466420209,1,3.216666667,3.0,0.816496581,0,0.166666667,0.333333333,1,3.333333333,0,0,0,0,0.666666667,2,0,3,0,1,0,0,0,0,0,1,1,0,0,1,0,0,0,0
36,8,7,9258,17.2,3,2,1,2,3,5,39,1,0,4,16,4,7,4,10,0,1,0,0.777777778,1,1,2.666666667,3086.0,0.78577371,0,1.911111111,2.75,1.707825128,0,0.571428571,0.444444444,0,3.2,0,-2,0,0,1.111111111,2,0,2,1,0,0,0,0,0,1,0,1,0,0,1,0,0,0,1
18,0,0,12940,16.6,3,4,1,4,4,3,52,0,0,46,150,4,8,4,6,0,1,0,0.0,0,0,0.0,4313.333333,0.835542464,0,16.6,3.0,1.414213562,0,0.5,4.0,0,3.191489362,1,0,1,0,6.0,1,0,3,1,1,0,0,1,0,0,0,0,1,0,0,0,0,0,0
31,2,0,4716,15.6,2,2,3,4,3,3,36,0,1,8,34,6,2,4,7,0,0,0,0.0,1,0,1.0,2358.0,0.154605263,1,5.2,3.25,0.5,0,3.0,2.0,0,3.777777778,0,-2,0,0,2.333333333,1,0,1,0,1,0,1,0,0,0,0,1,0,1,0,0,0,0,0
32,6,6,10477,12.7,3,5,5,3,3,2,56,1,0,6,21,5,11,3,5,0,1,0,0.857142857,0,1,2.0,3492.333333,0.7991374,0,1.814285714,3.25,1.258305739,0,0.454545455,0.714285714,2,3.0,0,2,1,1,0.714285714,1,0,2,1,1,0,0,0,0,0,1,0,0,1,0,0,0,1,1
42,4,3,8768,8.9,3,1,4,2,3,3,13,0,1,11,30,4,8,3,5,0,1,0,0.6,1,0,1.333333333,2922.666667,0.505328597,0,1.78,3.0,0.816496581,0,0.5,0.8,2,2.5,0,-2,0,0,1.0,0,0,1,0,1,0,0,0,0,0,0,1,0,0,1,0,0,0,0
39,7,1,9659,17.4,3,4,3,5,2,3,40,0,1,7,14,5,9,3,6,0,1,0,0.125,1,0,2.333333333,3219.666667,0.852796053,0,2.175,3.25,1.258305739,0,0.555555556,0.625,0,1.75,0,1,1,1,0.75,0,0,2,1,0,1,1,0,0,0,0,1,0,0,1,0,0,0,0
37,5,3,6108,10.1,2,3,5,3,3,3,15,0,1,16,55,3,13,5,4,0,0,0,0.5,1,0,2.5,3054.0,0.211182994,1,1.683333333,3.5,1.0,0,0.230769231,0.5,1,3.235294118,0,-2,0,0,0.666666667,1,0,1,0,1,0,0,0,0,0,1,0,0,0,1,0,0,0,0
49,4,3,12977,11.0,3,3,3,2,2,2,32,0,0,17,41,8,6,4,5,0,1,0,0.6,1,0,1.333333333,4325.666667,0.838242514,0,2.2,2.25,0.5,1,1.333333333,1.6,1,2.277777778,0,-1,0,0,1.0,1,0,3,1,0,1,0,1,0,0,0,1,0,0,0,1,0,0,0
21,1,0,4962,19.9,2,2,3,3,3,3,55,0,0,11,37,3,14,3,4,0,0,0,0.0,1,0,0.5,2481.0,0.138519135,1,9.95,3.0,0.0,0,0.214285714,1.5,1,3.083333333,0,-1,0,0,2.0,1,0,1,0,0,1,0,0,0,1,0,1,0,0,0,0,0,0,0
39,3,1,7620,19.4,2,4,3,3,4,3,29,0,0,9,24,6,13,2,5,0,0,0,0.25,1,0,1.5,3810.0,0.641036184,0,4.85,3.25,0.5,0,0.461538462,1.5,1,2.4,0,2,1,1,1.25,0,0,3,0,0,1,1,0,0,0,0,1,0,0,1,0,0,0,0
38,6,4,7312,12.0,3,4,4,4,5,4,24,1,0,3,10,4,6,2,8,0,1,0,0.571428571,1,1,2.0,2437.333333,0.459070796,1,1.714285714,4.25,0.5,0,0.666666667,0.571428571,1,2.5,0,2,1,1,1.142857143,3,0,1,0,0,1,0,0,1,0,0,1,0,0,1,0,0,1,1
46,0,0,6810,9.2,2,3,3,1,3,4,3,0,0,45,128,5,2,1,9,0,0,0,0.0,0,0,0.0,3405.0,0.149484536,1,9.2,2.75,1.258305739,0,2.5,5.0,1,2.782608696,1,2,0,1,9.0,3,0,1,1,1,0,0,1,0,0,0,0,0,0,0,1,0,1,0
31,7,2,10218,14.0,4,2,3,5,4,2,14,0,0,4,15,3,14,2,5,0,1,0,0.25,1,0,1.75,2554.5,0.689165187,0,1.75,3.5,1.290994449,0,0.214285714,0.375,1,3.0,0,0,0,0,0.625,0,0,1,1,0,1,0,0,0,0,0,1,0,1,0,0,0,0,0
34,12,0,11194,22.2,3,4,2,5,5,3,51,0,0,13,31,5,18,2,9,0,1,0,0.0,1,0,4.0,3731.333333,0.700785469,0,1.707692308,3.75,1.5,0,0.277777778,0.384615385,1,2.214285714,0,2,1,1,0.692307692,1,0,2,0,0,0,0,1,0,0,0,1,0,1,0,0,0,1,0
38,0,0,4536,11.4,1,3,4,4,2,3,2,0,1,18,57,3,8,4,4,0,0,0,0.0,0,0,0.0,4536.0,0.088186356,1,11.4,3.25,0.957427108,0,0.375,3.0,2,3.0,0,-1,0,0,4.0,1,0,2,1,0,0,0,0,0,1,0,1,0,0,1,0,0,0,0
25,2,1,8505,19.2,2,5,3,3,2,3,21,0,0,22,66,1,5,3,6,0,0,0,0.333333333,1,0,1.0,4252.5,0.464698046,1,6.4,2.75,0.5,0,0.2,0.333333333,0,2.869565217,1,2,1,1,2.0,2,0,3,1,0,1,0,0,0,0,0,0,1,1,0,0,0,0,0
32,12,6,10295,12.2,3,3,4,2,4,5,40,0,1,10,29,3,6,4,4,0,1,0,0.461538462,1,1,4.0,3431.666667,0.863560732,0,0.938461538,3.75,1.258305739,0,0.5,0.230769231,0,2.636363636,0,-1,0,0,0.307692308,1,0,2,0,0,1,0,0,0,1,0,1,0,1,0,0,0,0,0
30,1,1,8934,12.4,3,2,3,3,4,2,32,0,1,3,11,2,8,4,3,0,1,0,0.5,0,0,0.333333333,2978.0,0.427589593,1,6.2,3.0,0.816496581,0,0.25,1.0,1,2.75,0,-2,0,0,1.5,1,0,1,1,0,0,0,1,0,0,0,1,0,1,0,0,0,0,0
43,1,1,10515,15.9,2,4,4,4,1,4,45,0,1,10,50,2,10,3,7,0,0,0,0.5,0,0,0.5,5257.5,0.722468917,0,7.95,3.25,1.5,0,0.2,1.0,2,4.545454545,0,1,1,1,3.5,0,0,3,0,1,0,0,0,0,0,0,1,0,0,1,0,0,0,0
37,3,2,5659,16.8,1,3,3,3,2,3,55,1,0,14,46,8,15,3,16,0,0,0,0.5,1,0,3.0,5659.0,0.090364121,1,4.2,2.75,0.5,0,0.533333333,2.0,1,3.066666667,0,0,0,0,4.0,2,0,2,0,1,0,0,0,0,0,0,1,0,0,1,0,0,1,1
58,0,0,6264,10.8,1,3,4,5,4,3,55,0,1,5,13,5,2,3,6,0,1,1,0.0,0,0,0.0,6264.0,0.096710849,1,10.8,4.0,0.816496581,0,2.5,5.0,2,2.166666667,0,0,0,0,6.0,1,0,3,1,0,1,0,1,0,0,0,0,0,0,0,0,1,0,0
43,8,1,10121,14.7,3,2,4,2,4,5,0,1,1,9,34,4,15,4,8,0,1,0,0.111111111,1,0,2.666666667,3373.666667,0.681838366,0,1.633333333,3.75,1.258305739,0,0.266666667,0.444444444,1,3.4,0,-2,0,0,0.888888889,1,0,2,1,0,1,0,0,0,0,0,0,1,0,1,0,0,1,1
27,2,0,7185,16.2,2,5,2,3,2,1,35,0,0,14,32,1,3,4,3,0,1,0,0.0,1,0,1.0,3592.5,0.369993839,1,5.4,2.0,0.816496581,1,0.333333333,0.333333333,1,2.133333333,0,1,1,1,1.0,2,0,2,1,1,0,0,0,0,0,1,1,0,1,0,0,0,0,0
30,5,0,11101,14.7,3,5,4,3,4,5,57,0,0,14,38,1,4,4,2,0,1,0,0.0,1,0,1.666666667,3700.333333,0.846580407,0,2.45,4.0,0.816496581,0,0.25,0.166666667,0,2.533333333,0,1,1,1,0.333333333,0,0,2,0,1,0,0,0,0,0,1,1,0,1,0,0,0,0,0
40,4,3,11019,11.3,3,1,3,2,4,5,58,0,0,6,18,8,4,1,9,0,1,0,0.6,1,0,1.333333333,3673.0,0.907237937,0,2.26,3.5,1.290994449,0,2.0,1.6,0,2.571428571,0,0,0,0,1.8,1,0,4,1,1,0,0,0,0,1,0,1,0,0,1,0,0,0,0
30,5,2,8895,17.9,3,4,5,4,3,4,34,1,0,38,103,2,2,3,10,1,1,0,0.333333333,1,0,1.666666667,2965.0,0.75062396,0,2.983333333,4.0,0.816496581,0,1.0,0.333333333,0,2.641025641,1,1,1,1,1.666666667,2,0,2,1,1,0,0,0,0,1,0,1,0,1,0,0,0,1,1
34,0,0,9211,14.1,2,3,2,2,3,3,42,0,0,9,36,3,15,4,6,0,0,0,0.0,0,0,0.0,4605.5,0.666666667,0,14.1,2.5,0.577350269,0,0.2,3.0,1,3.6,0,-1,0,0,6.0,0,0,2,0,1,0,0,0,0,0,1,1,0,1,0,0,0,0,0
52,4,2,8061,15.5,3,3,3,4,3,3,9,1,1,1,5,1,6,3,4,0,1,1,0.4,1,0,1.333333333,2687.0,0.40053286,1,3.1,3.25,0.5,0,0.166666667,0.2,0,2.5,0,0,0,0,0.8,1,0,2,1,1,0,0,0,0,0,0,1,0,0,0,1,0,0,0
37,1,0,15346,19.0,3,5,4,1,4,4,0,1,0,15,42,3,5,2,10,0,1,0,0.0,1,0,0.333333333,5115.333333,0.93568974,0,9.5,3.25,1.5,0,0.6,1.5,1,2.625,0,3,1,1,5.0,1,0,4,0,0,1,0,1,0,0,0,1,0,0,1,0,0,1,1
28,1,1,5149,11.2,1,3,3,3,3,5,30,0,0,8,25,1,8,3,6,0,0,0,0.5,0,0,1.0,5149.0,0.10150955,1,5.6,3.5,1.0,0,0.125,0.5,0,2.777777778,0,0,0,0,3.0,1,0,2,1,0,1,0,0,0,0,1,1,0,1,0,0,0,0,0
30,4,4,14316,18.9,4,5,3,3,3,3,47,0,1,9,30,4,11,2,9,0,1,0,0.8,0,1,1.0,3579.0,0.936944938,0,3.78,3.0,0.0,0,0.363636364,0.8,1,3.0,0,3,1,1,1.8,2,0,3,0,1,0,0,0,0,0,0,1,0,1,0,0,0,0,0
37,1,0,10021,14.0,2,2,3,2,4,3,54,0,0,11,43,5,14,4,10,0,0,0,0.0,1,0,0.5,5010.5,0.753850893,0,7.0,3.0,0.816496581,0,0.357142857,2.5,0,3.583333333,0,-2,0,0,5.0,1,0,4,0,0,1,0,0,0,0,1,1,0,0,1,0,0,0,0
29,5,1,10653,16.8,3,5,2,3,5,2,13,0,1,4,14,4,12,3,6,0,1,0,0.166666667,1,0,1.666666667,3551.0,0.816389402,0,2.8,3.0,1.414213562,0,0.333333333,0.666666667,2,2.8,0,2,1,1,1.0,0,0,2,1,1,0,0,0,0,0,1,1,0,1,0,0,0,0,0
24,6,2,18184,16.1,4,4,4,4,3,4,33,0,0,5,15,5,14,3,3,0,1,0,0.285714286,1,0,1.5,4546.0,0.980608738,0,2.3,3.75,0.5,0,0.357142857,0.714285714,0,2.5,0,1,1,1,0.428571429,0,0,4,1,0,1,0,1,0,0,0,1,0,0,0,0,0,0,0
43,4,1,8181,13.2,3,3,5,4,3,4,47,0,1,2,7,4,16,3,3,0,1,0,0.2,1,0,1.333333333,2727.0,0.418738899,1,2.64,4.0,0.816496581,0,0.25,0.8,1,2.333333333,0,0,0,0,0.6,1,0,1,0,1,0,0,0,0,0,0,1,0,0,1,0,0,0,0
36,2,2,7521,15.1,2,3,3,1,3,4,13,0,0,7,19,6,12,1,5,0,0,0,0.666666667,0,0,1.0,3760.5,0.42883549,1,5.033333333,2.75,1.258305739,0,0.5,2.0,1,2.375,0,2,0,1,1.666666667,1,0,2,1,0,0,0,0,0,0,1,1,0,0,1,0,0,0,0
38,1,1,6108,17.8,1,3,3,1,3,3,42,0,1,20,84,1,9,3,7,0,1,0,0.5,0,0,1.0,6108.0,0.211182994,1,8.9,2.5,1.0,0,0.111111111,0.5,1,4.0,1,0,0,0,3.5,2,0,2,1,1,0,0,0,0,0,1,0,0,0,1,0,0,0,0
35,1,1,8091,19.6,1,3,3,3,3,2,29,0,1,49,121,5,3,4,4,0,0,0,0.5,0,0,1.0,8091.0,0.311242023,1,9.8,2.75,0.5,0,1.666666667,2.5,0,2.42,1,-1,0,0,2.0,2,0,3,0,0,1,0,1,0,0,0,1,0,0,1,0,0,0,0
34,2,2,3610,14.8,1,3,4,3,4,3,22,0,1,26,79,4,6,2,4,0,0,0,0.666666667,0,0,2.0,3610.0,0.018252212,1,4.933333333,3.5,0.577350269,0,0.666666667,1.333333333,0,2.925925926,1,1,0,1,1.333333333,2,0,1,0,0,1,0,0,1,0,0,1,0,1,0,0,0,0,0
59,1,1,4168,11.6,1,2,2,4,3,4,17,1,1,11,31,7,9,3,7,0,1,1,0.5,0,0,1.0,4168.0,0.047566372,1,5.8,3.25,0.957427108,0,0.777777778,3.5,2,2.583333333,0,-1,0,0,3.5,1,0,2,0,1,0,0,0,1,0,0,1,0,0,0,0,1,1,1
45,1,1,3279,8.3,1,3,4,3,4,4,28,0,1,4,8,2,12,3,3,0,0,0,0.5,0,0,1.0,3279.0,0.005853358,1,4.15,3.75,0.5,0,0.166666667,1.0,1,1.6,0,0,0,0,1.5,1,0,2,0,1,0,0,0,0,0,1,1,0,0,0,1,0,0,0
25,7,5,8542,16.9,3,4,2,2,3,3,25,0,0,36,124,1,10,5,5,1,1,0,0.625,1,0,2.333333333,2847.333333,0.763157895,0,2.1125,2.5,0.577350269,0,0.1,0.125,1,3.351351351,1,-1,1,0,0.625,1,0,2,1,0,1,1,0,0,0,0,0,1,1,0,0,0,0,0
34,5,1,5293,17.6,1,3,4,1,4,3,29,0,1,18,40,3,5,3,4,0,0,0,0.166666667,1,0,5.0,5293.0,0.063499112,1,2.933333333,3.0,1.414213562,0,0.6,0.5,1,2.105263158,0,0,0,0,0.666666667,1,0,1,1,1,0,0,0,0,0,0,1,0,1,0,0,0,0,0
38,2,2,5290,14.9,2,4,3,3,4,3,27,0,1,4,11,4,12,3,9,0,1,0,0.666666667,0,0,1.0,2645.0,0.187396007,1,4.966666667,3.25,0.5,0,0.333333333,1.333333333,1,2.2,0,1,1,1,3.0,2,0,1,0,0,1,0,0,0,1,0,0,0,0,1,0,0,0,0
20,2,1,4553,18.7,1,3,4,2,5,5,12,1,0,16,47,3,4,5,7,0,0,0,0.333333333,1,0,2.0,4553.0,0.090266223,1,6.233333333,4.0,1.414213562,0,0.75,1.0,1,2.764705882,0,-2,0,0,2.333333333,1,0,3,1,1,0,0,0,0,1,0,1,0,0,0,0,0,0,1
43,2,2,6194,15.6,1,1,4,2,3,2,14,0,1,11,45,2,6,4,5,0,1,0,0.666666667,0,0,2.0,6194.0,0.223351818,1,5.2,2.75,0.957427108,0,0.333333333,0.666666667,2,3.75,0,-3,0,0,1.666666667,1,0,2,0,1,0,0,0,0,0,1,1,0,0,1,0,0,0,0
42,13,3,10927,19.7,3,4,3,3,4,4,7,0,0,14,39,4,8,3,4,0,1,0,0.214285714,1,0,4.333333333,3642.333333,0.670225822,0,1.407142857,3.5,0.577350269,0,0.5,0.285714286,1,2.6,0,1,1,1,0.285714286,0,0,2,0,1,0,0,1,0,0,0,1,0,0,1,0,0,0,0
48,3,1,5837,19.4,1,4,4,3,3,3,20,1,1,36,150,2,11,2,5,0,0,0,0.25,1,0,3.0,5837.0,0.281613977,1,4.85,3.25,0.5,0,0.181818182,0.5,1,4.054054054,1,2,1,1,1.25,2,0,2,1,1,0,0,0,0,1,0,1,0,0,0,1,0,0,0
23,5,0,9833,19.3,3,3,4,3,2,5,30,1,0,40,120,3,5,1,6,0,1,0,0.0,1,0,1.666666667,3277.666667,0.867598684,0,3.216666667,3.5,1.290994449,0,0.6,0.5,1,2.926829268,1,2,0,1,1.0,1,0,4,1,1,0,1,0,0,0,0,1,0,0,0,0,0,1,1
35,9,6,7086,7.5,3,1,2,3,4,4,34,0,0,8,22,6,9,4,1,0,1,0,0.6,1,1,3.0,2362.0,0.423119469,1,0.75,3.25,0.957427108,0,0.666666667,0.6,1,2.444444444,0,-3,0,0,0.1,2,0,2,1,1,0,0,0,1,0,0,1,0,0,1,0,0,0,0
53,2,0,6527,10.5,1,3,2,3,4,4,15,1,0,7,29,4,11,5,5,0,0,1,0.0,1,0,2.0,6527.0,0.271719039,1,3.5,3.25,0.957427108,0,0.363636364,1.333333333,1,3.625,0,-2,0,0,1.666666667,1,0,3,0,0,1,0,0,0,0,1,1,0,0,0,1,0,0,0
30,2,1,8535,19.0,2,4,4,3,4,3,62,1,1,11,33,1,6,4,9,0,0,0,0.333333333,1,0,1.0,4267.5,0.468028419,1,6.333333333,3.5,0.577350269,0,0.166666667,0.333333333,2,2.75,0,0,1,0,3.0,2,0,2,0,0,1,0,0,0,0,0,1,0,1,0,0,0,1,1
29,3,3,5648,8.0,2,3,3,4,2,4,37,0,1,17,48,1,8,3,7,0,0,0,0.75,0,0,1.5,2824.0,0.155268022,1,2.0,3.25,0.957427108,0,0.125,0.25,1,2.666666667,0,0,0,0,1.75,1,0,1,1,1,0,0,0,0,0,1,1,0,1,0,0,0,0,0
37,5,4,10671,15.6,4,3,4,3,4,3,19,1,0,8,33,1,13,3,5,0,1,0,0.666666667,1,1,1.25,2667.75,0.85619469,0,2.6,3.5,0.577350269,0,0.076923077,0.166666667,0,3.666666667,0,0,0,0,0.833333333,1,0,2,0,1,0,0,0,1,0,0,1,0,0,1,0,0,0,0
40,17,8,8243,20.9,4,2,3,3,4,5,25,0,0,30,54,6,11,4,4,0,1,0,0.444444444,1,1,4.25,2060.75,0.672628952,0,1.161111111,3.75,0.957427108,0,0.545454545,0.333333333,2,1.741935484,0,-2,0,0,0.222222222,1,0,1,1,0,0,0,0,0,1,0,1,0,0,1,0,0,0,0
45,19,19,14162,11.1,5,2,4,4,3,4,23,1,1,12,30,4,3,3,10,0,1,0,0.95,0,1,3.8,2832.4,0.980641593,0,0.555,3.75,0.5,0,1.333333333,0.2,1,2.307692308,0,-1,0,0,0.5,2,0,3,1,0,1,0,0,1,0,0,1,0,0,0,1,0,1,1
26,0,0,9489,16.2,3,3,2,1,3,4,45,1,1,23,65,2,8,4,5,0,1,0,0.0,0,0,0.0,3163.0,0.496931762,1,16.2,2.5,1.290994449,0,0.25,2.0,1,2.708333333,1,-1,0,0,5.0,2,0,1,0,1,0,0,1,0,0,0,1,0,1,0,0,0,1,0
41,2,0,5731,15.0,1,4,3,3,3,4,3,0,0,30,119,5,7,3,7,0,0,0,0.0,1,0,2.0,5731.0,0.165280345,1,5.0,3.25,0.5,0,0.714285714,1.666666667,1,3.838709677,1,1,1,1,2.333333333,2,0,1,1,1,0,0,0,0,0,1,1,0,0,1,0,0,0,0
52,5,5,8449,9.4,2,2,3,4,3,4,32,0,0,16,44,6,9,3,6,0,0,1,0.833333333,0,1,2.5,4224.5,0.362052037,1,1.566666667,3.5,0.577350269,0,0.666666667,1.0,1,2.588235294,0,-1,0,0,1.0,2,0,1,1,1,0,0,1,0,0,0,1,0,0,0,1,0,0,0
29,6,0,11147,12.8,2,3,2,2,4,3,46,0,0,2,9,4,2,5,2,0,0,0,0.0,1,0,3.0,5573.5,0.697594502,0,1.828571429,2.75,0.957427108,0,2.0,0.571428571,1,3.0,0,-2,0,0,0.285714286,0,0,3,1,1,0,0,1,0,0,0,1,0,1,0,0,0,0,0
32,0,0,4324,16.2,1,4,3,2,4,4,39,0,0,8,20,4,4,2,9,0,0,0,0.0,0,0,0.0,4324.0,0.067803661,1,16.2,3.25,0.957427108,0,1.0,4.0,1,2.222222222,0,2,1,1,9.0,2,0,2,1,1,0,0,0,0,1,0,0,1,1,0,0,0,0,0
48,0,0,4689,10.5,1,3,3,3,2,5,6,0,1,3,12,7,7,3,11,0,0,0,0.0,0,0,0.0,4689.0,0.013991163,1,10.5,3.25,1.258305739,0,1.0,7.0,0,3.0,0,0,0,0,11.0,2,0,2,0,0,0,0,1,0,0,0,1,0,0,0,1,0,0,0
36,1,1,5401,12.9,1,4,1,4,5,3,51,1,0,11,49,3,6,4,9,0,0,0,0.5,0,0,1.0,5401.0,0.071047957,1,6.45,3.25,1.707825128,0,0.5,1.5,1,4.083333333,0,0,1,0,4.5,2,0,2,0,1,0,0,0,0,0,0,1,0,0,1,0,0,1,1
37,19,11,12439,14.3,5,4,1,2,1,3,42,0,1,4,9,5,7,4,4,0,1,0,0.55,1,1,3.8,2487.8,0.911583487,0,0.715,1.75,0.957427108,1,0.714285714,0.25,2,1.8,0,0,1,0,0.2,2,0,1,0,0,1,0,0,0,0,1,1,0,0,1,0,0,0,0
40,0,0,5262,11.8,2,3,3,2,3,4,43,0,1,19,53,3,8,4,8,0,0,0,0.0,0,0,0.0,2631.0,0.230674342,1,11.8,3.0,0.816496581,0,0.375,3.0,0,2.65,0,-1,0,0,8.0,2,0,2,1,0,0,1,0,0,0,0,1,0,0,1,0,0,0,0
40,10,1,7950,16.2,3,4,2,5,2,4,41,0,0,23,49,7,8,3,7,1,1,0,0.090909091,1,0,3.333333333,2650.0,0.683388158,0,1.472727273,3.25,1.5,0,0.875,0.636363636,1,2.041666667,0,1,1,1,0.636363636,0,0,2,0,0,1,1,0,0,0,0,1,0,0,1,0,0,0,0
36,9,0,9732,14.6,3,3,3,2,5,3,24,0,1,23,78,5,14,3,7,0,1,0,0.0,1,0,3.0,3244.0,0.726124461,0,1.46,3.25,1.258305739,0,0.357142857,0.5,1,3.25,1,0,0,0,0.7,1,0,2,1,1,0,0,0,0,0,1,0,0,0,1,0,0,0,0
23,1,0,7374,14.6,1,5,2,5,4,2,19,0,0,33,136,4,3,4,1,0,1,0,0.0,1,0,1.0,7374.0,0.216985763,1,7.3,3.25,1.5,0,1.333333333,2.0,1,4.0,1,1,1,1,0.5,2,0,2,1,0,1,0,1,0,0,0,1,0,0,0,0,0,0,0
39,12,9,13388,12.2,4,3,3,2,3,3,61,0,0,12,28,3,16,3,5,0,1,0,0.692307692,1,1,3.0,3347.0,0.965707965,0,0.938461538,2.75,0.5,0,0.1875,0.230769231,0,2.153846154,0,0,0,0,0.384615385,1,0,3,1,0,0,0,0,1,0,0,1,0,0,1,0,0,0,0
43,7,7,9197,18.1,3,5,2,3,5,5,22,0,0,18,56,1,7,3,5,0,1,0,0.875,0,1,2.333333333,3065.666667,0.665126309,0,2.2625,3.75,1.5,0,0.142857143,0.125,1,2.947368421,0,2,1,1,0.625,1,0,1,0,0,1,0,0,0,0,1,1,0,0,1,0,0,0,0
35,15,5,15320,9.4,5,3,4,3,1,4,48,1,1,13,53,6,12,3,6,0,1,0,0.3125,1,1,3.0,3064.0,0.959147425,0,0.5875,3.0,1.414213562,0,0.5,0.375,1,3.785714286,0,0,0,0,0.375,1,0,2,0,1,0,0,0,0,0,0,1,0,0,1,0,0,0,0
24,6,3,5910,12.8,2,3,3,4,3,3,58,0,0,14,38,4,12,4,6,0,0,0,0.428571429,1,0,3.0,2955.0,0.349506579,1,1.828571429,3.25,0.5,0,0.333333333,0.571428571,1,2.533333333,0,-1,0,0,0.857142857,1,0,1,1,0,1,1,0,0,0,0,1,0,0,0,0,0,0,0
41,6,5,7362,20.9,2,3,3,5,3,3,46,0,1,20,53,5,7,4,3,0,1,0,0.714285714,1,1,3.0,3681.0,0.29928952,1,2.985714286,3.5,1.0,0,0.714285714,0.714285714,2,2.523809524,0,-1,0,0,0.428571429,2,0,2,1,0,0,0,0,0,0,0,1,0,0,1,0,0,0,0
37,10,10,11355,10.5,4,3,3,3,1,5,47,0,1,17,67,4,4,3,2,0,1,0,0.909090909,0,1,2.5,2838.75,0.790852575,0,0.954545455,3.0,1.632993162,0,1.0,0.363636364,0,3.722222222,1,0,0,0,0.181818182,2,0,1,1,0,1,0,0,0,0,0,0,0,0,1,0,0,0,0
37,7,6,9857,22.1,4,3,1,3,3,5,23,0,0,4,15,1,6,2,5,0,1,0,0.75,1,1,1.75,2464.25,0.869243421,0,2.7625,3.0,1.632993162,0,0.166666667,0.125,1,3.0,0,1,0,1,0.625,1,0,2,0,0,1,1,0,0,0,0,1,0,0,1,0,0,0,0
39,5,4,17932,19.7,5,3,3,2,5,3,20,0,1,15,54,10,13,4,3,0,1,0,0.666666667,1,1,1.0,3586.4,0.976926853,0,3.283333333,3.25,1.258305739,0,0.769230769,1.666666667,1,3.375,0,-1,0,0,0.5,1,0,3,1,1,0,0,1,0,0,0,1,0,0,1,0,0,0,0
25,3,1,7605,17.8,2,4,4,2,3,3,32,0,0,5,15,4,13,5,8,0,0,0,0.25,1,0,1.5,3802.5,0.442082563,1,4.45,3.0,0.816496581,0,0.307692308,1.0,2,2.5,0,-1,1,0,2.0,2,0,2,0,1,0,0,0,0,0,1,1,0,1,0,0,0,0,0
37,4,3,9056,14.2,4,3,3,2,3,1,48,0,1,8,24,5,6,2,5,0,1,0,0.6,1,0,1.0,2264.0,0.647258164,0,2.84,2.25,0.957427108,1,0.833333333,1.0,1,2.666666667,0,1,0,1,1.0,1,0,2,1,1,0,0,0,0,0,1,1,0,0,1,0,0,0,0
32,2,2,6843,16.8,2,3,5,5,4,3,37,0,1,13,37,4,4,4,8,0,0,0,0.666666667,0,0,1.0,3421.5,0.371681416,1,5.6,4.25,0.957427108,0,1.0,1.333333333,2,2.642857143,0,-1,0,0,2.666666667,2,0,2,0,1,0,0,0,1,0,0,1,0,1,0,0,0,0,0
25,6,5,10416,10.5,3,3,5,2,4,3,52,0,1,26,55,4,5,3,3,0,1,0,0.714285714,1,1,2.0,3472.0,0.872712146,0,1.5,3.5,1.290994449,0,0.8,0.571428571,0,2.037037037,0,0,0,0,0.428571429,1,0,3,1,1,0,0,0,0,1,0,1,0,1,0,0,0,0,0
45,3,0,7215,17.8,3,3,3,4,3,3,16,1,0,20,64,6,12,2,9,0,1,0,0.0,1,0,1.0,2405.0,0.279529307,1,4.45,3.25,0.5,0,0.5,1.5,1,3.047619048,1,1,0,1,2.25,3,0,1,0,1,0,0,0,0,0,0,1,0,0,0,1,0,1,1
29,11,2,13813,7.6,4,2,1,2,4,4,31,1,1,31,76,7,2,3,10,0,1,0,0.166666667,1,0,2.75,3453.25,0.985024958,0,0.633333333,2.75,1.5,0,3.5,0.583333333,0,2.375,1,-1,0,0,0.833333333,2,0,4,0,1,0,0,0,0,1,0,1,0,1,0,0,0,1,1
31,0,0,6029,14.1,3,3,5,3,1,2,62,0,1,19,69,5,13,3,2,0,1,0,0.0,0,0,0.0,2009.666667,0.201786815,1,14.1,2.75,1.707825128,0,0.384615385,5.0,1,3.45,1,0,0,0,2.0,2,0,1,0,0,0,0,0,0,0,1,1,0,1,0,0,0,0,0
36,2,0,5715,17.8,1,4,4,4,1,3,26,0,1,5,21,5,7,2,4,0,0,0,0.0,1,0,2.0,5715.0,0.260399334,1,5.933333333,3.0,1.414213562,0,0.714285714,1.666666667,1,3.5,0,2,1,1,1.333333333,1,0,2,0,0,1,0,0,0,1,0,1,0,0,1,0,0,0,0
39,3,0,9647,13.4,3,1,4,3,3,4,15,0,0,6,15,2,7,4,6,0,1,0,0.0,1,0,1.0,3215.666667,0.720425139,0,3.35,3.5,0.577350269,0,0.285714286,0.5,1,2.142857143,0,-3,0,0,1.5,0,0,3,1,0,0,0,0,0,0,1,1,0,0,1,0,0,0,0
40,1,0,7091,15.2,2,2,4,3,3,1,39,1,0,3,10,2,9,4,11,0,0,0,0.0,1,0,0.5,3545.5,0.351817622,1,7.6,2.75,1.258305739,0,0.222222222,1.0,1,2.5,0,-2,0,0,5.5,2,0,3,1,1,0,0,0,0,0,1,1,0,0,1,0,0,1,1
42,4,1,6084,14.2,2,3,3,1,3,3,16,0,0,2,7,1,8,4,7,0,0,0,0.2,1,0,2.0,3042.0,0.208564387,1,2.84,2.5,1.0,0,0.125,0.2,0,2.333333333,0,-1,0,0,1.4,1,0,2,0,0,1,0,0,0,0,1,1,0,0,1,0,0,0,0
27,2,1,8137,8.1,3,2,4,4,5,5,46,0,0,11,50,6,9,3,5,0,1,0,0.333333333,1,0,0.666666667,2712.333333,0.319096711,1,2.7,4.5,0.577350269,0,0.666666667,2.0,1,4.166666667,0,-1,0,0,1.666666667,1,0,1,0,1,0,0,1,0,0,0,1,0,1,0,0,0,0,0
41,9,2,8611,9.4,4,2,2,2,3,3,24,0,1,34,114,4,14,2,6,0,1,0,0.2,1,0,2.25,2152.75,0.773026316,0,0.94,2.5,0.577350269,0,0.285714286,0.4,1,3.257142857,1,0,0,0,0.6,1,0,1,0,1,0,1,0,0,0,0,1,0,0,1,0,0,0,0
53,7,1,6056,10.3,2,2,2,2,3,3,47,0,1,22,60,3,9,4,6,0,1,1,0.125,1,0,3.5,3028.0,0.205483672,1,1.2875,2.5,0.577350269,0,0.333333333,0.375,0,2.608695652,0,-2,0,0,0.75,1,0,1,1,0,1,0,0,0,0,1,1,0,0,0,1,0,0,0
50,1,1,9281,13.0,2,3,4,2,4,2,32,0,0,8,21,1,7,2,5,0,0,1,0.5,0,0,0.5,4640.5,0.473735886,1,6.5,3.0,1.154700538,0,0.142857143,0.5,1,2.333333333,0,1,0,1,2.5,1,0,2,0,1,0,0,1,0,0,0,1,0,0,0,1,0,0,0
37,0,0,3322,19.1,1,3,1,2,4,2,44,0,0,2,5,3,8,3,6,0,0,0,0.0,0,0,0.0,3322.0,0.011061947,1,19.1,2.25,1.258305739,1,0.375,3.0,1,1.666666667,0,0,0,0,6.0,2,0,2,0,0,0,0,0,1,0,0,1,0,0,1,0,0,0,0
35,11,0,9488,12.6,4,3,3,2,2,3,39,1,1,9,21,3,2,3,8,0,1,0,0.0,1,0,2.75,2372.0,0.755530973,0,1.05,2.5,0.577350269,0,1.5,0.25,2,2.1,0,0,0,0,0.666666667,1,0,2,0,0,1,0,0,1,0,0,1,0,0,1,0,0,1,1
18,0,0,3805,11.4,1,2,2,4,3,1,48,0,0,19,87,2,7,3,4,0,0,0,0.0,0,0,0.0,3805.0,0.015711645,1,11.4,2.5,1.290994449,0,0.285714286,2.0,1,4.35,1,-1,0,0,4.0,2,0,2,1,0,0,0,0,0,0,1,1,0,0,0,0,0,0,0
40,0,0,13081,9.9,3,3,5,5,3,5,47,1,0,9,32,4,15,4,9,0,1,0,0.0,0,0,0.0,4360.333333,0.843642612,0,9.9,4.5,1.0,0,0.266666667,4.0,2,3.2,0,-1,0,0,9.0,1,0,3,1,1,0,0,1,0,0,0,1,0,0,1,0,0,1,1
52,6,5,7965,15.2,3,1,2,3,2,5,14,0,1,9,25,6,8,1,6,0,1,1,0.714285714,1,1,2.0,2655.0,0.630823627,0,2.171428571,3.0,1.414213562,0,0.75,0.857142857,0,2.5,0,0,0,0,0.857142857,1,0,3,0,1,0,0,0,0,1,0,1,0,0,0,1,0,0,0
44,1,1,2860,13.6,1,3,5,4,4,3,17,0,0,14,56,9,7,4,3,0,1,0,0.5,0,0,1.0,2860.0,0.007903494,1,6.8,4.0,0.816496581,0,1.285714286,4.5,1,3.733333333,0,-1,0,0,1.5,1,0,2,1,0,1,0,0,0,1,0,0,1,0,1,0,0,0,0
42,1,1,8602,14.3,2,3,2,3,3,3,39,0,0,17,74,2,4,2,3,0,0,0,0.5,0,0,0.5,4301.0,0.589648799,0,7.15,2.75,0.5,0,0.5,1.0,0,4.111111111,1,1,0,1,1.5,1,0,4,1,1,0,0,0,0,0,1,1,0,0,1,0,0,0,0
37,2,2,8048,16.7,1,3,5,3,3,3,51,1,0,10,37,6,4,3,7,0,0,0,0.666666667,0,0,2.0,8048.0,0.305105547,1,5.566666667,3.5,1.0,0,1.5,2.0,1,3.363636364,0,0,0,0,2.333333333,1,0,4,0,1,0,0,1,0,0,0,1,0,0,1,0,0,1,1
58,17,4,16029,12.1,5,3,2,4,3,5,8,1,1,6,24,3,15,2,9,0,1,1,0.222222222,1,1,3.4,3205.8,0.984288355,0,0.672222222,3.5,1.290994449,0,0.2,0.166666667,1,3.428571429,0,1,0,1,0.5,2,0,2,1,0,0,0,0,0,0,1,1,0,0,0,0,1,1,1
39,10,9,9914,14.8,4,3,3,2,4,2,41,1,0,16,43,5,7,2,8,0,1,0,0.818181818,1,1,2.5,2478.5,0.873355263,0,1.345454545,2.75,0.957427108,0,0.714285714,0.454545455,1,2.529411765,0,1,0,1,0.727272727,2,0,2,1,0,1,1,0,0,0,0,1,0,0,1,0,0,1,1
44,3,3,12235,18.4,3,5,1,2,2,5,36,0,0,22,80,3,6,3,10,0,1,0,0.75,0,0,1.0,4078.333333,0.790132548,0,4.6,2.5,1.732050808,0,0.5,0.75,1,3.47826087,1,2,1,1,2.5,2,0,3,0,1,0,0,1,0,0,0,1,0,0,1,0,0,0,0
24,6,2,8552,16.8,3,4,3,3,2,3,3,0,1,55,150,7,4,4,7,0,1,0,0.285714286,1,0,2.0,2850.666667,0.471136767,1,2.4,2.75,0.5,0,1.75,1.0,1,2.678571429,1,0,1,0,1.0,2,0,1,1,1,0,0,0,0,0,0,0,1,0,0,0,0,0,0
55,2,1,9252,16.8,2,4,4,2,4,3,36,1,0,27,71,3,6,2,5,0,1,1,0.333333333,1,0,1.0,4626.0,0.469194894,1,5.6,3.25,0.957427108,0,0.5,1.0,1,2.535714286,1,2,1,1,1.666666667,2,0,2,0,1,0,0,1,0,0,0,1,0,0,0,0,1,1,0
56,6,1,12508,18.7,3,3,4,3,3,3,50,0,1,38,118,1,9,2,7,0,1,1,0.142857143,1,0,2.0,4169.333333,0.862788632,0,2.671428571,3.25,0.5,0,0.111111111,0.142857143,1,3.025641026,1,1,0,1,1.0,1,0,3,1,1,0,0,0,0,0,0,1,0,0,0,0,1,0,0
45,6,5,16038,16.9,4,4,4,3,1,2,62,1,0,27,85,2,9,3,8,0,1,0,0.714285714,1,1,1.5,4009.5,0.951890034,0,2.414285714,2.5,1.290994449,0,0.222222222,0.285714286,0,3.035714286,1,1,1,1,1.142857143,3,0,3,0,1,0,0,1,0,0,0,1,0,0,0,1,0,1,1
54,1,0,8158,13.9,2,3,3,5,2,3,56,1,0,13,58,4,5,5,10,0,1,1,0.0,1,0,0.5,4079.0,0.65765391,0,6.95,3.25,1.258305739,0,0.8,2.0,1,4.142857143,0,-2,0,0,5.0,1,0,2,1,0,1,0,0,0,1,0,1,0,0,0,1,0,1,1
38,0,0,5114,15.5,1,5,4,4,3,3,29,0,0,13,30,3,6,2,7,0,0,0,0.0,0,0,0.0,5114.0,0.096118299,1,15.5,3.5,0.577350269,0,0.5,3.0,1,2.142857143,0,3,1,1,7.0,1,0,2,0,0,1,0,0,0,0,1,1,0,0,1,0,0,0,0
29,2,0,4309,13.0,1,3,3,4,4,3,36,0,0,23,37,3,3,3,3,0,0,0,0.0,1,0,2.0,4309.0,0.035736291,1,4.333333333,3.5,0.577350269,0,1.0,1.0,1,1.541666667,0,0,0,0,1.0,1,0,2,1,0,1,0,0,0,0,1,1,0,1,0,0,0,0,0
53,4,2,11309,17.0,1,5,3,3,3,3,46,0,0,7,19,2,9,2,6,0,0,1,0.4,1,0,4.0,11309.0,0.713181149,0,3.4,3.0,0.0,0,0.222222222,0.4,1,2.375,0,3,1,1,1.2,0,0,4,0,0,0,0,1,0,0,0,0,0,0,0,1,0,0,0
32,3,1,7465,16.0,2,3,2,3,3,4,66,1,1,4,11,5,5,5,6,0,1,0,0.25,1,0,1.5,3732.5,0.312166963,1,4.0,3.0,0.816496581,0,1.0,1.25,1,2.2,0,-2,0,0,1.5,1,0,2,0,1,0,0,0,0,0,0,1,0,1,0,0,0,1,1
48,13,9,10472,11.8,3,3,3,3,4,4,47,0,1,7,20,4,17,4,6,0,1,0,0.642857143,1,1,4.333333333,3490.666667,0.718028419,0,0.842857143,3.5,0.577350269,0,0.235294118,0.285714286,1,2.5,0,-1,0,0,0.428571429,1,0,2,1,1,0,0,0,0,0,0,1,0,0,0,1,0,0,0
43,11,9,13375,11.1,3,3,2,5,4,4,55,0,0,20,64,5,13,3,9,0,1,0,0.75,1,1,3.666666667,4458.333333,0.904085258,0,0.925,3.75,1.258305739,0,0.384615385,0.416666667,1,3.047619048,1,0,0,0,0.75,3,0,3,1,0,1,0,0,0,0,0,1,0,0,1,0,0,0,0
41,7,0,7849,17.2,3,4,3,3,3,5,34,0,0,13,44,5,10,5,5,1,1,0,0.0,1,0,2.333333333,2616.333333,0.553097345,0,2.15,3.5,1.0,0,0.5,0.625,2,3.142857143,0,-1,1,0,0.625,0,0,2,0,1,0,0,0,1,0,0,0,1,0,1,0,0,0,0
46,2,1,6981,15.0,2,5,3,3,2,4,0,1,0,5,13,2,4,3,5,0,1,0,0.333333333,1,0,1.0,3490.5,0.167893962,1,5.0,3.0,0.816496581,0,0.5,0.666666667,1,2.166666667,0,2,1,1,1.666666667,1,0,2,1,0,0,0,1,0,0,0,1,0,0,0,1,0,0,0
32,3,3,3061,21.6,1,5,5,3,4,4,5,0,0,16,58,4,18,3,5,0,0,0,0.75,0,0,3.0,3061.0,0.022203947,1,5.4,4.0,0.816496581,0,0.222222222,1.0,1,3.411764706,0,2,1,1,1.25,1,0,1,0,1,0,1,0,0,0,0,1,0,1,0,0,0,0,0
42,6,5,8273,12.0,2,3,5,3,3,5,42,1,1,15,38,3,2,3,7,0,0,0,0.714285714,1,1,3.0,4136.5,0.431394316,1,1.714285714,4.0,1.154700538,0,1.5,0.428571429,1,2.375,0,0,0,0,1.0,2,0,2,0,0,0,0,0,0,0,0,1,0,0,1,0,0,1,1
37,4,4,9984,14.4,3,2,3,3,3,1,54,0,1,18,33,4,10,1,1,0,1,0,0.8,0,1,1.333333333,3328.0,0.662966252,0,2.88,2.5,1.0,0,0.4,0.8,2,1.736842105,0,1,0,1,0.2,1,0,2,0,0,1,0,0,0,0,0,0,1,0,1,0,0,0,0
58,2,2,8943,13.4,3,4,3,2,3,4,37,1,1,17,55,2,13,4,5,0,1,1,0.666666667,0,0,0.666666667,2981.0,0.63293284,0,4.466666667,3.0,0.816496581,0,0.153846154,0.666666667,0,3.055555556,0,0,1,0,1.666666667,0,0,2,1,0,1,0,0,0,0,1,1,0,0,0,0,1,0,0
53,10,10,11495,13.9,3,4,3,3,2,3,33,1,1,6,13,4,2,1,4,0,1,1,0.909090909,0,1,3.333333333,3831.666667,0.802841918,0,1.263636364,2.75,0.5,0,2.0,0.363636364,2,1.857142857,0,3,1,1,0.363636364,1,0,2,1,0,1,0,0,0,0,0,1,0,0,0,1,0,0,1
42,11,4,16407,15.3,4,5,3,2,3,4,11,1,0,14,41,3,4,3,9,1,1,0,0.333333333,1,0,2.75,4101.75,0.997787611,0,1.275,3.0,0.816496581,0,0.75,0.25,0,2.733333333,0,2,1,1,0.75,1,0,4,0,0,1,0,0,1,0,0,1,0,0,1,0,0,0,1
32,4,1,6245,14.7,1,4,4,3,3,4,54,1,0,4,17,5,9,2,6,0,0,0,0.2,1,0,4.0,6245.0,0.22797289,1,2.94,3.5,0.577350269,0,0.555555556,1.0,0,3.4,0,2,1,1,1.2,1,0,2,1,1,0,0,0,0,0,1,0,0,1,0,0,0,1,0
45,4,0,8414,8.2,3,3,4,3,3,3,66,1,0,25,92,4,7,2,7,0,1,0,0.0,1,0,1.333333333,2804.666667,0.451154529,1,1.64,3.25,0.5,0,0.571428571,0.8,1,3.538461538,1,1,0,1,1.4,2,0,1,0,0,1,0,0,0,0,0,1,0,0,0,1,0,0,1
38,5,5,7722,17.0,3,4,2,1,3,4,16,0,0,15,47,4,8,3,6,1,1,0,0.833333333,0,0,1.666666667,2574.0,0.653782895,0,2.833333333,2.5,1.290994449,0,0.5,0.666666667,0,2.9375,0,1,1,1,1.0,0,0,2,1,0,1,1,0,0,0,0,1,0,0,1,0,0,0,0
48,0,0,5982,14.8,2,3,3,4,3,1,0,1,0,32,72,4,11,3,10,0,0,0,0.0,0,0,0.0,2991.0,0.195933457,1,14.8,2.75,1.258305739,0,0.363636364,4.0,2,2.181818182,1,0,0,0,10.0,3,0,1,1,0,0,0,0,0,0,1,1,0,0,0,1,0,1,1
42,0,0,5359,17.9,1,4,4,3,4,3,27,1,1,10,34,4,13,2,8,0,1,0,0.0,0,0,0.0,5359.0,0.155973451,1,17.9,3.5,0.577350269,0,0.307692308,4.0,1,3.090909091,0,2,1,1,8.0,2,0,3,0,1,0,0,0,1,0,0,1,0,0,1,0,0,0,1
30,0,0,8318,15.1,2,3,3,3,3,3,21,1,1,5,18,7,7,1,6,0,0,0,0.0,0,0,0.0,4159.0,0.681572379,0,15.1,3.0,0.0,0,1.0,7.0,1,3.0,0,2,0,1,6.0,0,0,2,1,1,0,0,0,0,1,0,1,0,1,0,0,0,1,1
19,0,0,8289,12.5,2,4,5,3,3,5,61,1,0,17,58,6,5,5,8,0,0,0,0.0,0,0,0.0,4144.5,0.338733432,1,12.5,4.0,1.154700538,0,1.2,6.0,1,3.222222222,0,-1,1,0,8.0,2,0,2,1,0,1,0,1,0,0,0,0,0,0,0,0,0,1,1
22,3,3,8678,17.1,2,3,4,4,5,3,49,0,0,26,55,5,14,4,1,0,0,0,0.75,0,0,1.5,4339.0,0.491563055,1,4.275,4.0,0.816496581,0,0.357142857,1.25,1,2.037037037,0,-1,0,0,0.25,1,0,3,1,1,0,0,0,0,0,0,0,0,0,0,0,0,0,0
31,5,5,8999,21.2,2,5,3,1,2,3,46,0,0,11,42,1,14,3,9,0,1,0,0.833333333,0,1,2.5,4499.5,0.4380216,1,3.533333333,2.25,0.957427108,1,0.071428571,0.166666667,1,3.5,0,2,1,1,1.5,4,0,3,1,0,1,0,1,0,0,0,1,0,1,0,0,0,0,0
49,1,1,4504,8.5,1,3,2,2,4,4,26,1,1,29,105,6,2,3,7,0,0,0,0.5,0,0,1.0,4504.0,0.0469809,1,4.25,3.0,1.154700538,0,3.0,3.0,0,3.5,1,0,0,0,3.5,2,0,2,0,1,0,0,0,0,0,1,1,0,0,0,1,0,0,1
38,5,0,13767,13.6,2,4,3,4,4,4,20,1,0,30,117,5,11,5,10,1,1,0,0.0,1,0,2.5,6883.5,0.876656848,0,2.266666667,3.75,0.5,0,0.454545455,0.833333333,2,3.774193548,1,-1,1,0,1.666666667,2,0,4,0,0,1,0,1,0,0,0,1,0,0,1,0,0,1,1
41,2,1,5959,15.2,1,3,4,5,3,4,51,1,0,14,56,7,4,3,12,0,1,0,0.333333333,1,0,2.0,5959.0,0.074496809,1,5.066666667,4.0,0.816496581,0,1.75,2.333333333,2,3.733333333,0,0,0,0,4.0,2,0,2,1,0,1,0,1,0,0,0,1,0,0,1,0,0,1,1
42,4,0,11215,16.9,3,2,3,2,3,2,27,0,0,11,33,4,6,2,4,0,1,0,0.0,1,0,1.333333333,3738.333333,0.703730977,0,3.38,2.5,0.577350269,0,0.666666667,0.8,0,2.75,0,0,0,0,0.8,0,0,2,1,1,0,0,1,0,0,0,0,0,0,1,0,0,0,0
49,8,0,13353,17.1,5,4,2,2,1,2,13,0,1,10,28,4,11,2,4,0,1,0,0.0,1,0,1.6,2670.6,0.858124693,0,1.9,1.75,0.5,1,0.363636364,0.444444444,1,2.545454545,0,2,1,1,0.444444444,1,0,1,1,1,0,0,1,0,0,0,1,0,0,0,1,0,0,0
54,1,0,6391,12.6,1,3,1,2,4,3,30,0,0,4,14,5,5,4,6,0,0,1,0.0,1,0,1.0,6391.0,0.368136439,1,6.3,2.5,1.290994449,0,1.0,2.5,1,2.8,0,-1,0,0,3.0,1,0,4,0,0,1,0,0,0,1,0,1,0,0,0,1,0,0,0
45,2,0,6414,14.4,2,3,3,3,4,4,0,1,0,44,130,3,5,3,5,0,1,0,0.0,1,0,1.0,3207.0,0.442845395,1,4.8,3.5,0.577350269,0,0.6,1.0,1,2.888888889,1,0,0,0,1.666666667,2,0,2,0,0,1,1,0,0,0,0,0,0,0,0,1,0,1,0
28,1,1,9897,16.7,2,3,2,5,3,3,46,1,1,19,53,4,9,2,6,0,1,0,0.5,0,0,0.5,4948.5,0.552528228,0,8.35,3.25,1.258305739,0,0.444444444,2.0,1,2.65,0,1,0,1,3.0,0,0,2,0,1,0,0,1,0,0,0,1,0,1,0,0,0,0,0
42,2,1,4743,18.6,1,4,3,4,4,2,41,0,1,8,29,5,5,3,6,0,0,0,0.333333333,1,0,2.0,4743.0,0.157072368,1,6.2,3.25,0.957427108,0,1.0,1.666666667,0,3.222222222,0,1,1,1,2.0,1,0,2,0,1,0,1,0,0,0,0,1,0,0,1,0,0,0,0
43,2,1,4667,13.7,1,3,4,4,5,4,32,0,1,21,57,7,7,3,6,0,0,0,0.333333333,1,0,2.0,4667.0,0.05853358,1,4.566666667,4.25,0.5,0,1.0,2.333333333,1,2.590909091,0,0,0,0,2.0,1,0,2,0,0,0,0,0,0,0,1,1,0,0,1,0,0,0,0
47,12,3,10847,16.5,5,4,4,5,4,4,27,0,1,14,47,4,8,4,5,1,1,0,0.230769231,1,0,2.4,2169.4,0.867809735,0,1.269230769,4.25,0.5,0,0.5,0.307692308,1,3.133333333,0,0,1,0,0.384615385,0,0,1,1,1,0,0,0,1,0,0,1,0,0,0,1,0,0,0
41,10,5,11425,13.9,4,5,3,2,3,2,33,1,1,29,148,5,4,3,11,0,1,0,0.454545455,1,1,2.5,2856.25,0.723981345,0,1.263636364,2.5,0.577350269,0,1.25,0.454545455,0,4.933333333,1,2,1,1,1.0,3,0,1,1,1,0,0,1,0,0,0,1,0,0,1,0,0,1,1
27,4,2,9945,23.3,2,4,4,3,3,4,28,0,0,17,56,5,16,2,6,0,0,0,0.4,1,0,2.0,4972.5,0.810287611,0,4.66,3.5,0.577350269,0,0.3125,1.0,2,3.111111111,0,2,1,1,1.2,0,0,3,1,0,0,0,0,1,0,0,1,0,1,0,0,0,0,0
24,6,1,10751,16.3,3,3,4,2,3,3,45,0,0,3,11,1,7,3,5,0,1,0,0.142857143,1,0,2.0,3583.666667,0.863384956,0,2.328571429,3.0,0.816496581,0,0.142857143,0.142857143,0,2.75,0,0,0,0,0.714285714,0,0,3,0,0,0,0,0,1,0,0,1,0,0,0,0,0,0,0
33,0,0,3966,15.9,1,3,3,4,1,2,53,1,0,10,36,6,9,3,8,0,0,0,0.0,0,0,0.0,3966.0,0.035951327,1,15.9,2.5,1.290994449,0,0.666666667,6.0,2,3.272727273,0,0,0,0,8.0,2,0,1,0,0,1,0,0,1,0,0,1,0,1,0,0,0,1,1
33,7,4,10568,11.8,2,3,5,4,2,3,12,0,1,14,48,3,11,3,6,0,0,0,0.5,1,1,3.5,5284.0,0.633284242,0,1.475,3.5,1.290994449,0,0.272727273,0.375,2,3.2,0,0,0,0,0.75,1,0,3,0,0,1,0,1,0,0,0,1,0,1,0,0,0,0,0
30,1,0,4968,16.5,1,3,3,1,4,2,18,0,1,21,66,3,12,4,3,0,0,0,0.0,1,0,1.0,4968.0,0.139559068,1,8.25,2.5,1.290994449,0,0.25,1.5,2,3.0,1,-1,0,0,1.5,2,0,2,0,1,0,0,0,0,1,0,1,0,1,0,0,0,0,0
25,2,0,6599,12.6,1,2,3,4,4,2,21,0,0,14,41,4,10,1,5,0,0,0,0.0,1,0,2.0,6599.0,0.127393225,1,4.2,3.25,0.957427108,0,0.4,1.333333333,0,2.733333333,0,1,0,1,1.666666667,1,0,3,1,0,1,0,1,0,0,0,1,0,1,0,0,0,0,0
36,3,1,9099,12.8,3,4,3,4,3,3,41,0,1,10,31,3,5,3,3,0,1,0,0.25,1,0,1.0,3033.0,0.653419593,0,3.2,3.25,0.5,0,0.6,0.75,1,2.818181818,0,1,1,1,0.75,0,0,2,1,1,0,0,0,0,0,1,1,0,0,1,0,0,0,0
23,0,0,8358,15.9,2,3,3,4,3,4,38,0,0,3,9,4,9,4,4,0,0,0,0.0,0,0,0.0,4179.0,0.349410898,1,15.9,3.5,0.577350269,0,0.444444444,4.0,1,2.25,0,-1,0,0,4.0,1,0,2,1,0,1,0,1,0,0,0,1,0,0,0,0,0,0,0
45,13,3,11216,14.2,4,4,5,3,5,3,73,0,0,12,27,1,7,3,6,0,1,0,0.214285714,1,0,3.25,2804.0,0.917221298,0,1.014285714,4.0,1.154700538,0,0.142857143,0.071428571,1,2.076923077,0,1,1,1,0.428571429,0,0,2,0,1,0,0,0,0,1,0,0,0,0,0,1,0,0,0
52,6,4,10491,16.2,3,3,3,3,1,3,24,0,1,8,20,6,7,2,2,0,1,1,0.571428571,1,1,2.0,3497.0,0.720248668,0,2.314285714,2.5,1.0,0,0.857142857,0.857142857,1,2.222222222,0,1,0,1,0.285714286,1,0,2,0,0,1,0,0,0,0,0,0,0,0,0,1,0,0,0
33,5,0,8975,20.0,3,4,3,1,3,1,68,0,0,18,66,5,10,3,1,1,1,0,0.0,1,0,1.666666667,2991.666667,0.702433628,0,3.333333333,2.0,1.154700538,1,0.5,0.833333333,0,3.473684211,1,1,1,1,0.166666667,2,0,3,1,1,0,0,0,1,0,0,0,0,1,0,0,0,0,0
50,2,2,6163,16.7,1,4,4,2,3,2,35,1,0,36,108,1,13,3,9,0,0,1,0.666666667,0,0,2.0,6163.0,0.089837997,1,5.566666667,2.75,0.957427108,0,0.076923077,0.333333333,2,2.918918919,1,1,1,1,3.0,3,0,2,0,1,0,0,1,0,0,0,1,0,0,0,1,0,1,1
39,5,3,9327,16.6,2,3,5,4,3,3,28,0,1,5,18,2,2,5,3,0,1,0,0.5,1,0,2.5,4663.5,0.578374778,0,2.766666667,3.75,0.957427108,0,1.0,0.333333333,2,3.0,0,-2,0,0,0.5,0,0,2,0,0,1,0,0,0,0,0,1,0,0,1,0,0,0,0
21,3,1,8947,15.3,2,4,4,4,2,3,14,0,0,6,20,3,6,3,8,0,0,0,0.25,1,0,1.5,4473.5,0.429798724,1,3.825,3.25,0.957427108,0,0.5,0.75,1,2.857142857,0,1,1,1,2.0,2,0,2,1,1,0,0,1,0,0,0,0,1,0,0,0,0,0,0
40,0,0,9891,16.0,2,3,4,1,5,4,39,0,0,11,36,1,5,4,3,0,0,0,0.0,0,0,0.0,4945.5,0.551546392,0,16.0,3.5,1.732050808,0,0.2,1.0,1,3.0,0,-1,0,0,3.0,0,0,2,1,0,0,0,1,0,0,0,1,0,0,1,0,0,0,0
39,1,0,9443,14.0,2,3,2,4,4,4,32,1,1,7,14,5,9,4,12,0,0,0,0.0,1,0,0.5,4721.5,0.491040746,1,7.0,3.5,1.0,0,0.555555556,2.5,1,1.75,0,-1,0,0,6.0,2,0,3,1,0,1,0,1,0,0,0,1,0,0,1,0,0,1,1
39,2,1,5518,9.7,2,1,1,4,3,3,37,0,1,8,26,7,6,3,8,0,0,0,0.333333333,1,0,1.0,2759.0,0.082149201,1,3.233333333,2.75,1.258305739,0,1.166666667,2.333333333,1,2.888888889,0,-2,0,0,2.666666667,2,0,2,1,1,0,0,0,0,0,0,1,0,0,1,0,0,0,0
37,6,6,15444,13.3,4,3,1,3,3,3,57,0,0,4,14,8,9,3,1,0,1,0,0.857142857,0,1,1.5,3861.0,0.937530682,0,1.9,2.5,1.0,0,0.888888889,1.142857143,2,2.8,0,0,0,0,0.142857143,1,0,3,0,1,0,0,1,0,0,0,1,0,0,1,0,0,0,0
30,7,4,15686,8.2,4,4,3,2,3,1,63,0,0,12,31,6,7,1,2,1,1,0,0.5,1,0,1.75,3921.5,0.94305351,0,1.025,2.25,0.957427108,1,0.857142857,0.75,1,2.384615385,0,3,1,1,0.25,1,0,3,0,0,1,0,1,0,0,0,1,0,1,0,0,0,0,0
35,17,3,15625,10.1,5,3,3,2,3,3,23,1,1,18,49,4,14,3,5,0,1,0,0.166666667,1,0,3.4,3125.0,0.99750416,0,0.561111111,2.75,0.5,0,0.285714286,0.222222222,1,2.578947368,0,0,0,0,0.277777778,0,0,3,1,1,0,0,0,0,1,0,1,0,0,1,0,0,0,0
36,3,0,7598,17.4,2,1,1,4,3,2,52,0,0,33,103,2,9,2,5,0,0,0,0.0,1,0,1.5,3799.0,0.572171381,0,4.35,2.5,1.290994449,0,0.222222222,0.5,0,3.029411765,1,-1,0,0,1.25,1,0,2,1,1,0,0,0,0,1,0,1,0,0,1,0,0,0,0
34,1,0,5347,10.2,1,2,3,5,3,3,2,1,1,28,64,7,12,3,10,0,0,0,0.0,1,0,1.0,5347.0,0.247532895,1,5.1,3.5,1.0,0,0.583333333,3.5,2,2.206896552,1,-1,0,0,5.0,3,0,1,1,0,1,1,0,0,0,0,1,0,1,0,0,0,1,1
29,3,2,6377,11.4,3,2,4,3,1,3,56,0,1,32,116,1,5,2,5,0,1,0,0.5,1,0,1.0,2125.666667,0.298119469,1,2.85,2.75,1.258305739,0,0.2,0.25,0,3.515151515,1,0,0,0,1.25,2,0,1,0,0,0,0,0,1,0,0,1,0,1,0,0,0,0,0
35,8,0,12076,11.5,5,3,3,2,1,2,15,0,0,40,114,4,2,4,11,0,1,0,0.0,1,0,1.6,2415.2,0.895871842,0,1.277777778,2.0,0.816496581,1,2.0,0.444444444,1,2.780487805,1,-1,0,0,1.222222222,3,0,1,1,1,0,0,0,0,0,1,1,0,0,1,0,0,0,0
60,8,5,12849,15.0,4,1,4,2,3,4,34,1,0,20,55,4,7,1,5,0,1,1,0.555555556,1,1,2.0,3212.25,0.829405989,0,1.666666667,3.25,0.957427108,0,0.571428571,0.444444444,0,2.619047619,0,0,0,0,0.555555556,1,0,2,0,0,1,0,1,0,0,0,0,1,0,0,0,1,1,1
30,4,4,8342,13.7,2,3,3,1,1,5,33,0,0,43,144,2,4,3,4,0,0,0,0.8,0,1,2.0,4171.0,0.346710849,1,2.74,2.5,1.914854216,0,0.5,0.4,1,3.272727273,1,0,0,0,0.8,3,0,2,0,1,0,0,1,0,0,0,0,0,1,0,0,0,0,0
34,11,10,7655,14.3,2,2,3,1,1,3,33,0,1,18,71,5,6,3,3,0,0,0,0.833333333,1,1,5.5,3827.5,0.450400493,1,1.191666667,2.0,1.154700538,1,0.833333333,0.416666667,1,3.736842105,1,-1,0,0,0.25,4,0,2,1,1,0,0,0,0,0,1,1,0,1,0,0,0,0,0
30,12,7,6531,19.0,3,4,4,2,2,1,42,0,0,29,91,5,9,5,7,0,1,0,0.538461538,1,1,4.0,2177.0,0.390183028,1,1.461538462,2.25,1.258305739,1,0.555555556,0.384615385,2,3.033333333,1,-1,1,0,0.538461538,4,0,1,0,0,1,0,0,0,1,0,1,0,1,0,0,0,0,0
40,6,2,7546,11.9,2,2,3,4,4,1,21,0,1,7,19,5,5,2,4,0,0,0,0.285714286,1,0,3.0,3773.0,0.631578947,0,1.7,3.0,1.414213562,0,1.0,0.714285714,0,2.375,0,0,0,0,0.571428571,0,0,3,0,1,0,1,0,0,0,0,1,0,0,1,0,0,0,0
18,0,0,8017,12.0,2,2,2,4,1,4,50,0,0,16,54,6,5,3,6,0,0,0,0.0,0,0,0.0,4008.5,0.395204263,1,12.0,2.75,1.5,0,1.2,6.0,1,3.176470588,0,-1,0,0,6.0,1,0,3,0,1,0,0,0,0,0,0,1,0,0,0,0,0,0,0
28,0,0,8023,14.9,2,3,4,1,3,2,67,1,0,17,78,4,8,5,10,0,0,0,0.0,0,0,0.0,4011.5,0.300073638,1,14.9,2.5,1.290994449,0,0.5,4.0,1,4.333333333,1,-2,0,0,10.0,3,0,2,1,1,0,0,1,0,0,0,1,0,1,0,0,0,1,1
37,12,1,13204,10.6,5,3,3,3,1,3,25,0,1,13,61,3,3,3,3,0,1,0,0.076923077,1,0,2.4,2640.8,0.898312611,0,0.815384615,2.5,1.0,0,1.0,0.230769231,2,4.357142857,1,0,0,0,0.230769231,1,0,2,0,1,0,0,0,0,0,0,1,0,0,1,0,0,0,0
36,11,3,14046,8.1,4,3,4,5,3,4,12,0,1,3,10,2,6,2,7,0,1,0,0.25,1,0,2.75,3511.5,0.88868434,0,0.675,4.0,0.816496581,0,0.333333333,0.166666667,1,2.5,0,1,0,1,0.583333333,0,0,2,0,0,1,0,1,0,0,0,1,0,0,1,0,0,0,0
51,2,0,5561,14.7,2,2,2,3,2,3,18,0,1,6,18,3,11,2,3,0,0,1,0.0,1,0,1.0,2780.5,0.233361065,1,4.9,2.5,0.577350269,0,0.272727273,1.0,1,2.571428571,0,0,0,0,1.0,1,0,2,1,0,1,0,0,0,1,0,1,0,0,0,1,0,0,0
19,1,1,6062,10.9,2,3,4,1,4,4,21,0,1,20,56,2,5,3,7,0,1,0,0.5,0,0,0.5,3031.0,0.244469027,1,5.45,3.25,1.5,0,0.4,1.0,2,2.666666667,0,0,0,0,3.5,1,0,2,0,1,0,0,0,1,0,0,1,0,0,0,0,0,0,0
28,1,1,7739,19.3,1,3,4,3,4,4,52,0,1,10,33,4,8,4,5,0,1,0,0.5,0,0,1.0,7739.0,0.463339495,1,9.65,3.75,0.5,0,0.5,2.0,1,3.0,0,-1,0,0,2.5,1,0,2,0,0,1,0,0,0,0,1,0,1,1,0,0,0,0,0
31,10,6,10135,15.2,3,5,2,3,3,3,9,0,0,25,59,5,7,3,4,0,1,0,0.545454545,1,1,3.333333333,3378.333333,0.885690789,0,1.381818182,2.75,0.5,0,0.714285714,0.454545455,1,2.269230769,0,2,1,1,0.363636364,1,0,2,1,1,0,1,0,0,0,0,1,0,1,0,0,0,0,0
20,1,1,6026,17.3,2,3,2,4,4,4,50,0,0,19,89,7,7,4,3,0,0,0,0.5,0,0,0.5,3013.0,0.201478743,1,8.65,3.5,1.0,0,1.0,3.5,2,4.45,1,-1,0,0,1.5,2,0,1,1,0,1,0,0,0,0,1,0,1,0,0,0,0,0,0
42,2,2,6966,16.5,3,4,3,2,2,4,60,1,1,14,52,3,5,2,7,0,1,0,0.666666667,0,0,0.666666667,2322.0,0.395188053,1,5.5,2.75,0.957427108,0,0.6,1.0,1,3.466666667,0,2,1,1,2.333333333,1,0,1,1,1,0,0,0,1,0,0,1,0,0,1,0,0,1,1
24,6,1,8555,17.8,2,4,5,5,4,2,19,0,1,22,76,3,8,4,3,1,0,0,0.142857143,1,0,3.0,4277.5,0.765625,0,2.542857143,4.0,1.414213562,0,0.375,0.428571429,1,3.304347826,1,0,1,0,0.428571429,1,0,4,1,1,0,1,0,0,0,0,1,0,0,0,0,0,0,0
18,0,0,6203,13.3,1,3,4,4,4,1,50,0,1,5,16,6,12,4,6,0,0,0,0.0,0,0,0.0,6203.0,0.092660776,1,13.3,3.25,1.5,0,0.5,6.0,1,2.666666667,0,-1,0,0,6.0,1,0,1,1,0,1,0,1,0,0,0,1,0,0,0,0,0,0,0
35,3,0,13096,16.5,4,2,3,4,3,3,0,0,1,27,108,6,4,4,7,0,1,0,0.0,1,0,0.75,3274.0,0.844378989,0,4.125,3.25,0.5,0,1.5,1.5,0,3.857142857,1,-2,0,0,1.75,1,0,2,0,1,0,0,1,0,0,0,1,0,0,1,0,0,0,0
29,0,0,6638,15.4,1,4,4,4,4,4,63,0,0,36,101,2,8,3,8,0,1,0,0.0,0,0,0.0,6638.0,0.200488455,1,15.4,4.0,0.0,0,0.25,2.0,0,2.72972973,1,1,1,1,8.0,3,0,3,1,1,0,0,0,0,0,0,1,0,1,0,0,0,0,0
37,0,0,6047,10.1,1,4,2,5,5,2,46,0,0,17,47,1,6,4,3,0,0,0,0.0,0,0,0.0,6047.0,0.080265096,1,10.1,3.5,1.732050808,0,0.166666667,1.0,1,2.611111111,0,0,1,0,3.0,1,0,2,0,0,0,0,1,0,0,0,1,0,0,1,0,0,0,0
30,1,1,9705,20.2,3,4,3,1,4,3,50,0,0,21,104,3,6,1,7,0,1,0,0.5,0,0,0.333333333,3235.0,0.528227786,0,10.1,2.75,1.258305739,0,0.5,1.5,0,4.727272727,1,3,1,1,3.5,1,0,2,0,0,0,0,1,0,0,0,0,0,1,0,0,0,0,0
38,8,0,9038,10.7,4,3,3,3,5,4,35,0,0,4,15,5,6,4,5,0,1,0,0.0,1,0,2.0,2259.5,0.8046875,0,1.188888889,3.75,0.957427108,0,0.833333333,0.555555556,1,3.0,0,-1,0,0,0.555555556,0,0,1,0,0,1,1,0,0,0,0,1,0,0,1,0,0,0,0
36,9,3,8233,12.3,2,2,2,5,5,3,22,0,1,7,25,4,14,3,3,0,0,0,0.3,1,0,4.5,4116.5,0.536044362,0,1.23,3.75,1.5,0,0.285714286,0.4,0,3.125,0,-1,0,0,0.3,0,0,2,1,0,1,0,0,0,0,1,1,0,0,1,0,0,0,0
35,4,3,8058,14.3,2,1,4,4,3,2,37,0,0,4,13,4,6,4,3,0,1,0,0.6,1,0,2.0,4029.0,0.582134956,0,2.86,3.25,0.957427108,0,0.666666667,0.8,1,2.6,0,-3,0,0,0.6,0,0,3,0,1,0,0,0,1,0,0,1,0,0,1,0,0,0,0
27,6,1,13039,10.8,3,3,2,3,4,4,16,1,0,24,84,4,5,4,8,0,1,0,0.142857143,1,0,2.0,4346.333333,0.841433481,0,1.542857143,3.25,0.957427108,0,0.8,0.571428571,2,3.36,1,-1,0,0,1.142857143,2,0,3,0,0,1,0,1,0,0,0,0,0,1,0,0,0,1,1
34,1,1,7995,10.0,2,5,3,2,3,2,12,0,1,15,47,4,10,3,4,0,0,0,0.5,0,0,0.5,3997.5,0.391651865,1,5.0,2.5,0.577350269,0,0.4,2.0,0,2.9375,0,2,1,1,2.0,1,0,2,1,1,0,0,0,0,0,0,1,0,1,0,0,0,0,0
33,1,1,6796,11.3,1,4,3,5,1,5,45,1,1,23,77,2,3,4,5,0,0,0,0.5,0,0,1.0,6796.0,0.147643594,1,5.65,3.5,1.914854216,0,0.666666667,1.0,0,3.208333333,1,0,1,0,2.5,2,0,3,1,0,1,0,1,0,0,0,1,0,1,0,0,0,0,0
34,0,0,5724,15.5,1,3,2,4,1,3,19,0,0,1,5,5,11,4,7,0,0,0,0.0,0,0,0.0,5724.0,0.056455572,1,15.5,2.5,1.290994449,0,0.454545455,5.0,1,2.5,0,-1,0,0,7.0,1,0,2,0,0,0,0,1,0,0,0,1,0,1,0,0,0,0,0
33,9,0,9777,11.6,3,3,3,3,3,4,28,1,1,27,90,5,10,5,3,0,1,0,0.0,1,0,3.0,3259.0,0.791205752,0,1.16,3.25,0.5,0,0.5,0.5,1,3.214285714,1,-2,0,0,0.3,1,0,2,0,1,0,0,0,1,0,0,1,0,1,0,0,0,0,0
18,0,0,5924,18.4,1,3,3,2,3,2,69,0,1,12,36,5,4,4,4,0,0,0,0.0,0,0,0.0,5924.0,0.296173045,1,18.4,2.5,0.577350269,0,1.25,5.0,1,2.769230769,0,-1,0,0,4.0,1,0,4,0,1,0,0,0,0,1,0,1,0,0,0,0,0,0,0
45,2,2,2599,14.2,1,3,3,2,3,5,26,0,1,29,67,4,8,3,8,0,0,0,0.666666667,0,0,2.0,2599.0,0.002911814,1,4.733333333,3.25,1.258305739,0,0.5,1.333333333,1,2.233333333,1,0,0,0,2.666666667,3,0,1,1,1,0,0,0,0,1,0,1,0,0,0,1,0,1,0
32,3,1,3780,14.1,1,3,3,3,3,2,40,1,0,20,65,7,5,3,4,0,0,0,0.25,1,0,3.0,3780.0,0.015095502,1,3.525,2.75,0.5,0,1.4,1.75,1,3.095238095,1,0,0,0,1.0,2,0,2,0,1,0,0,0,0,0,1,0,1,1,0,0,0,1,1
21,2,2,5310,15.5,1,4,3,1,4,5,8,0,0,24,100,6,10,2,7,0,1,0,0.666666667,0,0,2.0,5310.0,0.115988909,1,5.166666667,3.25,1.707825128,0,0.6,2.0,1,4.0,1,2,1,1,2.333333333,2,0,2,1,0,1,0,0,0,0,1,0,1,0,0,0,0,0,0
60,4,3,7341,16.4,3,4,3,4,3,1,12,0,1,10,40,7,10,3,5,0,1,1,0.6,1,0,1.333333333,2447.0,0.530990017,0,3.28,2.75,1.258305739,0,0.7,1.4,1,3.636363636,0,1,1,1,1.0,0,0,1,1,0,1,0,0,0,1,0,1,0,0,0,0,1,0,0
46,0,0,7201,13.4,2,3,2,4,3,4,0,1,1,26,55,4,6,3,7,0,0,0,0.0,0,0,0.0,3600.5,0.195876289,1,13.4,3.25,0.957427108,0,0.666666667,4.0,1,2.037037037,0,0,0,0,7.0,1,0,2,0,0,1,0,1,0,0,0,0,0,0,0,1,0,1,1
51,3,1,10287,19.3,2,5,3,2,4,3,58,1,0,20,45,7,15,3,6,0,1,1,0.25,1,0,1.5,5143.5,0.698046181,0,4.825,3.0,0.816496581,0,0.466666667,1.75,1,2.142857143,0,2,1,1,1.5,0,0,3,0,0,1,0,0,0,0,0,1,0,0,0,1,0,0,0
28,3,3,9034,16.7,4,4,4,3,3,4,4,1,1,13,51,4,4,4,6,0,1,0,0.75,0,0,0.75,2258.5,0.709623894,0,4.175,3.5,0.577350269,0,1.0,1.0,2,3.642857143,0,0,1,0,1.5,0,0,1,1,0,1,0,0,1,0,0,1,0,1,0,0,0,1,1
24,4,4,14031,15.7,4,3,2,3,3,4,53,1,0,11,39,3,13,3,4,0,1,0,0.8,0,1,1.0,3507.75,0.887579774,0,3.14,3.0,0.816496581,0,0.230769231,0.6,0,3.25,0,0,0,0,0.8,1,0,3,1,0,0,0,1,0,0,0,1,0,0,0,0,0,0,0
36,6,1,10777,11.3,3,4,4,4,3,3,0,0,0,21,74,6,10,4,6,1,1,0,0.142857143,1,0,2.0,3592.333333,0.654393716,0,1.614285714,3.5,0.577350269,0,0.6,0.857142857,1,3.363636364,1,0,1,0,0.857142857,1,0,2,0,0,1,0,1,0,0,0,0,1,0,1,0,0,0,0
43,1,1,5125,13.6,1,3,5,4,4,3,39,0,1,18,62,4,5,3,3,0,0,0,0.5,0,0,1.0,5125.0,0.097350585,1,6.8,4.0,0.816496581,0,0.8,2.0,1,3.263157895,1,0,0,0,1.5,2,0,1,1,0,1,0,0,0,0,1,1,0,0,1,0,0,0,0
52,2,0,7060,16.9,2,5,2,3,4,2,15,0,0,21,76,3,13,3,8,0,1,1,0.0,1,0,1.0,3530.0,0.345348121,1,5.633333333,2.75,0.957427108,0,0.230769231,1.0,0,3.454545455,1,2,1,1,2.666666667,3,0,2,0,0,0,0,0,0,0,1,0,0,0,0,1,0,0,0
32,2,0,5430,12.7,1,3,3,2,3,4,53,0,0,43,70,1,7,4,7,0,0,0,0.0,1,0,2.0,5430.0,0.073490231,1,4.233333333,3.0,0.816496581,0,0.142857143,0.333333333,1,1.590909091,1,-1,0,0,2.333333333,2,0,3,0,1,0,0,0,0,0,0,0,0,1,0,0,0,0,0
38,6,2,8334,16.8,3,4,4,2,3,2,21,0,1,35,140,2,9,4,5,1,1,0,0.285714286,1,0,2.0,2778.0,0.68531614,0,2.4,2.75,0.957427108,0,0.222222222,0.285714286,1,3.888888889,1,0,1,0,0.714285714,1,0,2,1,1,0,0,0,0,1,0,1,0,0,1,0,0,0,0
42,4,2,7420,20.1,2,3,3,3,3,3,46,0,1,10,40,3,5,3,3,0,0,0,0.4,1,0,2.0,3710.0,0.411275416,1,4.02,3.0,0.0,0,0.6,0.6,1,3.636363636,0,0,0,0,0.6,1,0,2,1,0,1,0,0,0,0,1,1,0,0,1,0,0,0,0
45,6,5,12433,14.2,4,3,2,4,2,3,24,1,0,12,36,3,11,4,4,0,1,0,0.714285714,1,1,1.5,3108.25,0.857904085,0,2.028571429,2.75,0.957427108,0,0.272727273,0.428571429,2,2.769230769,0,-1,0,0,0.571428571,1,0,3,1,1,0,0,0,0,0,0,1,0,0,0,1,0,1,1
40,8,2,14362,16.7,4,4,4,3,3,4,56,0,0,35,129,6,10,3,6,1,1,0,0.222222222,1,0,2.0,3590.5,0.98340708,0,1.855555556,3.5,0.577350269,0,0.6,0.666666667,1,3.583333333,1,1,1,1,0.666666667,1,0,4,1,0,1,0,0,1,0,0,1,0,0,1,0,0,0,0
41,1,0,4308,22.1,1,4,3,3,3,3,19,0,0,11,35,1,13,3,3,0,0,0,0.0,1,0,1.0,4308.0,0.054756637,1,11.05,3.0,0.0,0,0.076923077,0.5,0,2.916666667,0,1,1,1,1.5,1,0,2,1,1,0,0,0,1,0,0,1,0,0,1,0,0,0,0
33,0,0,6030,20.1,1,3,3,3,2,2,0,1,0,2,7,2,5,4,5,0,0,0,0.0,0,0,0.0,6030.0,0.374177632,1,20.1,2.5,0.577350269,0,0.4,2.0,0,2.333333333,0,-1,0,0,5.0,1,0,3,0,0,1,1,0,0,0,0,0,0,1,0,0,0,0,0
35,2,1,8666,19.2,3,3,2,3,2,3,43,0,1,4,6,2,11,2,3,0,1,0,0.333333333,1,0,0.666666667,2888.666667,0.723377704,0,6.4,2.5,0.577350269,0,0.181818182,0.666666667,1,1.2,0,1,0,1,1.0,0,0,2,1,1,0,0,0,0,1,0,0,1,0,1,0,0,0,0
22,1,1,5456,13.7,2,3,4,3,4,4,43,0,1,13,44,3,5,3,7,0,0,0,0.5,0,0,0.5,2728.0,0.264802632,1,6.85,3.75,0.5,0,0.6,1.5,1,3.142857143,0,0,0,0,3.5,1,0,2,0,0,1,1,0,0,0,0,1,0,0,0,0,0,0,0
25,7,5,10870,11.4,4,3,4,3,5,3,21,0,0,8,21,8,8,3,3,0,1,0,0.625,1,1,1.75,2717.5,0.831792976,0,1.425,3.75,0.957427108,0,1.0,1.0,1,2.333333333,0,0,0,0,0.375,1,0,2,0,1,0,0,0,0,0,1,1,0,1,0,0,0,0,0
31,8,6,11398,16.0,3,3,2,2,1,5,36,0,0,14,43,4,6,2,3,0,1,0,0.666666667,1,1,2.666666667,3799.333333,0.795293073,0,1.777777778,2.5,1.732050808,0,0.666666667,0.444444444,0,2.866666667,0,1,0,1,0.333333333,1,0,2,0,1,0,0,0,0,0,0,0,1,1,0,0,0,0,0
30,11,2,11376,13.2,4,4,3,1,4,3,55,0,1,18,75,3,8,4,6,1,1,0,0.166666667,1,0,2.75,2844.0,0.863524338,0,1.1,2.75,1.258305739,0,0.375,0.25,0,3.947368421,1,0,1,0,0.5,1,0,2,1,0,1,0,0,0,0,1,1,0,1,0,0,0,0,0
34,4,2,8428,14.5,3,3,2,3,1,2,36,1,1,4,12,4,11,4,5,0,1,0,0.4,1,0,1.333333333,2809.333333,0.568391867,0,2.9,2.0,0.816496581,1,0.363636364,0.8,1,2.4,0,-1,0,0,1.0,1,1,2,1,0,1,0,0,0,0,1,1,0,1,0,0,0,1,0
30,10,0,9293,20.6,3,3,5,3,5,3,32,0,1,7,21,2,7,2,6,0,1,0,0.0,1,0,3.333333333,3097.666667,0.676987061,0,1.872727273,4.0,1.154700538,0,0.285714286,0.181818182,0,2.625,0,1,0,1,0.545454545,0,0,2,0,1,0,0,0,0,0,1,1,0,1,0,0,0,0,0
38,8,5,11719,18.7,3,4,1,2,3,4,35,1,1,11,33,6,3,5,8,0,1,0,0.555555556,1,1,2.666666667,3906.333333,0.937603993,0,2.077777778,2.5,1.290994449,0,2.0,0.666666667,2,2.75,0,-1,1,0,0.888888889,2,0,3,0,0,1,0,0,0,1,0,1,0,0,1,0,0,1,1
51,0,0,5429,20.3,1,4,2,2,3,2,65,0,1,19,69,4,2,5,6,0,1,1,0.0,0,0,0.0,5429.0,0.208402662,1,20.3,2.25,0.5,1,2.0,4.0,1,3.45,1,-1,1,0,6.0,3,0,2,1,1,0,0,0,0,1,0,1,0,0,0,1,0,0,0
26,6,6,13244,15.4,3,3,2,3,4,4,53,1,0,10,41,6,11,3,6,0,1,0,0.857142857,0,1,2.0,4414.666667,0.936229205,0,2.2,3.25,0.957427108,0,0.545454545,0.857142857,0,3.727272727,0,0,0,0,0.857142857,1,0,4,1,1,0,0,0,0,0,1,0,1,1,0,0,0,0,0
42,1,0,6540,14.3,2,3,3,3,3,4,23,1,1,8,33,3,3,4,13,0,0,0,0.0,1,0,0.5,3270.0,0.119783996,1,7.15,3.25,0.5,0,1.0,1.5,0,3.666666667,0,-1,0,0,6.5,2,0,1,0,1,0,0,1,0,0,0,1,0,0,1,0,0,1,1
29,0,0,12082,8.8,3,3,4,4,5,3,29,0,0,19,40,6,4,3,1,0,1,0,0.0,0,0,0.0,4027.333333,0.896179914,0,8.8,4.0,0.816496581,0,1.5,6.0,1,2.0,0,0,0,0,1.0,0,0,3,1,0,1,0,0,0,0,1,0,0,1,0,0,0,0,0
23,0,0,9189,17.6,2,4,5,5,2,2,42,1,1,12,36,3,10,1,9,0,0,0,0.0,0,0,0.0,4594.5,0.729535398,0,17.6,3.5,1.732050808,0,0.3,3.0,2,2.769230769,0,3,1,1,9.0,1,0,3,1,0,0,0,0,1,0,0,1,0,0,0,0,0,1,1
50,2,0,10466,16.2,3,4,3,4,1,4,49,1,0,10,37,3,14,3,10,0,1,1,0.0,1,0,0.666666667,3488.666667,0.798213185,0,5.4,3.0,1.414213562,0,0.214285714,1.0,1,3.363636364,0,1,1,1,3.333333333,1,0,2,0,1,0,0,0,0,0,1,1,0,0,0,1,0,1,0
41,1,0,7509,17.7,3,3,3,2,5,4,35,1,1,7,23,4,6,3,10,0,1,0,0.0,1,0,0.333333333,2503.0,0.56031614,0,8.85,3.5,1.290994449,0,0.666666667,2.0,2,2.875,0,0,0,0,5.0,1,0,2,0,0,1,0,0,0,1,0,0,0,0,1,0,0,1,1
39,6,4,10491,7.3,5,2,4,3,2,4,16,0,0,28,129,2,3,3,3,0,1,0,0.571428571,1,1,1.2,2098.2,0.878951747,0,1.042857143,3.25,0.957427108,0,0.666666667,0.285714286,1,4.448275862,1,-1,0,0,0.428571429,2,0,2,1,1,0,0,0,0,1,0,1,0,0,1,0,0,0,0
49,7,7,6519,16.7,1,3,4,4,2,4,15,0,0,8,22,1,4,4,7,0,1,0,0.875,0,1,7.0,6519.0,0.117329406,1,2.0875,3.5,1.0,0,0.25,0.125,0,2.444444444,0,-1,0,0,0.875,2,0,2,1,1,0,0,1,0,0,0,1,0,0,0,1,0,0,0
28,4,0,7604,14.5,1,3,1,3,2,3,29,0,1,7,24,3,8,2,5,0,0,0,0.0,1,0,4.0,7604.0,0.331705151,1,2.9,2.25,0.957427108,1,0.375,0.6,1,3.0,0,1,0,1,1.0,2,0,2,0,1,0,0,0,0,0,0,1,0,1,0,0,0,0,0
49,2,2,10753,16.6,3,3,2,4,4,4,6,0,1,20,45,4,8,4,3,0,1,0,0.666666667,0,0,0.666666667,3584.333333,0.651693667,0,5.533333333,3.5,1.0,0,0.5,1.333333333,1,2.142857143,0,-1,0,0,1.0,0,0,3,1,1,0,0,1,0,0,0,1,0,0,0,1,0,0,0
33,2,1,5028,17.5,2,3,3,4,2,3,24,0,0,10,19,3,9,4,5,0,0,0,0.333333333,1,0,1.0,2514.0,0.118362832,1,5.833333333,3.0,0.816496581,0,0.333333333,1.0,1,1.727272727,0,-1,0,0,1.666666667,1,0,1,0,1,0,0,0,1,0,0,1,0,1,0,0,0,0,0
29,2,2,10612,18.9,2,4,2,3,1,2,43,0,0,21,60,5,11,3,4,0,0,0,0.666666667,0,0,1.0,5306.0,0.813924831,0,6.3,2.0,0.816496581,1,0.454545455,1.666666667,1,2.727272727,0,1,1,1,1.333333333,1,0,3,0,0,1,0,0,0,0,1,1,0,1,0,0,0,0,0
34,1,1,10203,12.7,2,4,4,5,4,3,26,0,0,7,29,2,9,4,8,0,0,0,0.5,0,0,0.5,5101.5,0.688277087,0,6.35,4.0,0.816496581,0,0.222222222,1.0,1,3.625,0,0,1,0,4.0,1,0,3,0,1,0,0,0,0,0,0,1,0,1,0,0,0,0,0
42,2,2,6927,15.4,2,5,4,2,3,4,16,1,1,5,14,3,10,3,8,0,0,0,0.666666667,0,0,1.0,3463.5,0.322396796,1,5.133333333,3.25,0.957427108,0,0.3,1.0,0,2.333333333,0,2,1,1,2.666666667,2,0,2,0,0,1,0,0,0,0,1,1,0,0,1,0,0,1,1
29,3,2,6590,14.9,2,2,2,4,3,2,49,0,1,7,20,2,2,3,1,0,0,0,0.5,1,0,1.5,3295.0,0.470394737,1,3.725,2.75,0.957427108,0,1.0,0.5,1,2.5,0,-1,0,0,0.25,1,0,2,1,1,0,1,0,0,0,0,1,0,1,0,0,0,0,0
48,2,2,3289,17.0,1,2,4,4,3,5,27,0,1,14,33,1,12,3,6,0,0,0,0.666666667,0,0,2.0,3289.0,0.017470882,1,5.666666667,4.0,0.816496581,0,0.083333333,0.333333333,1,2.2,0,-1,0,0,2.0,1,0,1,1,0,1,0,0,0,1,0,1,0,0,0,1,0,0,0
36,6,1,8401,18.4,1,3,4,3,5,5,21,0,0,14,36,4,10,5,10,0,0,0,0.142857143,1,0,6.0,8401.0,0.44937833,1,2.628571429,4.25,0.957427108,0,0.4,0.571428571,1,2.4,0,-2,0,0,1.428571429,2,0,3,1,0,1,0,0,0,0,0,0,0,0,1,0,0,0,0
40,2,1,9684,15.1,2,4,4,2,2,1,36,0,0,11,43,4,3,1,3,0,0,0,0.333333333,1,0,1.0,4842.0,0.524545901,0,5.033333333,2.25,1.258305739,1,1.333333333,1.333333333,1,3.583333333,0,3,1,1,1.0,1,0,3,0,0,1,0,1,0,0,0,1,0,0,1,0,0,0,0
51,1,1,4860,15.4,1,4,2,2,3,4,31,0,0,16,53,1,7,3,3,0,0,1,0.5,0,0,1.0,4860.0,0.101769912,1,7.7,2.75,0.957427108,0,0.142857143,0.5,1,3.117647059,0,1,1,1,1.5,1,0,2,1,1,0,0,0,1,0,0,1,0,0,0,1,0,0,0
36,12,5,17219,13.6,5,3,4,4,3,4,57,0,1,10,33,5,8,4,7,0,1,0,0.384615385,1,1,2.4,3443.8,0.968826706,0,1.046153846,3.75,0.5,0,0.625,0.384615385,1,3.0,0,-1,0,0,0.538461538,1,0,2,0,1,0,0,1,0,0,0,0,0,0,1,0,0,0,0
50,2,1,7542,9.5,3,3,3,4,2,1,28,0,1,15,21,4,5,4,6,0,1,1,0.333333333,1,0,0.666666667,2514.0,0.432686383,1,3.166666667,2.5,1.290994449,0,0.8,1.333333333,1,1.3125,0,-1,0,0,2.0,1,0,1,0,1,0,0,0,0,0,1,1,0,0,0,1,0,0,0
31,13,5,12981,12.1,4,3,4,1,3,4,33,1,0,21,54,1,7,3,5,0,1,0,0.357142857,1,1,3.25,3245.25,0.887655417,0,0.864285714,3.0,1.414213562,0,0.142857143,0.071428571,1,2.454545455,0,0,0,0,0.357142857,1,0,1,1,0,1,0,0,0,0,0,1,0,1,0,0,0,0,0
37,0,0,4123,10.6,1,3,3,5,2,2,15,0,1,17,53,9,5,3,10,0,0,0,0.0,0,0,0.0,4123.0,0.054908486,1,10.6,3.0,1.414213562,0,1.8,9.0,2,2.944444444,0,0,0,0,10.0,2,0,1,0,0,0,0,0,0,1,0,1,0,0,1,0,0,0,0
42,3,0,4873,14.1,1,4,1,4,4,2,16,0,0,9,24,5,2,3,8,0,0,0,0.0,1,0,3.0,4873.0,0.03285968,1,3.525,2.75,1.5,0,2.5,1.25,1,2.4,0,1,1,1,2.0,2,0,1,1,0,1,0,0,0,0,0,1,0,0,1,0,0,1,0
40,8,8,9714,17.9,3,3,4,2,3,3,18,1,1,12,34,6,5,2,5,0,1,0,0.888888889,0,1,2.666666667,3238.0,0.723967961,0,1.988888889,3.0,0.816496581,0,1.2,0.666666667,1,2.615384615,0,1,0,1,0.555555556,1,0,2,1,0,0,0,0,0,0,1,1,0,0,1,0,0,1,1
47,4,3,3776,13.6,1,1,4,2,3,4,43,0,1,25,79,8,12,4,5,0,0,0,0.6,1,0,4.0,3776.0,0.002664298,1,2.72,3.25,0.957427108,0,0.666666667,1.6,1,3.038461538,1,-3,0,0,1.0,2,0,1,1,0,1,0,0,0,0,0,1,0,0,0,1,0,0,0
35,3,1,8984,18.0,2,4,3,3,3,3,35,1,0,5,12,7,9,3,8,0,0,0,0.25,1,0,1.5,4492.0,0.638632163,0,4.5,3.0,0.0,0,0.777777778,1.75,1,2.0,0,1,1,1,2.0,1,0,2,1,1,0,0,0,0,0,1,1,0,0,1,0,0,1,1
42,2,0,9764,18.7,4,4,5,3,2,2,35,1,0,9,23,7,2,3,4,0,1,0,0.0,1,0,0.5,2441.0,0.827371048,0,6.233333333,3.0,1.414213562,0,3.5,2.333333333,1,2.3,0,1,1,1,1.333333333,0,0,3,1,0,1,0,0,0,1,0,1,0,0,1,0,0,0,1
30,4,0,9931,11.2,3,3,4,3,3,4,16,0,1,9,39,5,9,3,4,0,1,0,0.0,1,0,1.333333333,3310.333333,0.556210113,0,2.24,3.5,0.577350269,0,0.555555556,1.0,0,3.9,0,0,0,0,0.8,0,0,2,1,1,0,0,1,0,0,0,1,0,1,0,0,0,0,0
37,6,4,9774,13.9,3,3,3,5,2,4,43,1,0,4,14,4,3,3,8,0,1,0,0.571428571,1,1,2.0,3258.0,0.538782523,0,1.985714286,3.5,1.290994449,0,1.333333333,0.571428571,0,2.8,0,0,0,0,1.142857143,2,0,2,1,0,1,0,1,0,0,0,1,0,0,1,0,0,1,0
43,16,12,13753,7.7,5,1,2,3,2,4,47,0,1,22,88,3,11,2,6,0,1,0,0.705882353,1,1,3.2,2750.6,0.986019737,0,0.452941176,2.75,0.957427108,0,0.272727273,0.176470588,1,3.826086957,1,-1,0,0,0.352941176,2,0,3,1,0,1,1,0,0,0,0,1,0,0,1,0,0,0,0
44,2,1,7703,11.1,2,3,5,4,1,4,11,1,0,3,6,5,7,2,4,0,1,0,0.333333333,1,0,1.0,3851.5,0.58985025,0,3.7,3.5,1.732050808,0,0.714285714,1.666666667,0,1.5,0,1,0,1,1.333333333,0,0,3,0,1,0,0,0,0,1,0,1,0,0,1,0,0,0,0
26,3,3,7602,10.9,2,3,3,4,3,3,50,1,0,19,64,3,10,4,10,0,0,0,0.75,0,0,1.5,3801.0,0.441774492,1,2.725,3.25,0.5,0,0.3,0.75,1,3.2,1,-1,0,0,2.5,3,0,3,0,1,0,0,0,0,0,1,1,0,1,0,0,0,0,0
18,0,0,7443,19.8,2,3,4,2,1,3,42,0,0,8,32,5,8,3,2,0,1,0,0.0,0,0,0.0,3721.5,0.416820702,1,19.8,2.5,1.290994449,0,0.625,5.0,1,3.555555556,0,0,0,0,2.0,1,0,3,0,1,0,0,0,0,0,1,1,0,0,0,0,0,0,0
24,3,1,10581,9.0,3,3,3,2,3,3,63,0,0,13,51,4,7,4,6,0,1,0,0.25,1,0,1.0,3527.0,0.847345133,0,2.25,2.75,0.5,0,0.571428571,1.0,1,3.642857143,0,-1,0,0,1.5,0,0,4,0,0,1,0,0,1,0,0,1,0,0,0,0,0,0,0
41,2,2,8815,20.0,2,3,3,3,3,4,55,0,1,13,37,2,16,3,3,0,0,0,0.666666667,0,0,1.0,4407.5,0.412125675,1,6.666666667,3.25,0.5,0,0.125,0.666666667,0,2.642857143,0,0,0,0,1.0,1,0,2,0,0,1,0,1,0,0,0,1,0,0,1,0,0,0,0
18,0,0,9495,15.2,2,4,2,3,2,3,29,0,0,1,5,5,8,4,4,0,0,0,0.0,0,0,0.0,4747.5,0.498281787,1,15.2,2.5,0.577350269,0,0.625,5.0,1,2.5,0,0,1,0,4.0,1,0,2,0,0,0,0,1,0,0,0,0,1,0,0,0,0,0,0
31,2,1,10636,12.8,2,1,4,4,3,3,35,0,1,6,17,5,6,4,3,0,0,0,0.333333333,1,0,1.0,5318.0,0.64113893,0,4.266666667,3.5,0.577350269,0,0.833333333,1.666666667,1,2.428571429,0,-3,0,0,1.0,0,0,4,0,0,1,0,1,0,0,0,1,0,1,0,0,0,0,0
25,2,0,10283,10.3,3,3,3,3,3,2,19,0,0,32,71,3,7,4,6,0,1,0,0.0,1,0,0.666666667,3427.666667,0.862312812,0,3.433333333,2.75,0.5,0,0.428571429,1.0,1,2.151515152,1,-1,0,0,2.0,1,0,3,1,1,0,0,0,0,1,0,1,0,1,0,0,0,0,0
43,6,1,7045,15.4,1,3,4,5,5,2,45,1,0,7,21,5,6,5,7,0,1,0,0.142857143,1,0,6.0,7045.0,0.559210526,0,2.2,4.0,1.414213562,0,0.833333333,0.714285714,1,2.625,0,-2,0,0,1.0,0,0,4,0,1,0,1,0,0,0,0,1,0,0,1,0,0,0,0
41,12,8,14972,20.7,4,4,3,2,2,3,62,0,0,23,60,4,8,3,3,1,1,0,0.615384615,1,0,3.0,3743.0,0.972273567,0,1.592307692,2.5,0.577350269,0,0.5,0.307692308,0,2.5,0,1,1,1,0.230769231,0,0,3,1,0,1,0,0,0,0,1,1,0,0,1,0,0,0,0
38,3,0,12485,22.1,3,2,4,3,2,4,14,0,1,15,41,2,9,3,5,0,1,0,0.0,1,0,1.0,4161.666667,0.861456483,0,5.525,3.25,0.957427108,0,0.222222222,0.5,0,2.5625,0,-1,0,0,1.25,0,0,4,1,1,0,0,0,0,0,0,1,0,0,1,0,0,0,0
24,6,2,7449,17.4,2,3,2,4,3,4,67,1,0,4,15,5,15,3,8,0,1,0,0.285714286,1,0,3.0,3724.5,0.226926853,1,2.485714286,3.25,0.957427108,0,0.333333333,0.714285714,2,3.0,0,0,0,0,1.142857143,2,0,1,1,1,0,0,1,0,0,0,0,1,0,0,0,0,1,1
29,3,0,2871,17.7,1,4,2,2,1,3,31,1,0,17,46,1,10,1,10,0,0,0,0.0,1,0,3.0,2871.0,0.014802632,1,4.425,2.0,0.816496581,1,0.1,0.25,1,2.555555556,0,3,1,1,2.5,3,1,1,0,0,0,1,0,0,0,0,1,0,1,0,0,0,1,1
21,3,3,6526,13.3,2,3,4,4,5,5,80,0,0,11,39,7,15,3,2,0,0,0,0.75,0,0,1.5,3263.0,0.188277087,1,3.325,4.5,0.577350269,0,0.466666667,1.75,1,3.25,0,0,0,0,0.5,1,0,2,0,1,0,0,0,0,0,0,1,0,0,0,0,0,0,0
34,0,0,7638,13.4,2,3,3,2,4,2,52,0,1,25,83,4,9,4,5,0,1,0,0.0,0,0,0.0,3819.0,0.448398028,1,13.4,2.75,0.957427108,0,0.444444444,4.0,1,3.192307692,1,-1,0,0,5.0,2,0,3,0,0,1,0,0,0,0,1,1,0,1,0,0,0,0,0
36,11,9,8731,18.9,3,3,1,2,4,4,60,0,0,29,83,9,10,1,4,0,1,0,0.75,1,1,3.666666667,2910.333333,0.605360444,0,1.575,2.75,1.5,0,0.9,0.75,1,2.766666667,1,2,0,1,0.333333333,2,0,2,0,1,0,0,0,0,0,1,1,0,0,1,0,0,0,0
50,1,0,6668,18.3,2,5,2,3,5,2,50,0,0,16,52,3,5,4,8,0,0,1,0.0,1,0,0.5,3334.0,0.133284242,1,9.15,3.0,1.414213562,0,0.6,1.5,1,3.058823529,0,1,1,1,4.0,2,0,1,0,1,0,0,1,0,0,0,1,0,0,0,1,0,0,0
31,5,5,9365,19.5,3,4,1,4,1,4,12,1,1,12,48,6,11,2,6,0,1,0,0.833333333,0,1,1.666666667,3121.666667,0.832236842,0,3.25,2.5,1.732050808,0,0.545454545,1.0,2,3.692307692,0,2,1,1,1.0,1,0,3,0,1,0,1,0,0,0,0,1,0,1,0,0,0,1,1
35,6,2,5198,18.3,2,3,3,4,3,3,41,0,0,3,11,6,12,4,2,0,0,0,0.285714286,1,0,3.0,2599.0,0.219161184,1,2.614285714,3.25,0.5,0,0.5,0.857142857,0,2.75,0,-1,0,0,0.285714286,1,0,1,0,0,1,1,0,0,0,0,1,0,0,1,0,0,0,0
45,1,1,5382,17.5,1,3,5,2,4,3,18,0,0,23,74,1,9,5,4,0,1,0,0.5,0,0,1.0,5382.0,0.158185841,1,8.75,3.5,1.290994449,0,0.111111111,0.5,1,3.083333333,1,-2,0,0,2.0,2,0,2,0,0,1,0,0,1,0,0,0,1,0,0,1,0,0,0
39,4,3,5960,14.4,2,4,1,5,3,2,63,0,0,15,61,6,3,2,3,0,1,0,0.6,1,0,2.0,2980.0,0.123889876,1,2.88,2.75,1.707825128,0,2.0,1.2,0,3.8125,1,2,1,1,0.6,2,0,1,0,0,1,0,0,0,0,0,1,0,0,1,0,0,0,0
33,10,5,9401,15.2,2,3,2,5,4,2,44,0,0,9,31,3,9,4,4,0,1,0,0.454545455,1,1,5.0,4700.5,0.487113402,1,1.381818182,3.25,1.5,0,0.333333333,0.272727273,1,3.1,0,-1,0,0,0.363636364,2,0,2,1,0,0,0,1,0,0,0,0,1,1,0,0,0,0,0
18,0,0,8165,23.2,2,4,1,3,4,3,45,0,1,19,76,3,12,3,6,0,0,0,0.0,0,0,0.0,4082.5,0.595685841,0,23.2,2.75,1.258305739,0,0.25,3.0,0,3.8,1,1,1,1,6.0,1,0,3,0,0,0,0,0,1,0,0,0,0,0,0,0,0,0,0
44,4,4,5132,14.0,1,4,5,2,3,2,57,1,1,9,34,4,13,3,9,0,0,0,0.8,0,1,4.0,5132.0,0.098582871,1,2.8,3.0,1.414213562,0,0.307692308,0.8,0,3.4,0,1,1,1,1.8,3,0,2,0,0,0,0,0,0,0,1,1,0,0,1,0,0,1,0
37,0,0,3826,11.2,1,3,2,1,4,3,33,0,0,11,45,2,9,2,6,0,0,0,0.0,0,0,0.0,3826.0,0.065789474,1,11.2,2.5,1.290994449,0,0.222222222,2.0,2,3.75,0,1,0,1,6.0,1,0,1,0,0,1,1,0,0,0,0,1,0,0,1,0,0,0,0
42,6,0,10283,12.4,3,2,3,2,4,2,43,1,0,28,114,4,4,3,8,0,1,0,0.0,1,0,2.0,3427.666667,0.696714032,0,1.771428571,2.75,0.957427108,0,1.0,0.571428571,0,3.931034483,1,-1,0,0,1.142857143,2,0,2,1,1,0,0,0,0,0,0,1,0,0,1,0,0,1,1
23,3,1,7190,14.5,2,3,2,3,3,3,52,0,1,25,60,4,14,3,4,0,0,0,0.25,1,0,1.5,3595.0,0.371534196,1,3.625,2.75,0.5,0,0.285714286,1.0,1,2.307692308,0,0,0,0,1.0,1,0,2,0,1,0,0,0,0,0,1,1,0,0,0,0,0,0,0
48,5,5,11190,17.7,4,3,5,3,3,4,18,1,0,14,47,5,4,4,10,0,1,0,0.833333333,0,1,1.25,2797.5,0.853357979,0,2.95,3.75,0.957427108,0,1.25,0.833333333,0,3.133333333,0,-1,0,0,1.666666667,2,0,1,1,1,0,0,0,0,0,1,1,0,0,0,1,0,1,1
46,9,2,17019,12.6,4,3,5,4,2,4,25,1,0,13,18,2,8,4,11,0,1,0,0.2,1,0,2.25,4254.75,0.965881198,0,1.26,3.75,1.258305739,0,0.25,0.2,2,1.285714286,0,-1,0,0,1.1,1,0,3,1,0,0,0,1,0,0,0,1,0,0,0,1,0,1,1
36,2,2,8758,14.9,3,2,5,2,4,2,23,1,1,19,62,4,10,3,8,0,1,0,0.666666667,0,0,0.666666667,2919.333333,0.608595194,0,4.966666667,3.25,1.5,0,0.4,1.333333333,1,3.1,1,-1,0,0,2.666666667,2,0,2,1,1,0,0,0,0,0,1,1,0,0,1,0,0,1,1
32,1,1,7105,21.0,2,4,2,3,2,3,17,0,1,19,91,3,10,4,7,0,0,0,0.5,0,0,0.5,3552.5,0.492928453,1,10.5,2.5,0.577350269,0,0.3,1.5,0,4.55,1,0,1,0,3.5,2,0,3,0,0,1,0,0,0,1,0,1,0,1,0,0,0,0,0
51,8,1,15112,14.0,4,3,3,3,4,3,17,0,0,9,15,3,2,4,4,0,1,1,0.111111111,1,0,2.0,3778.0,0.927835052,0,1.555555556,3.25,0.5,0,1.5,0.333333333,2,1.5,0,-1,0,0,0.444444444,0,0,3,1,1,0,0,1,0,0,0,1,0,0,0,1,0,0,0
33,3,3,6672,17.4,3,3,4,4,2,3,28,0,0,14,44,4,5,2,7,0,1,0,0.75,0,0,1.0,2224.0,0.492598684,1,4.35,3.25,0.957427108,0,0.8,1.0,2,2.933333333,0,1,0,1,1.75,1,0,2,0,1,0,1,0,0,0,0,1,0,1,0,0,0,0,0
48,1,1,4064,12.4,1,3,3,2,5,3,0,1,0,18,59,1,9,4,6,0,0,0,0.5,0,0,1.0,4064.0,0.042588496,1,6.2,3.25,1.258305739,0,0.111111111,0.5,0,3.105263158,0,-1,0,0,3.0,1,0,1,1,1,0,0,0,1,0,0,1,0,0,0,1,0,0,0
33,9,1,7537,7.4,2,3,2,1,3,3,20,1,0,12,50,4,13,3,7,0,0,0,0.1,1,0,4.5,3768.5,0.564475874,0,0.74,2.25,0.957427108,1,0.307692308,0.4,0,3.846153846,0,0,0,0,0.7,1,1,2,0,1,0,0,0,0,1,0,1,0,1,0,0,0,1,0
26,2,2,9675,11.1,3,3,4,2,4,2,36,1,1,22,78,4,2,3,9,0,1,0,0.666666667,0,0,0.666666667,3225.0,0.523564065,0,3.7,3.0,1.154700538,0,2.0,1.333333333,1,3.391304348,1,0,0,0,3.0,2,0,2,1,0,1,0,1,0,0,0,0,1,1,0,0,0,1,1
33,2,1,5739,13.0,2,2,3,3,3,3,25,0,1,5,18,6,3,2,9,0,1,0,0.333333333,1,0,1.0,2869.5,0.20630531,1,4.333333333,3.0,0.0,0,2.0,2.0,0,3.0,0,0,0,0,3.0,2,0,1,0,1,0,0,0,1,0,0,0,0,1,0,0,0,0,0
28,2,1,6243,16.3,1,4,4,2,3,3,46,0,1,11,38,6,7,2,4,0,0,0,0.333333333,1,0,2.0,6243.0,0.34172213,1,5.433333333,3.0,0.816496581,0,0.857142857,2.0,2,3.166666667,0,2,1,1,1.333333333,1,0,3,1,0,0,0,0,0,1,0,1,0,1,0,0,0,0,0
34,4,3,7356,11.5,1,3,4,4,5,4,16,1,0,10,34,2,2,5,6,0,0,0,0.6,1,0,4.0,7356.0,0.400955022,1,2.3,4.25,0.5,0,1.0,0.4,0,3.090909091,0,-2,0,0,1.2,1,0,2,1,1,0,0,0,0,0,1,1,0,1,0,0,0,0,0
41,1,1,3434,5.4,1,2,4,4,3,4,31,0,0,9,23,3,8,1,7,0,0,0,0.5,0,0,1.0,3434.0,0.013274336,1,2.7,3.75,0.5,0,0.375,1.5,1,2.3,0,1,0,1,3.5,1,0,1,1,1,0,0,0,1,0,0,1,0,0,1,0,0,0,0
28,7,5,7517,14.0,3,5,2,2,4,4,71,0,1,26,107,5,2,4,0,1,1,0,0.625,1,0,2.333333333,2505.666667,0.630756579,0,1.75,3.0,1.154700538,0,2.5,0.625,1,3.962962963,1,1,1,1,0.0,1,0,1,1,0,0,1,0,0,0,0,0,0,1,0,0,0,0,0
42,4,3,6599,13.0,2,3,3,1,1,3,1,0,0,23,74,5,5,1,4,0,1,0,0.6,1,0,2.0,3299.5,0.400374376,1,2.6,2.0,1.154700538,1,1.0,1.0,1,3.083333333,1,2,0,1,0.8,3,0,2,0,0,1,0,0,0,1,0,1,0,0,1,0,0,0,0
27,1,1,5991,16.0,2,4,2,3,4,3,54,1,1,17,57,2,12,4,2,0,0,0,0.5,0,0,0.5,2995.5,0.307612313,1,8.0,3.0,0.816496581,0,0.166666667,1.0,0,3.166666667,0,0,1,0,1.0,1,0,2,1,1,0,0,0,0,1,0,1,0,1,0,0,0,0,0
21,3,2,5324,13.8,1,3,2,1,4,4,13,1,0,19,53,3,2,3,8,0,1,0,0.5,1,0,3.0,5324.0,0.117991374,1,3.45,2.75,1.5,0,1.5,0.75,0,2.65,0,0,0,0,2.0,2,0,2,0,0,0,0,0,0,0,1,1,0,0,0,0,0,0,1
53,4,2,9029,17.6,2,5,3,1,2,4,60,0,1,13,54,9,7,3,9,0,0,1,0.4,1,0,2.0,4514.5,0.442439863,1,3.52,2.5,1.290994449,0,1.285714286,1.8,2,3.857142857,0,2,1,1,1.8,2,0,2,1,1,0,0,1,0,0,0,1,0,0,0,1,0,1,0
26,1,0,6068,15.6,3,3,3,2,5,3,53,0,1,1,5,3,10,4,7,0,1,0,0.0,1,0,0.333333333,2022.666667,0.245575221,1,7.8,3.25,1.258305739,0,0.3,1.5,2,2.5,0,-1,0,0,3.5,1,0,1,0,0,0,0,0,1,0,0,1,0,1,0,0,0,0,0
41,0,0,4174,15.2,1,3,2,5,3,4,44,0,1,7,19,2,6,3,7,0,0,0,0.0,0,0,0.0,4174.0,0.006136475,1,15.2,3.5,1.290994449,0,0.333333333,2.0,0,2.375,0,0,0,0,7.0,1,0,2,1,1,0,0,1,0,0,0,1,0,0,1,0,0,0,0
37,1,0,7688,10.7,2,3,2,4,4,2,50,0,1,43,147,2,13,4,4,0,1,0,0.0,1,0,0.5,3844.0,0.455945779,1,5.35,3.0,1.154700538,0,0.153846154,1.0,1,3.340909091,1,-1,0,0,2.0,2,0,2,1,0,1,0,0,0,0,1,1,0,0,1,0,0,0,0
39,3,2,8012,9.5,3,2,2,2,1,1,38,0,1,54,150,2,4,3,4,0,1,0,0.5,1,0,1.0,2670.666667,0.504004929,0,2.375,1.5,0.577350269,1,0.5,0.5,0,2.727272727,1,-1,0,0,1.0,2,0,2,0,0,1,0,0,0,0,1,1,0,0,1,0,0,0,0
46,4,4,7614,17.4,1,3,4,2,3,4,74,0,1,24,94,3,9,3,4,0,0,0,0.8,0,1,4.0,7614.0,0.444393099,1,3.48,3.25,0.957427108,0,0.333333333,0.6,1,3.76,1,0,0,0,0.8,3,0,4,0,1,0,0,0,0,0,1,1,0,0,0,1,0,0,0
26,2,2,5638,12.3,1,3,3,3,4,4,38,0,0,13,51,2,4,3,5,0,1,0,0.666666667,0,0,2.0,5638.0,0.051546392,1,4.1,3.5,0.577350269,0,0.5,0.666666667,1,3.642857143,0,0,0,0,1.666666667,1,0,1,1,0,1,0,1,0,0,0,1,0,1,0,0,0,0,0
29,3,1,11200,15.5,4,4,5,4,4,3,29,1,0,28,87,1,9,5,2,0,1,0,0.25,1,0,0.75,2800.0,0.854282193,0,3.875,4.0,0.816496581,0,0.111111111,0.25,0,3.0,1,-1,1,0,0.5,1,0,2,0,1,0,0,0,0,0,1,1,0,1,0,0,0,0,0
39,5,5,7533,19.5,2,4,5,2,4,3,50,1,0,7,22,1,11,4,9,0,0,0,0.833333333,0,1,2.5,3766.5,0.238217968,1,3.25,3.5,1.290994449,0,0.090909091,0.166666667,1,2.75,0,0,1,0,1.5,3,0,1,1,0,1,0,1,0,0,0,1,0,0,1,0,0,0,1
36,6,1,11922,16.1,4,3,3,2,1,4,22,1,0,6,26,1,14,2,5,0,1,0,0.142857143,1,0,1.5,2980.5,0.825488455,0,2.3,2.5,1.290994449,0,0.071428571,0.142857143,1,3.714285714,0,1,0,1,0.714285714,0,0,2,0,1,0,0,0,0,0,0,1,0,0,1,0,0,1,0
35,4,0,8096,13.8,3,3,5,2,2,3,31,1,0,4,12,2,8,1,7,0,1,0,0.0,1,0,1.333333333,2698.666667,0.7109375,0,2.76,3.0,1.414213562,0,0.25,0.4,1,2.4,0,2,0,1,1.4,0,0,3,1,0,1,1,0,0,0,0,1,0,0,1,0,0,0,0
29,1,1,7197,11.7,1,4,2,4,2,3,2,0,0,7,28,6,10,3,4,0,0,0,0.5,0,0,1.0,7197.0,0.27553286,1,5.85,2.75,0.957427108,0,0.6,3.0,1,3.5,0,1,1,1,2.0,1,0,2,1,1,0,0,0,0,0,0,1,0,1,0,0,0,0,0
31,0,0,6649,17.8,1,3,4,3,5,5,41,0,0,6,24,6,14,5,5,0,1,0,0.0,0,0,0.0,6649.0,0.201376554,1,17.8,4.25,0.957427108,0,0.428571429,6.0,0,3.428571429,0,-2,0,0,5.0,1,0,3,1,0,1,0,0,0,0,0,1,0,1,0,0,0,0,0
50,13,2,9590,9.0,3,1,3,3,5,3,26,0,0,4,10,3,13,3,2,0,1,1,0.142857143,1,0,4.333333333,3196.666667,0.715033888,0,0.642857143,3.5,1.0,0,0.230769231,0.214285714,0,2.0,0,-2,0,0,0.142857143,0,0,2,0,1,0,0,0,0,0,1,0,1,0,0,1,0,0,0
43,2,2,7112,15.1,2,4,5,4,5,1,24,1,0,32,107,6,5,5,9,0,0,0,0.666666667,0,0,1.0,3556.0,0.356746765,1,5.033333333,3.75,1.892969449,0,1.2,2.0,1,3.242424242,1,-1,1,0,3.0,3,0,2,0,1,0,0,0,0,0,1,0,1,0,1,0,0,1,1
40,7,2,9214,14.0,3,4,2,4,4,3,32,0,0,54,150,2,16,3,4,0,1,0,0.25,1,0,2.333333333,3071.333333,0.563055062,0,1.75,3.25,0.957427108,0,0.125,0.25,1,2.727272727,1,1,1,1,0.5,1,0,2,0,0,1,0,0,0,0,0,1,0,0,1,0,0,0,0
48,9,8,9133,13.2,3,3,3,4,4,3,51,0,0,6,21,11,2,3,4,0,1,0,0.8,1,1,3.0,3044.333333,0.811677632,0,1.32,3.5,0.577350269,0,5.5,1.1,1,3.0,0,0,0,0,0.4,1,0,2,0,1,0,1,0,0,0,0,1,0,0,0,1,0,0,0
32,2,1,7200,15.8,2,3,3,3,2,5,22,0,0,6,19,3,8,4,6,0,0,0,0.333333333,1,0,1.0,3600.0,0.441924779,1,5.266666667,3.25,1.258305739,0,0.375,1.0,2,2.714285714,0,-1,0,0,2.0,1,0,2,1,0,1,0,0,1,0,0,1,0,1,0,0,0,0,0
32,3,3,8101,11.6,2,2,2,2,2,3,77,0,0,20,85,7,11,4,5,0,0,0,0.75,0,0,1.5,4050.5,0.649750416,0,2.9,2.25,0.5,1,0.636363636,1.75,1,4.047619048,1,-2,0,0,1.25,2,0,2,0,0,1,0,0,0,1,0,0,1,1,0,0,0,0,0
42,1,1,10275,18.1,3,3,4,4,4,3,0,1,0,9,38,5,7,5,7,0,1,0,0.5,0,0,0.333333333,3425.0,0.696269982,0,9.05,3.75,0.5,0,0.714285714,2.5,0,3.8,0,-2,0,0,3.5,0,0,3,1,1,0,0,0,0,0,0,1,0,0,1,0,0,0,0
38,8,2,9594,9.7,3,2,1,4,3,1,45,1,0,13,51,1,7,3,4,0,1,0,0.222222222,1,0,2.666666667,3198.0,0.715958102,0,1.077777778,2.25,1.5,1,0.142857143,0.111111111,0,3.642857143,0,-1,0,0,0.444444444,1,1,2,1,1,0,0,0,0,0,1,0,1,0,1,0,0,1,0
19,1,1,7174,14.7,2,2,2,2,4,4,40,0,0,12,37,1,11,4,7,0,1,0,0.5,0,0,0.5,3587.0,0.436946903,1,7.35,3.0,1.154700538,0,0.090909091,0.5,2,2.846153846,0,-2,0,0,3.5,1,0,2,1,0,1,0,0,1,0,0,0,0,0,0,0,0,0,0
60,8,1,11163,15.7,4,4,3,5,1,3,12,0,1,46,131,4,9,2,4,0,1,1,0.111111111,1,0,2.0,2790.75,0.850893407,0,1.744444444,3.0,1.632993162,0,0.444444444,0.444444444,1,2.787234043,1,2,1,1,0.444444444,1,0,2,1,0,1,0,0,0,0,1,1,0,0,0,0,1,0,0
43,2,2,7144,12.4,2,3,4,3,4,4,1,1,1,3,9,3,7,2,6,0,0,0,0.666666667,0,0,1.0,3572.0,0.578125,0,4.133333333,3.75,0.5,0,0.428571429,1.0,0,2.25,0,1,0,1,2.0,0,0,3,0,1,0,1,0,0,0,0,1,0,0,1,0,0,0,0
35,1,1,7114,13.6,2,3,2,2,3,4,39,1,1,5,15,4,8,4,7,0,1,0,0.5,0,0,0.5,3557.0,0.183603338,1,6.8,2.75,0.957427108,0,0.5,2.0,1,2.5,0,-1,0,0,3.5,1,0,1,1,1,0,0,1,0,0,0,1,0,0,1,0,0,0,0
55,3,1,7207,13.0,1,4,3,2,3,4,48,0,1,6,17,8,3,4,5,0,0,1,0.25,1,0,3.0,7207.0,0.512479201,0,3.25,3.0,0.816496581,0,2.666666667,2.0,2,2.428571429,0,0,1,0,1.25,0,0,3,1,0,0,0,0,0,1,0,1,0,0,0,0,1,0,0
39,2,1,9735,17.7,2,4,5,2,4,2,59,1,0,13,26,5,10,4,12,0,1,0,0.333333333,1,0,1.0,4867.5,0.533382425,0,5.9,3.25,1.5,0,0.5,1.666666667,2,1.857142857,0,0,1,0,4.0,1,0,2,0,0,1,0,1,0,0,0,1,0,0,1,0,0,1,1
39,2,1,6968,15.8,3,2,4,3,1,3,14,0,0,4,9,4,10,3,6,0,1,0,0.333333333,1,0,0.666666667,2322.666667,0.468801997,1,5.266666667,2.75,1.258305739,0,0.4,1.333333333,1,1.8,0,-1,0,0,2.0,1,0,2,1,0,0,0,0,0,1,0,1,0,0,1,0,0,0,0
31,5,0,6623,6.1,2,1,2,2,1,2,51,0,1,14,50,3,14,4,5,0,1,0,0.0,1,0,2.5,3311.5,0.284349969,1,1.016666667,1.75,0.5,1,0.214285714,0.5,0,3.333333333,0,-3,0,0,0.833333333,2,0,2,1,1,0,0,0,0,0,1,0,1,1,0,0,0,0,0
33,1,1,6566,17.2,1,4,4,1,4,4,8,0,1,3,11,5,2,2,3,0,1,0,0.5,0,0,1.0,6566.0,0.121993127,1,8.6,3.25,1.5,0,2.5,2.5,2,2.75,0,2,1,1,1.5,1,0,2,1,1,0,0,1,0,0,0,1,0,1,0,0,0,0,0
51,7,4,10671,12.3,3,1,1,4,2,3,43,0,1,18,48,3,2,5,7,0,1,1,0.5,1,1,2.333333333,3557.0,0.644084438,0,1.5375,2.5,1.290994449,0,1.5,0.375,1,2.526315789,0,-4,0,0,0.875,1,0,2,1,0,1,0,1,0,0,0,1,0,0,0,1,0,0,0
38,2,2,4031,14.0,1,4,3,1,3,2,0,1,0,5,16,4,10,3,8,0,0,0,0.666666667,0,0,2.0,4031.0,0.040376106,1,4.666666667,2.25,0.957427108,1,0.4,1.333333333,0,2.666666667,0,1,1,1,2.666666667,3,1,2,1,1,0,0,0,1,0,0,1,0,0,1,0,0,1,0
37,1,1,8899,17.6,2,3,3,2,3,3,47,0,0,13,44,4,9,3,4,0,0,0,0.5,0,0,0.5,4449.5,0.421698576,1,8.8,2.75,0.5,0,0.444444444,2.0,0,3.142857143,0,0,0,0,2.0,1,0,2,1,0,1,0,1,0,0,0,1,0,0,1,0,0,0,0
35,17,4,9459,18.2,4,4,3,2,5,2,40,1,0,12,45,8,12,4,6,1,1,0,0.222222222,1,0,4.25,2364.75,0.753318584,0,1.011111111,3.0,1.414213562,0,0.666666667,0.444444444,0,3.461538462,0,0,1,0,0.333333333,0,0,1,0,1,0,0,0,1,0,0,1,0,0,1,0,0,0,0
34,1,1,7977,19.3,2,4,3,4,2,4,81,1,1,11,13,3,8,5,6,0,1,0,0.5,0,0,0.5,3988.5,0.292832597,1,9.65,3.25,0.957427108,0,0.375,1.5,0,1.083333333,0,-1,1,0,3.0,1,0,2,1,0,1,0,1,0,0,0,1,0,1,0,0,0,0,0
49,2,2,6139,15.3,1,4,4,3,5,2,60,1,0,34,146,2,14,1,8,0,0,0,0.666666667,0,0,2.0,6139.0,0.254977876,1,5.1,3.5,1.290994449,0,0.142857143,0.666666667,1,4.171428571,1,3,1,1,2.666666667,3,0,2,1,1,0,0,0,1,0,0,1,0,0,0,1,0,0,1
32,3,1,7025,19.8,1,4,3,3,5,3,59,0,0,29,91,6,10,3,4,0,0,0,0.25,1,0,3.0,7025.0,0.477953411,1,4.95,3.5,1.0,0,0.6,1.5,1,3.033333333,1,1,1,1,1.0,2,0,2,1,0,0,0,0,0,1,0,1,0,1,0,0,0,0,0
38,2,1,4355,11.5,1,3,4,3,2,4,34,1,0,17,59,3,11,3,8,0,0,0,0.333333333,1,0,2.0,4355.0,0.117598684,1,3.833333333,3.25,0.957427108,0,0.272727273,1.0,0,3.277777778,0,0,0,0,2.666666667,2,0,1,0,1,0,1,0,0,0,0,1,0,0,1,0,0,0,1
43,8,6,9905,14.4,3,1,4,4,1,5,27,0,1,12,49,8,15,1,6,0,1,0,0.666666667,1,1,2.666666667,3301.666667,0.742452249,0,1.6,3.5,1.732050808,0,0.533333333,0.888888889,0,3.769230769,0,0,0,0,0.666666667,1,0,2,1,1,0,0,0,0,0,1,1,0,0,1,0,0,0,0
42,1,0,9745,15.8,2,5,3,3,4,3,0,1,0,1,5,6,6,3,3,0,0,0,0.0,1,0,0.5,4872.5,0.63410302,0,7.9,3.25,0.5,0,1.0,3.0,2,2.5,0,2,1,1,1.5,0,0,3,0,1,0,0,0,0,0,0,1,0,0,1,0,0,1,1
34,6,0,7568,16.9,3,4,3,4,3,5,31,1,0,6,14,7,8,3,2,1,1,0,0.0,1,0,2.0,2522.666667,0.634046053,0,2.414285714,3.75,0.957427108,0,0.875,1.0,0,2.0,0,1,1,1,0.285714286,0,0,1,0,0,1,1,0,0,0,0,1,0,1,0,0,0,0,0
31,13,9,12107,13.2,3,3,1,3,1,3,39,1,1,59,97,4,8,4,5,0,1,0,0.642857143,1,1,4.333333333,4035.666667,0.780068729,0,0.942857143,2.0,1.154700538,1,0.5,0.285714286,2,1.616666667,1,-1,0,0,0.357142857,3,1,2,0,1,0,0,1,0,0,0,0,1,1,0,0,0,1,1
45,3,2,8703,15.0,2,3,1,5,2,2,39,0,1,21,70,2,9,3,6,0,1,0,0.5,1,0,1.5,4351.5,0.396661757,1,3.75,2.5,1.732050808,0,0.222222222,0.5,1,3.181818182,1,0,0,0,1.5,2,0,2,1,1,0,0,1,0,0,0,1,0,0,0,1,0,0,0
36,3,3,8345,16.0,3,4,4,3,3,3,36,0,1,18,54,3,5,2,6,0,1,0,0.75,0,0,1.0,2781.666667,0.68781198,0,4.0,3.25,0.5,0,0.6,0.75,1,2.842105263,0,2,1,1,1.5,0,0,2,1,1,0,0,0,0,1,0,1,0,0,1,0,0,0,0
32,1,1,6892,14.7,2,3,2,1,5,4,32,0,0,22,76,4,5,3,1,0,0,0,0.5,0,0,0.5,3446.0,0.23268206,1,7.35,3.0,1.825741858,0,0.8,2.0,2,3.304347826,1,0,0,0,0.5,2,0,2,0,1,0,0,0,0,0,0,0,0,1,0,0,0,0,0
49,7,4,10324,16.0,3,3,3,3,3,5,49,0,1,2,7,1,11,4,2,0,1,0,0.5,1,1,2.333333333,3441.333333,0.701820604,0,2.0,3.5,1.0,0,0.090909091,0.125,1,2.333333333,0,-1,0,0,0.25,1,0,2,1,0,0,0,0,0,0,0,0,0,0,0,1,0,0,0
45,24,15,19693,17.7,5,3,5,3,4,3,0,0,0,7,9,5,4,4,2,0,1,0,0.6,1,1,4.8,3938.6,0.994354443,0,0.708,3.75,0.957427108,0,1.25,0.2,1,1.125,0,-1,0,0,0.08,1,0,3,1,1,0,0,1,0,0,0,1,0,0,0,1,0,0,0
42,2,1,7267,12.0,2,1,3,2,4,3,9,0,1,8,29,4,3,5,4,0,0,0,0.333333333,1,0,1.0,3633.5,0.597039474,0,4.0,3.0,0.816496581,0,1.333333333,1.333333333,1,3.222222222,0,-4,0,0,1.333333333,0,0,2,1,0,1,1,0,0,0,0,1,0,0,1,0,0,0,0
31,3,1,4730,16.6,1,3,4,2,5,3,29,0,0,5,12,4,2,3,11,0,0,0,0.25,1,0,3.0,4730.0,0.014727541,1,4.15,3.5,1.290994449,0,2.0,1.0,1,2.0,0,0,0,0,2.75,2,0,1,0,0,0,0,1,0,0,0,1,0,1,0,0,0,0,0
52,3,1,10651,16.1,2,5,2,4,5,4,56,0,0,9,30,1,9,3,4,0,0,1,0.25,1,0,1.5,5325.5,0.641875307,0,4.025,3.75,1.258305739,0,0.111111111,0.25,2,3.0,0,2,1,1,1.0,0,0,3,1,1,0,0,1,0,0,0,1,0,0,0,1,0,0,0
47,2,1,6473,12.4,2,3,4,1,5,2,42,0,0,6,20,7,8,3,3,0,0,0,0.333333333,1,0,1.0,3236.5,0.264017252,1,4.133333333,3.0,1.825741858,0,0.875,2.333333333,0,2.857142857,0,0,0,0,1.0,1,0,1,1,0,0,0,0,0,0,1,1,0,0,0,1,0,0,0
50,4,4,8120,16.9,1,3,2,3,3,4,36,0,1,7,20,3,14,4,7,0,0,1,0.8,0,1,4.0,8120.0,0.316151203,1,3.38,3.0,0.816496581,0,0.214285714,0.6,0,2.5,0,-1,0,0,1.4,2,0,2,1,0,1,0,1,0,0,0,1,0,0,0,1,0,0,0
35,2,2,5496,17.2,2,3,3,4,5,3,53,0,1,10,34,4,2,4,8,0,0,0,0.666666667,0,0,1.0,2748.0,0.175884956,1,5.733333333,3.75,0.957427108,0,2.0,1.333333333,1,3.090909091,0,-1,0,0,2.666666667,2,0,1,1,1,0,0,0,1,0,0,1,0,0,1,0,0,0,0
36,9,5,8511,9.7,3,4,3,2,3,5,43,1,0,13,36,5,5,3,7,1,1,0,0.5,1,0,3.0,2837.0,0.707154742,0,0.97,3.25,1.258305739,0,1.0,0.5,1,2.571428571,0,1,1,1,0.7,0,0,2,0,0,0,0,0,0,1,0,1,0,0,1,0,0,0,1
45,5,0,5196,6.3,1,2,5,4,4,1,33,1,1,5,10,2,11,5,6,0,0,0,0.0,1,0,5.0,5196.0,0.135232301,1,1.05,3.5,1.732050808,0,0.181818182,0.333333333,0,1.666666667,0,-3,0,0,1.0,1,0,2,1,1,0,0,0,1,0,0,1,0,0,0,1,0,0,0
41,6,5,11561,18.5,2,3,5,4,2,3,38,1,0,23,52,7,9,2,4,0,0,0,0.714285714,1,1,3.0,5780.5,0.736254296,0,2.642857143,3.5,1.290994449,0,0.777777778,1.0,1,2.166666667,0,1,0,1,0.571428571,1,0,4,1,0,1,0,1,0,0,0,1,0,0,1,0,0,1,1
55,16,7,9928,17.5,5,5,2,2,5,4,30,0,1,13,38,4,11,2,3,0,1,1,0.411764706,1,1,3.2,1985.6,0.875,0,1.029411765,3.25,1.5,0,0.363636364,0.235294118,0,2.714285714,0,3,1,1,0.176470588,1,0,1,1,1,0,1,0,0,0,0,1,0,0,0,0,1,0,0
44,12,10,10640,16.9,5,3,3,1,3,2,51,1,0,8,41,4,11,4,2,0,1,0,0.769230769,1,1,2.4,2128.0,0.73357016,0,1.3,2.25,0.957427108,1,0.363636364,0.307692308,0,4.555555556,0,-1,0,0,0.153846154,2,1,1,0,0,1,0,0,0,0,0,1,0,0,1,0,0,0,0
42,5,3,8278,15.1,3,3,5,1,3,2,24,0,0,14,44,3,5,5,5,0,1,0,0.5,1,0,1.666666667,2759.333333,0.546364757,0,2.516666667,2.75,1.707825128,0,0.6,0.5,2,2.933333333,0,-2,0,0,0.833333333,0,0,1,0,0,1,0,0,0,0,1,1,0,0,1,0,0,0,0
47,1,0,7357,10.9,1,4,3,1,3,2,28,0,0,12,45,3,4,3,4,0,0,0,0.0,1,0,1.0,7357.0,0.53577371,0,5.45,2.25,0.957427108,1,0.75,1.5,0,3.461538462,0,1,1,1,2.0,1,0,3,0,1,0,0,0,0,1,0,1,0,0,0,1,0,0,0
29,2,2,10024,20.5,2,5,3,4,2,3,61,0,1,7,22,2,9,1,6,0,0,0,0.666666667,0,0,1.0,5012.0,0.566273932,0,6.833333333,3.0,0.816496581,0,0.222222222,0.666666667,0,2.75,0,4,1,1,2.0,0,0,3,0,0,0,0,1,0,0,0,1,0,1,0,0,0,0,0
18,0,0,4990,12.4,1,3,3,4,4,1,34,0,0,10,29,4,10,3,3,0,0,0,0.0,0,0,0.0,4990.0,0.084411583,1,12.4,3.0,1.414213562,0,0.4,4.0,0,2.636363636,0,0,0,0,3.0,1,0,1,0,1,0,0,0,0,0,1,0,0,0,0,0,0,0,0
39,0,0,5173,25.0,1,5,4,5,5,4,9,1,1,16,57,5,8,2,4,0,0,0,0.0,0,0,0.0,5173.0,0.103512015,1,25.0,4.5,0.577350269,0,0.625,5.0,0,3.352941176,0,3,1,1,4.0,1,0,1,1,1,0,0,0,0,0,1,1,0,0,1,0,0,0,0
39,4,3,4907,14.7,2,4,2,2,4,3,40,0,0,7,21,9,3,2,3,0,0,0,0.6,1,0,2.0,2453.5,0.182154605,1,2.94,2.75,0.957427108,0,3.0,1.8,0,2.625,0,2,1,1,0.6,1,0,2,1,0,1,1,0,0,0,0,1,0,0,1,0,0,0,0
38,0,0,5875,15.3,2,4,5,1,3,3,21,0,0,27,92,1,9,3,4,0,0,0,0.0,0,0,0.0,2937.5,0.342105263,1,15.3,3.0,1.632993162,0,0.111111111,1.0,0,3.285714286,1,1,1,1,4.0,2,0,2,0,1,0,1,0,0,0,0,0,1,0,1,0,0,0,0
45,2,0,7640,12.7,2,3,2,2,4,3,22,1,0,20,73,4,10,2,9,0,0,0,0.0,1,0,1.0,3820.0,0.250368189,1,4.233333333,2.75,0.957427108,0,0.4,1.333333333,2,3.476190476,1,1,0,1,3.0,3,0,2,0,0,1,0,1,0,0,0,1,0,0,0,1,0,1,1
36,17,10,10405,14.7,4,5,3,2,2,2,23,0,1,22,69,2,11,2,5,0,1,0,0.555555556,1,1,4.25,2601.25,0.792359827,0,0.816666667,2.25,0.5,1,0.181818182,0.111111111,1,3.0,1,3,1,1,0.277777778,3,0,1,0,1,0,0,0,0,0,1,1,0,0,1,0,0,0,0
25,0,0,3595,15.7,1,4,4,4,3,2,38,0,0,16,68,6,7,4,4,0,0,0,0.0,0,0,0.0,3595.0,0.011706716,1,15.7,3.25,0.957427108,0,0.857142857,6.0,1,4.0,1,0,1,0,4.0,2,0,1,0,1,0,0,0,0,0,1,1,0,1,0,0,0,0,0
36,18,3,19028,11.3,5,3,4,5,4,1,47,0,1,21,77,4,9,2,2,0,1,0,0.157894737,1,0,3.6,3805.6,0.988463427,0,0.594736842,3.5,1.732050808,0,0.444444444,0.210526316,2,3.5,1,1,0,1,0.105263158,1,0,3,1,0,1,0,1,0,0,0,0,0,0,1,0,0,0,0
32,6,1,9443,14.4,3,4,3,3,3,2,48,0,1,12,35,4,8,3,3,0,1,0,0.142857143,1,0,2.0,3147.666667,0.750276549,0,2.057142857,2.75,0.5,0,0.5,0.571428571,2,2.692307692,0,1,1,1,0.428571429,0,0,1,0,1,0,0,0,1,0,0,1,0,1,0,0,0,0,0
41,5,2,9695,15.3,3,3,4,4,2,2,29,0,1,8,23,4,13,3,5,0,1,0,0.333333333,1,0,1.666666667,3231.666667,0.525773196,0,2.55,3.0,1.154700538,0,0.307692308,0.666666667,0,2.555555556,0,0,0,0,0.833333333,0,0,2,0,0,0,0,1,0,0,0,1,0,0,1,0,0,0,0
43,0,0,8126,15.4,2,5,3,2,5,3,46,0,0,6,12,2,13,4,3,0,1,0,0.0,0,0,0.0,4063.0,0.317501227,1,15.4,3.25,1.258305739,0,0.153846154,2.0,1,1.714285714,0,1,1,1,3.0,1,0,2,1,1,0,0,1,0,0,0,1,0,0,1,0,0,0,0
49,11,7,14210,18.5,5,3,3,4,2,3,41,0,0,25,77,6,2,3,6,0,1,0,0.583333333,1,1,2.2,2842.0,0.895802651,0,1.541666667,3.0,0.816496581,0,3.0,0.5,0,2.961538462,1,0,0,0,0.5,2,0,1,0,1,0,0,1,0,0,0,1,0,0,0,1,0,0,0
28,9,3,13949,9.3,3,3,3,2,3,4,39,1,0,34,101,2,7,3,11,0,1,0,0.3,1,0,3.0,4649.666667,0.922957371,0,0.93,3.0,0.816496581,0,0.285714286,0.2,2,2.885714286,1,0,0,0,1.1,2,0,4,1,1,0,0,0,0,0,0,1,0,1,0,0,0,1,1
35,8,0,12650,12.3,4,2,3,3,3,3,50,0,1,11,37,4,2,2,5,0,1,0,0.0,1,0,2.0,3162.5,0.817378498,0,1.366666667,3.0,0.0,0,2.0,0.444444444,1,3.083333333,0,0,0,0,0.555555556,0,0,2,1,1,0,0,1,0,0,0,1,0,0,1,0,0,0,0
55,4,1,7677,18.5,2,5,2,3,5,3,44,0,1,9,27,6,7,4,4,0,0,1,0.2,1,0,2.0,3838.5,0.586106489,0,3.7,3.25,1.258305739,0,0.857142857,1.2,1,2.7,0,1,1,1,0.8,0,0,2,0,0,1,0,0,0,1,0,1,0,0,0,0,1,0,0
25,3,3,5661,13.9,1,3,4,2,4,4,46,1,1,26,92,4,12,3,9,0,0,0,0.75,0,0,3.0,5661.0,0.156500308,1,3.475,3.5,1.0,0,0.333333333,1.0,0,3.407407407,1,0,0,0,2.25,3,0,3,1,1,0,0,0,0,0,1,1,0,1,0,0,0,1,1
35,3,0,5959,20.2,2,3,1,3,3,3,21,0,0,16,50,6,4,2,5,0,1,0,0.0,1,0,1.5,2979.5,0.231471239,1,5.05,2.5,1.0,0,1.5,1.5,0,2.941176471,0,1,0,1,1.25,1,0,2,0,1,0,0,0,1,0,0,1,0,0,1,0,0,0,0
28,1,0,5063,14.4,1,3,3,3,3,3,21,0,0,5,14,3,11,3,6,0,1,0,0.0,1,0,1.0,5063.0,0.047957371,1,7.2,3.0,0.0,0,0.272727273,1.5,1,2.333333333,0,0,0,0,3.0,1,0,3,0,0,1,0,0,0,0,0,0,0,1,0,0,0,0,0
38,0,0,6388,16.2,2,3,2,3,4,1,30,0,1,15,46,1,13,4,4,0,1,0,0.0,0,0,0.0,3194.0,0.250770179,1,16.2,2.5,1.290994449,0,0.076923077,1.0,2,2.875,0,-1,0,0,4.0,1,0,2,0,1,0,0,0,0,0,1,1,0,0,1,0,0,0,0
47,1,0,5667,15.9,2,3,5,3,3,2,21,1,0,14,51,7,7,4,5,0,1,0,0.0,1,0,0.5,2833.5,0.250831947,1,7.95,3.25,1.258305739,0,1.0,3.5,0,3.4,0,-1,0,0,2.5,1,0,2,1,1,0,0,0,0,1,0,1,0,0,0,1,0,0,0
32,11,9,11828,11.1,4,3,3,4,3,5,23,0,0,12,48,4,5,2,5,0,1,0,0.75,1,1,2.75,2957.0,0.91869469,0,0.925,3.75,0.957427108,0,0.8,0.333333333,0,3.692307692,0,1,0,1,0.416666667,1,0,3,1,1,0,0,0,1,0,0,1,0,1,0,0,0,0,0
31,9,3,12766,19.5,4,4,5,2,4,4,73,0,0,10,22,5,5,1,4,0,1,0,0.3,1,0,2.25,3191.5,0.878552398,0,1.95,3.75,1.258305739,0,1.0,0.5,2,2.0,0,3,1,1,0.4,0,0,2,1,1,0,0,0,0,0,0,1,0,1,0,0,0,0,0
27,4,4,11119,18.1,2,4,5,3,3,4,43,0,0,7,23,4,10,1,2,0,0,0,0.8,0,1,2.0,5559.5,0.693298969,0,3.62,3.75,0.957427108,0,0.4,0.8,1,2.875,0,3,1,1,0.4,1,0,2,1,1,0,0,1,0,0,0,1,0,1,0,0,0,0,0
36,7,6,5261,13.7,2,3,2,3,3,3,30,1,1,39,94,4,9,1,8,0,0,0,0.75,1,1,3.5,2630.5,0.182196339,1,1.7125,2.75,0.5,0,0.444444444,0.5,1,2.35,1,2,0,1,1.0,4,0,2,1,1,0,0,0,0,1,0,1,0,0,1,0,0,1,1
38,1,1,9956,13.6,3,3,3,5,2,5,22,0,0,6,19,3,12,3,4,0,1,0,0.5,0,0,0.333333333,3318.666667,0.55940108,0,6.8,3.75,1.5,0,0.25,1.5,2,2.714285714,0,0,0,0,2.0,0,0,2,0,1,0,0,1,0,0,0,1,0,0,1,0,0,0,0
40,1,1,7999,15.2,2,4,3,4,4,4,22,0,1,13,35,2,11,4,5,0,0,0,0.5,0,0,0.5,3999.5,0.392095915,1,7.6,3.75,0.5,0,0.181818182,1.0,1,2.5,0,0,1,0,2.5,1,0,2,0,0,0,0,0,0,0,0,1,0,0,1,0,0,0,0
60,2,2,8563,12.1,2,4,3,3,3,3,0,0,0,12,48,1,11,4,8,0,0,1,0.666666667,0,0,1.0,4281.5,0.378497791,1,4.033333333,3.0,0.0,0,0.090909091,0.333333333,1,3.692307692,0,0,1,0,2.666666667,2,0,2,1,1,0,0,1,0,0,0,1,0,0,0,0,1,0,0
26,0,0,8105,22.2,3,4,5,3,4,2,30,1,1,19,60,3,12,3,11,0,1,0,0.0,0,0,0.0,2701.666667,0.650998336,0,22.2,3.5,1.290994449,0,0.25,3.0,0,3.0,0,1,1,1,11.0,1,0,2,0,1,0,0,0,0,1,0,1,0,1,0,0,0,1,0
18,0,0,6588,10.2,2,2,2,3,4,5,59,1,0,7,28,2,11,3,8,0,0,0,0.0,0,0,0.0,3294.0,0.279420826,1,10.2,3.5,1.290994449,0,0.181818182,2.0,1,3.5,0,-1,0,0,8.0,2,0,2,0,1,0,0,0,0,0,1,0,1,0,0,0,0,1,1
28,9,5,10087,20.2,4,4,1,5,2,4,0,0,0,21,52,5,10,3,4,1,1,0,0.5,1,0,2.25,2521.75,0.573637703,0,2.02,3.0,1.825741858,0,0.5,0.5,1,2.363636364,0,1,1,1,0.4,0,0,1,1,0,1,0,1,0,0,0,1,0,1,0,0,0,0,0
36,2,0,3657,15.4,1,5,4,5,4,4,4,1,0,14,44,4,13,4,6,0,0,0,0.0,1,0,2.0,3657.0,0.03202995,1,5.133333333,4.25,0.5,0,0.307692308,1.333333333,1,2.933333333,0,1,1,1,2.0,1,0,1,0,0,1,0,0,0,1,0,1,0,0,1,0,0,0,0
36,4,0,11596,15.5,3,3,2,4,5,5,40,0,1,17,31,5,2,3,8,0,1,0,0.0,1,0,1.333333333,3865.333333,0.739445263,0,3.1,4.0,1.414213562,0,2.5,1.0,0,1.722222222,0,0,0,0,1.6,1,0,3,0,0,1,0,1,0,0,0,1,0,0,1,0,0,0,0
46,3,3,9091,17.0,2,5,1,3,4,3,70,0,1,27,74,2,3,4,1,0,0,0,0.75,0,0,1.5,4545.5,0.451276387,1,4.25,2.75,1.258305739,0,0.666666667,0.5,1,2.642857143,1,1,1,1,0.25,2,0,2,1,1,0,0,1,0,0,0,1,0,0,0,1,0,0,0
35,4,2,6677,15.1,2,4,3,2,3,4,8,1,0,14,57,5,2,4,9,0,0,0,0.4,1,0,2.0,3338.5,0.414725458,1,3.02,3.0,0.816496581,0,2.5,1.0,1,3.8,0,0,1,0,1.8,2,0,2,0,0,0,0,0,0,1,0,0,1,0,1,0,0,1,1
34,9,3,6988,16.1,3,3,2,1,4,5,36,1,1,17,52,3,10,3,7,0,1,0,0.3,1,0,3.0,2329.333333,0.471297837,1,1.61,3.0,1.825741858,0,0.3,0.3,0,2.888888889,0,0,0,0,0.7,1,0,1,0,0,0,0,0,0,1,0,1,0,1,0,0,0,1,0
53,2,1,4956,14.0,1,3,4,4,5,4,17,1,0,11,40,3,10,3,12,0,0,1,0.333333333,1,0,2.0,4956.0,0.040852575,1,4.666666667,4.25,0.5,0,0.3,1.0,1,3.333333333,0,0,0,0,4.0,2,0,2,1,0,1,0,0,0,0,0,1,0,0,0,1,0,0,1
32,6,0,8275,13.4,2,4,3,4,3,4,56,0,0,8,27,6,9,2,3,1,0,0,0.0,1,0,3.0,4137.5,0.432282416,1,1.914285714,3.5,0.577350269,0,0.666666667,0.857142857,2,3.0,0,2,1,1,0.428571429,1,0,2,0,1,0,0,0,0,0,0,1,0,1,0,0,0,0,0
36,1,1,5823,10.3,1,3,2,1,2,2,51,0,0,21,76,5,12,4,6,0,0,0,0.5,0,0,1.0,5823.0,0.064064801,1,5.15,1.75,0.5,1,0.416666667,2.5,1,3.454545455,1,-1,0,0,3.0,3,0,2,0,1,0,0,1,0,0,0,1,0,0,1,0,0,0,0
38,3,1,4373,12.4,2,3,3,3,3,4,44,0,0,18,58,7,11,3,10,0,1,0,0.25,1,0,1.5,2186.5,0.039125077,1,3.1,3.25,0.5,0,0.636363636,1.75,0,3.052631579,0,0,0,0,2.5,2,0,1,0,0,1,0,0,0,0,1,1,0,0,1,0,0,0,0
51,0,0,4401,18.6,2,3,3,4,2,2,42,1,1,14,47,3,13,4,10,0,0,1,0.0,0,0,0.0,2200.5,0.120888158,1,18.6,2.75,0.957427108,0,0.230769231,3.0,2,3.133333333,0,-1,0,0,10.0,2,0,2,1,1,0,1,0,0,0,0,1,0,0,0,1,0,1,1
55,2,1,5711,12.7,1,3,4,1,4,2,22,0,0,2,8,1,8,2,10,0,0,1,0.333333333,1,0,2.0,5711.0,0.055964654,1,4.233333333,2.75,1.5,0,0.125,0.333333333,1,2.666666667,0,1,0,1,3.333333333,2,0,2,1,1,0,0,1,0,0,0,1,0,0,0,0,1,0,0
25,4,0,8466,21.5,3,5,3,1,4,3,24,0,0,12,25,5,11,4,6,0,1,0,0.0,1,0,1.333333333,2822.0,0.574245225,0,4.3,2.75,1.258305739,0,0.454545455,1.0,1,1.923076923,0,1,1,1,1.2,0,0,2,0,0,1,0,0,0,0,1,1,0,1,0,0,0,0,0
33,1,1,7367,13.0,2,4,4,3,3,5,19,0,1,13,29,4,4,4,10,0,0,0,0.5,0,0,0.5,3683.5,0.469026549,1,6.5,3.75,0.957427108,0,1.0,2.0,1,2.071428571,0,0,1,0,5.0,2,0,2,1,1,0,0,0,1,0,0,1,0,1,0,0,0,0,0
42,3,3,6328,13.6,2,3,3,3,3,3,13,1,0,24,79,5,5,1,9,0,1,0,0.75,0,0,1.5,3164.0,0.168516874,1,3.4,3.0,0.0,0,1.0,1.25,1,3.16,1,2,0,1,2.25,3,0,2,0,0,0,0,0,0,0,0,1,0,0,1,0,0,1,1
39,9,5,13419,15.6,4,3,1,1,4,1,32,1,1,22,62,1,12,3,5,0,1,0,0.5,1,1,2.25,3354.75,0.860702013,0,1.56,1.75,1.5,1,0.083333333,0.1,0,2.695652174,1,0,0,0,0.5,3,1,2,0,1,0,0,1,0,0,0,0,1,0,1,0,0,1,1
41,2,1,4386,11.8,2,2,4,2,4,3,17,0,0,21,72,5,15,1,7,0,0,0,0.333333333,1,0,1.0,2193.0,0.074459235,1,3.933333333,3.25,0.957427108,0,0.333333333,1.666666667,1,3.272727273,1,1,0,1,2.333333333,2,0,1,1,0,1,0,0,0,1,0,0,0,0,1,0,0,0,0
36,2,1,8080,9.8,2,3,2,1,3,4,29,1,1,11,24,5,4,3,6,0,0,0,0.333333333,1,0,1.0,4040.0,0.309278351,1,3.266666667,2.5,1.290994449,0,1.25,1.666666667,0,2.0,0,0,0,0,2.0,1,0,2,1,1,0,0,1,0,0,0,0,0,0,1,0,0,1,0
37,14,14,19566,12.0,5,4,1,2,3,5,47,0,1,5,17,1,7,5,6,1,1,0,0.933333333,0,0,2.8,3913.2,0.993618066,0,0.8,2.75,1.707825128,0,0.142857143,0.066666667,1,2.833333333,0,-1,1,0,0.4,0,0,3,0,0,1,0,1,0,0,0,1,0,0,1,0,0,0,0
22,1,1,3942,22.7,1,4,3,1,4,1,3,0,0,13,42,2,2,4,4,0,0,0,0.5,0,0,1.0,3942.0,0.020640789,1,11.35,2.25,1.5,1,1.0,1.0,1,3.0,0,0,1,0,2.0,2,0,1,0,1,0,0,0,0,0,1,0,0,0,0,0,0,0,0
50,9,7,11231,15.4,3,2,4,2,3,2,55,0,0,10,28,10,8,4,6,0,1,1,0.7,1,1,3.0,3743.666667,0.705817378,0,1.54,2.75,0.957427108,0,1.25,1.0,1,2.545454545,0,-2,0,0,0.6,1,0,2,0,0,1,0,1,0,0,0,1,0,0,0,1,0,0,0
37,2,0,7958,9.3,2,3,5,5,3,3,27,1,0,20,61,5,14,5,3,0,0,0,0.0,1,0,1.0,3979.0,0.290378007,1,3.1,4.0,1.154700538,0,0.357142857,1.666666667,1,2.904761905,1,-2,0,0,1.0,2,0,1,1,0,1,0,1,0,0,0,0,1,0,1,0,0,0,0
34,11,6,9983,9.3,4,3,3,2,4,2,50,0,1,2,5,7,7,4,1,0,1,0,0.5,1,1,2.75,2495.75,0.814159292,0,0.775,2.75,0.957427108,0,1.0,0.583333333,1,1.666666667,0,-1,0,0,0.083333333,1,0,1,0,1,0,0,0,1,0,0,1,0,1,0,0,0,0,0
37,4,3,7144,13.7,3,3,3,5,4,2,47,0,0,3,10,4,21,3,6,0,1,0,0.6,1,0,1.333333333,2381.333333,0.429756637,1,2.74,3.5,1.290994449,0,0.19047619,0.8,1,2.5,0,0,0,0,1.2,1,0,1,1,1,0,0,0,1,0,0,1,0,0,1,0,0,0,0
46,0,0,7189,15.8,1,3,4,3,3,3,26,0,0,17,81,5,6,4,1,0,0,0,0.0,0,0,0.0,7189.0,0.194403535,1,15.8,3.25,0.5,0,0.833333333,5.0,1,4.5,1,-1,0,0,1.0,2,0,3,0,1,0,0,1,0,0,0,1,0,0,0,1,0,0,0
33,4,3,8618,14.0,2,2,3,4,5,5,20,0,0,9,25,6,15,3,9,0,0,0,0.6,1,0,2.0,4309.0,0.485790409,1,2.8,4.25,0.957427108,0,0.4,1.2,1,2.5,0,-1,0,0,1.8,2,0,2,1,0,1,0,0,0,0,0,0,0,1,0,0,0,0,0
22,3,2,10570,14.9,3,3,1,3,3,4,0,1,0,22,52,3,8,3,8,0,1,0,0.5,1,0,1.0,3523.333333,0.634143348,0,3.725,2.75,1.258305739,0,0.375,0.75,1,2.260869565,0,0,0,0,2.0,1,0,1,1,0,0,0,1,0,0,0,1,0,0,0,0,0,1,1
41,0,0,8233,23.0,2,4,4,4,3,3,32,0,0,10,37,4,9,4,5,0,0,0,0.0,0,0,0.0,4116.5,0.426509769,1,23.0,3.5,0.577350269,0,0.444444444,4.0,0,3.363636364,0,0,1,0,5.0,1,0,2,1,1,0,0,0,0,0,0,1,0,0,1,0,0,0,0
39,5,2,11669,21.6,3,4,4,3,2,2,41,1,1,12,28,4,22,4,9,1,1,0,0.333333333,1,0,1.666666667,3889.666667,0.877695625,0,3.6,2.75,0.957427108,0,0.181818182,0.666666667,1,2.153846154,0,0,1,0,1.5,1,0,3,1,0,1,0,0,0,0,1,1,0,0,1,0,0,1,1
33,5,1,8666,14.3,2,2,4,3,3,2,41,0,0,3,12,3,15,3,4,0,0,0,0.166666667,1,0,2.5,4333.0,0.490008881,1,2.383333333,3.0,0.816496581,0,0.2,0.5,1,3.0,0,-1,0,0,0.666666667,1,0,2,0,0,1,0,0,0,0,0,0,0,1,0,0,0,0,0
36,5,4,11389,13.5,4,4,4,2,3,3,42,1,0,27,94,5,17,4,8,1,1,0,0.666666667,1,0,1.25,2847.25,0.865680838,0,2.25,3.0,0.816496581,0,0.294117647,0.833333333,0,3.357142857,1,0,1,0,1.333333333,2,0,2,1,0,0,0,0,0,0,1,1,0,0,1,0,0,0,0
27,1,1,5681,14.9,2,4,1,2,2,3,43,0,0,4,12,3,6,2,5,0,0,0,0.5,0,0,0.5,2840.5,0.3046875,1,7.45,2.0,0.816496581,1,0.5,1.5,1,2.4,0,2,1,1,2.5,2,0,2,1,0,1,1,0,0,0,0,1,0,1,0,0,0,0,0
27,1,0,5819,20.2,1,5,2,3,3,4,30,1,0,11,30,2,11,2,9,0,0,0,0.0,1,0,1.0,5819.0,0.105461812,1,10.1,3.0,0.816496581,0,0.181818182,1.0,0,2.5,0,3,1,1,4.5,2,0,3,0,0,0,0,0,0,0,0,1,0,1,0,0,0,1,1
36,8,3,13051,11.2,5,2,3,3,4,2,15,0,0,7,28,5,11,3,7,0,1,0,0.333333333,1,0,1.6,2610.2,0.890763766,0,1.244444444,3.0,0.816496581,0,0.454545455,0.555555556,1,3.5,0,-1,0,0,0.777777778,0,0,2,1,1,0,0,0,0,0,0,1,0,0,1,0,0,0,0
54,3,3,9535,11.5,3,3,4,3,4,3,7,1,1,24,89,4,6,1,12,0,1,1,0.75,0,0,1.0,3178.333333,0.764380531,0,2.875,3.5,0.577350269,0,0.666666667,1.0,0,3.56,1,2,0,1,3.0,2,0,2,1,1,0,0,0,1,0,0,1,0,0,0,1,0,1,1
32,7,1,11870,10.7,4,3,1,3,4,2,10,1,0,24,78,9,13,5,5,0,1,0,0.125,1,0,1.75,2967.5,0.92090708,0,1.3375,2.5,1.290994449,0,0.692307692,1.125,0,3.12,1,-2,0,0,0.625,1,0,2,1,1,0,0,0,1,0,0,1,0,1,0,0,0,0,0
38,0,0,7031,12.9,2,2,4,2,3,2,31,0,0,13,37,3,11,4,2,0,1,0,0.0,0,0,0.0,3515.5,0.17317133,1,12.9,2.75,0.957427108,0,0.272727273,3.0,1,2.642857143,0,-2,0,0,2.0,1,0,1,0,1,0,0,1,0,0,0,1,0,0,1,0,0,0,0
44,5,3,6926,18.6,2,4,4,2,3,5,67,0,0,15,45,5,6,4,9,1,0,0,0.5,1,0,2.5,3463.0,0.537006579,0,3.1,3.5,1.290994449,0,0.833333333,0.833333333,2,2.8125,0,0,1,0,1.5,1,0,2,1,1,0,1,0,0,0,0,0,0,0,1,0,0,0,0
25,0,0,5304,15.4,2,3,1,4,5,3,17,0,0,14,36,4,9,3,2,0,1,0,0.0,0,0,0.0,2652.0,0.114910659,1,15.4,3.25,1.707825128,0,0.444444444,4.0,0,2.4,0,0,0,0,2.0,1,0,2,1,0,1,0,0,0,0,1,1,0,1,0,0,0,0,0
33,5,4,7026,19.4,2,2,2,3,2,3,39,0,1,7,17,5,6,3,4,0,0,0,0.666666667,1,1,2.5,3513.0,0.338724584,1,3.233333333,2.5,0.577350269,0,0.833333333,0.833333333,0,2.125,0,-1,0,0,0.666666667,2,0,2,0,0,1,0,0,0,0,1,1,0,1,0,0,0,0,0
29,11,8,10430,13.8,3,3,2,4,5,4,12,0,0,7,24,4,11,3,5,0,1,0,0.666666667,1,1,3.666666667,3476.666667,0.713143872,0,1.15,3.75,1.258305739,0,0.363636364,0.333333333,1,3.0,0,0,0,0,0.416666667,1,0,2,1,1,0,0,0,0,0,0,1,0,1,0,0,0,0,0
51,2,2,7220,11.0,1,3,3,2,4,5,65,0,1,4,12,3,7,2,6,0,0,1,0.666666667,0,0,2.0,7220.0,0.198330879,1,3.666666667,3.5,1.290994449,0,0.428571429,1.0,1,2.4,0,1,0,1,2.0,1,0,2,1,0,1,0,1,0,0,0,1,0,0,0,1,0,0,0
43,11,10,10489,11.4,4,2,2,2,3,3,32,0,0,2,5,5,8,3,6,0,1,0,0.833333333,1,1,2.75,2622.25,0.719360568,0,0.95,2.5,0.577350269,0,0.625,0.416666667,1,1.666666667,0,-1,0,0,0.5,1,0,1,1,1,0,0,0,0,0,0,1,0,0,1,0,0,0,0
41,4,1,8881,14.6,3,4,4,4,5,3,38,0,0,5,13,3,10,2,6,0,1,0,0.2,1,0,1.333333333,2960.333333,0.75,0,2.92,4.0,0.816496581,0,0.3,0.6,1,2.166666667,0,2,1,1,1.2,0,0,2,1,1,0,0,0,0,1,0,1,0,0,1,0,0,0,0
34,11,7,10847,16.8,4,3,5,5,3,3,14,1,0,21,59,4,6,3,5,0,1,0,0.583333333,1,1,2.75,2711.75,0.896006656,0,1.4,4.0,1.154700538,0,0.666666667,0.333333333,1,2.681818182,0,0,0,0,0.416666667,1,0,3,0,1,0,0,0,0,1,0,1,0,1,0,0,0,0,1
35,2,0,10779,11.4,4,4,3,4,4,3,58,0,1,16,42,5,8,2,6,0,1,0,0.0,1,0,0.5,2694.75,0.922286184,0,3.8,3.5,0.577350269,0,0.625,1.666666667,0,2.470588235,0,2,1,1,2.0,0,0,2,0,1,0,1,0,0,0,0,1,0,0,1,0,0,0,0
34,1,0,7366,13.3,1,4,4,3,4,4,40,0,0,5,18,4,5,3,11,0,1,0,0.0,1,0,1.0,7366.0,0.215881198,1,6.65,3.75,0.5,0,0.8,2.0,2,3.0,0,1,1,1,5.5,2,0,2,1,0,1,0,1,0,0,0,1,0,1,0,0,0,0,0
44,7,7,9784,8.6,3,1,2,3,2,3,19,0,1,18,57,2,8,4,2,0,1,0,0.875,0,1,2.333333333,3261.333333,0.73012939,0,1.075,2.5,0.577350269,0,0.25,0.25,2,3.0,0,-3,0,0,0.25,1,0,2,1,0,1,0,0,0,0,1,1,0,0,1,0,0,0,0
35,0,0,5640,18.9,2,3,1,2,3,1,9,1,0,17,42,4,17,5,11,0,0,0,0.0,0,0,0.0,2820.0,0.302220395,1,18.9,1.75,0.957427108,1,0.235294118,4.0,0,2.333333333,0,-2,0,0,11.0,3,1,2,1,0,0,1,0,0,0,0,1,0,0,1,0,0,1,1
41,10,0,12366,16.7,4,4,3,3,2,4,46,0,1,15,53,6,8,4,8,0,1,0,0.0,1,0,2.5,3091.5,0.799214531,0,1.518181818,3.0,0.816496581,0,0.75,0.545454545,0,3.3125,0,0,1,0,0.727272727,1,0,1,1,0,1,0,1,0,0,0,0,1,0,1,0,0,0,0
33,10,6,11715,12.4,4,3,3,2,2,5,29,0,1,15,44,3,15,2,9,0,1,0,0.545454545,1,1,2.5,2928.75,0.750490918,0,1.127272727,3.0,1.414213562,0,0.2,0.272727273,1,2.75,0,1,0,1,0.818181818,2,0,1,1,1,0,0,1,0,0,0,0,1,1,0,0,0,1,0
48,13,4,10656,12.1,5,2,3,2,4,3,21,0,1,11,31,3,11,4,6,0,1,0,0.285714286,1,1,2.6,2131.2,0.816697474,0,0.864285714,3.0,0.816496581,0,0.272727273,0.214285714,0,2.583333333,0,-2,0,0,0.428571429,1,0,1,1,1,0,0,0,0,0,1,1,0,0,0,1,0,0,0
50,1,0,6045,14.1,2,3,3,3,5,1,66,0,0,19,71,1,5,2,0,0,1,1,0.0,1,0,0.5,3022.5,0.314267887,1,7.05,3.0,1.632993162,0,0.2,0.5,1,3.55,1,1,0,1,0.0,2,0,2,1,0,1,0,0,0,1,0,0,0,0,0,1,0,0,0
29,0,0,6677,17.1,1,4,4,3,3,2,23,0,1,21,52,5,11,4,2,0,0,0,0.0,0,0,0.0,6677.0,0.290203327,1,17.1,3.0,0.816496581,0,0.454545455,5.0,1,2.363636364,0,0,1,0,2.0,1,0,2,0,1,0,0,0,0,0,1,1,0,1,0,0,0,0,0
55,1,1,11231,15.8,3,3,2,4,4,3,19,1,0,14,41,2,2,3,2,0,1,1,0.5,0,0,0.333333333,3743.666667,0.856746765,0,7.9,3.25,0.957427108,0,1.0,1.0,1,2.733333333,0,0,0,0,1.0,0,0,4,1,1,0,0,0,0,0,1,1,0,0,0,0,1,0,1
29,1,1,7126,14.4,2,2,2,3,3,5,4,1,0,14,41,3,10,3,5,0,1,0,0.5,0,0,0.5,3563.0,0.426438053,1,7.2,3.25,1.258305739,0,0.3,1.5,0,2.733333333,0,-1,0,0,2.5,1,0,2,0,0,0,0,0,1,0,0,1,0,1,0,0,0,1,0
45,7,7,8305,16.4,3,2,1,2,3,5,44,0,0,7,12,5,14,5,2,0,1,0,0.875,0,1,2.333333333,2768.333333,0.339715268,1,2.05,2.75,1.707825128,0,0.357142857,0.625,1,1.5,0,-3,0,0,0.25,2,0,1,0,0,1,0,1,0,0,0,1,0,0,0,1,0,0,0
53,6,6,11957,11.4,3,1,4,3,4,3,0,0,1,22,60,4,8,1,4,0,1,1,0.857142857,0,1,2.0,3985.666667,0.770986745,0,1.628571429,3.5,0.577350269,0,0.5,0.571428571,1,2.608695652,0,0,0,0,0.571428571,1,0,2,1,0,1,0,1,0,0,0,1,0,0,0,1,0,0,0
26,1,1,7146,11.7,1,4,2,5,1,5,28,0,0,29,88,3,6,4,8,0,0,0,0.5,0,0,1.0,7146.0,0.188389789,1,5.85,3.25,2.061552813,0,0.5,1.5,1,2.933333333,1,0,1,0,4.0,3,0,3,1,1,0,0,1,0,0,0,0,0,1,0,0,0,0,0
19,1,0,7459,18.2,1,5,4,1,5,2,49,1,0,8,28,2,13,3,6,0,0,0,0.0,1,0,1.0,7459.0,0.228522337,1,9.1,3.0,1.825741858,0,0.153846154,1.0,0,3.111111111,0,2,1,1,3.0,1,0,4,0,0,0,0,1,0,0,0,1,0,0,0,0,0,1,0
25,3,1,9239,11.2,2,3,3,3,4,2,0,0,0,10,32,6,11,3,6,0,1,0,0.25,1,0,1.5,4619.5,0.56660746,0,2.8,3.0,0.816496581,0,0.545454545,1.5,1,2.909090909,0,0,0,0,1.5,0,0,3,0,1,0,0,0,0,0,0,1,0,1,0,0,0,0,0
44,2,1,6987,22.5,1,5,4,2,4,3,49,1,1,21,83,5,8,5,7,0,0,0,0.333333333,1,0,2.0,6987.0,0.333025262,1,7.5,3.25,0.957427108,0,0.625,1.666666667,2,3.772727273,1,0,1,0,2.333333333,2,0,2,1,0,0,0,0,0,0,1,1,0,0,1,0,0,1,1
29,3,0,6964,20.8,2,4,3,4,3,3,28,0,0,9,28,1,11,3,5,0,0,0,0.0,1,0,1.5,3482.0,0.329328404,1,5.2,3.25,0.5,0,0.090909091,0.25,2,2.8,0,1,1,1,1.25,1,0,1,0,0,0,0,0,0,0,1,1,0,1,0,0,0,0,0
39,2,0,4504,11.3,1,2,4,3,3,2,6,0,0,5,16,4,8,5,4,0,0,0,0.0,1,0,2.0,4504.0,0.0469809,1,3.766666667,3.0,0.816496581,0,0.5,1.333333333,1,2.666666667,0,-3,0,0,1.333333333,1,0,3,1,0,0,0,0,0,0,1,1,0,0,1,0,0,0,0
42,4,4,9937,13.0,2,4,5,3,3,5,44,0,1,4,11,2,13,3,3,0,0,0,0.8,0,1,2.0,4968.5,0.557682867,0,2.6,4.0,1.154700538,0,0.153846154,0.4,1,2.2,0,1,1,1,0.6,1,0,2,0,0,1,0,1,0,0,0,1,0,0,1,0,0,0,0
43,1,1,7350,13.0,2,3,3,1,5,4,46,0,0,5,13,4,8,3,7,0,0,0,0.5,0,0,0.5,3675.0,0.399260628,1,6.5,3.25,1.707825128,0,0.5,2.0,2,2.166666667,0,0,0,0,3.5,1,0,3,1,1,0,0,0,0,0,1,1,0,0,1,0,0,0,0
46,4,4,5113,15.0,2,2,3,4,3,3,58,1,0,4,12,5,11,3,8,0,1,0,0.8,0,1,2.0,2556.5,0.205592105,1,3.0,3.25,0.5,0,0.454545455,1.0,1,2.4,0,-1,0,0,1.6,3,0,1,0,0,1,1,0,0,0,0,1,0,0,0,1,0,1,1
33,8,1,13818,16.8,3,3,3,2,3,3,56,1,0,5,15,6,11,5,4,0,1,0,0.111111111,1,0,2.666666667,4606.0,0.879725086,0,1.866666667,2.75,0.5,0,0.545454545,0.666666667,1,2.5,0,-2,0,0,0.444444444,0,0,3,0,1,0,0,1,0,0,0,1,0,1,0,0,0,0,0
52,2,2,5747,13.0,2,3,4,3,2,5,44,0,0,27,68,5,3,3,9,0,0,1,0.666666667,0,0,1.0,2873.5,0.265806988,1,4.333333333,3.5,1.290994449,0,1.666666667,1.666666667,2,2.428571429,1,0,0,0,3.0,3,0,2,0,1,0,0,0,0,1,0,1,0,0,0,1,0,1,0
31,6,4,7064,15.8,4,4,3,4,3,4,28,0,1,5,20,2,7,3,3,0,1,0,0.571428571,1,1,1.5,1766.0,0.486064892,1,2.257142857,3.5,0.577350269,0,0.285714286,0.285714286,1,3.333333333,0,1,1,1,0.428571429,2,0,1,1,1,0,0,0,0,1,0,1,0,1,0,0,0,0,0
33,8,4,12193,9.8,3,3,3,3,1,4,10,0,0,4,15,4,6,4,6,0,1,0,0.444444444,1,1,2.666666667,4064.333333,0.901417129,0,1.088888889,2.75,1.258305739,0,0.666666667,0.444444444,1,3.0,0,-1,0,0,0.666666667,1,0,3,1,0,1,0,0,0,0,1,1,0,1,0,0,0,0,0
30,0,0,4237,12.6,1,3,4,2,3,3,23,0,0,25,83,2,2,3,3,0,0,0,0.0,0,0,0.0,4237.0,0.061980033,1,12.6,3.0,0.816496581,0,1.0,2.0,0,3.192307692,1,0,0,0,3.0,2,0,2,1,0,1,0,0,0,1,0,1,0,1,0,0,0,0,0
46,0,0,3380,13.4,1,2,4,3,3,3,35,0,1,20,71,8,18,3,5,0,1,0,0.0,0,0,0.0,3380.0,0.000490918,1,13.4,3.25,0.5,0,0.444444444,8.0,1,3.380952381,1,-1,0,0,5.0,2,0,2,0,1,0,0,1,0,0,0,1,0,0,0,1,0,0,0
34,3,2,6096,16.8,1,4,2,3,5,3,22,0,1,4,14,2,10,3,4,0,0,0,0.5,1,0,3.0,6096.0,0.384046053,1,4.2,3.25,1.258305739,0,0.2,0.5,0,2.8,0,1,1,1,1.0,1,0,2,0,0,1,1,0,0,0,0,0,1,1,0,0,0,0,0
50,3,0,7755,14.8,3,1,5,3,3,2,52,0,0,19,60,1,4,3,3,0,1,1,0.0,1,0,1.0,2585.0,0.537887168,0,3.7,3.25,1.258305739,0,0.25,0.25,0,3.0,0,-2,0,0,0.75,0,0,2,0,1,0,0,0,1,0,0,1,0,0,0,1,0,0,0
42,19,4,13077,8.2,5,3,5,5,4,4,40,1,1,29,125,6,4,3,7,0,1,0,0.2,1,1,3.8,2615.4,0.892984014,0,0.41,4.5,0.577350269,0,1.5,0.3,1,4.166666667,1,0,0,0,0.35,2,0,1,1,1,0,0,0,0,0,0,1,0,0,1,0,0,1,0
25,5,4,11292,19.0,3,4,2,2,4,2,27,1,1,24,63,2,10,1,8,1,1,0,0.666666667,1,0,1.666666667,3764.0,0.711340206,0,3.166666667,2.5,1.0,0,0.2,0.333333333,2,2.52,1,3,1,1,1.333333333,2,0,2,1,1,0,0,1,0,0,0,0,1,1,0,0,0,1,1
32,2,2,5523,9.7,2,2,3,4,5,3,24,1,1,25,87,7,8,4,5,0,1,0,0.666666667,0,0,1.0,2761.5,0.226705491,1,3.233333333,3.75,0.957427108,0,0.875,2.333333333,1,3.346153846,1,-2,0,0,1.666666667,2,0,2,1,0,0,0,0,0,1,0,1,0,1,0,0,0,0,1
51,0,0,9705,12.9,2,5,3,4,5,1,32,0,0,21,75,4,13,4,7,0,1,1,0.0,0,0,0.0,4852.5,0.528227786,0,12.9,3.25,1.707825128,0,0.307692308,4.0,1,3.409090909,1,1,1,1,7.0,1,0,2,1,0,1,0,1,0,0,0,1,0,0,0,1,0,0,0
44,4,0,8275,16.9,2,3,3,1,3,4,44,1,0,10,33,4,11,2,11,0,0,0,0.0,1,0,2.0,4137.5,0.545748614,0,3.38,2.75,1.258305739,0,0.363636364,0.8,2,3.0,0,1,0,1,2.2,1,0,4,1,1,0,0,0,0,0,1,1,0,0,1,0,0,1,1
24,6,3,8285,14.5,2,4,4,2,4,2,74,1,1,17,57,1,4,1,10,1,0,0,0.428571429,1,0,3.0,4142.5,0.337874325,1,2.071428571,3.0,1.154700538,0,0.25,0.142857143,1,3.166666667,0,3,1,1,1.428571429,2,0,2,0,0,1,0,1,0,0,0,0,1,0,0,0,0,0,1
44,3,0,6888,17.9,2,3,3,4,3,4,67,0,0,21,66,6,16,3,6,0,0,0,0.0,1,0,1.5,3444.0,0.454450915,1,4.475,3.5,0.577350269,0,0.375,1.5,1,3.0,1,0,0,0,1.5,2,0,3,0,0,1,0,0,0,1,0,1,0,0,1,0,0,0,0
52,1,0,4618,14.4,1,3,2,1,3,3,43,1,1,8,29,5,5,2,10,0,0,1,0.0,1,0,1.0,4618.0,0.143092105,1,7.2,2.25,0.957427108,1,1.0,2.5,2,3.222222222,0,1,0,1,5.0,3,1,2,0,0,1,1,0,0,0,0,1,0,0,0,1,0,1,1
42,1,0,5545,14.6,1,1,1,4,4,3,25,0,1,15,52,6,9,3,5,0,0,0,0.0,1,0,1.0,5545.0,0.046146294,1,7.3,3.0,1.414213562,0,0.666666667,3.0,1,3.25,0,-2,0,0,2.5,1,0,2,1,0,1,0,1,0,0,0,1,0,0,1,0,0,0,0
30,2,1,7546,15.0,2,3,3,3,5,3,22,1,1,21,82,4,5,4,6,0,1,0,0.333333333,1,0,1.0,3773.0,0.325044405,1,5.0,3.5,1.0,0,0.8,1.333333333,1,3.727272727,1,-1,0,0,2.0,2,0,2,0,0,1,0,0,0,0,0,1,0,1,0,0,0,0,1
22,0,0,7123,12.5,2,4,1,2,3,3,27,0,0,22,46,3,9,3,4,0,0,0,0.0,0,0,0.0,3561.5,0.495008319,1,12.5,2.25,0.957427108,1,0.333333333,3.0,0,2.0,0,1,1,1,4.0,2,0,3,1,0,1,0,0,0,1,0,1,0,0,0,0,0,0,0
44,4,1,9513,17.0,3,3,4,3,2,2,0,0,0,18,28,1,7,2,5,0,1,0,0.2,1,0,1.333333333,3171.0,0.76050885,0,3.4,2.75,0.957427108,0,0.142857143,0.2,1,1.473684211,0,1,0,1,1.0,0,0,3,1,1,0,0,0,1,0,0,1,0,0,1,0,0,0,0
40,13,13,13875,12.6,3,4,1,3,5,3,0,1,0,4,13,8,12,1,8,1,1,0,0.928571429,0,0,4.333333333,4625.0,0.881688758,0,0.9,3.0,1.632993162,0,0.666666667,0.571428571,0,2.6,0,3,1,1,0.571428571,1,0,3,0,0,0,0,1,0,0,0,1,0,0,1,0,0,1,1
42,3,2,7669,16.3,3,3,2,4,3,2,30,0,0,24,39,7,3,2,2,0,1,0,0.5,1,0,1.0,2556.333333,0.584442596,0,4.075,2.75,0.957427108,0,2.333333333,1.75,1,1.56,0,1,0,1,0.5,0,0,2,0,1,0,0,0,0,1,0,1,0,0,1,0,0,0,0
42,2,2,6468,16.7,2,3,1,3,4,2,0,0,0,21,83,7,6,3,5,0,0,0,0.666666667,0,0,1.0,3234.0,0.379575707,1,5.566666667,2.5,1.290994449,0,1.166666667,2.333333333,0,3.772727273,1,0,0,0,1.666666667,2,0,1,0,0,1,0,0,0,1,0,1,0,0,1,0,0,0,0
38,20,3,13291,21.5,5,4,3,1,2,2,10,1,0,8,33,5,10,5,4,1,1,0,0.142857143,1,0,4.0,2658.2,0.978618421,0,1.023809524,2.0,0.816496581,1,0.5,0.238095238,1,3.666666667,0,-1,1,0,0.19047619,1,1,2,1,0,1,1,0,0,0,0,1,0,0,1,0,0,1,0
39,2,2,5880,9.4,2,3,4,5,2,3,33,1,0,24,71,5,3,3,7,0,0,0,0.666666667,0,0,1.0,2940.0,0.342927632,1,3.133333333,3.5,1.290994449,0,1.666666667,1.666666667,1,2.84,1,0,0,0,2.333333333,2,0,2,0,1,0,1,0,0,0,0,1,0,0,1,0,0,1,1
43,10,7,7569,13.3,3,2,3,2,4,1,60,1,1,14,37,3,13,3,6,0,1,0,0.636363636,1,1,3.333333333,2523.0,0.634868421,0,1.209090909,2.5,1.290994449,0,0.230769231,0.272727273,2,2.466666667,0,-1,0,0,0.545454545,1,0,2,0,0,1,1,0,0,0,0,0,1,0,1,0,0,1,1
22,4,3,6859,13.6,1,4,3,3,4,5,77,0,0,28,110,9,8,1,4,0,0,0,0.6,1,0,4.0,6859.0,0.448003328,1,2.72,3.75,0.957427108,0,1.125,1.8,2,3.793103448,1,3,1,1,0.8,2,0,2,0,0,1,0,0,0,1,0,1,0,0,0,0,0,0,0
20,2,0,5305,17.5,1,3,4,4,3,4,51,1,1,15,48,7,16,4,10,0,0,0,0.0,1,0,2.0,5305.0,0.238486842,1,5.833333333,3.75,0.5,0,0.4375,2.333333333,0,3.0,0,-1,0,0,3.333333333,2,0,2,1,0,1,1,0,0,0,0,1,0,0,0,0,0,0,0
40,2,1,9362,18.4,1,5,3,5,3,3,48,0,1,18,64,8,4,3,2,0,0,0,0.333333333,1,0,2.0,9362.0,0.58348135,0,6.133333333,3.5,1.0,0,2.0,2.666666667,1,3.368421053,1,2,1,1,0.666666667,1,0,3,1,1,0,0,0,0,0,0,1,0,0,1,0,0,0,0
38,1,0,7552,16.4,2,3,2,3,4,3,29,0,1,12,36,5,11,4,7,0,1,0,0.0,1,0,0.5,3776.0,0.239813451,1,8.2,3.0,0.816496581,0,0.454545455,2.5,0,2.769230769,0,-1,0,0,3.5,1,0,1,1,0,1,0,1,0,0,0,0,0,0,1,0,0,0,0
44,3,3,5674,11.2,2,1,3,5,4,3,55,1,1,23,86,7,7,5,6,0,0,0,0.75,0,0,1.5,2837.0,0.158348737,1,2.8,3.75,0.957427108,0,1.0,1.75,2,3.583333333,1,-4,0,0,1.5,2,0,2,0,0,1,0,0,0,0,1,1,0,0,1,0,0,1,1
26,1,0,7736,18.8,2,3,3,2,3,3,35,0,0,22,78,6,15,3,5,0,0,0,0.0,1,0,0.5,3868.0,0.462569316,1,9.4,2.75,0.5,0,0.4,3.0,2,3.391304348,1,0,0,0,2.5,2,0,2,1,1,0,0,0,0,0,1,1,0,1,0,0,0,0,0
27,1,0,11346,15.8,2,4,3,3,4,3,87,1,1,8,20,6,7,4,6,0,0,0,0.0,1,0,0.5,5673.0,0.716740304,0,7.9,3.25,0.5,0,0.857142857,3.0,1,2.222222222,0,0,1,0,3.0,0,0,3,0,1,0,0,1,0,0,0,0,1,1,0,0,0,1,1
31,1,0,5770,16.7,1,2,2,3,4,3,27,0,1,5,15,4,4,4,3,0,1,0,0.0,1,0,1.0,5770.0,0.168052988,1,8.35,3.0,0.816496581,0,1.0,2.0,1,2.5,0,-2,0,0,1.5,1,0,2,1,1,0,0,0,0,0,1,1,0,1,0,0,0,0,0
43,4,4,8836,15.3,3,1,3,4,4,3,19,1,1,14,37,9,7,4,6,0,1,0,0.8,0,1,1.333333333,2945.333333,0.41580756,1,3.06,3.5,0.577350269,0,1.285714286,1.8,1,2.466666667,0,-3,0,0,1.2,2,0,2,0,0,0,0,1,0,0,0,1,0,0,1,0,0,1,0
33,3,1,8412,12.4,3,1,3,3,3,3,33,0,0,8,22,6,8,3,4,0,1,0,0.25,1,0,1.0,2804.0,0.63329646,0,3.1,3.0,0.0,0,0.75,1.5,1,2.444444444,0,-2,0,0,1.0,0,0,2,1,0,0,0,0,1,0,0,1,0,1,0,0,0,0,0
30,1,0,4407,12.5,1,3,4,3,3,2,46,1,0,34,135,2,5,3,5,0,0,0,0.0,1,0,1.0,4407.0,0.060287611,1,6.25,3.0,0.816496581,0,0.4,1.0,1,3.857142857,1,0,0,0,2.5,2,0,2,1,0,1,0,0,1,0,0,1,0,1,0,0,0,0,0
32,2,2,6643,17.7,2,3,1,3,4,2,22,1,0,7,19,6,4,3,7,0,0,0,0.666666667,0,0,1.0,3321.5,0.287430684,1,5.9,2.5,1.290994449,0,1.5,2.0,2,2.375,0,0,0,0,2.333333333,1,0,2,1,1,0,0,0,0,0,1,1,0,1,0,0,0,1,1
28,1,1,6481,11.7,2,3,3,4,3,4,15,0,1,9,20,1,12,3,3,0,0,0,0.5,0,0,0.5,3240.5,0.113156603,1,5.85,3.5,0.577350269,0,0.083333333,0.5,0,2.0,0,0,0,0,1.5,1,0,2,1,0,1,0,1,0,0,0,0,1,1,0,0,0,0,0
39,0,0,6965,18.0,2,3,2,4,4,2,42,0,0,13,49,1,9,3,5,0,0,0,0.0,0,0,0.0,3482.5,0.545230263,0,18.0,3.0,1.154700538,0,0.111111111,1.0,0,3.5,0,0,0,0,5.0,0,0,3,1,1,0,1,0,0,0,0,0,1,0,1,0,0,0,0
18,0,0,2271,11.1,1,4,1,4,1,3,53,1,1,8,28,2,12,2,5,0,0,0,0.0,0,0,0.0,2271.0,0.001644737,1,11.1,2.25,1.5,1,0.166666667,2.0,1,3.111111111,0,2,1,1,5.0,2,1,1,1,0,0,1,0,0,0,0,1,0,0,0,0,0,1,1
25,5,1,6802,18.3,3,3,4,2,2,3,0,1,1,28,90,5,4,2,4,0,1,0,0.166666667,1,0,1.666666667,2267.333333,0.363384956,1,3.05,2.75,0.957427108,0,1.25,0.833333333,0,3.103448276,1,1,0,1,0.666666667,2,0,1,1,0,1,0,0,1,0,0,1,0,1,0,0,0,0,0
57,6,2,9405,12.1,3,4,1,3,1,4,38,1,0,20,67,5,10,3,9,0,1,1,0.285714286,1,0,2.0,3135.0,0.835526316,0,1.728571429,2.25,1.5,1,0.5,0.714285714,1,3.19047619,1,1,1,1,1.285714286,3,1,3,0,0,0,1,0,0,0,0,0,0,0,0,0,1,1,1
23,3,1,7408,15.5,2,3,3,3,3,3,14,1,1,17,44,2,2,3,5,0,0,0,0.25,1,0,1.5,3704.0,0.304174067,1,3.875,3.0,0.0,0,1.0,0.5,1,2.444444444,0,0,0,0,1.25,1,0,1,0,0,1,0,0,0,0,0,1,0,0,0,0,0,1,1
38,4,4,5817,14.4,2,2,2,2,3,4,37,0,0,29,106,4,9,3,6,0,0,0,0.8,0,1,2.0,2908.5,0.063573883,1,2.88,2.75,0.957427108,0,0.444444444,0.8,1,3.533333333,1,-1,0,0,1.2,3,0,1,0,0,1,0,1,0,0,0,1,0,0,1,0,0,0,0
31,1,1,6884,14.2,3,3,3,3,4,3,8,1,0,11,29,3,3,3,6,0,1,0,0.5,0,0,0.333333333,2294.666667,0.452995008,1,7.1,3.25,0.5,0,1.0,1.5,1,2.416666667,0,0,0,0,3.0,1,0,2,0,0,0,0,0,0,1,0,1,0,1,0,0,0,1,1
20,2,0,6054,15.8,1,4,5,2,3,3,35,0,0,25,74,2,9,1,4,0,0,0,0.0,1,0,2.0,6054.0,0.31593178,1,5.266666667,3.25,1.258305739,0,0.222222222,0.666666667,2,2.846153846,1,3,1,1,1.333333333,2,0,2,0,1,0,0,0,0,1,0,1,0,0,0,0,0,0,0
30,3,0,9084,13.5,2,4,3,4,5,5,85,0,1,24,77,1,15,3,2,0,0,0,0.0,1,0,1.5,4542.0,0.549955595,0,3.375,4.25,0.957427108,0,0.066666667,0.25,2,3.08,1,1,1,1,0.5,1,0,3,0,1,0,0,0,0,0,0,1,0,1,0,0,0,0,0
26,4,1,8576,12.1,2,4,2,1,4,4,32,0,0,22,93,10,12,3,5,0,1,0,0.2,1,0,2.0,4288.0,0.711730449,0,2.42,2.75,1.5,0,0.833333333,2.0,1,4.043478261,1,1,1,1,1.0,1,0,4,0,1,0,0,0,0,1,0,0,1,1,0,0,0,0,0
36,3,3,6895,17.4,2,3,2,3,3,1,68,0,0,29,83,3,10,4,3,0,0,0,0.75,0,0,1.5,3447.5,0.316389402,1,4.35,2.25,0.957427108,1,0.3,0.75,1,2.766666667,1,-1,0,0,0.75,3,0,2,1,0,1,0,0,0,0,1,1,0,0,1,0,0,0,0
18,0,0,9463,16.3,3,4,2,3,3,3,53,0,0,60,150,2,2,4,5,0,1,0,0.0,0,0,0.0,3154.333333,0.596802842,0,16.3,2.75,0.5,0,1.0,2.0,2,2.459016393,1,0,1,0,5.0,1,0,2,0,1,0,0,0,0,0,0,1,0,0,0,0,0,0,0
44,1,1,6418,17.2,1,3,3,4,3,3,52,0,1,17,76,5,8,5,6,0,0,0,0.5,0,0,1.0,6418.0,0.176287744,1,8.6,3.25,0.5,0,0.625,2.5,2,4.222222222,1,-2,0,0,3.0,2,0,3,0,0,1,0,0,0,0,0,1,0,0,1,0,0,0,0
31,2,1,5878,20.6,1,3,3,3,4,4,12,0,1,10,21,4,11,3,5,0,0,0,0.333333333,1,0,2.0,5878.0,0.067992145,1,6.866666667,3.5,0.577350269,0,0.363636364,1.333333333,1,1.909090909,0,0,0,0,1.666666667,1,0,2,0,1,0,0,1,0,0,0,1,0,1,0,0,0,0,0
46,8,2,10649,16.1,3,3,4,3,4,3,82,0,1,13,37,2,7,2,2,0,1,0,0.222222222,1,0,2.666666667,3549.666667,0.887687188,0,1.788888889,3.5,0.577350269,0,0.285714286,0.222222222,1,2.642857143,0,1,0,1,0.222222222,0,0,3,1,0,1,0,0,0,1,0,1,0,0,0,1,0,0,0
40,1,1,7362,14.4,2,3,2,3,3,3,42,1,0,6,21,2,2,4,11,0,1,0,0.5,0,0,0.5,3681.0,0.467643805,1,7.2,2.75,0.5,0,1.0,1.0,2,3.0,0,-1,0,0,5.5,2,0,2,0,0,0,0,0,1,0,0,1,0,0,1,0,0,1,1
33,5,4,9009,9.4,3,2,4,4,4,4,31,0,0,16,49,1,8,2,6,0,1,0,0.666666667,1,1,1.666666667,3003.0,0.540186501,0,1.566666667,4.0,0.0,0,0.125,0.166666667,2,2.882352941,0,0,0,0,1.0,1,0,2,1,0,0,0,0,0,0,0,1,0,1,0,0,0,0,0
39,0,0,3782,15.1,1,3,3,3,2,5,27,0,1,42,150,4,16,3,7,0,1,0,0.0,0,0,0.0,3782.0,0.025995575,1,15.1,3.25,1.258305739,0,0.25,4.0,2,3.488372093,1,0,0,0,7.0,2,0,2,1,1,0,0,0,1,0,0,0,0,0,1,0,0,0,0
35,1,0,3300,16.2,1,4,1,5,2,4,43,0,0,26,89,7,4,4,4,0,1,0,0.0,1,0,1.0,3300.0,0.018302829,1,8.1,3.0,1.825741858,0,1.75,3.5,1,3.296296296,1,0,1,0,2.0,2,0,1,0,0,1,0,0,0,1,0,1,0,0,1,0,0,0,0
28,1,0,9344,9.6,2,3,1,4,1,4,6,0,0,6,24,4,6,2,6,0,0,0,0.0,1,0,0.5,4672.0,0.582149201,0,4.8,2.5,1.732050808,0,0.666666667,2.0,0,3.428571429,0,1,0,1,3.0,0,0,3,1,1,0,0,0,0,0,0,1,0,1,0,0,0,0,0
41,1,0,8545,17.1,2,4,4,4,3,3,25,1,0,20,57,3,6,5,9,0,0,0,0.0,1,0,0.5,4272.5,0.469360568,1,8.55,3.5,0.577350269,0,0.5,1.5,1,2.714285714,0,-1,1,0,4.5,2,0,2,1,1,0,0,0,0,0,0,1,0,0,1,0,0,1,1
30,2,1,5697,15.4,2,4,3,1,3,3,17,0,0,3,8,3,9,5,3,0,0,0,0.333333333,1,0,1.0,2848.5,0.257071547,1,5.133333333,2.5,1.0,0,0.333333333,1.0,1,2.0,0,-1,1,0,1.0,1,0,3,0,0,1,0,0,0,1,0,1,0,1,0,0,0,0,0
29,3,0,4946,12.5,1,2,4,1,2,3,28,1,0,12,38,2,14,4,6,0,1,0,0.0,1,0,3.0,4946.0,0.135607321,1,3.125,2.5,1.290994449,0,0.142857143,0.5,1,2.923076923,0,-2,0,0,1.5,1,0,2,1,0,0,0,0,0,1,0,1,0,1,0,0,0,0,0
45,8,7,6163,13.6,2,3,2,4,3,1,38,1,0,14,58,8,13,1,8,0,1,0,0.777777778,1,1,4.0,3081.5,0.396381579,1,1.511111111,2.5,1.290994449,0,0.615384615,0.888888889,1,3.866666667,0,2,0,1,0.888888889,3,0,2,0,1,0,1,0,0,0,0,1,0,0,0,1,0,1,1
44,3,3,7978,16.5,2,4,4,3,3,4,20,0,1,6,23,4,6,3,3,0,0,0,0.75,0,0,1.5,3989.0,0.689144737,0,4.125,3.5,0.577350269,0,0.666666667,1.0,1,3.285714286,0,1,1,1,0.75,0,0,3,0,0,1,1,0,0,0,0,1,0,0,1,0,0,0,0
26,1,1,11172,11.1,3,4,3,3,3,3,16,0,0,28,106,4,3,3,5,0,1,0,0.5,0,0,0.333333333,3724.0,0.851817622,0,5.55,3.0,0.0,0,1.333333333,2.0,2,3.655172414,1,1,1,1,2.5,1,0,3,0,1,0,0,0,0,0,1,1,0,1,0,0,0,0,0
39,0,0,3987,12.2,1,3,3,4,4,3,40,1,1,10,36,4,10,5,5,0,0,0,0.0,0,0,0.0,3987.0,0.080592105,1,12.2,3.5,0.577350269,0,0.4,4.0,1,3.272727273,0,-2,0,0,5.0,1,0,2,1,1,0,1,0,0,0,0,1,0,0,1,0,0,0,0
53,6,3,15236,14.4,4,2,2,3,3,3,49,0,0,25,100,3,3,3,5,0,1,1,0.428571429,1,0,1.5,3809.0,0.931762396,0,2.057142857,2.75,0.5,0,1.0,0.428571429,2,3.846153846,1,-1,0,0,0.714285714,1,0,3,1,0,1,0,1,0,0,0,1,0,0,0,1,0,0,0
38,1,1,6459,16.4,2,4,2,2,4,3,23,0,1,10,27,3,10,1,9,0,0,0,0.5,0,0,0.5,3229.5,0.262014787,1,8.2,2.75,0.957427108,0,0.3,1.5,2,2.454545455,0,3,1,1,4.5,2,0,1,0,0,1,0,0,0,0,1,1,0,0,1,0,0,0,0
24,6,5,8164,7.9,2,2,4,1,3,2,12,0,0,11,43,7,3,1,8,0,0,0,0.714285714,1,1,3.0,4082.0,0.323637703,1,1.128571429,2.5,1.290994449,0,2.333333333,1.0,1,3.583333333,0,1,0,1,1.142857143,3,0,2,1,0,1,0,1,0,0,0,1,0,0,0,0,0,0,0
24,4,2,7441,16.4,2,4,4,3,5,5,25,0,0,21,44,4,9,3,2,0,0,0,0.4,1,0,2.0,3720.5,0.549500832,0,3.28,4.25,0.957427108,0,0.444444444,0.8,1,2.0,0,1,1,1,0.4,0,0,2,0,0,1,0,0,0,1,0,1,0,0,0,0,0,0,0
41,6,4,8476,15.9,4,3,3,4,4,4,55,0,1,12,33,5,9,2,4,0,1,0,0.571428571,1,1,1.5,2119.0,0.755756579,0,2.271428571,3.75,0.5,0,0.555555556,0.714285714,1,2.538461538,0,1,0,1,0.571428571,1,0,2,0,0,1,1,0,0,0,0,1,0,0,1,0,0,0,0
47,1,0,8695,12.0,2,3,2,4,2,4,60,1,1,6,26,6,16,1,5,0,0,0,0.0,1,0,0.5,4347.5,0.394698085,1,6.0,3.0,1.154700538,0,0.375,3.0,1,3.714285714,0,2,0,1,2.5,1,0,3,1,0,0,0,1,0,0,0,1,0,0,0,1,0,1,0
49,10,5,8154,14.4,3,5,3,4,3,1,24,0,0,16,44,9,10,3,7,1,1,0,0.454545455,1,0,3.333333333,2718.0,0.657237937,0,1.309090909,2.75,1.258305739,0,0.9,0.818181818,0,2.588235294,0,2,1,1,0.636363636,0,0,1,0,0,0,0,0,0,1,0,1,0,0,0,1,0,0,0
36,2,2,7045,18.7,2,3,4,2,4,4,68,0,1,33,82,4,7,3,1,0,0,0,0.666666667,0,0,1.0,3522.5,0.342421442,1,6.233333333,3.5,1.0,0,0.571428571,1.333333333,0,2.411764706,1,0,0,0,0.333333333,2,0,2,0,1,0,0,0,0,0,1,1,0,0,1,0,0,0,0
23,2,1,8543,19.0,2,3,4,4,4,3,45,0,0,21,21,5,7,3,7,0,1,0,0.333333333,1,0,1.0,4271.5,0.468916519,1,6.333333333,3.75,0.5,0,0.714285714,1.666666667,1,0.954545455,0,0,0,0,2.333333333,1,0,3,0,0,0,0,0,0,0,0,0,0,0,0,0,0,0,0
41,2,1,5261,19.5,1,4,4,4,4,4,34,1,1,15,36,2,7,4,10,0,0,0,0.333333333,1,0,2.0,5261.0,0.033382425,1,6.5,4.0,0.0,0,0.285714286,0.666666667,1,2.25,0,0,1,0,3.333333333,2,0,1,0,0,1,0,1,0,0,0,1,0,0,1,0,0,1,1
26,1,1,4878,9.6,1,4,4,2,3,4,50,0,0,20,53,1,7,3,8,0,0,0,0.5,0,0,1.0,4878.0,0.018163967,1,4.8,3.25,0.957427108,0,0.142857143,0.5,1,2.523809524,0,1,1,1,4.0,2,0,1,1,1,0,0,1,0,0,0,1,0,1,0,0,0,0,0
28,5,5,8029,11.7,1,3,2,2,2,3,27,1,0,17,45,5,4,1,12,0,0,0,0.833333333,0,1,5.0,8029.0,0.300932744,1,1.95,2.25,0.5,1,1.25,0.833333333,1,2.5,0,2,0,1,2.0,4,1,3,0,1,0,0,1,0,0,0,1,0,1,0,0,0,1,1
46,7,7,9818,13.6,2,3,3,3,4,5,0,0,0,30,115,5,10,3,7,0,0,0,0.875,0,1,3.5,4909.0,0.543078056,0,1.7,3.75,0.957427108,0,0.5,0.625,0,3.709677419,1,0,0,0,0.875,2,0,3,0,1,0,0,1,0,0,0,1,0,0,0,1,0,0,0
41,3,2,6389,15.4,1,4,3,3,3,4,24,0,1,10,41,2,4,3,5,0,0,0,0.5,1,0,3.0,6389.0,0.301438053,1,3.85,3.25,0.5,0,0.5,0.5,1,3.727272727,0,1,1,1,1.25,1,0,2,1,1,0,0,0,1,0,0,1,0,0,1,0,0,0,0
30,6,3,14615,19.0,3,3,1,2,5,2,36,0,1,8,36,3,8,1,4,0,1,0,0.428571429,1,0,2.0,4871.666667,0.943605684,0,2.714285714,2.5,1.732050808,0,0.375,0.428571429,0,4.0,0,2,0,1,0.571428571,0,0,4,1,1,0,0,0,0,0,0,1,0,1,0,0,0,0,0
30,0,0,5117,19.7,1,2,3,3,2,2,30,0,1,4,12,2,8,2,2,0,1,0,0.0,0,0,0.0,5117.0,0.206414474,1,19.7,2.5,0.577350269,0,0.25,2.0,1,2.4,0,0,0,0,2.0,1,0,3,1,0,0,1,0,0,0,0,1,0,1,0,0,0,0,0
39,1,0,7692,21.3,2,4,4,2,5,3,25,1,1,10,35,4,2,3,8,0,0,0,0.0,1,0,0.5,3846.0,0.456561922,1,10.65,3.5,1.290994449,0,2.0,2.0,0,3.181818182,0,1,1,1,4.0,2,0,2,0,1,0,0,0,0,0,1,1,0,0,1,0,0,1,1
43,3,1,8215,10.7,2,3,3,2,3,2,6,0,1,10,28,4,9,3,3,0,0,0,0.25,1,0,1.5,4107.5,0.330142366,1,2.675,2.5,0.577350269,0,0.444444444,1.0,2,2.545454545,0,0,0,0,0.75,1,0,2,0,0,1,0,1,0,0,0,1,0,0,1,0,0,0,0
31,8,3,6256,19.4,3,3,3,3,3,3,53,0,0,10,44,6,4,2,2,0,1,0,0.333333333,1,0,2.666666667,2085.333333,0.418585526,1,2.155555556,3.0,0.0,0,1.5,0.666666667,2,4.0,0,1,0,1,0.222222222,1,0,1,1,1,0,1,0,0,0,0,1,0,1,0,0,0,0,0
31,11,3,15337,15.3,3,4,2,2,5,2,21,0,0,3,10,5,6,3,4,1,1,0,0.25,1,0,3.666666667,5112.333333,0.959591474,0,1.275,2.75,1.5,0,0.833333333,0.416666667,0,2.5,0,1,1,1,0.333333333,0,0,3,1,1,0,0,0,0,0,0,1,0,1,0,0,0,0,0
29,9,4,12267,13.7,3,3,3,1,3,3,0,0,0,18,44,4,14,4,8,0,1,0,0.4,1,1,3.0,4089.0,0.848134991,0,1.37,2.5,1.0,0,0.285714286,0.4,1,2.315789474,0,-1,0,0,0.8,2,0,2,1,0,1,0,0,0,0,0,0,0,1,0,0,0,0,0
37,10,5,6851,8.8,4,3,4,4,3,3,17,1,0,13,53,4,8,3,5,0,1,0,0.454545455,1,1,2.5,1712.75,0.445091514,1,0.8,3.5,0.577350269,0,0.5,0.363636364,2,3.785714286,0,0,0,0,0.454545455,2,0,1,1,1,0,0,0,0,1,0,1,0,0,1,0,0,0,1
36,4,1,7848,19.5,2,4,3,1,3,4,70,0,0,7,22,5,14,4,9,0,1,0,0.2,1,0,2.0,3924.0,0.478743068,1,3.9,2.75,1.258305739,0,0.357142857,1.0,0,2.75,0,0,1,0,1.8,2,0,3,1,1,0,0,0,0,0,1,1,0,0,1,0,0,0,0
41,2,2,5841,13.4,1,3,4,3,4,4,40,1,1,4,13,5,10,4,7,0,0,0,0.666666667,0,0,2.0,5841.0,0.17667899,1,4.466666667,3.75,0.5,0,0.5,1.666666667,1,2.6,0,-1,0,0,2.333333333,1,0,1,0,1,0,0,0,0,0,1,0,1,0,1,0,0,1,0
31,8,6,9323,13.0,3,3,2,1,4,2,71,1,1,12,41,2,6,4,8,0,1,0,0.666666667,1,1,2.666666667,3107.666667,0.576598579,0,1.444444444,2.25,1.258305739,1,0.333333333,0.222222222,2,3.153846154,0,-1,0,0,0.888888889,3,1,2,0,1,0,0,0,0,0,0,1,0,1,0,0,0,1,1
18,0,0,7255,9.8,1,3,3,3,3,4,60,0,0,34,150,3,6,4,2,0,0,0,0.0,0,0,0.0,7255.0,0.287522202,1,9.8,3.25,0.5,0,0.5,3.0,0,4.285714286,1,-1,0,0,2.0,2,0,3,0,0,1,0,0,0,0,0,1,0,0,0,0,0,0,0
38,1,0,5382,16.4,1,4,3,2,1,3,5,0,0,22,79,4,2,3,5,0,0,0,0.0,1,0,1.0,5382.0,0.158185841,1,8.2,2.25,0.957427108,1,2.0,2.0,0,3.434782609,1,1,1,1,2.5,3,0,2,1,1,0,0,0,1,0,0,1,0,0,1,0,0,0,0
26,1,0,5005,16.2,2,1,1,2,3,4,39,0,1,5,11,8,2,4,3,0,0,0,0.0,1,0,0.5,2502.5,0.085181762,1,8.1,2.5,1.290994449,0,4.0,4.0,0,1.833333333,0,-3,0,0,1.5,1,0,2,1,0,1,0,0,0,0,1,1,0,1,0,0,0,0,0
47,7,0,7730,21.9,1,4,1,3,3,4,47,0,0,25,94,2,6,4,3,1,0,0,0.0,1,0,7.0,7730.0,0.594009983,0,2.7375,2.75,1.258305739,0,0.333333333,0.25,2,3.615384615,1,0,1,0,0.375,1,0,2,0,0,1,0,0,0,1,0,1,0,0,0,1,0,0,0
22,4,3,7691,13.7,3,3,4,3,4,3,19,0,0,12,54,5,6,4,4,0,1,0,0.6,1,0,1.333333333,2563.666667,0.343250444,1,2.74,3.5,0.577350269,0,0.833333333,1.0,1,4.153846154,0,-1,0,0,0.8,1,0,1,0,0,1,0,0,0,0,0,0,0,0,0,0,0,0,0
41,3,0,11398,17.7,2,3,1,5,2,5,59,0,1,24,89,3,15,4,9,0,0,0,0.0,1,0,1.5,5699.0,0.721772214,0,4.425,3.25,2.061552813,0,0.2,0.75,1,3.56,1,-1,0,0,2.25,2,0,3,1,0,1,0,1,0,0,0,0,0,0,1,0,0,0,0
19,1,0,4331,15.9,2,3,1,4,2,1,22,0,0,15,53,3,15,2,4,0,0,0,0.0,1,0,0.5,2165.5,0.056415929,1,7.95,2.0,1.414213562,1,0.2,1.5,1,3.3125,0,1,0,1,2.0,2,0,1,0,1,0,0,0,1,0,0,1,0,0,0,0,0,0,0
43,6,1,8316,19.7,1,4,3,3,5,5,25,0,1,6,26,2,3,4,7,0,0,0,0.142857143,1,0,6.0,8316.0,0.341801669,1,2.814285714,4.0,1.154700538,0,0.666666667,0.285714286,1,3.714285714,0,0,1,0,1.0,1,0,2,1,0,1,0,1,0,0,0,1,0,0,1,0,0,0,0
32,2,1,6538,16.7,2,2,3,5,3,3,10,1,0,26,75,3,11,4,4,0,0,0,0.333333333,1,0,1.0,3269.0,0.119538537,1,5.566666667,3.5,1.0,0,0.272727273,1.0,2,2.777777778,1,-2,0,0,1.333333333,2,0,1,0,1,0,0,1,0,0,0,1,0,1,0,0,0,0,1
50,3,0,6444,12.7,1,3,4,3,1,1,20,1,1,3,10,3,11,3,8,0,1,1,0.0,1,0,3.0,6444.0,0.260320394,1,3.175,2.25,1.5,1,0.272727273,0.75,1,2.5,0,0,0,0,2.0,3,1,2,0,1,0,0,0,0,0,1,0,0,0,0,1,0,1,1
40,0,0,5585,14.7,3,4,2,3,2,2,33,0,0,5,16,4,10,3,6,0,1,0,0.0,0,0,0.0,1861.666667,0.186946903,1,14.7,2.25,0.5,1,0.4,4.0,0,2.666666667,0,1,1,1,6.0,2,0,1,1,1,0,0,0,1,0,0,1,0,0,1,0,0,0,0
39,5,5,9060,17.8,3,4,3,3,4,3,16,0,0,13,40,3,2,2,8,0,1,0,0.833333333,0,1,1.666666667,3020.0,0.712112832,0,2.966666667,3.25,0.5,0,1.5,0.5,1,2.857142857,0,2,1,1,1.333333333,2,0,2,0,1,0,0,0,1,0,0,1,0,0,1,0,0,0,0
37,4,2,5946,15.3,1,3,4,5,4,3,32,0,1,19,64,3,5,3,8,0,1,0,0.4,1,0,4.0,5946.0,0.073146784,1,3.06,4.0,0.816496581,0,0.6,0.6,1,3.2,1,0,0,0,1.6,3,0,2,1,1,0,0,1,0,0,0,1,0,0,1,0,0,0,0
41,12,1,13816,14.3,4,4,2,3,4,5,46,0,0,19,60,5,8,3,4,1,1,0,0.076923077,1,0,3.0,3454.0,0.918294849,0,1.1,3.5,1.290994449,0,0.625,0.384615385,1,3.0,0,1,1,1,0.307692308,0,0,2,1,1,0,0,0,0,0,0,1,0,0,1,0,0,0,0
41,0,0,3832,13.0,1,3,3,4,5,2,26,0,1,29,98,3,11,3,2,0,0,0,0.0,0,0,0.0,3832.0,0.066611842,1,13.0,3.5,1.290994449,0,0.272727273,3.0,1,3.266666667,1,0,0,0,2.0,2,0,3,1,0,0,1,0,0,0,0,1,0,0,1,0,0,0,0
40,3,1,4648,12.9,1,3,3,2,2,5,30,1,0,14,56,2,14,3,9,0,0,0,0.25,1,0,3.0,4648.0,0.012518409,1,3.225,3.0,1.414213562,0,0.142857143,0.5,0,3.733333333,0,0,0,0,2.25,2,0,2,0,0,0,0,1,0,0,0,0,0,0,1,0,0,1,1
58,7,4,11328,13.8,3,4,2,2,4,3,33,1,1,8,26,3,6,3,7,0,1,1,0.5,1,1,2.333333333,3776.0,0.860751694,0,1.725,2.75,0.957427108,0,0.5,0.375,0,2.888888889,0,1,1,1,0.875,1,0,3,1,0,1,0,0,0,0,1,1,0,0,0,0,1,1,0
20,2,0,5458,18.0,1,3,4,3,1,3,0,1,0,17,33,4,8,2,8,0,0,0,0.0,1,0,2.0,5458.0,0.168141593,1,6.0,2.75,1.258305739,0,0.5,1.333333333,1,1.833333333,0,1,0,1,2.666666667,2,0,2,0,1,0,0,0,1,0,0,1,0,0,0,0,0,0,1
18,0,0,7050,17.7,2,5,5,3,2,4,26,0,1,46,150,4,15,1,8,0,0,0,0.0,0,0,0.0,3525.0,0.413163717,1,17.7,3.5,1.290994449,0,0.266666667,4.0,1,3.191489362,1,4,1,1,8.0,3,0,2,1,0,1,0,0,1,0,0,1,0,0,0,0,0,0,0
37,2,2,5336,26.0,1,5,2,1,1,4,63,1,1,1,5,5,6,3,5,0,0,0,0.666666667,0,0,2.0,5336.0,0.194259567,1,8.666666667,2.0,1.414213562,1,0.833333333,1.666666667,1,2.5,0,2,1,1,1.666666667,2,1,2,1,0,1,0,0,0,1,0,1,0,0,1,0,0,1,1
31,11,10,14712,12.1,4,4,4,2,1,5,53,1,0,41,150,1,10,3,9,1,1,0,0.833333333,1,0,2.75,3678.0,0.988938053,0,1.008333333,3.0,1.825741858,0,0.1,0.083333333,2,3.571428571,1,1,1,1,0.75,2,0,4,0,0,0,0,0,1,0,0,1,0,1,0,0,0,1,1
37,10,9,11114,12.2,3,4,4,3,5,4,40,0,1,14,58,6,13,4,4,1,1,0,0.818181818,1,0,3.333333333,3704.666667,0.847812693,0,1.109090909,4.0,0.816496581,0,0.461538462,0.545454545,2,3.866666667,0,0,1,0,0.363636364,0,0,3,1,0,1,0,0,0,0,1,1,0,0,1,0,0,0,0
29,0,0,10268,17.2,3,5,4,3,4,4,57,0,1,11,30,6,5,1,6,0,1,0,0.0,0,0,0.0,3422.666667,0.594992636,0,17.2,3.75,0.5,0,1.2,6.0,0,2.5,0,4,1,1,6.0,0,0,2,1,0,1,0,1,0,0,0,1,0,1,0,0,0,0,0
35,13,4,13507,18.3,5,4,4,3,3,2,51,1,1,3,10,5,7,3,4,0,1,0,0.285714286,1,1,2.6,2701.4,0.944547135,0,1.307142857,3.0,0.816496581,0,0.714285714,0.357142857,1,2.5,0,1,1,1,0.285714286,1,0,2,1,0,1,0,0,0,0,1,0,1,0,1,0,0,1,1
25,7,3,7114,13.7,2,4,2,2,4,3,45,1,0,8,22,5,4,2,9,0,0,0,0.375,1,0,3.5,3557.0,0.266651865,1,1.7125,2.75,0.957427108,0,1.25,0.625,1,2.444444444,0,2,1,1,1.125,2,0,1,0,1,0,0,0,0,0,0,1,0,1,0,0,0,1,1
43,12,5,14503,15.3,3,4,3,5,4,5,29,0,0,23,97,6,2,3,5,0,1,0,0.384615385,1,1,4.0,4834.333333,0.909180167,0,1.176923077,4.25,0.957427108,0,3.0,0.461538462,0,4.041666667,1,1,1,1,0.384615385,2,0,3,1,0,0,0,1,0,0,0,1,0,0,1,0,0,0,0
35,4,2,8745,13.2,2,4,2,4,4,5,40,0,0,15,50,3,5,3,5,0,0,0,0.4,1,0,2.0,4372.5,0.732529118,0,2.64,3.75,1.258305739,0,0.6,0.6,1,3.125,0,1,1,1,1.0,0,0,3,0,1,0,0,0,0,1,0,0,0,0,1,0,0,0,0
44,20,4,8420,14.3,5,1,5,4,4,4,15,0,0,23,88,5,8,4,8,0,1,0,0.19047619,1,1,4.0,1684.0,0.751644737,0,0.680952381,4.25,0.5,0,0.625,0.238095238,1,3.666666667,1,-3,0,0,0.380952381,3,0,1,1,1,0,1,0,0,0,0,1,0,0,1,0,0,0,0
25,0,0,7345,18.3,1,3,4,5,4,3,19,1,0,17,62,5,11,4,6,0,0,0,0.0,0,0,0.0,7345.0,0.213426608,1,18.3,4.0,0.816496581,0,0.454545455,5.0,0,3.444444444,1,-1,0,0,6.0,2,0,2,0,0,1,0,1,0,0,0,1,0,1,0,0,0,0,0
46,6,4,9304,6.3,2,3,4,3,3,4,0,0,0,13,52,2,2,2,2,0,1,0,0.571428571,1,1,3.0,4652.0,0.476313206,1,0.9,3.5,0.577350269,0,1.0,0.285714286,0,3.714285714,0,1,0,1,0.285714286,2,0,2,0,1,0,0,1,0,0,0,1,0,0,0,1,0,0,0
36,4,2,6700,12.2,3,3,1,3,3,4,47,1,1,10,30,4,11,3,7,0,1,0,0.4,1,0,1.333333333,2233.333333,0.292667899,1,2.44,2.75,1.258305739,0,0.363636364,0.8,0,2.727272727,0,0,0,0,1.4,1,0,2,1,0,1,0,0,0,0,1,1,0,0,1,0,0,0,0
51,3,1,4902,16.3,2,3,2,3,3,3,26,0,0,26,61,3,5,4,4,0,0,1,0.25,1,0,1.5,2451.0,0.107024336,1,4.075,2.75,0.5,0,0.6,0.75,1,2.259259259,1,-1,0,0,1.0,2,0,1,0,0,0,0,0,1,0,0,1,0,0,0,1,0,0,0
31,10,4,9680,14.5,3,3,3,3,3,5,51,0,0,11,31,3,14,1,3,0,1,0,0.363636364,1,1,3.333333333,3226.666667,0.854440789,0,1.318181818,3.5,1.0,0,0.214285714,0.272727273,0,2.583333333,0,2,0,1,0.272727273,1,0,3,1,1,0,1,0,0,0,0,1,0,1,0,0,0,0,0
27,2,1,9349,16.8,3,3,5,3,3,4,33,0,1,9,31,6,10,3,3,0,1,0,0.333333333,1,0,0.666666667,3116.333333,0.741150442,0,5.6,3.75,0.957427108,0,0.6,2.0,0,3.1,0,0,0,0,1.0,0,0,3,0,0,1,0,0,1,0,0,0,0,1,0,0,0,0,0
33,0,0,5435,15.1,1,4,2,3,2,3,43,0,0,18,62,3,4,3,3,0,0,0,0.0,0,0,0.0,5435.0,0.074600355,1,15.1,2.5,0.577350269,0,0.75,3.0,0,3.263157895,1,1,1,1,3.0,2,0,3,0,1,0,0,0,0,0,0,1,0,1,0,0,0,0,0
34,3,3,6830,12.6,2,4,1,3,1,3,23,0,0,24,73,4,2,5,2,0,0,0,0.75,0,0,1.5,3415.0,0.223357016,1,3.15,2.0,1.154700538,1,2.0,1.0,1,2.92,1,-1,1,0,0.5,3,0,1,1,0,1,0,0,0,0,0,1,0,1,0,0,0,0,0
27,8,1,7650,20.3,1,5,3,4,1,4,5,0,0,27,115,9,8,3,8,0,0,0,0.111111111,1,0,8.0,7650.0,0.44978435,1,2.255555556,3.0,1.414213562,0,1.125,1.0,2,4.107142857,1,2,1,1,0.888888889,3,0,2,0,1,0,0,0,0,0,1,1,0,1,0,0,0,0,0
27,5,1,8077,13.4,3,3,4,2,3,3,16,0,1,10,39,7,7,3,1,0,1,0,0.166666667,1,0,1.666666667,2692.333333,0.308787432,1,2.233333333,3.0,0.816496581,0,1.0,1.166666667,1,3.545454545,0,0,0,0,0.166666667,1,0,1,1,0,0,0,1,0,0,0,1,0,1,0,0,0,0,0
45,14,12,11199,12.6,3,3,3,3,1,3,0,0,0,15,47,2,10,4,7,0,1,0,0.8,1,1,4.666666667,3733.0,0.853974122,0,0.84,2.5,1.0,0,0.2,0.133333333,2,2.9375,0,-1,0,0,0.466666667,1,0,2,1,0,1,0,0,0,0,1,1,0,0,0,1,0,0,0
42,0,0,5965,18.3,2,4,1,3,3,1,10,0,1,5,12,7,3,4,4,0,0,0,0.0,0,0,0.0,2982.5,0.233960177,1,18.3,2.0,1.154700538,1,2.333333333,7.0,1,2.0,0,0,1,0,4.0,2,0,2,0,0,0,0,0,1,0,0,0,0,0,1,0,0,0,0
38,8,2,8931,13.0,2,3,3,5,3,3,23,0,1,17,48,3,17,4,6,0,1,0,0.222222222,1,0,4.0,4465.5,0.427344134,1,1.444444444,3.5,1.0,0,0.176470588,0.333333333,0,2.666666667,0,-1,0,0,0.666666667,1,0,2,1,1,0,0,1,0,0,0,1,0,0,1,0,0,0,0
40,0,0,8884,8.5,3,2,3,3,3,3,35,0,1,12,30,8,14,2,6,0,1,0,0.0,0,0,0.0,2961.333333,0.523090586,0,8.5,3.0,0.0,0,0.571428571,8.0,0,2.307692308,0,0,0,0,6.0,0,0,2,1,1,0,0,0,0,0,0,1,0,0,1,0,0,0,0
23,2,0,7633,13.5,2,3,1,2,4,4,16,1,0,21,61,3,2,4,6,0,0,0,0.0,1,0,1.0,3816.5,0.44762785,1,4.5,2.75,1.5,0,1.5,1.0,1,2.772727273,1,-1,0,0,2.0,2,0,3,1,1,0,0,0,0,0,1,0,1,0,0,0,0,1,1
29,4,0,8926,15.1,1,4,4,3,4,4,20,0,1,29,96,5,4,4,5,0,0,0,0.0,1,0,4.0,8926.0,0.426607757,1,3.02,3.75,0.5,0,1.25,1.0,1,3.2,1,0,1,0,1.0,2,0,4,0,1,0,0,1,0,0,0,1,0,1,0,0,0,0,0
19,1,1,11318,16.9,3,4,5,4,1,5,44,0,1,11,27,5,10,4,5,0,1,0,0.5,0,0,0.333333333,3772.666667,0.714040255,0,8.45,3.75,1.892969449,0,0.5,2.5,1,2.25,0,0,1,0,2.5,0,0,2,0,1,0,0,1,0,0,0,0,0,0,0,0,0,0,0
46,1,0,3731,13.7,1,3,2,5,3,2,35,0,1,7,23,4,9,3,7,0,0,0,0.0,1,0,1.0,3731.0,0.055921053,1,6.85,3.0,1.414213562,0,0.444444444,2.0,1,2.875,0,0,0,0,3.5,1,0,1,0,1,0,1,0,0,0,0,1,0,0,0,1,0,0,0
31,0,0,7096,9.6,2,1,2,5,2,3,46,0,0,13,21,3,6,4,5,0,1,0,0.0,0,0,0.0,3548.0,0.264653641,1,9.6,3.0,1.414213562,0,0.5,3.0,0,1.5,0,-3,0,0,5.0,1,0,3,0,0,1,0,0,0,0,0,1,0,1,0,0,0,0,0
40,1,1,7598,17.0,2,4,1,3,4,3,41,0,0,17,68,6,8,3,7,0,0,0,0.5,0,0,0.5,3799.0,0.441158349,1,8.5,2.75,1.258305739,0,0.75,3.0,1,3.777777778,1,1,1,1,3.5,2,0,2,1,0,1,0,0,0,0,1,0,1,0,1,0,0,0,0
35,0,0,6314,15.3,2,4,4,2,5,5,21,1,1,16,48,2,9,2,6,0,0,0,0.0,0,0,0.0,3157.0,0.284292035,1,15.3,4.0,1.414213562,0,0.222222222,2.0,2,2.823529412,0,2,1,1,6.0,1,0,2,0,1,0,0,0,1,0,0,0,0,0,1,0,0,1,1
35,16,4,14476,21.6,5,4,5,5,4,4,16,0,0,26,81,8,3,4,6,0,1,0,0.235294118,1,1,3.2,2895.2,0.985619469,0,1.270588235,4.5,0.577350269,0,2.666666667,0.470588235,0,3.0,1,0,1,0,0.352941176,2,0,2,0,1,0,0,0,1,0,0,1,0,0,1,0,0,0,0
32,2,1,6656,12.1,1,3,3,1,3,2,23,0,1,3,11,3,13,4,5,0,0,0,0.333333333,1,0,2.0,6656.0,0.131566028,1,4.033333333,2.25,0.957427108,1,0.230769231,1.0,2,2.75,0,-1,0,0,1.666666667,2,0,2,1,0,0,0,1,0,0,0,0,0,1,0,0,0,0,0
41,23,16,14627,11.7,5,3,1,5,4,3,46,0,1,23,64,3,3,5,6,0,1,0,0.666666667,1,1,4.6,2925.4,0.992096506,0,0.4875,3.25,1.707825128,0,1.0,0.125,0,2.666666667,1,-2,0,0,0.25,2,0,3,1,0,0,0,0,0,1,0,1,0,0,1,0,0,0,0
42,2,1,4147,11.2,1,3,3,2,2,3,34,1,0,36,121,5,17,3,10,0,0,0,0.333333333,1,0,2.0,4147.0,0.094161184,1,3.733333333,2.5,0.577350269,0,0.294117647,1.666666667,1,3.27027027,1,0,0,0,3.333333333,3,0,2,1,1,0,1,0,0,0,0,1,0,0,1,0,0,1,1
34,11,4,8592,11.4,4,2,3,3,3,4,16,0,0,4,15,7,7,4,7,0,1,0,0.333333333,1,1,2.75,2148.0,0.714642263,0,0.95,3.25,0.5,0,1.0,0.583333333,0,3.0,0,-2,0,0,0.583333333,1,0,1,1,1,0,0,0,0,1,0,1,0,1,0,0,0,0,0
33,0,0,6592,12.3,1,4,4,3,3,2,21,0,1,20,61,8,12,5,4,0,0,0,0.0,0,0,0.0,6592.0,0.126411389,1,12.3,3.0,0.816496581,0,0.666666667,8.0,0,2.904761905,1,-1,1,0,4.0,2,0,1,0,1,0,0,1,0,0,0,1,0,1,0,0,0,0,0
30,3,0,9025,16.6,3,3,5,1,2,4,36,0,0,28,92,3,6,3,2,0,1,0,0.0,1,0,1.0,3008.333333,0.54240675,0,4.15,3.0,1.825741858,0,0.5,0.75,1,3.172413793,1,0,0,0,0.5,1,0,2,0,1,0,0,0,0,0,0,1,0,1,0,0,0,0,0
37,4,1,10539,13.6,3,2,2,2,2,3,54,0,0,14,49,5,6,1,7,0,1,0,0.2,1,0,1.333333333,3513.0,0.630093274,0,2.72,2.25,0.5,1,0.833333333,1.0,1,3.266666667,0,1,0,1,1.4,1,0,2,1,0,1,0,1,0,0,0,1,0,0,1,0,0,0,0
32,3,1,6332,14.7,2,3,4,3,3,3,47,0,0,11,53,5,4,4,3,0,1,0,0.25,1,0,1.5,3166.0,0.357321131,1,3.675,3.25,0.5,0,1.25,1.25,2,4.416666667,0,-1,0,0,0.75,1,0,2,0,1,0,0,0,0,1,0,0,0,1,0,0,0,0,0
36,0,0,5607,22.8,2,5,2,2,3,4,68,0,0,11,42,6,4,5,5,0,0,0,0.0,0,0,0.0,2803.5,0.239600666,1,22.8,2.75,0.957427108,0,1.5,6.0,1,3.5,0,0,1,0,5.0,1,0,1,0,0,0,0,0,0,1,0,1,0,0,1,0,0,0,0
52,5,3,11317,14.7,3,3,2,3,3,2,49,0,1,21,65,4,10,3,4,0,1,1,0.5,1,0,1.666666667,3772.333333,0.713794796,0,2.45,2.5,0.577350269,0,0.4,0.666666667,1,2.954545455,1,0,0,0,0.666666667,1,0,2,0,1,0,0,1,0,0,0,1,0,0,0,1,0,0,0
38,6,3,7713,17.6,2,4,4,3,3,5,26,0,1,20,84,3,7,3,7,1,0,0,0.428571429,1,0,3.0,3856.5,0.346580817,1,2.514285714,3.75,0.957427108,0,0.428571429,0.428571429,0,4.0,1,1,1,1,1.0,2,0,1,0,1,0,0,0,0,0,0,1,0,0,1,0,0,0,0
48,7,3,14397,17.9,3,5,4,2,1,4,53,0,0,19,59,1,11,4,5,1,1,0,0.375,1,0,2.333333333,4799.0,0.903289151,0,2.2375,2.75,1.5,0,0.090909091,0.125,0,2.95,0,1,1,1,0.625,0,0,3,0,1,0,0,1,0,0,0,1,0,0,0,1,0,0,0
42,15,1,11365,19.6,5,3,1,2,2,3,39,0,0,26,71,5,13,3,4,0,1,0,0.0625,1,0,3.0,2273.0,0.898783186,0,1.225,2.0,0.816496581,1,0.384615385,0.3125,0,2.62962963,1,0,0,0,0.25,2,0,1,1,0,1,0,0,1,0,0,1,0,0,1,0,0,0,0
44,3,1,6409,14.6,1,4,3,2,3,4,47,0,0,4,13,3,11,5,5,0,0,0,0.25,1,0,3.0,6409.0,0.252926679,1,3.65,3.0,0.816496581,0,0.272727273,0.75,1,2.6,0,-1,1,0,1.25,1,0,2,0,1,0,0,0,0,0,1,0,1,0,1,0,0,0,0
29,0,0,5498,13.7,3,4,1,3,2,2,36,0,1,20,70,9,13,2,4,0,1,0,0.0,0,0,0.0,1832.666667,0.222545757,1,13.7,2.0,0.816496581,1,0.692307692,9.0,1,3.333333333,1,2,1,1,4.0,3,0,2,1,0,1,0,0,0,1,0,1,0,1,0,0,0,0,0
32,1,1,7183,18.9,1,5,4,3,4,3,13,0,0,13,32,7,14,2,3,0,0,0,0.5,0,0,1.0,7183.0,0.369685767,1,9.45,3.5,0.577350269,0,0.5,3.5,2,2.285714286,0,3,1,1,1.5,1,0,1,0,1,0,0,0,0,0,1,1,0,1,0,0,0,0,0
28,10,10,10623,10.2,3,4,2,3,3,3,48,1,0,11,33,10,8,3,11,1,1,0,0.909090909,0,0,3.333333333,3541.0,0.814540974,0,0.927272727,2.75,0.5,0,1.25,0.909090909,0,2.75,0,1,1,1,1.0,1,0,2,0,0,1,0,0,0,0,1,0,1,1,0,0,0,1,1
45,6,3,10584,20.3,3,4,3,4,3,2,39,0,1,26,84,1,17,3,4,1,1,0,0.428571429,1,0,2.0,3528.0,0.882695507,0,2.9,3.0,0.816496581,0,0.058823529,0.142857143,1,3.111111111,1,1,1,1,0.571428571,1,0,4,0,0,1,0,0,0,1,0,1,0,0,0,1,0,0,0
18,0,0,5198,14.0,1,3,4,2,3,2,3,0,1,33,120,4,10,4,10,0,0,0,0.0,0,0,0.0,5198.0,0.219161184,1,14.0,2.75,0.957427108,0,0.4,4.0,1,3.529411765,1,-1,0,0,10.0,3,0,2,0,1,0,1,0,0,0,0,1,0,0,0,0,0,0,0
36,0,0,10230,16.9,3,4,3,3,4,4,52,0,0,19,53,3,7,3,6,0,1,0,0.0,0,0,0.0,3410.0,0.777572397,0,16.9,3.5,0.577350269,0,0.428571429,3.0,1,2.65,0,1,1,1,6.0,0,0,3,1,1,0,0,0,0,0,1,1,0,0,1,0,0,0,0
39,1,0,5591,20.1,1,4,2,3,3,4,48,0,1,9,37,6,2,1,8,0,0,0,0.0,1,0,1.0,5591.0,0.287417763,1,10.05,3.0,0.816496581,0,3.0,3.0,0,3.7,0,3,1,1,4.0,2,0,1,1,0,1,1,0,0,0,0,0,0,0,1,0,0,1,0
36,6,0,7251,14.5,1,4,3,3,3,3,41,0,0,2,5,7,6,3,3,0,0,0,0.0,1,0,6.0,7251.0,0.451880531,1,2.071428571,3.0,0.0,0,1.166666667,1.0,1,1.666666667,0,1,1,1,0.428571429,1,0,3,1,0,1,0,0,1,0,0,1,0,0,1,0,0,0,0
34,2,0,6691,14.2,1,3,4,3,4,5,50,1,1,5,13,7,5,5,7,0,1,0,0.0,1,0,2.0,6691.0,0.415973378,1,4.733333333,4.0,0.816496581,0,1.4,2.333333333,1,2.166666667,0,-2,0,0,2.333333333,1,0,3,0,1,0,0,0,0,1,0,1,0,1,0,0,0,1,1
18,0,0,7419,18.2,1,4,5,5,3,3,66,0,1,7,24,3,9,2,5,0,0,0,0.0,0,0,0.0,7419.0,0.480088496,1,18.2,4.0,1.154700538,0,0.333333333,3.0,1,3.0,0,2,1,1,5.0,1,0,3,1,0,1,0,0,1,0,0,0,1,0,0,0,0,0,0
57,11,6,8458,14.8,3,4,2,2,3,3,52,0,0,19,50,4,6,2,3,1,1,1,0.5,1,0,3.666666667,2819.333333,0.573012939,0,1.233333333,2.5,0.577350269,0,0.666666667,0.333333333,0,2.5,0,2,1,1,0.25,0,0,2,0,0,1,0,0,0,0,1,0,0,0,0,0,1,0,0
34,5,0,8301,12.1,3,4,3,4,3,3,22,0,0,9,10,3,4,1,2,1,1,0,0.0,1,0,1.666666667,2767.0,0.549753543,0,2.016666667,3.25,0.5,0,0.75,0.5,0,1.0,0,3,1,1,0.333333333,0,0,2,0,1,0,0,0,0,0,1,1,0,1,0,0,0,0,0
40,20,1,12488,20.0,5,4,4,5,1,4,83,0,0,20,97,5,7,5,5,1,1,0,0.047619048,1,0,4.0,2497.6,0.914664202,0,0.952380952,3.5,1.732050808,0,0.714285714,0.238095238,0,4.619047619,1,-1,1,0,0.238095238,1,0,1,1,0,1,0,0,0,0,1,1,0,0,1,0,0,0,0
18,0,0,5649,14.3,1,3,5,4,4,3,33,0,0,13,33,5,10,3,3,0,1,0,0.0,0,0,0.0,5649.0,0.248336106,1,14.3,4.0,0.816496581,0,0.5,5.0,2,2.357142857,0,0,0,0,3.0,1,0,2,1,0,1,0,0,0,1,0,1,0,0,0,0,0,0,0
45,2,1,10082,18.9,2,3,4,3,4,1,15,0,1,10,22,4,7,1,6,0,0,0,0.333333333,1,0,1.0,5041.0,0.572901325,0,6.3,3.0,1.414213562,0,0.571428571,1.333333333,2,2.0,0,2,0,1,2.0,0,0,2,1,1,0,0,1,0,0,0,1,0,0,0,1,0,0,0
48,2,2,8646,23.8,3,4,4,5,2,4,44,0,1,33,114,9,12,2,3,0,1,0,0.666666667,0,0,0.666666667,2882.0,0.594269871,0,7.933333333,3.75,1.258305739,0,0.75,3.0,0,3.352941176,1,2,1,1,1.0,1,0,3,1,0,1,0,0,0,0,1,1,0,0,0,1,0,0,0
42,13,1,8983,10.0,3,1,3,4,4,3,28,0,0,11,44,4,9,2,5,0,1,0,0.071428571,1,0,4.333333333,2994.333333,0.638324091,0,0.714285714,3.5,0.577350269,0,0.444444444,0.285714286,2,3.666666667,0,-1,0,0,0.357142857,0,0,3,0,1,0,0,0,0,0,1,1,0,0,1,0,0,0,0
40,10,4,11733,18.9,4,4,2,1,3,3,42,0,0,21,83,5,10,1,7,0,1,0,0.363636364,1,1,2.5,2933.25,0.751840943,0,1.718181818,2.25,0.957427108,1,0.5,0.454545455,0,3.772727273,1,3,1,1,0.636363636,3,0,2,1,0,1,0,1,0,0,0,0,1,0,1,0,0,0,0
39,2,0,7386,11.7,3,3,1,3,4,4,60,1,1,12,40,1,4,1,4,0,1,0,0.0,1,0,0.666666667,2462.0,0.472345133,1,3.9,3.0,1.414213562,0,0.25,0.333333333,1,3.076923077,0,2,0,1,1.333333333,1,0,2,0,1,0,0,0,1,0,0,1,0,0,1,0,0,1,0
44,7,3,5636,13.0,3,3,2,5,4,4,0,1,1,27,81,1,8,3,7,0,1,0,0.375,1,0,2.333333333,1878.666667,0.245008319,1,1.625,3.75,1.258305739,0,0.125,0.125,1,2.892857143,1,0,0,0,0.875,2,0,1,1,1,0,0,0,0,1,0,0,1,0,1,0,0,0,0
51,13,5,11486,14.8,4,1,3,5,3,2,51,0,1,10,20,4,7,3,1,0,1,1,0.357142857,1,1,3.25,2871.5,0.802397869,0,1.057142857,3.25,1.258305739,0,0.571428571,0.285714286,2,1.818181818,0,-2,0,0,0.071428571,1,0,1,0,1,0,0,0,0,0,0,1,0,0,0,1,0,0,0
34,2,1,6974,16.6,2,4,3,4,3,3,42,0,1,8,28,4,9,3,5,0,0,0,0.333333333,1,0,1.0,3487.0,0.166912126,1,5.533333333,3.25,0.5,0,0.444444444,1.333333333,2,3.111111111,0,1,1,1,1.666666667,1,0,1,1,1,0,0,1,0,0,0,1,0,1,0,0,0,0,0
30,6,1,9405,7.6,3,2,1,1,5,4,0,0,1,18,67,6,5,1,5,0,1,0,0.142857143,1,0,2.0,3135.0,0.48772705,1,1.085714286,2.75,2.061552813,0,1.2,0.857142857,1,3.526315789,1,1,0,1,0.714285714,2,0,2,1,0,0,0,1,0,0,0,1,0,1,0,0,0,0,0
48,5,5,7001,13.8,2,3,5,3,2,2,30,1,0,25,88,6,9,3,7,0,0,0,0.833333333,0,1,2.5,3500.5,0.335643869,1,2.3,3.0,1.414213562,0,0.666666667,1.0,1,3.384615385,1,0,0,0,1.166666667,3,0,2,0,1,0,0,0,0,0,1,0,0,0,0,1,0,1,1
45,13,4,8251,14.3,2,3,3,3,3,3,32,1,1,3,13,3,4,3,4,0,0,0,0.285714286,1,1,6.5,4125.5,0.428063943,1,1.021428571,3.0,0.0,0,0.75,0.214285714,0,3.25,0,0,0,0,0.285714286,2,0,2,1,1,0,0,0,0,0,0,1,0,0,0,1,0,0,0
41,6,0,11870,12.3,5,3,1,2,4,3,50,0,0,5,15,4,10,4,8,0,1,0,0.0,1,0,1.2,2374.0,0.949013158,0,1.757142857,2.5,1.290994449,0,0.4,0.571428571,0,2.5,0,-1,0,0,1.142857143,1,0,3,1,1,0,1,0,0,0,0,1,0,0,1,0,0,0,0
41,21,14,14137,16.8,5,4,3,3,3,3,54,1,0,9,39,7,10,3,4,1,1,0,0.636363636,1,0,4.2,2827.4,0.979535398,0,0.763636364,3.0,0.0,0,0.7,0.318181818,1,3.9,0,1,1,1,0.181818182,0,0,2,0,1,0,0,0,1,0,0,0,0,0,1,0,0,1,0
44,2,0,4997,16.9,1,4,2,4,3,3,56,0,1,13,50,2,7,3,10,0,0,0,0.0,1,0,2.0,4997.0,0.02221404,1,5.633333333,3.0,0.816496581,0,0.285714286,0.666666667,1,3.571428571,0,1,1,1,3.333333333,2,0,2,1,0,1,0,1,0,0,0,1,0,0,1,0,0,0,0
41,1,1,5329,19.5,1,3,4,2,4,5,47,0,0,8,26,4,7,5,5,0,0,0,0.5,0,0,1.0,5329.0,0.035714286,1,9.75,3.75,1.258305739,0,0.571428571,2.0,1,2.888888889,0,-2,0,0,2.5,1,0,2,1,0,1,0,1,0,0,0,1,0,0,1,0,0,0,0
49,4,0,9715,14.2,3,2,3,1,5,4,40,1,1,18,64,1,14,3,1,0,1,0,0.0,1,0,1.333333333,3238.333333,0.724276032,0,2.84,3.25,1.707825128,0,0.071428571,0.2,1,3.368421053,1,-1,0,0,0.2,1,0,2,1,0,1,0,0,0,0,1,1,0,0,0,1,0,0,0
44,1,0,7185,13.7,2,3,4,4,3,3,36,1,1,5,17,1,8,1,13,0,0,0,0.0,1,0,0.5,3592.5,0.439159292,1,6.85,3.5,0.577350269,0,0.125,0.5,0,2.833333333,0,2,0,1,6.5,2,0,3,0,1,0,0,0,1,0,0,1,0,0,1,0,0,1,1
43,0,0,7583,15.8,2,3,3,4,3,4,36,0,0,17,49,4,10,4,13,0,1,0,0.0,0,0,0.0,3791.5,0.329040853,1,15.8,3.5,0.577350269,0,0.4,4.0,0,2.722222222,0,-1,0,0,13.0,2,0,2,0,1,0,0,0,0,0,0,1,0,0,1,0,0,0,0
47,4,1,5938,20.2,1,3,1,4,4,3,36,0,0,41,150,8,15,3,4,0,0,0,0.2,1,0,4.0,5938.0,0.187615527,1,4.04,3.0,1.414213562,0,0.533333333,1.6,1,3.571428571,1,0,0,0,0.8,2,0,2,1,0,0,0,0,0,0,1,1,0,0,0,1,0,0,0
57,0,0,6835,15.9,1,3,2,1,4,5,23,0,0,28,90,5,4,4,5,0,0,1,0.0,0,0,0.0,6835.0,0.151939126,1,15.9,3.0,1.825741858,0,1.25,5.0,1,3.103448276,1,-1,0,0,5.0,2,0,3,0,1,0,0,1,0,0,0,1,0,0,0,0,1,0,0
51,3,3,15667,19.3,3,3,2,2,3,1,54,0,0,13,38,4,11,2,7,0,1,1,0.75,0,0,1.0,5222.333333,0.942808051,0,4.825,2.0,0.816496581,1,0.363636364,1.0,1,2.714285714,0,1,0,1,1.75,1,0,4,1,1,0,0,1,0,0,0,0,0,0,0,1,0,0,0
32,4,3,9401,11.7,1,4,2,3,2,3,56,1,1,8,23,3,9,5,6,0,0,0,0.6,1,0,4.0,9401.0,0.487113402,1,2.34,2.5,0.577350269,0,0.333333333,0.6,1,2.555555556,0,-1,1,0,1.2,1,0,4,1,1,0,0,1,0,0,0,1,0,1,0,0,0,0,0
37,1,1,6882,15.5,3,3,4,4,4,4,54,0,1,7,16,4,6,3,11,0,1,0,0.5,0,0,0.333333333,2294.0,0.452163062,1,7.75,4.0,0.0,0,0.666666667,2.0,1,2.0,0,0,0,0,5.5,2,0,1,0,0,1,0,0,0,1,0,0,0,0,1,0,0,0,0
49,1,0,8495,10.0,2,3,1,2,4,3,67,0,0,23,72,5,11,3,4,0,0,0,0.0,1,0,0.5,4247.5,0.461811723,1,5.0,2.5,1.290994449,0,0.454545455,2.5,1,3.0,1,0,0,0,2.0,2,0,2,1,1,0,0,0,0,0,0,1,0,0,0,1,0,0,0
24,5,0,9746,13.8,2,3,1,3,2,2,67,1,1,3,9,7,4,2,6,0,0,0,0.0,1,0,2.5,4873.0,0.535591556,0,2.3,2.0,0.816496581,1,1.75,1.166666667,2,2.25,0,1,0,1,1.0,1,1,2,0,1,0,0,1,0,0,0,1,0,0,0,0,0,1,1
46,2,0,11051,16.5,3,4,2,3,5,3,5,0,0,20,53,3,9,3,7,0,1,0,0.0,1,0,0.666666667,3683.666667,0.684830633,0,5.5,3.25,1.258305739,0,0.333333333,1.0,1,2.523809524,0,1,1,1,2.333333333,0,0,3,0,0,1,0,1,0,0,0,0,1,0,0,1,0,0,0
39,1,0,8144,15.5,1,5,5,2,1,2,11,0,0,3,10,5,10,4,5,0,0,0,0.0,1,0,1.0,8144.0,0.519254467,0,7.75,2.5,1.732050808,0,0.5,2.5,1,2.5,0,1,1,1,2.5,0,0,4,0,0,0,0,0,0,0,1,0,1,0,1,0,0,0,0
39,5,5,12176,17.0,3,5,4,1,4,5,27,0,1,8,24,4,9,5,5,1,1,0,0.833333333,0,0,1.666666667,4058.666667,0.785223368,0,2.833333333,3.5,1.732050808,0,0.444444444,0.666666667,1,2.666666667,0,0,1,0,0.833333333,0,0,2,1,0,1,0,1,0,0,0,1,0,0,1,0,0,0,0
20,2,0,7058,16.3,3,3,3,4,2,5,35,0,0,28,128,5,2,4,4,0,1,0,0.0,1,0,0.666666667,2352.666667,0.560032895,0,5.433333333,3.5,1.290994449,0,2.5,1.666666667,1,4.413793103,1,-1,0,0,1.333333333,1,0,2,1,0,1,1,0,0,0,0,1,0,0,0,0,0,0,0
37,7,6,11781,9.9,4,3,2,4,3,3,51,0,0,5,19,6,10,3,5,0,1,0,0.75,1,1,1.75,2945.25,0.917035398,0,1.2375,3.0,0.816496581,0,0.6,0.75,1,3.166666667,0,0,0,0,0.625,1,0,3,1,0,1,0,0,1,0,0,1,0,0,1,0,0,0,0
32,2,1,7245,18.0,2,4,2,4,2,2,34,0,1,4,14,3,16,4,4,0,1,0,0.333333333,1,0,1.0,3622.5,0.516638935,0,6.0,2.5,1.0,0,0.1875,1.0,1,2.8,0,0,1,0,1.333333333,0,0,2,0,1,0,0,0,0,1,0,1,0,1,0,0,0,0,0
34,1,0,4936,15.2,1,3,2,3,1,4,41,0,0,55,150,5,6,5,6,0,0,0,0.0,1,0,1.0,4936.0,0.038632327,1,7.6,2.5,1.290994449,0,0.833333333,2.5,1,2.678571429,1,-2,0,0,3.0,2,0,2,0,1,0,0,0,0,0,0,1,0,1,0,0,0,0,0
42,6,0,9930,12.7,3,3,5,3,2,4,1,0,0,18,68,5,8,3,4,0,1,0,0.0,1,0,2.0,3310.0,0.745224892,0,1.814285714,3.5,1.290994449,0,0.625,0.714285714,2,3.578947368,1,0,0,0,0.571428571,1,0,2,0,1,0,0,0,0,0,1,1,0,0,1,0,0,0,0
34,7,2,12842,13.4,4,3,3,2,4,4,49,0,0,13,52,4,9,4,4,0,1,0,0.25,1,0,1.75,3210.5,0.973684211,0,1.675,3.25,0.957427108,0,0.444444444,0.5,0,3.714285714,0,-1,0,0,0.5,0,0,4,0,1,0,1,0,0,0,0,1,0,1,0,0,0,0,0
46,5,4,13893,19.8,3,5,2,1,2,4,45,0,0,34,135,2,7,3,5,0,1,0,0.666666667,1,1,1.666666667,4631.0,0.921847247,0,3.3,2.25,1.258305739,1,0.285714286,0.333333333,2,3.857142857,1,2,1,1,0.833333333,3,0,3,1,1,0,0,0,0,0,0,0,1,0,0,1,0,0,0
37,2,2,7209,12.8,2,3,3,3,2,4,30,0,0,5,23,3,8,2,3,0,0,0,0.666666667,0,0,1.0,3604.5,0.373690696,1,4.266666667,3.0,0.816496581,0,0.375,1.0,0,3.833333333,0,1,0,1,1.0,1,0,3,0,1,0,0,0,0,0,1,1,0,0,1,0,0,0,0
27,0,0,6832,18.2,1,4,1,2,5,3,59,0,0,33,116,4,12,2,7,0,0,0,0.0,0,0,0.0,6832.0,0.151202749,1,18.2,2.75,1.707825128,0,0.333333333,4.0,0,3.411764706,1,2,1,1,7.0,2,0,2,0,1,0,0,1,0,0,0,0,1,1,0,0,0,0,0
45,2,2,8990,14.8,3,4,5,3,3,2,19,0,1,32,98,3,9,4,5,0,1,0,0.666666667,0,0,0.666666667,2996.666667,0.436426117,1,4.933333333,3.25,1.258305739,0,0.333333333,1.0,2,2.96969697,1,0,1,0,1.666666667,2,0,2,0,1,0,0,1,0,0,0,1,0,0,0,1,0,0,0
39,1,0,3170,9.1,1,3,4,4,4,4,24,0,1,4,10,3,5,4,1,0,1,0,0.0,1,0,1.0,3170.0,0.006637168,1,4.55,4.0,0.0,0,0.6,1.5,1,2.0,0,-1,0,0,0.5,1,0,2,0,1,0,0,0,1,0,0,0,1,0,1,0,0,0,0
37,8,1,13331,20.5,3,5,4,5,4,4,0,1,0,21,58,3,7,3,11,1,1,0,0.111111111,1,0,2.666666667,4443.666667,0.857142857,0,2.277777778,4.25,0.5,0,0.428571429,0.333333333,0,2.636363636,0,2,1,1,1.222222222,1,0,3,1,0,0,0,1,0,0,0,1,0,0,1,0,0,0,1
44,4,3,9848,18.5,3,4,3,2,3,4,35,0,0,7,14,2,8,4,7,0,1,0,0.6,1,0,1.333333333,3282.666667,0.645648313,0,3.7,3.0,0.816496581,0,0.25,0.4,1,1.75,0,0,1,0,1.4,0,0,2,0,0,0,0,0,0,0,0,1,0,0,1,0,0,0,0
35,8,6,8934,17.2,3,4,4,2,5,3,7,0,1,19,68,2,13,3,4,0,1,0,0.666666667,1,1,2.666666667,2978.0,0.531749556,0,1.911111111,3.5,1.290994449,0,0.153846154,0.222222222,1,3.4,1,1,1,1,0.444444444,2,0,2,1,1,0,0,0,0,0,0,1,0,0,1,0,0,0,0
40,0,0,9914,13.5,3,4,4,4,2,2,0,0,0,20,60,4,12,4,8,0,1,0,0.0,0,0,0.0,3304.666667,0.743068392,0,13.5,3.0,1.154700538,0,0.333333333,4.0,0,2.857142857,0,0,1,0,8.0,1,0,3,1,0,1,0,0,0,0,1,1,0,0,1,0,0,0,0
40,15,10,12766,16.4,4,5,3,3,3,2,12,0,0,25,86,2,22,3,3,0,1,0,0.625,1,1,3.75,3191.5,0.878552398,0,1.025,2.75,0.5,0,0.090909091,0.125,1,3.307692308,1,2,1,1,0.1875,2,0,1,0,0,1,0,0,0,0,0,1,0,0,1,0,0,0,0
45,4,3,9142,16.5,2,3,4,1,2,3,45,0,0,18,50,4,11,3,8,0,0,0,0.6,1,0,2.0,4571.0,0.774126456,0,3.3,2.5,1.290994449,0,0.363636364,0.8,1,2.631578947,0,0,0,0,1.6,1,0,3,1,1,0,0,0,0,1,0,0,0,0,0,1,0,0,0
29,4,3,11495,13.7,2,3,2,3,3,3,45,0,1,36,100,5,7,3,5,0,1,0,0.6,1,0,2.0,5747.5,0.73011782,0,2.74,2.75,0.5,0,0.714285714,1.0,1,2.702702703,1,0,0,0,1.0,1,0,3,1,1,0,0,1,0,0,0,1,0,1,0,0,0,0,0
28,6,3,7259,11.5,2,2,4,4,3,4,56,1,0,8,23,4,2,4,7,0,0,0,0.428571429,1,0,3.0,3629.5,0.288632327,1,1.642857143,3.75,0.5,0,2.0,0.571428571,2,2.555555556,0,-2,0,0,1.0,1,0,2,1,0,1,0,0,0,0,0,1,0,1,0,0,0,0,1
30,7,1,10046,10.7,3,4,4,3,5,3,45,0,0,10,32,3,8,3,6,0,1,0,0.125,1,0,2.333333333,3348.666667,0.673401421,0,1.3375,3.75,0.957427108,0,0.375,0.375,1,2.909090909,0,1,1,1,0.75,0,0,1,1,0,1,0,0,0,0,0,1,0,1,0,0,0,0,0
41,4,2,11666,10.6,3,4,4,2,2,3,35,1,0,14,51,3,12,3,7,0,1,0,0.4,1,0,1.333333333,3888.666667,0.746195385,0,2.12,2.75,0.957427108,0,0.25,0.6,1,3.4,0,1,1,1,1.4,0,0,2,1,0,1,0,1,0,0,0,1,0,0,1,0,0,0,0
34,5,0,6411,14.1,2,4,5,4,4,3,40,1,0,16,22,7,6,2,7,1,0,0,0.0,1,0,2.5,3205.5,0.372296173,1,2.35,4.0,0.816496581,0,1.166666667,1.166666667,2,1.294117647,0,2,1,1,1.166666667,1,0,2,0,1,0,0,0,0,1,0,0,0,1,0,0,0,1,1
36,1,0,5445,16.3,1,4,1,4,3,3,22,0,1,8,22,3,3,3,8,0,0,0,0.0,1,0,1.0,5445.0,0.212770383,1,8.15,2.75,1.258305739,0,1.0,1.5,1,2.444444444,0,1,1,1,4.0,2,0,2,1,0,1,0,0,0,1,0,1,0,0,1,0,0,1,0
32,3,3,12687,15.8,3,4,5,2,2,3,40,0,0,4,12,5,8,4,3,0,1,0,0.75,0,0,1.0,4229.0,0.963810316,0,3.95,3.0,1.414213562,0,0.625,1.25,2,2.4,0,0,1,0,0.75,0,0,4,1,0,0,0,0,0,1,0,1,0,1,0,0,0,0,0
31,8,0,16043,11.8,4,3,1,3,3,3,42,0,0,8,15,5,6,4,3,0,1,0,0.0,1,0,2.0,4010.75,0.984904498,0,1.311111111,2.5,1.0,0,0.833333333,0.555555556,0,1.666666667,0,-1,0,0,0.333333333,0,0,4,1,1,0,0,0,0,0,1,1,0,1,0,0,0,0,0
33,6,1,10276,13.7,4,4,4,4,4,2,43,0,1,12,24,8,8,3,4,1,1,0,0.142857143,1,0,1.5,2569.0,0.782655576,0,1.957142857,3.5,1.0,0,1.0,1.142857143,2,1.846153846,0,1,1,1,0.571428571,0,0,2,0,0,1,0,0,0,0,1,1,0,1,0,0,0,0,0
53,1,0,4654,14.4,1,3,2,3,2,5,6,0,0,11,42,4,7,3,2,0,0,1,0.0,1,0,1.0,4654.0,0.101913478,1,7.2,3.0,1.414213562,0,0.571428571,2.0,1,3.5,0,0,0,0,1.0,1,0,2,0,1,0,0,0,0,1,0,0,1,0,0,1,0,0,0
29,11,8,12542,13.9,4,3,4,3,3,3,75,0,1,15,40,5,3,2,5,0,1,0,0.666666667,1,1,2.75,3135.5,0.916820702,0,1.158333333,3.25,0.5,0,1.666666667,0.416666667,2,2.5,0,1,0,1,0.416666667,1,0,2,1,1,0,0,0,0,0,1,1,0,1,0,0,0,0,0
23,5,5,4298,8.6,1,1,4,2,3,3,35,0,1,13,39,4,4,4,3,0,0,0,0.833333333,0,1,5.0,4298.0,0.05420354,1,1.433333333,3.0,0.816496581,0,1.0,0.666666667,1,2.785714286,0,-3,0,0,0.5,2,0,2,1,1,0,0,0,1,0,0,1,0,0,0,0,0,0,0
44,0,0,6585,16.4,2,5,2,3,3,4,49,1,0,8,36,5,3,4,5,0,0,0,0.0,0,0,0.0,3292.5,0.125429553,1,16.4,3.0,0.816496581,0,1.666666667,5.0,1,4.0,0,1,1,1,5.0,1,0,1,1,1,0,0,1,0,0,0,1,0,0,1,0,0,1,1
27,7,3,10426,17.4,2,5,2,2,5,4,34,0,0,6,21,6,8,4,10,1,0,0,0.375,1,0,3.5,5213.0,0.837389381,0,2.175,3.25,1.5,0,0.75,0.75,0,3.0,0,1,1,1,1.25,1,0,4,0,1,0,0,0,1,0,0,1,0,1,0,0,0,0,0
37,0,0,9459,18.3,2,4,4,4,4,4,46,0,1,3,6,1,5,4,8,0,0,0,0.0,0,0,0.0,4729.5,0.492881689,1,18.3,4.0,0.0,0,0.2,1.0,0,1.5,0,0,1,0,8.0,2,0,3,0,1,0,0,1,0,0,0,1,0,0,1,0,0,1,0
21,3,0,10784,18.3,3,4,2,3,2,4,29,1,0,15,48,4,10,4,7,0,1,0,0.0,1,0,1.0,3594.666667,0.65586647,0,4.575,2.75,0.957427108,0,0.4,1.0,1,3.0,0,0,1,0,1.75,0,0,2,1,0,0,0,1,0,0,0,1,0,0,0,0,0,0,0
38,4,3,8701,14.0,2,4,3,2,3,4,43,1,0,25,64,4,17,3,4,0,0,0,0.6,1,0,2.0,4350.5,0.39592538,1,2.8,3.0,0.816496581,0,0.235294118,0.8,0,2.461538462,1,1,1,1,0.8,2,0,2,1,1,0,0,1,0,0,0,1,0,0,1,0,0,0,0
32,6,6,8729,19.5,3,3,3,5,3,4,46,0,1,17,37,3,11,5,11,0,1,0,0.857142857,0,1,2.0,2909.666667,0.604744301,0,2.785714286,3.75,0.957427108,0,0.272727273,0.428571429,0,2.055555556,0,-2,0,0,1.571428571,2,0,1,1,0,1,0,0,0,0,1,0,0,1,0,0,0,0,0
27,2,0,5502,15.1,1,4,3,3,2,3,51,0,0,17,50,8,12,3,3,0,0,0,0.0,1,0,2.0,5502.0,0.138940234,1,5.033333333,2.75,0.5,0,0.666666667,2.666666667,0,2.777777778,0,1,1,1,1.0,1,0,2,1,1,0,0,0,0,0,1,1,0,1,0,0,0,0,0
30,4,4,7437,17.5,3,2,4,3,2,5,4,0,1,8,28,8,12,3,9,0,1,0,0.8,0,1,1.333333333,2479.0,0.415742452,1,3.5,3.5,1.290994449,0,0.666666667,1.6,0,3.111111111,0,-1,0,0,1.8,3,0,1,0,0,1,0,0,0,0,1,1,0,1,0,0,0,0,0
37,3,0,7732,10.7,2,3,2,1,3,5,46,0,0,19,69,3,13,4,2,0,1,0,0.0,1,0,1.5,3866.0,0.260432008,1,2.675,2.75,1.707825128,0,0.230769231,0.75,1,3.45,1,-1,0,0,0.5,2,0,1,1,1,0,0,1,0,0,0,1,0,0,1,0,0,0,0
34,7,4,6899,19.5,2,5,4,4,3,3,24,0,0,19,58,2,10,5,5,1,0,0,0.5,1,0,3.5,3449.5,0.317313617,1,2.4375,3.5,0.577350269,0,0.2,0.25,1,2.9,0,0,1,0,0.625,1,0,3,1,0,1,0,0,0,0,1,1,0,1,0,0,0,0,0
23,5,5,9216,15.9,3,5,4,2,1,3,26,0,1,9,31,4,13,2,4,0,1,0,0.833333333,0,1,1.666666667,3072.0,0.564165187,0,2.65,2.5,1.290994449,0,0.307692308,0.666666667,0,3.1,0,3,1,1,0.666666667,1,0,1,0,1,0,0,0,0,0,0,1,0,0,0,0,0,0,0
31,2,1,7227,15.6,2,4,2,3,2,3,29,0,0,7,29,1,11,4,5,0,0,0,0.333333333,1,0,1.0,3613.5,0.592927632,0,5.2,2.5,0.577350269,0,0.090909091,0.333333333,1,3.625,0,0,1,0,1.666666667,0,0,2,0,1,0,1,0,0,0,0,1,0,1,0,0,0,0,0
36,5,3,6595,12.3,3,3,4,3,4,3,25,0,1,3,9,1,11,3,9,0,1,0,0.5,1,0,1.666666667,2198.333333,0.472861842,1,2.05,3.5,0.577350269,0,0.090909091,0.166666667,1,2.25,0,0,0,0,1.5,2,0,2,0,1,0,1,0,0,0,0,1,0,0,1,0,0,0,0
41,8,4,8325,13.8,3,4,3,3,3,4,64,0,0,14,45,2,10,5,8,1,1,0,0.444444444,1,0,2.666666667,2775.0,0.683028286,0,1.533333333,3.25,0.5,0,0.2,0.222222222,1,3.0,0,-1,1,0,0.888888889,1,0,2,0,0,0,0,0,0,1,0,1,0,0,1,0,0,0,0
36,3,3,5130,14.3,2,3,3,3,5,3,30,0,1,20,67,2,3,3,4,0,0,0,0.75,0,0,1.5,2565.0,0.097966728,1,3.575,3.5,1.0,0,0.666666667,0.5,0,3.19047619,1,0,0,0,1.0,2,0,1,1,0,1,0,0,0,0,1,1,0,0,1,0,0,0,0
42,24,7,14178,13.5,5,2,3,3,3,2,40,1,0,4,14,2,4,4,4,0,1,0,0.28,1,1,4.8,2835.6,0.981747788,0,0.54,2.75,0.5,0,0.5,0.08,2,2.8,0,-2,0,0,0.16,1,0,2,1,1,0,0,0,1,0,0,1,0,0,1,0,0,1,1
42,2,2,7307,14.1,2,2,3,4,3,4,51,0,1,7,17,5,8,5,4,0,0,0,0.666666667,0,0,1.0,3653.5,0.457964602,1,4.7,3.5,0.577350269,0,0.625,1.666666667,2,2.125,0,-3,0,0,1.333333333,1,0,3,1,1,0,0,0,1,0,0,1,0,0,1,0,0,0,0
41,0,0,9924,19.7,3,3,5,3,3,2,47,0,1,15,43,6,9,4,6,0,1,0,0.0,0,0,0.0,3308.0,0.744146642,0,19.7,3.25,1.258305739,0,0.666666667,6.0,1,2.6875,0,-1,0,0,6.0,0,0,1,0,0,1,0,0,0,0,1,1,0,0,1,0,0,0,0
45,1,1,7162,13.6,2,3,1,4,4,2,54,0,1,3,10,3,7,3,0,0,0,0,0.5,0,0,0.5,3581.0,0.270870337,1,6.8,2.75,1.5,0,0.428571429,1.5,1,2.5,0,0,0,0,0.0,1,0,2,1,1,0,0,0,0,0,0,1,0,0,0,1,0,0,0
34,6,2,7413,14.7,3,4,5,2,5,2,34,0,1,3,13,5,4,3,5,0,1,0,0.285714286,1,0,2.0,2471.0,0.410505237,1,2.1,3.5,1.732050808,0,1.25,0.714285714,0,3.25,0,1,1,1,0.714285714,1,0,1,1,0,1,0,0,0,0,1,1,0,1,0,0,0,0,0
37,1,0,6874,16.0,2,4,3,2,4,3,14,0,0,27,77,5,12,4,8,0,0,0,0.0,1,0,0.5,3437.0,0.157830142,1,8.0,3.0,0.816496581,0,0.416666667,2.5,1,2.75,1,0,1,0,4.0,3,0,1,1,0,0,0,1,0,0,0,1,0,0,1,0,0,0,0
46,2,1,10142,14.7,3,2,4,3,4,2,60,0,0,14,61,3,10,2,2,0,1,0,0.333333333,1,0,0.666666667,3380.666667,0.768638324,0,4.9,3.25,0.957427108,0,0.3,1.0,1,4.066666667,1,0,0,0,0.666666667,1,0,3,0,0,1,0,0,0,0,1,1,0,0,0,1,0,0,0
40,4,4,10328,13.9,3,3,1,2,4,4,69,0,0,8,19,8,3,5,4,0,1,0,0.8,0,1,1.333333333,3442.666667,0.602847324,0,2.78,2.75,1.5,0,2.666666667,1.6,0,2.111111111,0,-2,0,0,0.8,1,0,2,1,0,0,0,1,0,0,0,0,0,0,1,0,0,0,0
40,14,14,11571,10.3,4,3,5,3,3,3,49,0,0,34,108,4,11,4,5,0,1,0,0.933333333,0,1,3.5,2892.75,0.873382625,0,0.686666667,3.5,1.0,0,0.363636364,0.266666667,0,3.085714286,1,-1,0,0,0.333333333,2,0,2,1,1,0,0,0,0,0,1,1,0,0,1,0,0,0,0
54,4,4,13438,14.7,3,3,3,3,3,5,27,0,0,7,21,1,9,3,3,0,1,1,0.8,0,1,1.333333333,4479.333333,0.862174767,0,2.94,3.5,1.0,0,0.111111111,0.2,1,2.625,0,0,0,0,0.6,1,0,3,0,1,0,0,1,0,0,0,0,1,0,0,1,0,0,0
41,0,0,5839,7.4,2,1,2,4,5,3,55,0,0,34,47,7,6,3,3,0,1,0,0.0,0,0,0.0,2919.5,0.220132743,1,7.4,3.5,1.290994449,0,1.166666667,7.0,2,1.342857143,0,-2,0,0,3.0,1,0,2,0,1,0,0,0,1,0,0,1,0,0,1,0,0,0,0
27,6,6,10471,11.3,3,3,4,3,2,4,46,0,0,35,91,4,7,3,13,0,1,0,0.857142857,0,1,2.0,3490.333333,0.798829328,0,1.614285714,3.25,0.957427108,0,0.571428571,0.571428571,2,2.527777778,1,0,0,0,1.857142857,3,0,3,1,1,0,0,0,0,0,1,1,0,1,0,0,0,0,0
38,14,11,16096,12.6,4,1,3,4,2,3,19,0,1,13,43,1,10,4,7,0,1,0,0.733333333,1,1,3.5,4024.0,0.95287187,0,0.84,3.0,0.816496581,0,0.1,0.066666667,1,3.071428571,0,-3,0,0,0.466666667,1,0,3,1,1,0,0,1,0,0,0,1,0,0,1,0,0,0,0
37,4,0,7890,14.5,3,3,4,2,1,5,29,1,0,17,53,2,5,5,5,0,1,0,0.0,1,0,1.333333333,2630.0,0.557798673,0,2.9,3.0,1.825741858,0,0.4,0.4,1,2.944444444,0,-2,0,0,1.0,0,0,2,1,0,1,0,0,1,0,0,0,1,0,1,0,0,0,0
43,4,4,11306,16.0,3,3,3,2,4,4,31,0,1,5,17,4,7,2,9,0,1,0,0.8,0,1,1.333333333,3768.666667,0.712444772,0,3.2,3.25,0.957427108,0,0.571428571,0.8,1,2.833333333,0,1,0,1,1.8,2,0,2,0,1,0,0,1,0,0,0,1,0,0,1,0,0,0,0
40,9,8,8986,19.6,3,3,4,3,4,3,44,1,0,14,52,3,2,3,11,0,1,0,0.8,1,1,3.0,2995.333333,0.435812469,1,1.96,3.5,0.577350269,0,1.5,0.3,1,3.466666667,0,0,0,0,1.1,3,0,1,1,1,0,0,1,0,0,0,1,0,0,1,0,0,1,1
35,4,3,5123,13.7,2,3,3,4,2,3,39,0,1,26,84,3,14,3,3,0,0,0,0.6,1,0,2.0,2561.5,0.164309484,1,2.74,3.0,0.816496581,0,0.214285714,0.6,1,3.111111111,1,0,0,0,0.6,2,0,1,0,0,0,0,0,0,1,0,0,0,0,1,0,0,0,0
31,3,2,10581,12.0,3,4,3,4,4,4,52,0,1,8,25,1,4,2,8,0,1,0,0.5,1,0,1.0,3527.0,0.635616102,0,3.0,3.75,0.5,0,0.25,0.25,2,2.777777778,0,2,1,1,2.0,1,0,2,1,1,0,0,1,0,0,0,1,0,1,0,0,0,0,0
41,3,3,7612,19.4,2,4,5,4,3,3,34,0,1,10,33,3,2,3,3,0,1,0,0.75,0,0,1.5,3806.0,0.443930992,1,4.85,3.75,0.957427108,0,1.5,0.75,1,3.0,0,1,1,1,0.75,1,0,2,1,0,1,0,0,0,0,1,1,0,0,1,0,0,0,0
41,1,0,6432,16.1,2,3,1,4,5,3,24,0,1,13,55,3,9,3,8,0,0,0,0.0,1,0,0.5,3216.0,0.179396092,1,8.05,3.25,1.707825128,0,0.333333333,1.5,1,3.928571429,0,0,0,0,4.0,2,0,2,0,0,1,0,0,0,0,0,1,0,0,1,0,0,1,0
31,3,1,3970,13.1,1,3,4,2,4,3,17,0,0,9,28,4,4,3,7,0,0,0,0.25,1,0,3.0,3970.0,0.021873075,1,3.275,3.25,0.957427108,0,1.0,1.0,0,2.8,0,0,0,0,1.75,1,0,1,1,1,0,0,0,0,0,1,1,0,1,0,0,0,0,0
36,9,3,10800,13.9,4,3,4,3,3,3,55,0,0,18,49,5,11,4,4,0,1,0,0.3,1,0,2.25,2700.0,0.744671403,0,1.39,3.25,0.5,0,0.454545455,0.5,2,2.578947368,0,-1,0,0,0.4,0,0,1,1,0,0,0,0,0,0,0,1,0,0,1,0,0,0,0
30,0,0,5251,16.8,2,3,3,3,3,4,32,1,0,17,55,6,3,4,10,0,0,0,0.0,0,0,0.0,2625.5,0.110443623,1,16.8,3.25,0.5,0,2.0,6.0,1,3.055555556,0,-1,0,0,10.0,2,0,1,1,1,0,0,0,0,0,1,1,0,1,0,0,0,1,1
44,4,4,11181,24.0,3,4,3,2,3,4,35,1,1,7,25,6,6,5,5,0,1,0,0.8,0,1,1.333333333,3727.0,0.699312715,0,4.8,3.0,0.816496581,0,1.0,1.2,1,3.125,0,-1,1,0,1.0,1,0,2,1,1,0,0,1,0,0,0,1,0,0,1,0,0,0,1
45,1,0,5468,15.4,2,4,3,2,3,2,25,1,1,9,39,5,13,3,5,0,0,0,0.0,1,0,0.5,2734.0,0.268092105,1,7.7,2.5,0.577350269,0,0.384615385,2.5,0,3.9,0,1,1,1,2.5,1,0,2,1,1,0,1,0,0,0,0,0,0,0,0,1,0,0,0
49,8,5,14789,16.2,3,5,3,2,2,2,51,0,1,22,39,3,2,3,6,1,1,0,0.555555556,1,0,2.666666667,4929.666667,0.918507609,0,1.8,2.25,0.5,1,1.5,0.333333333,0,1.695652174,0,2,1,1,0.666666667,1,0,3,0,0,1,0,1,0,0,0,0,1,0,0,1,0,0,0
35,10,4,9573,10.8,3,2,3,2,2,3,6,0,1,14,48,2,9,4,7,0,1,0,0.363636364,1,1,3.333333333,3191.0,0.769358407,0,0.981818182,2.5,0.577350269,0,0.222222222,0.181818182,1,3.2,0,-2,0,0,0.636363636,1,0,2,1,0,0,0,0,1,0,0,0,1,0,1,0,0,0,0
40,1,0,9465,12.4,4,3,4,3,3,3,31,1,0,19,58,6,5,4,12,0,1,0,0.0,1,0,0.25,2366.25,0.700246457,0,6.2,3.25,0.5,0,1.2,3.0,1,2.9,0,-1,0,0,6.0,1,0,1,0,1,0,0,0,0,0,1,1,0,0,1,0,0,1,1
47,6,1,11596,13.1,3,2,4,3,5,5,44,1,1,21,74,7,13,3,6,0,1,0,0.142857143,1,0,2.0,3865.333333,0.808170515,0,1.871428571,4.25,0.957427108,0,0.538461538,1.0,1,3.363636364,1,-1,0,0,0.857142857,1,0,2,1,0,0,0,0,0,0,0,1,0,0,0,1,0,1,0
50,0,0,7465,12.5,3,3,3,1,3,3,14,0,0,17,25,5,12,5,5,0,1,1,0.0,0,0,0.0,2488.333333,0.555116473,0,12.5,2.5,1.0,0,0.416666667,5.0,0,1.388888889,0,-2,0,0,5.0,0,0,2,1,1,0,0,0,0,1,0,1,0,0,0,1,0,0,0
24,1,1,4879,15.6,1,5,1,3,2,3,29,1,0,17,48,6,7,4,10,0,0,0,0.5,0,0,1.0,4879.0,0.072704868,1,7.8,2.25,0.957427108,1,0.857142857,3.0,1,2.666666667,0,1,1,1,5.0,3,1,2,0,1,0,0,0,0,0,1,0,1,0,0,0,0,1,1
41,9,7,9913,19.7,5,4,2,4,3,3,47,0,1,11,34,5,7,4,2,1,1,0,0.7,1,0,1.8,1982.6,0.872532895,0,1.97,3.0,0.816496581,0,0.714285714,0.5,0,2.833333333,0,0,1,0,0.2,0,0,2,0,1,0,1,0,0,0,0,0,1,0,1,0,0,0,0
22,3,0,5922,18.8,2,4,3,3,4,5,38,0,0,6,24,5,7,4,3,0,0,0,0.0,1,0,1.5,2961.0,0.295549085,1,4.7,3.75,0.957427108,0,0.714285714,1.25,1,3.428571429,0,0,1,0,0.75,1,0,2,1,0,0,0,0,0,1,0,0,0,0,0,0,0,0,0
51,12,2,11921,11.6,5,3,4,4,2,4,36,0,1,11,35,1,6,4,4,0,1,1,0.153846154,1,0,2.4,2384.2,0.890326556,0,0.892307692,3.5,1.0,0,0.166666667,0.076923077,1,2.916666667,0,-1,0,0,0.307692308,0,0,1,1,0,1,0,0,0,0,1,1,0,0,0,1,0,0,0
27,1,1,4656,18.6,1,3,2,4,4,3,33,0,1,7,20,8,13,2,4,0,0,0,0.5,0,0,1.0,4656.0,0.083517699,1,9.3,3.25,0.957427108,0,0.615384615,4.0,2,2.5,0,1,0,1,2.0,1,0,2,1,0,1,0,0,1,0,0,0,1,1,0,0,0,0,0
31,12,0,10815,15.7,4,3,3,5,4,4,39,0,1,8,35,5,4,2,4,0,1,0,0.0,1,0,3.0,2703.75,0.894342762,0,1.207692308,4.0,0.816496581,0,1.25,0.384615385,1,3.888888889,0,1,0,1,0.307692308,0,0,2,1,0,1,0,0,0,1,0,1,0,1,0,0,0,0,0
49,3,0,15002,9.1,4,3,4,2,3,2,40,0,0,24,57,2,9,3,7,0,1,0,0.0,1,0,0.75,3750.5,0.925135002,0,2.275,2.75,0.957427108,0,0.222222222,0.5,0,2.28,0,0,0,0,1.75,0,0,3,1,1,0,0,1,0,0,0,1,0,0,0,1,0,0,0
37,2,0,7817,11.1,2,2,1,2,4,3,34,0,1,16,58,6,4,1,4,0,0,0,0.0,1,0,1.0,3908.5,0.363676732,1,3.7,2.5,1.290994449,0,1.5,2.0,1,3.411764706,0,1,0,1,1.333333333,1,0,3,0,1,0,0,0,0,0,0,1,0,0,1,0,0,0,0
26,4,0,10285,7.7,3,3,3,4,2,1,45,0,1,4,13,7,10,2,5,0,1,0,0.0,1,0,1.333333333,3428.333333,0.697602131,0,1.54,2.5,1.290994449,0,0.7,1.4,0,2.6,0,1,0,1,1.0,0,0,3,1,0,0,0,0,0,0,0,1,0,1,0,0,0,0,0
42,3,2,8120,19.3,1,3,2,3,3,5,42,1,0,6,17,6,12,3,7,0,0,0,0.5,1,0,3.0,8120.0,0.316151203,1,4.825,3.25,1.258305739,0,0.5,1.5,1,2.428571429,0,0,0,0,1.75,1,0,3,1,1,0,0,1,0,0,0,0,1,0,1,0,0,0,0
39,1,1,5624,23.3,1,4,3,1,2,4,41,0,0,15,46,2,7,1,5,0,0,0,0.5,0,0,1.0,5624.0,0.151879236,1,11.65,2.5,1.290994449,0,0.285714286,1.0,1,2.875,0,3,1,1,2.5,1,0,2,1,1,0,0,0,0,0,1,1,0,0,1,0,0,0,0
34,2,2,7369,18.2,2,5,2,4,2,3,65,1,0,8,32,2,6,4,5,0,1,0,0.666666667,0,0,1.0,3684.5,0.30062167,1,6.066666667,2.75,0.957427108,0,0.333333333,0.666666667,1,3.555555556,0,1,1,1,1.666666667,1,0,2,0,0,0,0,0,0,0,0,1,0,1,0,0,0,0,0
35,7,5,6593,11.9,2,1,2,4,4,3,25,1,1,15,55,6,4,2,6,0,0,0,0.625,1,1,3.5,3296.5,0.399542429,1,1.4875,3.25,0.957427108,0,1.5,0.75,1,3.4375,0,-1,0,0,0.75,2,0,3,0,1,0,0,0,0,1,0,1,0,0,1,0,0,1,1
33,2,1,12704,10.7,3,4,5,1,3,4,20,0,0,4,16,2,12,3,8,0,1,0,0.333333333,1,0,0.666666667,4234.666667,0.819587629,0,3.566666667,3.25,1.707825128,0,0.166666667,0.666666667,1,3.2,0,1,1,1,2.666666667,1,0,3,1,0,0,0,1,0,0,0,1,0,1,0,0,0,0,0
32,7,2,6808,19.5,3,4,1,4,3,2,35,0,0,8,31,3,8,3,8,0,1,0,0.25,1,0,2.333333333,2269.333333,0.512335526,0,2.4375,2.5,1.290994449,0,0.375,0.375,2,3.444444444,0,1,1,1,1.0,1,0,1,0,0,0,1,0,0,0,0,0,1,1,0,0,0,0,0
34,3,2,8733,17.1,2,4,1,4,4,3,49,1,0,18,66,6,6,3,4,0,0,0,0.5,1,0,1.5,4366.5,0.498889876,1,4.275,3.0,1.414213562,0,1.0,1.5,0,3.473684211,1,1,1,1,1.0,2,0,2,1,1,0,0,0,0,0,0,1,0,1,0,0,0,0,0
54,4,0,9025,12.4,3,2,2,4,5,3,50,0,1,12,41,7,7,2,5,0,1,1,0.0,1,0,1.333333333,3008.333333,0.643253235,0,2.48,3.5,1.290994449,0,1.0,1.4,1,3.153846154,0,0,0,0,1.0,0,0,3,1,1,0,0,0,0,0,1,1,0,0,0,1,0,0,0
33,2,0,9446,12.0,2,3,2,2,5,2,33,1,0,14,67,8,8,3,7,0,0,0,0.0,1,0,1.0,4723.0,0.491408935,1,4.0,2.75,1.5,0,1.0,2.666666667,1,4.466666667,1,0,0,0,2.333333333,2,0,2,1,0,0,0,1,0,0,0,1,0,1,0,0,0,1,1
34,9,1,8391,10.5,4,2,4,4,3,1,63,0,1,5,20,6,10,1,4,0,1,0,0.1,1,0,2.25,2097.75,0.746710526,0,1.05,3.0,1.414213562,0,0.6,0.6,1,3.333333333,0,1,0,1,0.4,0,0,1,0,0,1,1,0,0,0,0,1,0,1,0,0,0,0,0
31,1,0,8406,12.5,3,2,3,4,3,3,55,1,1,22,89,4,7,4,9,0,1,0,0.0,1,0,0.333333333,2802.0,0.565619224,0,6.25,3.25,0.5,0,0.571428571,2.0,1,3.869565217,1,-2,0,0,4.5,2,0,2,1,1,0,0,0,0,0,1,0,1,1,0,0,0,1,1
53,1,0,7820,9.1,2,2,3,4,5,3,42,1,0,20,64,2,10,4,8,0,0,1,0.0,1,0,0.5,3910.0,0.474430068,1,4.55,3.75,0.957427108,0,0.2,1.0,0,3.047619048,1,-2,0,0,4.0,3,0,2,1,1,0,0,0,0,0,1,1,0,0,0,1,0,1,1
57,1,1,6460,14.8,1,3,2,3,1,2,79,1,0,5,18,4,7,2,8,0,1,1,0.5,0,0,1.0,6460.0,0.262476895,1,7.4,2.0,0.816496581,1,0.571428571,2.0,2,3.0,0,1,0,1,4.0,3,1,3,0,0,0,0,0,0,0,1,1,0,0,0,0,1,1,1
33,13,8,18492,11.4,5,2,1,1,4,3,46,1,0,11,33,2,7,4,8,0,1,0,0.571428571,1,1,2.6,3698.4,0.984781541,0,0.814285714,2.25,1.5,1,0.285714286,0.142857143,1,2.75,0,-2,0,0,0.571428571,3,1,3,1,1,0,0,1,0,0,0,1,0,1,0,0,0,0,1
43,1,1,6328,14.2,2,3,4,3,1,3,82,0,0,21,85,5,5,4,6,0,0,0,0.5,0,0,0.5,3164.0,0.24276032,1,7.1,2.75,1.258305739,0,1.0,2.5,0,3.863636364,1,-1,0,0,3.0,2,0,2,1,0,1,0,0,0,0,1,0,0,0,1,0,0,0,0
39,1,1,6263,13.6,1,4,2,3,3,4,49,0,0,18,62,3,11,4,3,0,0,0,0.5,0,0,1.0,6263.0,0.09646539,1,6.8,3.0,0.816496581,0,0.272727273,1.5,1,3.263157895,1,0,1,0,1.5,2,0,2,1,1,0,0,1,0,0,0,1,0,0,1,0,0,0,0
35,1,0,4574,12.7,1,3,2,4,3,3,62,0,0,18,72,5,2,3,3,0,0,0,0.0,1,0,1.0,4574.0,0.09172213,1,6.35,3.0,0.816496581,0,2.5,2.5,2,3.789473684,1,0,0,0,1.5,2,0,2,1,1,0,0,0,0,1,0,1,0,0,1,0,0,0,0
42,1,1,7893,14.2,2,4,3,3,3,2,20,0,1,1,5,5,9,3,2,0,0,0,0.5,0,0,0.5,3946.5,0.283014237,1,7.1,2.75,0.5,0,0.555555556,2.5,2,2.5,0,1,1,1,1.0,1,0,2,1,0,1,0,1,0,0,0,0,0,0,1,0,0,0,0
37,0,0,6444,21.8,1,4,3,2,4,3,37,1,1,26,82,1,5,3,8,0,1,0,0.0,0,0,0.0,6444.0,0.260320394,1,21.8,3.0,0.816496581,0,0.2,1.0,1,3.037037037,1,1,1,1,8.0,3,0,2,1,1,0,0,0,0,0,1,1,0,0,1,0,0,1,1
35,8,0,8475,16.9,4,3,4,4,4,3,31,0,0,4,16,7,13,3,7,0,1,0,0.0,1,0,2.0,2118.75,0.459591474,1,1.877777778,3.75,0.5,0,0.538461538,0.777777778,1,3.2,0,0,0,0,0.777777778,1,0,1,1,1,0,0,0,0,0,0,0,0,0,1,0,0,0,0
35,2,0,10136,15.7,3,5,5,1,3,4,0,0,0,14,46,7,4,4,8,0,1,0,0.0,1,0,0.666666667,3378.666667,0.68339254,0,5.233333333,3.25,1.707825128,0,1.75,2.333333333,1,3.066666667,0,1,1,1,2.666666667,1,0,2,0,0,1,0,0,0,0,0,0,1,0,1,0,0,0,0
35,15,3,11730,13.0,5,2,3,2,3,4,64,1,0,17,43,2,19,4,5,0,1,0,0.1875,1,0,3.0,2346.0,0.947368421,0,0.8125,3.0,0.816496581,0,0.105263158,0.125,2,2.388888889,0,-2,0,0,0.3125,0,0,3,0,0,1,1,0,0,0,0,1,0,0,1,0,0,1,1
34,1,1,5534,10.9,1,3,4,3,1,2,0,0,1,10,31,7,7,4,3,0,0,0,0.5,0,0,1.0,5534.0,0.278782895,1,5.45,2.5,1.290994449,0,1.0,3.5,1,2.818181818,0,-1,0,0,1.5,1,0,2,1,0,1,1,0,0,0,0,0,0,1,0,0,0,0,0
45,0,0,6861,12.9,1,3,3,4,2,2,71,1,0,14,53,3,14,3,9,0,0,0,0.0,0,0,0.0,6861.0,0.156602847,1,12.9,2.75,0.957427108,0,0.214285714,3.0,1,3.533333333,0,0,0,0,9.0,2,0,2,1,1,0,0,1,0,0,0,1,0,0,0,1,0,1,1
38,0,0,6177,10.9,2,2,4,2,1,2,38,0,0,13,35,2,11,1,4,0,0,0,0.0,0,0,0.0,3088.5,0.148312611,1,10.9,2.25,1.258305739,1,0.181818182,2.0,1,2.5,0,1,0,1,4.0,2,0,2,1,1,0,0,0,0,0,0,0,0,0,1,0,0,0,0
38,5,1,12566,13.5,3,3,3,2,3,5,26,1,1,10,28,2,9,4,5,0,1,0,0.166666667,1,0,1.666666667,4188.666667,0.918052988,0,2.25,3.25,1.258305739,0,0.222222222,0.333333333,1,2.545454545,0,-1,0,0,0.833333333,0,0,4,0,0,1,0,0,0,0,1,1,0,0,1,0,0,0,0
32,3,1,4298,14.2,1,2,2,1,4,3,49,1,1,25,57,3,5,3,3,0,0,0,0.25,1,0,3.0,4298.0,0.035120148,1,3.55,2.5,1.290994449,0,0.6,0.75,2,2.192307692,0,-1,0,0,0.75,1,0,3,1,1,0,0,0,0,0,1,1,0,1,0,0,0,1,1
27,3,3,10484,17.4,3,4,3,3,3,3,51,0,1,23,83,4,11,4,5,0,1,0,0.75,0,0,1.0,3494.666667,0.620888562,0,4.35,3.0,0.0,0,0.363636364,1.0,1,3.458333333,1,0,1,0,1.25,1,0,2,0,0,1,0,1,0,0,0,0,0,1,0,0,0,0,0
36,13,6,11584,17.6,5,4,2,2,5,1,36,0,1,23,70,1,11,3,4,1,1,0,0.428571429,1,0,2.6,2316.8,0.910951327,0,1.257142857,2.5,1.732050808,0,0.090909091,0.071428571,0,2.916666667,1,1,1,1,0.285714286,1,0,1,1,0,0,0,0,1,0,0,1,0,0,1,0,0,0,0
48,1,0,7104,15.5,2,4,1,3,5,3,48,0,1,12,39,6,10,3,5,0,0,0,0.0,1,0,0.5,3552.0,0.355206408,1,7.75,3.0,1.632993162,0,0.6,3.0,1,3.0,0,1,1,1,2.5,1,0,2,1,0,1,0,0,0,0,1,1,0,0,0,1,0,0,0
46,4,3,8761,18.4,2,4,5,2,3,4,38,0,0,12,32,4,4,3,8,0,0,0,0.6,1,0,2.0,4380.5,0.735856905,0,3.68,3.5,1.290994449,0,1.0,0.8,1,2.461538462,0,1,1,1,1.6,1,0,3,0,1,0,0,0,0,1,0,1,0,0,0,1,0,0,0
37,1,1,8633,13.4,2,4,4,3,3,5,32,0,1,6,15,4,11,4,2,0,1,0,0.5,0,0,0.5,4316.5,0.72046589,0,6.7,3.75,0.957427108,0,0.363636364,2.0,1,2.142857143,0,0,1,0,1.0,0,0,4,0,0,0,0,0,0,1,0,1,0,0,1,0,0,0,0
38,6,6,7879,10.3,3,2,2,4,2,2,59,0,0,22,65,2,7,5,3,0,1,0,0.857142857,0,1,2.0,2626.333333,0.671463816,0,1.471428571,2.5,1.0,0,0.285714286,0.285714286,0,2.826086957,1,-3,0,0,0.428571429,2,0,2,1,0,1,1,0,0,0,0,0,1,0,1,0,0,0,0
34,1,1,11048,12.2,2,3,4,1,3,1,40,0,0,20,69,7,11,1,5,0,0,0,0.5,0,0,0.5,5524.0,0.684094256,0,6.1,2.25,1.5,1,0.636363636,3.5,2,3.285714286,1,2,0,1,2.5,2,0,3,1,0,1,0,1,0,0,0,1,0,1,0,0,0,0,0
46,3,2,7758,13.0,1,3,2,2,4,4,54,0,0,19,72,6,8,2,4,0,0,0,0.5,1,0,3.0,7758.0,0.263132057,1,3.25,3.0,1.154700538,0,0.75,1.5,1,3.6,1,1,0,1,1.0,2,0,3,0,0,1,0,1,0,0,0,0,0,0,0,1,0,0,0
48,3,1,5708,11.4,2,2,4,2,4,4,16,1,0,14,56,8,9,2,6,0,0,0,0.25,1,0,1.5,2854.0,0.162969809,1,2.85,3.5,1.0,0,0.888888889,2.0,1,3.733333333,0,0,0,0,1.5,1,0,2,0,1,0,0,0,0,0,1,1,0,0,0,1,0,1,1
47,15,15,9024,14.0,3,1,3,3,5,2,7,0,1,14,43,8,3,2,8,0,1,0,0.9375,0,1,5.0,3008.0,0.642945163,0,0.875,3.25,1.258305739,0,2.666666667,0.5,1,2.866666667,0,-1,0,0,0.5,2,0,2,0,0,1,0,0,0,0,1,1,0,0,0,1,0,0,0
27,2,0,9110,9.3,2,4,3,3,4,3,39,0,0,6,18,4,11,3,5,0,0,0,0.0,1,0,1.0,4555.0,0.454221895,1,3.1,3.25,0.5,0,0.363636364,1.333333333,1,2.571428571,0,1,1,1,1.666666667,1,0,2,1,0,0,0,1,0,0,0,1,0,1,0,0,0,0,0
46,10,3,9003,11.9,4,2,5,3,3,3,31,1,0,13,31,7,5,2,7,0,1,0,0.272727273,1,0,2.5,2250.75,0.706028761,0,1.081818182,3.5,1.0,0,1.4,0.636363636,1,2.214285714,0,0,0,0,0.636363636,0,0,1,0,1,0,0,0,1,0,0,1,0,0,0,1,0,1,1
48,6,6,8961,13.5,3,4,4,2,1,3,27,1,1,30,102,4,14,5,9,1,1,0,0.857142857,0,0,2.0,2987.0,0.535968028,0,1.928571429,2.5,1.290994449,0,0.285714286,0.571428571,0,3.290322581,1,-1,1,0,1.285714286,2,0,1,0,0,1,0,0,0,0,0,1,0,0,0,1,0,0,1
53,5,0,10972,8.5,3,3,4,3,4,2,2,0,0,2,7,3,8,4,5,0,1,1,0.0,1,0,1.666666667,3657.333333,0.878871681,0,1.416666667,3.25,0.957427108,0,0.375,0.5,0,2.333333333,0,-1,0,0,0.833333333,0,0,3,1,1,0,0,0,1,0,0,1,0,0,0,1,0,0,0
30,1,0,8408,13.9,2,4,4,4,4,4,42,0,1,28,48,4,15,4,7,0,0,0,0.0,1,0,0.5,4204.0,0.356161021,1,6.95,4.0,0.0,0,0.266666667,2.0,1,1.655172414,0,0,1,0,3.5,1,0,3,0,1,0,0,1,0,0,0,1,0,1,0,0,0,0,0
39,0,0,7143,16.8,1,3,5,2,1,4,72,1,0,15,16,3,7,2,9,0,0,0,0.0,0,0,0.0,7143.0,0.187776141,1,16.8,3.0,1.825741858,0,0.428571429,3.0,2,1.0,0,1,0,1,9.0,2,0,3,1,0,0,0,1,0,0,0,1,0,0,1,0,0,1,1
37,1,1,8006,15.8,1,4,1,5,3,4,20,1,0,11,33,6,13,2,5,0,1,0,0.5,0,0,1.0,8006.0,0.503696858,0,7.9,3.25,1.707825128,0,0.461538462,3.0,1,2.75,0,2,1,1,2.5,0,0,3,1,0,0,0,0,0,0,1,1,0,0,1,0,0,0,0
36,7,6,7468,18.2,3,3,4,2,4,3,31,0,1,23,75,4,6,3,8,0,1,0,0.75,1,1,2.333333333,2489.333333,0.489214602,1,2.275,3.25,0.957427108,0,0.666666667,0.5,0,3.125,1,0,0,0,1.0,4,0,2,1,1,0,0,0,1,0,0,1,0,0,1,0,0,0,0
39,2,0,6379,19.8,1,4,1,4,4,3,53,0,1,21,82,5,11,3,6,0,1,0,0.0,1,0,2.0,6379.0,0.298672566,1,6.6,3.0,1.414213562,0,0.454545455,1.666666667,1,3.727272727,1,1,1,1,2.0,2,0,2,0,1,0,0,0,1,0,0,1,0,0,1,0,0,0,0
37,2,0,7861,12.6,2,3,3,1,2,4,67,1,1,34,100,4,6,3,9,0,0,0,0.0,1,0,1.0,3930.5,0.481361676,1,4.2,2.5,1.290994449,0,0.666666667,1.333333333,0,2.857142857,1,0,0,0,3.0,3,0,2,1,1,0,0,0,0,0,1,1,0,0,1,0,0,1,1
31,3,3,10125,19.3,2,3,4,2,5,4,21,1,0,13,42,3,14,4,3,0,0,0,0.75,0,0,1.5,5062.5,0.578546883,0,4.825,3.75,1.258305739,0,0.214285714,0.75,1,3.0,0,-1,0,0,0.75,0,0,3,1,0,0,0,1,0,0,0,0,1,1,0,0,0,0,0
18,0,0,3458,10.5,1,3,4,3,4,3,17,0,1,6,20,5,6,3,10,0,0,0,0.0,0,0,0.0,3458.0,0.009242144,1,10.5,3.5,0.577350269,0,0.833333333,5.0,1,2.857142857,0,0,0,0,10.0,2,0,1,0,1,0,0,0,0,0,1,1,0,0,0,0,0,0,0
31,11,5,9884,15.8,4,3,5,1,4,3,56,0,0,1,5,6,7,4,2,0,1,0,0.416666667,1,1,2.75,2471.0,0.834442596,0,1.316666667,3.25,1.707825128,0,0.857142857,0.5,1,2.5,0,-1,0,0,0.166666667,1,0,2,0,0,1,0,0,0,1,0,1,0,1,0,0,0,0,0
18,0,0,7000,18.5,2,4,3,1,3,2,20,0,1,13,63,4,7,3,11,0,0,0,0.0,0,0,0.0,3500.0,0.335027726,1,18.5,2.25,0.957427108,1,0.571428571,4.0,1,4.5,1,1,1,1,11.0,4,0,1,1,1,0,0,0,0,0,1,0,1,0,0,0,0,0,1
27,8,2,11788,20.5,3,5,4,3,3,3,47,0,0,28,76,6,14,4,3,0,1,0,0.222222222,1,0,2.666666667,3929.333333,0.882624769,0,2.277777778,3.25,0.5,0,0.428571429,0.666666667,1,2.620689655,1,1,1,1,0.333333333,1,0,3,0,0,1,0,0,0,0,1,1,0,1,0,0,0,0,0
34,10,3,9228,13.3,3,3,2,2,3,4,33,0,0,13,41,6,3,3,6,0,1,0,0.272727273,1,0,3.333333333,3076.0,0.669285274,0,1.209090909,2.75,0.957427108,0,2.0,0.545454545,0,2.928571429,0,0,0,0,0.545454545,0,0,2,0,0,1,0,0,0,0,1,1,0,1,0,0,0,0,0
21,3,2,9967,14.5,3,3,5,2,4,3,20,0,0,4,13,3,10,3,6,0,1,0,0.5,1,0,1.0,3322.333333,0.559891998,0,3.625,3.5,1.290994449,0,0.3,0.75,2,2.6,0,0,0,0,1.5,0,0,2,0,0,1,0,1,0,0,0,1,0,0,0,0,0,0,0
20,2,2,5145,14.1,2,3,4,5,3,3,37,0,0,4,13,3,17,3,9,0,0,0,0.666666667,0,0,1.0,2572.5,0.127765487,1,4.7,3.75,0.957427108,0,0.176470588,1.0,0,2.6,0,0,0,0,3.0,2,0,1,1,0,1,0,0,1,0,0,1,0,0,0,0,0,0,0
35,1,1,9033,18.9,2,3,3,5,3,4,40,0,0,29,78,4,7,4,3,0,1,0,0.5,0,0,0.5,4516.5,0.444035346,1,9.45,3.75,0.957427108,0,0.571428571,2.0,0,2.6,1,-1,0,0,1.5,2,0,3,0,0,1,0,1,0,0,0,1,0,0,1,0,0,0,0
38,3,3,8904,16.0,4,5,3,3,4,2,42,0,0,8,31,2,9,3,7,0,1,0,0.75,0,0,0.75,2226.0,0.690265487,0,4.0,3.0,0.816496581,0,0.222222222,0.5,0,3.444444444,0,2,1,1,1.75,0,0,1,1,1,0,0,0,1,0,0,1,0,0,1,0,0,0,0
32,10,8,9396,13.3,4,4,4,4,3,3,46,0,0,18,36,5,8,3,6,1,1,0,0.727272727,1,0,2.5,2349.0,0.587921847,0,1.209090909,3.5,0.577350269,0,0.625,0.454545455,1,1.894736842,0,1,1,1,0.545454545,0,0,1,0,0,0,0,0,0,0,0,1,0,1,0,0,0,0,0
43,1,0,8985,14.7,3,4,3,3,3,3,63,1,1,6,19,6,8,4,8,0,1,0,0.0,1,0,0.333333333,2995.0,0.638940234,0,7.35,3.0,0.0,0,0.75,3.0,1,2.714285714,0,0,1,0,4.0,1,0,2,0,1,0,0,0,0,0,1,1,0,0,1,0,0,1,1
49,2,1,5591,13.7,1,4,3,4,4,2,42,1,1,22,32,3,6,3,5,0,0,0,0.333333333,1,0,2.0,5591.0,0.049337261,1,4.566666667,3.25,0.957427108,0,0.5,1.0,0,1.391304348,0,1,1,1,1.666666667,1,0,2,0,1,0,0,1,0,0,0,0,0,0,0,1,0,1,0
36,1,1,5855,13.7,1,4,3,5,5,2,61,0,0,12,39,7,7,3,10,0,0,0,0.5,0,0,1.0,5855.0,0.28327787,1,6.85,3.75,1.5,0,1.0,3.5,1,3.0,0,1,1,1,5.0,2,0,3,1,1,0,0,0,0,1,0,0,1,0,1,0,0,0,0
27,1,0,8460,17.7,1,3,2,4,4,3,61,0,1,25,61,1,14,3,6,0,0,0,0.0,1,0,1.0,8460.0,0.363647521,1,8.85,3.25,0.957427108,0,0.071428571,0.5,0,2.346153846,1,0,0,0,3.0,2,0,3,1,1,0,0,1,0,0,0,1,0,1,0,0,0,0,0
30,5,5,9501,20.7,3,4,4,4,4,4,46,0,0,6,14,4,3,4,7,1,1,0,0.833333333,0,0,1.666666667,3167.0,0.842105263,0,3.45,4.0,0.0,0,1.333333333,0.666666667,1,2.0,0,0,1,0,1.166666667,0,0,3,1,1,0,1,0,0,0,0,0,1,1,0,0,0,0,0
30,12,2,13728,21.7,3,4,4,3,4,5,57,1,0,12,42,7,8,4,10,1,1,0,0.153846154,1,0,4.0,4576.0,0.873588611,0,1.669230769,4.0,0.816496581,0,0.875,0.538461538,0,3.230769231,0,0,1,0,0.769230769,1,0,3,1,1,0,0,1,0,0,0,0,1,1,0,0,0,1,1
35,8,0,8441,20.2,3,3,4,2,4,4,56,1,0,12,39,7,10,3,10,0,1,0,0.0,1,0,2.666666667,2813.666667,0.696963394,0,2.244444444,3.5,1.0,0,0.7,0.777777778,1,3.0,0,0,0,0,1.111111111,1,0,2,1,1,0,0,0,0,1,0,1,0,0,1,0,0,1,1
36,7,6,13615,15.6,3,3,4,5,4,3,22,0,0,10,31,5,15,5,8,0,1,0,0.75,1,1,2.333333333,4538.333333,0.86892489,0,1.95,4.0,0.816496581,0,0.333333333,0.625,2,2.818181818,0,-2,0,0,1.0,2,0,3,0,0,0,0,1,0,0,0,1,0,0,1,0,0,0,0
36,4,3,11012,12.0,3,4,4,2,4,3,44,0,1,7,22,5,4,1,6,0,1,0,0.6,1,0,1.333333333,3670.666667,0.764209591,0,2.4,3.25,0.957427108,0,1.25,1.0,0,2.75,0,3,1,1,1.2,0,0,2,1,1,0,0,0,0,0,0,1,0,0,1,0,0,0,0
39,1,0,6674,13.9,1,3,3,2,2,3,30,0,1,8,26,6,7,3,11,0,1,0,0.0,1,0,1.0,6674.0,0.13377516,1,6.95,2.5,0.577350269,0,0.857142857,3.0,2,2.888888889,0,0,0,0,5.5,2,0,2,1,1,0,0,1,0,0,0,1,0,0,1,0,0,0,0
45,0,0,6762,15.6,2,2,3,2,3,4,55,0,0,3,6,4,2,3,4,0,0,0,0.0,0,0,0.0,3381.0,0.300677757,1,15.6,3.0,0.816496581,0,2.0,4.0,0,1.5,0,-1,0,0,4.0,1,0,1,1,1,0,0,0,0,0,1,1,0,0,0,1,0,0,0
33,3,2,5331,19.2,1,3,1,4,1,4,14,0,0,8,30,3,2,5,8,0,0,0,0.5,1,0,3.0,5331.0,0.193427621,1,4.8,2.5,1.732050808,0,1.5,0.75,1,3.333333333,0,-2,0,0,2.0,2,0,4,1,1,0,0,0,0,1,0,1,0,1,0,0,0,1,0
28,6,1,9919,11.0,3,3,5,4,2,3,21,0,0,28,102,5,6,3,7,0,1,0,0.142857143,1,0,2.0,3306.333333,0.553632793,0,1.571428571,3.5,1.290994449,0,0.833333333,0.714285714,1,3.517241379,1,0,0,0,1.0,1,0,2,0,1,0,0,1,0,0,0,1,0,1,0,0,0,0,0
36,0,0,7505,13.2,2,4,4,3,1,4,39,0,1,7,26,3,12,1,5,0,1,0,0.0,0,0,0.0,3752.5,0.424830561,1,13.2,3.0,1.414213562,0,0.25,3.0,1,3.25,0,3,1,1,5.0,1,0,2,0,1,0,0,0,0,0,1,0,0,0,1,0,0,0,0
30,1,1,5320,16.9,1,3,3,2,3,3,36,0,0,13,45,3,9,3,3,0,1,0,0.5,0,0,1.0,5320.0,0.06660746,1,8.45,2.75,0.5,0,0.333333333,1.5,1,3.214285714,0,0,0,0,1.5,1,0,2,0,0,1,0,0,0,0,0,0,0,1,0,0,0,0,0
39,8,0,12807,12.2,4,4,3,5,1,3,18,1,1,16,55,3,9,3,8,0,1,0,0.0,1,0,2.0,3201.75,0.825969563,0,1.355555556,3.0,1.632993162,0,0.333333333,0.333333333,1,3.235294118,0,1,1,1,0.888888889,1,0,2,0,1,0,0,1,0,0,0,1,0,0,1,0,0,0,1
37,1,1,7810,10.3,3,3,2,3,4,4,60,0,0,8,29,5,6,2,3,0,1,0,0.5,0,0,0.333333333,2603.333333,0.608153078,0,5.15,3.25,0.957427108,0,0.833333333,2.5,2,3.222222222,0,1,0,1,1.5,0,0,2,1,0,1,0,0,0,1,0,1,0,0,1,0,0,0,0
38,20,8,14314,12.2,4,3,2,3,4,4,21,0,0,11,31,4,9,2,4,0,1,0,0.380952381,1,1,5.0,3578.5,0.936500888,0,0.580952381,3.25,0.957427108,0,0.444444444,0.19047619,1,2.583333333,0,1,0,1,0.19047619,1,0,2,0,0,1,0,0,0,0,0,1,0,0,1,0,0,0,0
40,0,0,6449,12.1,2,4,3,2,3,2,8,0,0,23,80,4,10,3,4,0,0,0,0.0,0,0,0.0,3224.5,0.260936537,1,12.1,2.5,0.577350269,0,0.4,4.0,1,3.333333333,1,1,1,1,4.0,2,0,2,0,0,1,0,0,0,0,1,1,0,0,1,0,0,0,0
45,4,2,8535,15.1,2,5,4,4,2,3,12,1,1,18,53,5,2,3,4,0,0,0,0.4,1,0,2.0,4267.5,0.646570796,0,3.02,3.25,0.957427108,0,2.5,1.0,0,2.789473684,0,2,1,1,0.8,0,0,2,0,1,0,0,0,1,0,0,0,0,0,0,1,0,0,0
42,4,2,7853,10.4,3,3,3,3,2,5,50,1,0,38,107,5,2,4,10,0,1,0,0.4,1,0,1.333333333,2617.666667,0.667351974,0,2.08,3.25,1.258305739,0,2.5,1.0,1,2.743589744,1,-1,0,0,2.0,2,0,2,0,1,0,1,0,0,0,0,1,0,0,1,0,0,1,1
31,5,5,9674,16.0,3,3,5,2,1,5,45,1,0,14,29,3,6,2,10,0,1,0,0.833333333,0,1,1.666666667,3224.666667,0.780420354,0,2.666666667,3.25,2.061552813,0,0.5,0.5,2,1.933333333,0,1,0,1,1.666666667,2,0,2,1,1,0,0,0,1,0,0,0,1,1,0,0,0,1,1
33,2,1,12005,12.2,3,2,5,2,3,5,44,1,1,12,45,2,11,2,3,0,1,0,0.333333333,1,0,0.666666667,4001.666667,0.829262877,0,4.066666667,3.75,1.5,0,0.181818182,0.666666667,0,3.461538462,0,0,0,0,1.0,0,0,3,1,0,1,0,0,0,0,0,1,0,1,0,0,0,0,0
33,4,4,8088,12.6,3,4,4,2,3,5,7,0,0,18,75,8,4,2,2,0,1,0,0.8,0,1,1.333333333,2696.0,0.511398644,0,2.52,3.5,1.290994449,0,2.0,1.6,0,3.947368421,1,2,1,1,0.4,2,0,2,0,1,0,0,0,0,0,1,1,0,1,0,0,0,0,0
27,1,1,5806,16.9,1,4,2,4,3,3,40,0,0,3,10,2,4,3,6,0,1,0,0.5,0,0,1.0,5806.0,0.17267406,1,8.45,3.0,0.816496581,0,0.5,1.0,1,2.5,0,1,1,1,3.0,1,0,2,0,1,0,0,0,0,0,1,1,0,1,0,0,0,0,0
40,1,0,8592,11.8,2,3,4,3,4,3,24,0,0,23,39,4,12,4,1,0,0,0,0.0,1,0,0.5,4296.0,0.476021314,1,5.9,3.5,0.577350269,0,0.333333333,2.0,1,1.625,0,-1,0,0,0.5,1,0,2,1,0,0,0,0,0,0,0,0,1,0,1,0,0,0,0
39,4,4,10281,21.3,2,4,2,4,1,5,26,0,1,12,37,1,5,3,5,0,0,0,0.8,0,1,2.0,5140.5,0.596342661,0,4.26,3.0,1.825741858,0,0.2,0.2,2,2.846153846,0,1,1,1,1.0,1,0,3,1,0,0,0,1,0,0,0,1,0,0,1,0,0,0,0
46,14,3,16378,15.9,5,4,3,3,4,3,73,1,0,10,22,6,8,4,8,0,1,0,0.2,1,0,2.8,3275.6,0.999177632,0,1.06,3.25,0.5,0,0.75,0.4,1,2.0,0,0,1,0,0.533333333,1,0,4,0,0,1,1,0,0,0,0,0,0,0,0,1,0,1,1
44,0,0,6858,17.0,3,4,3,4,2,4,23,1,0,13,35,4,6,2,3,0,1,0,0.0,0,0,0.0,2286.0,0.447587354,1,17.0,3.25,0.957427108,0,0.666666667,4.0,1,2.5,0,2,1,1,3.0,1,0,2,1,1,0,0,0,0,1,0,1,0,0,1,0,0,1,0
38,2,0,7448,16.6,2,3,3,3,3,3,21,0,0,8,27,2,2,2,4,0,0,0,0.0,1,0,1.0,3724.0,0.226313206,1,5.533333333,3.0,0.0,0,1.0,0.666666667,2,3.0,0,1,0,1,1.333333333,1,0,2,1,1,0,0,1,0,0,0,0,1,0,1,0,0,0,0
18,0,0,4685,15.5,1,5,1,2,3,3,52,0,1,12,44,2,8,3,3,0,1,0,0.0,0,0,0.0,4685.0,0.060073937,1,15.5,2.25,0.957427108,1,0.25,2.0,1,3.384615385,0,2,1,1,3.0,2,0,1,1,0,1,0,0,0,0,1,1,0,0,0,0,0,0,0
27,6,6,7578,15.9,3,3,3,3,4,4,41,1,1,19,75,3,10,3,6,0,1,0,0.857142857,0,1,2.0,2526.0,0.636101974,0,2.271428571,3.5,0.577350269,0,0.3,0.428571429,1,3.75,1,0,0,0,0.857142857,2,0,1,0,0,0,1,0,0,0,0,1,0,1,0,0,0,0,0
49,5,0,7279,19.7,1,5,3,2,2,4,79,1,0,7,15,3,6,2,3,0,0,0,0.0,1,0,5.0,7279.0,0.203976436,1,3.283333333,2.75,0.957427108,0,0.5,0.5,0,1.875,0,3,1,1,0.5,1,0,2,1,1,0,0,1,0,0,0,1,0,0,0,1,0,0,1
40,2,1,6005,18.6,2,3,1,2,4,3,51,1,1,14,50,3,6,5,6,0,0,0,0.333333333,1,0,1.0,3002.5,0.370888158,1,6.2,2.5,1.290994449,0,0.5,1.0,1,3.333333333,0,-2,0,0,2.0,1,0,3,0,1,0,1,0,0,0,0,1,0,0,1,0,0,0,1
43,4,4,13753,22.2,3,4,4,3,4,5,51,1,1,9,21,2,3,2,8,0,1,0,0.8,0,1,1.333333333,4584.333333,0.875306824,0,4.44,4.0,0.816496581,0,0.666666667,0.4,1,2.1,0,2,1,1,1.6,2,0,3,0,1,0,0,1,0,0,0,1,0,0,1,0,0,1,1
40,7,1,9165,10.1,1,3,1,2,2,3,23,0,0,15,49,6,14,4,9,0,0,0,0.125,1,0,7.0,9165.0,0.557282416,0,1.2625,2.0,0.816496581,1,0.428571429,0.75,1,3.0625,0,-1,0,0,1.125,2,0,3,1,0,1,0,0,0,0,0,1,0,0,1,0,0,0,0
41,1,1,7481,13.2,1,3,3,5,3,3,18,1,0,21,53,3,14,3,6,0,0,0,0.5,0,0,1.0,7481.0,0.314831261,1,6.6,3.5,1.0,0,0.214285714,1.5,1,2.409090909,0,0,0,0,3.0,1,0,3,0,1,0,0,0,0,0,0,0,1,0,1,0,0,0,0
39,9,6,5864,13.2,3,1,3,5,3,4,48,0,0,27,95,5,12,3,6,0,1,0,0.6,1,1,3.0,1954.666667,0.17991374,1,1.32,3.75,0.957427108,0,0.416666667,0.5,2,3.392857143,1,-2,0,0,0.6,3,0,1,1,1,0,0,0,0,0,1,1,0,0,1,0,0,0,0
23,4,3,9201,13.0,3,2,5,5,4,4,61,0,1,7,19,4,6,4,6,0,1,0,0.6,1,0,1.333333333,3067.0,0.778702163,0,2.6,4.5,0.577350269,0,0.666666667,0.8,1,2.375,0,-2,0,0,1.2,0,0,2,1,0,1,0,0,0,1,0,1,0,0,0,0,0,0,0
35,3,2,11774,15.2,3,3,1,3,2,4,54,0,0,26,82,4,5,3,4,0,1,0,0.5,1,0,1.0,3924.666667,0.755400098,0,3.8,2.5,1.290994449,0,0.8,1.0,1,3.037037037,1,0,0,0,1.0,1,0,2,0,0,1,0,1,0,0,0,1,0,0,1,0,0,0,0
23,1,1,5899,10.4,2,3,3,2,3,3,22,1,0,28,82,6,10,1,7,0,0,0,0.5,0,0,0.5,2949.5,0.348684211,1,5.2,2.75,0.5,0,0.6,3.0,1,2.827586207,1,2,0,1,3.5,2,0,3,0,0,1,1,0,0,0,0,1,0,0,0,0,0,1,1
34,10,8,13468,21.1,4,5,3,5,4,3,65,1,0,17,77,5,14,4,4,1,1,0,0.727272727,1,0,2.5,3367.0,0.943314849,0,1.918181818,3.75,0.957427108,0,0.357142857,0.454545455,2,4.277777778,1,1,1,1,0.363636364,1,0,3,1,1,0,0,0,0,0,1,1,0,1,0,0,0,1,0
27,2,1,5598,16.2,1,4,4,5,5,5,73,1,0,4,10,5,9,2,6,0,0,0,0.333333333,1,0,2.0,5598.0,0.188606195,1,5.4,4.75,0.5,0,0.555555556,1.666666667,1,2.0,0,2,1,1,2.0,1,0,3,0,1,0,0,0,1,0,0,0,1,1,0,0,0,0,1
36,4,2,7425,11.7,2,2,3,3,3,4,24,1,0,11,27,2,8,4,13,0,1,0,0.4,1,0,2.0,3712.5,0.481747788,1,2.34,3.25,0.5,0,0.25,0.4,2,2.25,0,-2,0,0,2.6,2,0,2,0,0,1,0,0,1,0,0,0,0,0,1,0,0,1,1
33,1,0,4332,14.0,1,2,3,4,4,4,14,0,0,8,22,7,12,3,6,0,0,0,0.0,1,0,1.0,4332.0,0.068635607,1,7.0,3.75,0.5,0,0.583333333,3.5,1,2.444444444,0,-1,0,0,3.0,1,0,2,1,1,0,0,0,0,1,0,1,0,1,0,0,0,0,0
34,0,0,5062,15.4,1,3,3,4,3,1,33,0,0,9,37,2,8,4,9,0,0,0,0.0,0,0,0.0,5062.0,0.024054983,1,15.4,2.75,1.258305739,0,0.25,2.0,1,3.7,0,-1,0,0,9.0,2,0,1,0,1,0,0,1,0,0,0,1,0,1,0,0,0,0,0
31,4,4,10055,13.6,3,3,3,4,3,4,37,1,0,3,8,4,3,4,11,0,1,0,0.8,0,1,1.333333333,3351.666667,0.570324006,0,2.72,3.5,0.577350269,0,1.333333333,0.8,0,2.0,0,-1,0,0,2.2,2,0,2,0,0,1,0,1,0,0,0,1,0,1,0,0,0,0,0
33,4,0,4381,17.8,2,3,3,2,4,3,27,0,0,14,71,4,16,4,5,0,0,0,0.0,1,0,2.0,2190.5,0.073835275,1,3.56,3.0,0.816496581,0,0.25,0.8,1,4.733333333,1,-1,0,0,1.0,2,0,1,0,0,1,0,0,0,1,0,1,0,1,0,0,0,0,0
24,6,6,8382,15.4,2,3,3,3,4,2,44,1,0,9,32,5,7,4,7,0,0,0,0.857142857,0,1,3.0,4191.0,0.353583702,1,2.2,3.0,0.816496581,0,0.714285714,0.714285714,0,3.2,0,-1,0,0,1.0,2,0,1,1,1,0,0,1,0,0,0,1,0,0,0,0,0,0,0
31,0,0,5533,15.0,2,3,3,4,1,3,32,0,0,19,55,4,15,3,7,0,1,0,0.0,0,0,0.0,2766.5,0.228993344,1,15.0,2.75,1.258305739,0,0.266666667,4.0,1,2.75,0,0,0,0,7.0,1,0,1,0,1,0,0,0,0,1,0,0,1,1,0,0,0,0,0
30,0,0,7784,15.3,3,3,5,3,3,2,51,1,0,5,13,1,2,2,2,0,1,0,0.0,0,0,0.0,2594.666667,0.359680284,1,15.3,3.25,1.258305739,0,0.5,1.0,0,2.166666667,0,1,0,1,2.0,1,0,1,0,1,0,0,0,0,0,0,0,0,1,0,0,0,1,0
36,1,1,5558,17.7,2,4,2,4,3,5,35,0,1,6,30,1,10,5,7,0,0,0,0.5,0,0,0.5,2779.0,0.143715342,1,8.85,3.5,1.290994449,0,0.1,0.5,1,4.285714286,0,-1,1,0,3.5,1,0,2,0,0,1,0,0,0,0,1,1,0,0,1,0,0,0,0
47,17,4,15258,7.0,4,1,3,2,3,2,83,0,0,12,32,1,12,4,3,0,1,0,0.222222222,1,1,4.25,3814.5,0.99170354,0,0.388888889,2.5,0.577350269,0,0.083333333,0.055555556,2,2.461538462,0,-3,0,0,0.166666667,1,0,4,0,1,0,0,0,1,0,0,1,0,0,0,1,0,0,0
25,2,0,10121,15.9,3,4,3,4,2,2,49,0,0,10,34,6,11,2,6,0,1,0,0.0,1,0,0.666666667,3373.666667,0.681838366,0,5.3,2.75,0.957427108,0,0.545454545,2.0,1,3.090909091,0,2,1,1,2.0,0,0,3,1,1,0,0,0,0,0,0,1,0,1,0,0,0,0,0
55,2,2,3755,5.3,2,2,2,3,4,4,42,1,1,26,95,4,13,4,5,0,0,1,0.666666667,0,0,1.0,1877.5,0.036605657,1,1.766666667,3.25,0.957427108,0,0.307692308,1.333333333,0,3.518518519,1,-2,0,0,1.666666667,2,0,1,0,0,1,0,0,0,1,0,1,0,0,0,0,1,1,0
32,3,0,10400,18.0,2,4,4,2,5,2,16,1,1,23,82,2,5,3,10,0,0,0,0.0,1,0,1.5,5200.0,0.611192931,0,4.5,3.25,1.5,0,0.4,0.5,0,3.416666667,1,1,1,1,2.5,2,0,3,0,1,0,0,1,0,0,0,1,0,1,0,0,0,0,1
42,6,5,7278,13.8,3,3,4,2,3,3,49,0,0,12,26,4,9,3,6,0,1,0,0.714285714,1,1,2.0,2426.0,0.455199115,1,1.971428571,3.0,0.816496581,0,0.444444444,0.571428571,0,2.0,0,0,0,0,0.857142857,2,0,2,0,1,0,0,0,1,0,0,1,0,0,1,0,0,0,0
30,10,9,8380,10.6,3,3,2,2,3,3,26,0,0,4,20,3,4,4,4,0,1,0,0.818181818,1,1,3.333333333,2793.333333,0.56176833,0,0.963636364,2.5,0.577350269,0,0.75,0.272727273,1,4.0,0,-1,0,0,0.363636364,1,0,2,1,1,0,0,0,0,0,1,1,0,1,0,0,0,0,0
32,1,0,6996,13.3,1,3,4,4,2,4,54,0,1,21,55,2,5,5,6,0,0,0,0.0,1,0,1.0,6996.0,0.249111901,1,6.65,3.5,1.0,0,0.4,1.0,2,2.5,0,-2,0,0,3.0,1,0,3,1,1,0,0,0,0,0,0,1,0,1,0,0,0,0,0
35,4,1,10153,18.1,2,4,2,4,4,1,60,1,1,49,132,2,12,4,5,0,0,0,0.2,1,0,2.0,5076.5,0.685168739,0,3.62,2.75,1.5,0,0.166666667,0.4,1,2.64,1,0,1,0,1.0,1,0,4,0,0,1,0,0,0,0,0,1,0,0,1,0,0,0,1
23,0,0,5020,14.3,1,2,5,3,4,3,71,0,0,58,150,4,13,3,3,0,0,0,0.0,0,0,0.0,5020.0,0.086568084,1,14.3,3.75,0.957427108,0,0.307692308,4.0,0,2.542372881,1,-1,0,0,3.0,2,0,2,0,0,0,0,0,0,0,1,1,0,0,0,0,0,0,0
43,18,5,12542,15.9,4,3,3,4,3,3,72,0,1,8,29,2,18,3,6,0,1,0,0.263157895,1,1,4.5,3135.5,0.864564831,0,0.836842105,3.25,0.5,0,0.111111111,0.105263158,1,3.222222222,0,0,0,0,0.315789474,1,0,2,0,0,1,0,0,0,0,0,0,1,0,1,0,0,0,0
48,1,0,7139,17.6,2,4,2,5,3,3,63,0,1,10,51,3,10,4,6,0,1,0,0.0,1,0,0.5,3569.5,0.362138016,1,8.8,3.25,1.258305739,0,0.3,1.5,1,4.636363636,0,0,1,0,3.0,1,0,2,1,0,1,0,0,0,0,1,1,0,0,0,1,0,0,0
26,0,0,6481,17.9,2,3,3,2,3,5,41,1,1,22,81,8,11,3,9,0,0,0,0.0,0,0,0.0,3240.5,0.264941466,1,17.9,3.25,1.258305739,0,0.727272727,8.0,1,3.52173913,1,0,0,0,9.0,3,0,1,1,0,0,0,0,0,0,1,1,0,1,0,0,0,1,1
40,9,5,9765,12.7,3,3,4,1,3,4,58,1,0,17,82,2,10,4,5,0,1,0,0.5,1,1,3.0,3255.0,0.637655417,0,1.27,3.0,1.414213562,0,0.2,0.2,1,4.555555556,1,-1,0,0,0.5,2,0,2,1,0,0,0,0,0,0,0,1,0,0,1,0,0,0,0
34,6,2,9583,12.0,4,1,2,3,5,3,37,0,1,37,136,4,16,4,9,0,1,0,0.285714286,1,0,1.5,2395.75,0.611456483,0,1.714285714,3.25,1.258305739,0,0.25,0.571428571,1,3.578947368,1,-3,0,0,1.285714286,2,0,2,1,1,0,0,0,0,0,0,0,1,1,0,0,0,0,0
32,2,1,6304,15.5,2,3,2,5,2,1,30,0,1,14,40,3,6,1,4,0,0,0,0.333333333,1,0,1.0,3152.0,0.239217498,1,5.166666667,2.5,1.732050808,0,0.5,1.0,1,2.666666667,0,2,0,1,1.333333333,1,0,2,1,1,0,0,0,0,0,1,1,0,1,0,0,0,0,0
39,16,6,12167,9.0,3,3,3,4,4,4,39,0,0,26,108,3,3,4,5,0,1,0,0.352941176,1,1,5.333333333,4055.666667,0.784118802,0,0.529411765,3.75,0.5,0,1.0,0.176470588,2,4.0,1,-1,0,0,0.294117647,2,0,2,1,1,0,0,1,0,0,0,1,0,0,1,0,0,0,0
50,5,1,10968,12.1,2,4,5,4,4,3,41,0,1,5,21,4,13,1,4,0,0,1,0.166666667,1,0,2.5,5484.0,0.675257732,0,2.016666667,4.0,0.816496581,0,0.307692308,0.666666667,0,3.5,0,3,1,1,0.666666667,0,0,2,1,0,1,0,1,0,0,0,1,0,0,0,1,0,0,0
43,0,0,6429,17.3,2,3,2,3,4,3,17,0,1,20,47,5,12,3,4,0,0,0,0.0,0,0,0.0,3214.5,0.107756505,1,17.3,3.0,0.816496581,0,0.416666667,5.0,1,2.238095238,0,0,0,0,4.0,1,0,2,0,1,0,0,1,0,0,0,1,0,0,1,0,0,0,0
51,9,3,12219,16.9,4,3,4,3,2,2,35,0,0,20,52,5,5,4,2,0,1,1,0.3,1,0,2.25,3054.75,0.788414335,0,1.69,2.75,0.957427108,0,1.0,0.5,0,2.476190476,0,-1,0,0,0.2,0,0,2,1,0,1,0,1,0,0,0,0,0,0,0,1,0,0,0
19,1,0,6836,17.7,2,4,1,3,5,3,65,0,0,6,16,4,10,4,7,0,0,0,0.0,1,0,0.5,3418.0,0.442387687,1,8.85,3.0,1.632993162,0,0.4,2.0,1,2.285714286,0,0,1,0,3.5,1,0,1,1,1,0,0,0,0,1,0,1,0,0,0,0,0,0,0
18,0,0,8906,12.0,3,3,4,4,2,4,43,0,1,18,52,4,5,3,5,0,1,0,0.0,0,0,0.0,2968.666667,0.751663894,0,12.0,3.5,1.0,0,0.8,4.0,1,2.736842105,0,0,0,0,5.0,0,0,2,0,0,1,0,0,0,1,0,1,0,0,0,0,0,0,0
42,15,13,15242,9.3,5,3,1,4,2,2,36,0,0,2,5,4,12,4,6,0,1,0,0.8125,1,1,3.0,3048.4,0.932007855,0,0.58125,2.25,1.258305739,1,0.333333333,0.25,2,1.666666667,0,-1,0,0,0.375,2,0,2,1,1,0,0,1,0,0,0,1,0,0,1,0,0,0,0
18,0,0,6070,16.8,1,3,3,3,4,3,21,0,0,25,84,3,12,3,9,0,0,0,0.0,0,0,0.0,6070.0,0.206561922,1,16.8,3.25,0.5,0,0.25,3.0,0,3.230769231,1,0,0,0,9.0,3,0,3,1,1,0,0,0,0,0,1,1,0,0,0,0,0,0,0
25,6,6,8454,15.8,3,4,4,2,3,4,50,1,0,23,81,2,11,3,7,1,1,0,0.857142857,0,0,2.0,2818.0,0.572396796,0,2.257142857,3.25,0.957427108,0,0.181818182,0.285714286,1,3.375,1,1,1,1,1.0,1,0,2,1,0,0,0,0,0,0,1,1,0,1,0,0,0,0,0
26,2,1,6404,7.1,2,2,5,3,5,3,24,0,1,9,44,2,11,4,2,0,0,0,0.333333333,1,0,1.0,3202.0,0.252002465,1,2.366666667,4.0,1.154700538,0,0.181818182,0.666666667,1,4.4,0,-2,0,0,0.666666667,1,0,1,0,0,1,0,0,0,0,1,1,0,1,0,0,0,0,0
27,0,0,5740,15.7,1,4,4,3,3,5,16,0,0,15,61,7,10,3,7,0,0,0,0.0,0,0,0.0,5740.0,0.095914742,1,15.7,3.75,0.957427108,0,0.7,7.0,1,3.8125,1,1,1,1,7.0,2,0,2,1,1,0,0,0,0,0,0,1,0,1,0,0,0,0,0
28,2,2,9225,13.0,3,2,1,1,4,4,19,0,0,34,126,6,7,4,7,0,1,0,0.666666667,0,0,0.666666667,3075.0,0.668669131,0,4.333333333,2.5,1.732050808,0,0.857142857,2.0,0,3.6,1,-2,0,0,2.333333333,1,0,2,1,0,1,0,0,0,0,1,1,0,1,0,0,0,0,0
35,3,0,7362,18.0,1,3,4,4,2,4,20,0,0,2,7,5,11,3,3,0,0,0,0.0,1,0,3.0,7362.0,0.215022091,1,4.5,3.5,1.0,0,0.454545455,1.25,0,2.333333333,0,0,0,0,0.75,1,0,2,1,0,0,0,1,0,0,0,0,1,0,1,0,0,0,0
24,5,1,6216,16.5,2,3,2,3,3,2,12,0,0,6,21,8,10,5,3,0,1,0,0.166666667,1,0,2.5,3108.0,0.338602329,1,2.75,2.5,0.577350269,0,0.8,1.333333333,1,3.0,0,-2,0,0,0.5,1,0,1,0,1,0,0,0,0,1,0,1,0,0,0,0,0,0,0
27,1,1,5870,14.7,3,4,4,3,4,4,23,1,1,7,18,1,2,2,8,0,1,0,0.5,0,0,0.333333333,1956.666667,0.286397671,1,7.35,3.75,0.5,0,0.5,0.5,2,2.25,0,2,1,1,4.0,2,0,1,1,0,1,0,0,0,1,0,1,0,1,0,0,0,1,1
45,10,4,11887,14.9,4,3,4,2,3,1,19,0,1,5,19,6,3,2,7,0,1,0,0.363636364,1,1,2.5,2971.75,0.823712256,0,1.354545455,2.5,1.290994449,0,2.0,0.545454545,1,3.166666667,0,1,0,1,0.636363636,1,0,2,1,0,1,0,0,0,0,0,1,0,0,0,1,0,0,0
39,8,0,12031,17.5,4,3,2,3,4,3,45,0,0,14,54,2,4,5,6,0,1,0,0.0,1,0,2.0,3007.75,0.8330373,0,1.944444444,3.0,0.816496581,0,0.5,0.222222222,1,3.6,0,-2,0,0,0.666666667,0,0,2,1,0,1,0,0,0,0,0,1,0,0,1,0,0,0,0
35,3,3,7352,14.4,2,3,4,4,4,4,8,1,0,17,67,5,8,3,8,0,1,0,0.75,0,0,1.5,3676.0,0.53327787,0,3.6,4.0,0.0,0,0.625,1.25,0,3.722222222,1,0,0,0,2.0,2,0,2,1,1,0,0,0,0,1,0,1,0,0,1,0,0,1,1
26,0,0,5986,15.8,2,3,2,4,1,5,21,0,0,13,45,3,5,5,6,0,0,0,0.0,0,0,0.0,2993.0,0.306572379,1,15.8,3.0,1.825741858,0,0.6,3.0,2,3.214285714,0,-2,0,0,6.0,1,0,2,0,1,0,0,0,0,1,0,1,0,1,0,0,0,0,0
33,9,2,8232,13.4,2,4,1,3,3,5,47,0,0,13,39,1,9,1,3,0,0,0,0.2,1,0,4.5,4116.0,0.60619469,0,1.34,3.0,1.632993162,0,0.111111111,0.1,1,2.785714286,0,3,1,1,0.3,0,0,2,1,0,0,0,0,1,0,0,1,0,1,0,0,0,0,0
40,3,2,7033,16.8,2,4,5,3,1,4,25,1,1,34,79,7,2,3,10,0,0,0,0.5,1,0,1.5,3516.5,0.340418977,1,4.2,3.25,1.707825128,0,3.5,1.75,0,2.257142857,1,1,1,1,2.5,3,0,1,1,0,0,0,0,0,0,1,1,0,0,1,0,0,0,1
31,7,6,11837,16.2,3,3,3,2,5,3,20,0,0,26,56,4,7,3,3,0,1,0,0.75,1,1,2.333333333,3945.666667,0.761413844,0,2.025,3.25,1.258305739,0,0.571428571,0.5,1,2.074074074,0,0,0,0,0.375,1,0,2,1,1,0,0,1,0,0,0,1,0,1,0,0,0,0,0
40,18,9,16947,16.9,5,5,3,2,3,4,46,0,0,13,50,9,10,2,4,1,1,0,0.473684211,1,0,3.6,3389.4,0.981793961,0,0.889473684,3.0,0.816496581,0,0.9,0.473684211,1,3.571428571,0,3,1,1,0.210526316,0,0,2,0,1,0,0,0,0,0,0,0,0,0,1,0,0,0,0
35,3,0,10519,15.2,4,5,2,3,3,4,28,1,0,10,36,3,10,4,4,0,1,0,0.0,1,0,0.75,2629.75,0.722912966,0,3.8,3.0,0.816496581,0,0.3,0.75,1,3.272727273,0,1,1,1,1.0,0,0,1,1,1,0,0,0,0,0,0,1,0,0,1,0,0,0,0
39,14,2,13207,16.0,4,5,4,4,4,2,74,0,1,13,45,2,6,4,7,0,1,0,0.133333333,1,0,3.5,3301.75,0.977796053,0,1.066666667,3.5,1.0,0,0.333333333,0.133333333,2,3.214285714,0,1,1,1,0.466666667,0,0,3,0,1,0,1,0,0,0,0,1,0,0,1,0,0,0,0
44,9,2,13033,19.0,3,4,3,3,2,3,15,0,1,12,23,5,8,4,5,0,1,0,0.2,1,0,3.0,4344.333333,0.840697104,0,1.9,2.75,0.5,0,0.625,0.5,0,1.769230769,0,0,1,0,0.5,0,0,3,0,0,1,0,1,0,0,0,0,1,0,1,0,0,0,0
42,2,0,6926,17.3,2,2,4,2,4,5,35,0,1,8,23,5,12,3,6,0,0,0,0.0,1,0,1.0,3463.0,0.462978369,1,5.766666667,3.75,1.258305739,0,0.416666667,1.666666667,1,2.555555556,0,-1,0,0,2.0,1,0,4,0,0,0,0,0,0,1,0,0,0,0,1,0,0,0,0
33,2,0,8485,16.6,2,1,2,3,4,1,54,0,0,10,37,6,9,4,4,0,0,0,0.0,1,0,1.0,4242.5,0.366961217,1,5.533333333,2.5,1.290994449,0,0.666666667,2.0,0,3.363636364,0,-3,0,0,1.333333333,1,0,3,0,0,1,0,1,0,0,0,0,0,1,0,0,0,0,0
45,19,4,16374,17.5,5,3,3,4,4,4,78,0,0,8,32,5,9,3,4,0,1,0,0.2,1,1,3.8,3274.8,0.956799215,0,0.875,3.75,0.5,0,0.555555556,0.25,0,3.555555556,0,0,0,0,0.2,1,0,2,1,0,1,0,1,0,0,0,1,0,0,0,1,0,0,0
34,2,1,5521,14.7,1,1,4,2,4,4,29,0,1,13,31,4,10,2,2,0,0,0,0.333333333,1,0,2.0,5521.0,0.178650442,1,4.9,3.5,1.0,0,0.4,1.333333333,1,2.214285714,0,-1,0,0,0.666666667,1,0,1,0,1,0,0,0,1,0,0,1,0,1,0,0,0,0,0
45,4,0,14329,12.1,3,4,4,3,3,4,49,0,1,6,22,4,2,3,1,0,1,0,0.0,1,0,1.333333333,4776.333333,0.90108002,0,2.42,3.5,0.577350269,0,2.0,0.8,0,3.142857143,0,1,1,1,0.2,0,0,3,0,0,0,0,1,0,0,0,0,1,0,0,1,0,0,0
47,13,10,10868,17.2,3,3,3,3,5,2,38,0,1,5,16,2,5,2,5,0,1,0,0.714285714,1,1,4.333333333,3622.666667,0.664457536,0,1.228571429,3.25,1.258305739,0,0.4,0.142857143,0,2.666666667,0,1,0,1,0.357142857,1,0,2,0,0,1,0,1,0,0,0,1,0,0,0,1,0,0,0
53,8,2,11467,16.1,2,3,3,1,4,3,24,0,0,12,30,3,17,3,5,0,1,1,0.222222222,1,0,4.0,5733.5,0.72766323,0,1.788888889,2.75,1.258305739,0,0.176470588,0.333333333,2,2.307692308,0,0,0,0,0.555555556,0,0,3,1,0,0,0,1,0,0,0,1,0,0,0,1,0,0,0
37,2,2,7765,11.8,3,3,1,4,3,3,0,0,0,27,89,3,17,3,1,0,1,0,0.666666667,0,0,0.666666667,2588.333333,0.467036352,1,3.933333333,2.75,1.258305739,0,0.176470588,1.0,0,3.178571429,1,0,0,0,0.333333333,2,0,2,1,0,1,0,0,0,0,1,1,0,0,1,0,0,0,0
25,7,2,7151,18.4,2,4,3,4,3,2,30,0,1,16,50,9,6,1,2,1,0,0,0.25,1,0,3.5,3575.5,0.431415929,1,2.3,3.0,0.816496581,0,1.5,1.125,2,2.941176471,0,3,1,1,0.25,1,0,1,0,1,0,0,0,1,0,0,1,0,1,0,0,0,0,0
22,4,3,8427,11.6,3,2,3,3,5,3,43,0,1,11,37,3,4,4,3,0,1,0,0.6,1,0,1.333333333,2809.0,0.634955752,0,2.32,3.5,1.0,0,0.75,0.6,0,3.083333333,0,-2,0,0,0.6,0,0,2,1,0,1,0,0,1,0,0,1,0,0,0,0,0,0,0
38,3,3,4922,12.2,2,3,1,3,3,4,54,0,1,31,57,7,5,2,7,0,0,0,0.75,0,0,1.5,2461.0,0.133319468,1,3.05,2.75,1.258305739,0,1.4,1.75,0,1.78125,0,1,0,1,1.75,1,0,1,0,1,0,0,0,0,1,0,1,0,0,1,0,0,0,0
32,5,1,6236,16.8,2,2,3,4,4,3,47,0,0,10,38,5,10,3,8,0,0,0,0.166666667,1,0,2.5,3118.0,0.33985025,1,2.8,3.5,0.577350269,0,0.5,0.833333333,2,3.454545455,0,-1,0,0,1.333333333,2,0,2,0,0,1,0,0,0,1,0,1,0,1,0,0,0,0,0
29,10,3,9544,6.0,3,2,1,5,3,4,57,0,0,5,10,5,4,4,7,0,1,0,0.272727273,1,0,3.333333333,3181.333333,0.506013746,0,0.545454545,3.25,1.707825128,0,1.25,0.454545455,0,1.666666667,0,-2,0,0,0.636363636,0,0,1,1,1,0,0,1,0,0,0,1,0,1,0,0,0,0,0
35,3,0,8800,15.0,3,2,4,4,3,3,44,0,1,9,31,2,13,4,5,0,1,0,0.0,1,0,1.0,2933.333333,0.508436945,0,3.75,3.5,0.577350269,0,0.153846154,0.5,0,3.1,0,-2,0,0,1.25,0,0,2,0,1,0,0,0,0,0,0,1,0,0,1,0,0,0,0
31,5,5,9134,22.8,3,4,4,5,5,3,74,0,0,19,63,3,8,1,3,1,1,0,0.833333333,0,0,1.666666667,3044.666667,0.719856195,0,3.8,4.25,0.957427108,0,0.375,0.5,2,3.15,1,3,1,1,0.5,1,0,2,1,1,0,0,0,1,0,0,0,1,1,0,0,0,0,0
44,6,0,5750,17.5,2,2,2,3,3,3,32,0,0,34,63,1,13,4,3,0,0,0,0.0,1,0,3.0,2875.0,0.267054908,1,2.5,2.75,0.5,0,0.076923077,0.142857143,1,1.8,1,-2,0,0,0.428571429,2,0,3,0,0,1,0,0,0,1,0,1,0,0,1,0,0,0,0
38,2,1,8525,8.7,3,1,3,2,4,3,32,1,0,15,48,1,11,4,8,0,1,0,0.333333333,1,0,0.666666667,2841.666667,0.466918295,1,2.9,3.0,0.816496581,0,0.090909091,0.333333333,2,3.0,0,-3,0,0,2.666666667,2,0,2,0,0,1,0,0,0,0,0,1,0,0,1,0,0,1,1
41,1,0,7901,15.2,3,2,4,2,3,3,52,0,0,11,34,3,10,2,4,0,1,0,0.0,1,0,0.333333333,2633.666667,0.284241532,1,7.6,3.0,0.816496581,0,0.3,1.5,2,2.833333333,0,0,0,0,2.0,1,0,1,0,1,0,0,1,0,0,0,0,0,0,1,0,0,0,0
30,9,2,7547,16.0,3,3,3,4,3,3,46,0,0,21,57,2,10,3,0,0,1,0,0.2,1,0,3.0,2515.666667,0.506913717,0,1.6,3.25,0.5,0,0.2,0.2,2,2.590909091,0,0,0,0,0.0,0,0,1,0,1,0,0,0,1,0,0,0,1,1,0,0,0,0,0
58,2,1,9839,17.5,2,3,5,2,3,4,33,0,0,18,55,4,3,3,8,0,0,1,0.333333333,1,0,1.0,4919.5,0.54455081,0,5.833333333,3.5,1.290994449,0,1.333333333,1.333333333,1,2.894736842,0,0,0,0,2.666666667,1,0,3,0,0,0,0,1,0,0,0,1,0,0,0,0,1,0,0
44,1,0,5752,13.1,1,2,3,3,3,3,37,1,0,10,41,6,13,3,10,0,0,0,0.0,1,0,1.0,5752.0,0.098579041,1,6.55,3.0,0.0,0,0.461538462,3.0,0,3.727272727,0,-1,0,0,5.0,2,0,2,0,1,0,0,0,0,0,0,1,0,0,1,0,0,1,1
40,3,1,6301,17.2,2,5,2,3,5,2,26,0,0,3,12,6,8,2,7,0,1,0,0.25,1,0,1.5,3150.5,0.423519737,1,4.3,3.0,1.414213562,0,0.75,1.5,0,3.0,0,3,1,1,1.75,1,0,2,0,1,0,1,0,0,0,0,0,1,0,1,0,0,0,0
32,4,0,12547,14.2,3,4,4,3,3,3,45,1,1,3,14,6,3,3,2,0,1,0,0.0,1,0,1.333333333,4182.333333,0.917436845,0,2.84,3.25,0.5,0,2.0,1.2,0,3.5,0,1,1,1,0.4,0,0,4,1,1,0,0,0,0,0,1,0,0,1,0,0,0,0,0
34,1,1,7966,10.1,2,3,3,3,1,4,19,1,1,3,10,2,2,3,8,0,1,0,0.5,0,0,0.5,3983.0,0.291605302,1,5.05,2.75,1.258305739,0,1.0,1.0,0,2.5,0,0,0,0,4.0,2,0,2,0,0,0,0,1,0,0,0,1,0,1,0,0,0,1,1
54,6,5,13981,14.4,4,5,4,3,5,5,51,0,1,9,37,4,13,4,6,1,1,1,0.714285714,1,0,1.5,3495.25,0.923623446,0,2.057142857,4.25,0.957427108,0,0.307692308,0.571428571,2,3.7,0,1,1,1,0.857142857,0,0,3,1,0,1,0,0,0,0,0,1,0,0,0,1,0,0,0
30,3,2,6575,13.7,3,3,2,2,1,3,41,0,0,12,41,5,10,3,7,0,1,0,0.5,1,0,1.0,2191.666667,0.321349558,1,3.425,2.0,0.816496581,1,0.5,1.25,0,3.153846154,0,0,0,0,1.75,2,0,1,1,0,1,0,0,1,0,0,0,1,1,0,0,0,0,0
37,1,0,9053,17.0,2,4,5,5,5,4,34,0,0,39,150,4,7,1,5,0,1,0,0.0,1,0,0.5,4526.5,0.546625222,0,8.5,4.75,0.5,0,0.571428571,2.0,0,3.75,1,3,1,1,2.5,1,0,3,0,0,0,0,0,0,0,0,1,0,0,1,0,0,0,0
39,3,2,6479,14.2,2,3,2,4,4,4,15,0,1,8,25,3,3,4,4,0,0,0,0.5,1,0,1.5,3239.5,0.264633395,1,3.55,3.5,1.0,0,1.0,0.75,1,2.777777778,0,-1,0,0,1.0,1,0,2,1,1,0,0,0,0,0,1,0,0,0,1,0,0,0,0
60,6,6,6689,18.9,2,4,1,3,1,4,32,0,0,22,68,3,12,5,7,1,0,1,0.857142857,0,0,3.0,3344.5,0.341814159,1,2.7,2.25,1.5,1,0.25,0.428571429,1,2.956521739,1,-1,1,0,1.0,3,0,2,0,1,0,0,0,1,0,0,1,0,0,0,0,1,0,0
45,0,0,5815,16.3,2,3,5,3,1,3,62,1,1,21,69,1,2,2,3,0,0,0,0.0,0,0,0.0,2907.5,0.216537611,1,16.3,3.0,1.632993162,0,0.5,1.0,1,3.136363636,1,1,0,1,3.0,2,0,2,1,1,0,0,0,1,0,0,0,0,0,0,1,0,0,1
37,9,8,15249,18.6,5,4,4,4,4,2,25,1,1,14,51,2,6,5,6,0,1,0,0.8,1,1,1.8,3049.8,0.932621502,0,1.86,3.5,1.0,0,0.333333333,0.2,1,3.4,0,-1,1,0,0.6,1,0,2,0,1,0,0,1,0,0,0,1,0,0,1,0,0,0,0
35,1,1,4702,12.7,1,3,2,5,3,4,70,0,0,9,29,3,14,2,2,0,1,0,0.5,0,0,1.0,4702.0,0.105241265,1,6.35,3.5,1.290994449,0,0.214285714,1.5,1,2.9,0,1,0,1,1.0,1,0,2,0,0,1,0,0,0,1,0,1,0,0,1,0,0,0,0
39,1,0,5584,20.7,2,4,3,3,3,5,52,0,1,3,11,3,2,1,3,0,1,0,0.0,1,0,0.5,2792.0,0.1474122,1,10.35,3.5,1.0,0,1.5,1.5,1,2.75,0,3,1,1,1.5,1,0,2,1,0,1,0,0,0,0,1,1,0,0,1,0,0,0,0
45,5,4,5702,15.6,1,3,3,2,4,3,51,0,0,4,15,3,2,3,5,0,0,0,0.666666667,1,1,5.0,5702.0,0.257487521,1,2.6,3.0,0.816496581,0,1.5,0.5,0,3.0,0,0,0,0,0.833333333,2,0,3,0,1,0,0,0,0,1,0,0,1,0,0,1,0,0,0
38,7,4,10570,14.7,3,3,4,2,5,5,50,0,0,16,45,5,11,4,7,0,1,0,0.5,1,1,2.333333333,3523.333333,0.808379544,0,1.8375,4.0,1.414213562,0,0.454545455,0.625,0,2.647058824,0,-1,0,0,0.875,1,0,2,1,1,0,0,0,0,0,1,1,0,0,1,0,0,0,0
50,3,0,7102,12.8,2,4,3,3,2,3,9,0,0,14,44,2,5,3,5,0,1,1,0.0,1,0,1.5,3551.0,0.265097691,1,3.2,2.75,0.5,0,0.4,0.5,0,2.933333333,0,1,1,1,1.25,1,0,2,1,0,1,0,0,0,0,0,1,0,0,0,1,0,0,0
37,7,6,6752,12.7,2,3,3,2,5,2,30,0,0,5,17,9,14,4,2,0,0,0,0.75,1,1,3.5,3376.0,0.504111842,0,1.5875,3.0,1.414213562,0,0.642857143,1.125,1,2.833333333,0,-1,0,0,0.25,1,0,2,1,1,0,1,0,0,0,0,1,0,0,1,0,0,0,0
19,1,1,4221,16.8,1,3,5,4,3,3,25,0,1,19,66,3,12,2,8,0,0,0,0.5,0,0,1.0,4221.0,0.102796053,1,8.4,3.75,0.957427108,0,0.25,1.5,1,3.3,1,1,0,1,4.0,3,0,1,0,0,1,1,0,0,0,0,1,0,0,0,0,0,0,0
28,1,0,4955,13.5,1,2,3,5,3,3,0,0,0,24,53,4,10,1,4,0,0,0,0.0,1,0,1.0,4955.0,0.07948244,1,6.75,3.5,1.0,0,0.4,2.0,0,2.12,0,1,0,1,2.0,1,0,3,1,0,0,0,0,0,0,1,1,0,1,0,0,0,0,0
29,2,2,5458,12.3,1,1,4,2,3,5,31,0,1,11,37,5,4,3,2,0,0,0,0.666666667,0,0,2.0,5458.0,0.078152753,1,4.1,3.5,1.290994449,0,1.25,1.666666667,0,3.083333333,0,-2,0,0,0.666666667,1,0,2,1,1,0,0,0,0,0,0,1,0,1,0,0,0,0,0
28,6,5,8642,10.9,2,4,1,2,3,3,55,0,0,11,28,3,11,3,3,1,0,0,0.714285714,1,0,3.0,4321.0,0.658185841,0,1.557142857,2.25,0.957427108,1,0.272727273,0.428571429,1,2.333333333,0,1,1,1,0.428571429,1,0,1,1,0,1,0,0,1,0,0,1,0,1,0,0,0,0,0
25,7,1,7029,13.6,3,3,5,1,3,4,26,0,0,3,5,5,2,4,4,0,1,0,0.125,1,0,2.333333333,2343.0,0.33995687,1,1.7,3.25,1.707825128,0,2.5,0.625,1,1.25,0,-1,0,0,0.5,1,0,1,0,1,0,0,0,0,0,1,0,1,1,0,0,0,0,0
31,2,0,7338,13.5,3,3,4,4,3,2,16,0,1,28,92,5,12,3,8,0,1,0,0.0,1,0,0.666666667,2446.0,0.211462936,1,4.5,3.25,0.957427108,0,0.416666667,1.666666667,1,3.172413793,1,0,0,0,2.666666667,3,0,1,1,1,0,0,1,0,0,0,0,0,1,0,0,0,0,0
42,11,10,17381,12.5,4,3,4,2,2,3,50,0,1,8,33,2,4,4,3,0,1,0,0.833333333,1,1,2.75,4345.25,0.971526755,0,1.041666667,2.75,0.957427108,0,0.5,0.166666667,1,3.666666667,0,-1,0,0,0.25,1,0,3,1,0,1,0,1,0,0,0,1,0,0,1,0,0,0,0
38,4,3,9724,21.3,2,4,3,3,2,4,50,0,0,6,19,3,13,3,4,0,0,0,0.6,1,0,2.0,4862.0,0.53215513,0,4.26,3.0,0.816496581,0,0.230769231,0.6,1,2.714285714,0,1,1,1,0.8,0,0,2,0,1,0,0,1,0,0,0,1,0,0,1,0,0,0,0
46,2,2,6229,12.6,1,3,2,3,3,3,43,1,0,5,13,4,8,4,7,0,0,0,0.666666667,0,0,2.0,6229.0,0.411184211,1,4.2,2.75,0.5,0,0.5,1.333333333,1,2.166666667,0,-1,0,0,2.333333333,1,0,3,1,1,0,1,0,0,0,0,1,0,0,0,1,0,1,0
33,1,1,7930,15.1,2,4,5,5,1,3,30,0,0,6,17,3,4,2,6,0,1,0,0.5,0,0,0.5,3965.0,0.381438721,1,7.55,3.5,1.914854216,0,0.75,1.5,0,2.428571429,0,2,1,1,3.0,1,0,2,1,0,1,0,0,0,0,0,0,0,1,0,0,0,0,0
43,9,2,9165,11.0,4,1,2,3,2,2,9,0,1,21,48,2,7,3,4,0,1,0,0.2,1,0,2.25,2291.25,0.725110619,0,1.1,2.25,0.5,1,0.285714286,0.2,2,2.181818182,0,-2,0,0,0.4,1,0,2,0,0,1,0,0,1,0,0,0,0,0,1,0,0,0,0
51,0,0,7657,15.9,2,3,3,3,3,4,19,0,0,43,116,2,7,4,8,0,0,1,0.0,0,0,0.0,3828.5,0.252822779,1,15.9,3.25,0.5,0,0.285714286,2.0,1,2.636363636,1,-1,0,0,8.0,3,0,2,0,1,0,0,1,0,0,0,1,0,0,0,1,0,0,0
48,8,6,12756,10.6,3,3,3,5,3,3,1,0,0,20,69,5,5,2,5,0,1,0,0.666666667,1,1,2.666666667,4252.0,0.925446704,0,1.177777778,3.5,1.0,0,1.0,0.555555556,1,3.285714286,1,1,0,1,0.555555556,2,0,4,1,0,1,0,0,0,0,1,1,0,0,0,1,0,0,0
54,3,1,7617,10.0,2,4,2,3,3,3,43,1,1,60,127,5,5,4,7,0,1,1,0.25,1,0,1.5,3808.5,0.51880531,0,2.5,2.75,0.5,0,1.0,1.25,2,2.081967213,1,0,1,0,1.75,1,0,2,0,0,1,0,0,1,0,0,1,0,0,0,1,0,1,1
32,1,1,5597,14.9,1,4,3,1,3,1,25,1,0,9,27,1,4,4,8,0,0,0,0.5,0,0,1.0,5597.0,0.049828179,1,7.45,2.0,1.154700538,1,0.25,0.5,1,2.7,0,0,1,0,4.0,3,1,2,1,0,1,0,1,0,0,0,0,0,1,0,0,0,1,1
29,7,5,11997,16.0,3,3,2,4,4,4,26,0,0,26,107,4,8,4,8,0,1,0,0.625,1,1,2.333333333,3999.0,0.772950417,0,2.0,3.5,1.0,0,0.5,0.5,1,3.962962963,1,-1,0,0,1.0,3,0,2,1,1,0,0,1,0,0,0,1,0,1,0,0,0,0,0
36,4,2,6931,14.3,2,3,4,3,4,4,0,1,0,32,82,5,8,3,6,0,1,0,0.4,1,0,2.0,3465.5,0.387168142,1,2.86,3.75,0.5,0,0.625,1.0,1,2.484848485,1,0,0,0,1.2,2,0,2,1,1,0,0,0,1,0,0,1,0,0,1,0,0,1,1
36,1,1,5660,21.9,2,3,4,3,4,4,61,1,1,7,26,5,10,3,6,0,0,0,0.5,0,0,0.5,2830.0,0.091030195,1,10.95,3.75,0.5,0,0.5,2.5,0,3.25,0,0,0,0,3.0,1,0,1,1,1,0,0,0,0,0,0,1,0,0,1,0,0,0,0
30,0,0,7149,14.3,1,3,1,3,4,3,54,0,1,27,75,4,14,3,3,0,0,0,0.0,0,0,0.0,7149.0,0.499168053,1,14.3,2.75,1.258305739,0,0.285714286,4.0,1,2.678571429,1,0,0,0,3.0,2,0,4,0,1,0,0,0,0,1,0,1,0,1,0,0,0,0,0
40,1,0,4323,12.7,1,3,4,2,2,3,15,1,0,24,95,2,4,4,7,0,1,0,0.0,1,0,1.0,4323.0,0.113075658,1,6.35,2.75,0.957427108,0,0.5,1.0,0,3.8,1,-1,0,0,3.5,2,0,2,0,1,0,1,0,0,0,0,0,0,0,1,0,0,1,1
36,2,1,9408,12.2,2,1,2,3,4,1,14,0,0,15,47,7,9,3,6,0,0,0,0.333333333,1,0,1.0,4704.0,0.488708886,1,4.066666667,2.5,1.290994449,0,0.777777778,2.333333333,2,2.9375,0,-2,0,0,2.0,1,0,3,1,1,0,0,1,0,0,0,1,0,0,1,0,0,0,0
46,16,4,8474,10.6,4,2,3,4,4,3,38,0,0,28,102,7,9,4,1,0,1,0,0.235294118,1,1,4.0,2118.5,0.459147425,1,0.623529412,3.5,0.577350269,0,0.777777778,0.411764706,1,3.517241379,1,-2,0,0,0.058823529,3,0,1,1,1,0,0,0,0,0,0,1,0,0,0,1,0,0,0
42,24,0,13984,15.8,5,4,5,3,4,3,4,0,1,20,55,6,12,4,8,0,1,0,0.0,1,0,4.8,2796.8,0.985440932,0,0.632,3.75,0.957427108,0,0.5,0.24,0,2.619047619,0,0,1,0,0.32,1,0,2,0,0,0,0,0,0,1,0,1,0,0,1,0,0,0,0
37,12,9,14020,21.2,4,2,1,3,2,5,26,0,1,12,41,3,11,3,6,0,1,0,0.692307692,1,1,3.0,3505.0,0.985856905,0,1.630769231,2.75,1.707825128,0,0.272727273,0.230769231,0,3.153846154,0,-1,0,0,0.461538462,1,0,3,0,0,1,0,0,0,1,0,0,1,0,1,0,0,0,0
39,2,0,7702,17.2,2,3,3,4,2,4,37,0,0,18,48,2,4,3,8,0,0,0,0.0,1,0,1.0,3851.0,0.256872852,1,5.733333333,3.25,0.957427108,0,0.5,0.666666667,1,2.526315789,0,0,0,0,2.666666667,2,0,1,0,1,0,0,1,0,0,0,1,0,0,1,0,0,0,0
38,1,1,5385,17.3,2,4,4,2,2,3,45,1,1,5,21,6,17,2,9,0,1,0,0.5,0,0,0.5,2692.5,0.12754159,1,8.65,2.75,0.957427108,0,0.352941176,3.0,1,3.5,0,2,1,1,4.5,2,0,1,0,1,0,0,0,0,0,1,1,0,0,1,0,0,1,1
47,3,1,3839,9.2,2,3,4,2,3,4,28,0,0,5,24,3,10,3,4,0,0,0,0.25,1,0,1.5,1919.5,0.01663586,1,2.3,3.25,0.957427108,0,0.3,0.75,1,4.0,0,0,0,0,1.0,1,0,1,1,1,0,0,0,0,0,1,1,0,0,0,1,0,0,0
34,4,4,10568,12.8,3,4,3,3,3,5,31,1,1,3,9,4,4,2,9,0,1,0,0.8,0,1,1.333333333,3522.666667,0.633284242,0,2.56,3.5,1.0,0,1.0,0.8,2,2.25,0,2,1,1,1.8,2,0,2,1,1,0,0,1,0,0,0,1,0,1,0,0,0,1,1
43,1,0,9593,14.1,3,4,5,3,4,3,17,0,0,5,23,7,10,4,4,0,1,0,0.0,1,0,0.333333333,3197.666667,0.612344583,0,7.05,3.75,0.957427108,0,0.7,3.5,1,3.833333333,0,0,1,0,2.0,0,0,3,1,0,1,0,0,0,0,0,1,0,0,1,0,0,0,0
28,7,4,10478,18.3,3,4,4,1,4,2,46,0,0,9,29,2,6,2,6,0,1,0,0.5,1,1,2.333333333,3492.666667,0.620029455,0,2.2875,2.75,1.5,0,0.333333333,0.25,2,2.9,0,2,1,1,0.75,1,0,1,1,0,1,0,1,0,0,0,1,0,1,0,0,0,0,0
48,5,0,5395,12.2,2,1,4,5,3,3,15,0,1,41,147,2,6,3,1,0,0,0,0.0,1,0,2.5,2697.5,0.159845133,1,2.033333333,3.75,0.957427108,0,0.333333333,0.333333333,0,3.5,1,-2,0,0,0.166666667,2,0,1,1,0,0,0,0,1,0,0,1,0,0,0,1,0,0,0
46,3,2,8169,20.0,3,5,5,3,2,4,12,0,0,4,14,3,2,2,6,0,1,0,0.5,1,0,1.0,2723.0,0.415852575,1,5.0,3.5,1.290994449,0,1.5,0.75,2,2.8,0,3,1,1,1.5,1,0,1,1,1,0,0,0,0,0,0,1,0,0,0,1,0,0,0
37,2,1,4689,16.0,1,3,3,4,4,3,49,0,0,13,35,1,13,3,5,0,0,0,0.333333333,1,0,2.0,4689.0,0.025754885,1,5.333333333,3.5,0.577350269,0,0.076923077,0.333333333,0,2.5,0,0,0,0,1.666666667,1,0,2,1,1,0,0,0,0,0,0,1,0,0,1,0,0,0,0
37,1,0,7395,10.4,1,1,1,4,4,3,9,0,1,11,28,5,10,3,3,0,0,0,0.0,1,0,1.0,7395.0,0.22017673,1,5.2,3.0,1.414213562,0,0.5,2.5,1,2.333333333,0,-2,0,0,1.5,1,0,3,1,0,0,0,1,0,0,0,0,0,0,1,0,0,0,0
44,2,1,5477,12.9,1,3,5,2,3,4,45,1,1,13,50,3,11,3,6,0,0,0,0.333333333,1,0,2.0,5477.0,0.219633943,1,4.3,3.5,1.290994449,0,0.272727273,1.0,2,3.571428571,0,0,0,0,2.0,1,0,4,1,1,0,0,0,0,1,0,1,0,0,1,0,0,1,1
35,3,1,8846,15.5,2,3,5,3,3,2,40,0,0,11,39,4,14,3,5,0,1,0,0.25,1,0,1.5,4423.0,0.746672213,0,3.875,3.25,1.258305739,0,0.285714286,1.0,0,3.25,0,0,0,0,1.25,0,0,4,0,1,0,0,0,0,1,0,1,0,0,1,0,0,0,0
40,3,2,7497,18.6,2,2,2,1,4,2,51,1,0,7,19,5,11,2,9,0,0,0,0.5,1,0,1.5,3748.5,0.316385435,1,4.65,2.25,1.258305739,1,0.454545455,1.25,1,2.375,0,0,0,0,2.25,3,1,2,0,1,0,0,0,0,0,0,1,0,0,1,0,0,1,1
46,13,12,13498,10.3,5,3,4,3,5,1,11,1,1,10,38,4,9,3,5,0,1,0,0.857142857,1,1,2.6,2699.6,0.944239063,0,0.735714286,3.25,1.707825128,0,0.444444444,0.285714286,2,3.454545455,0,0,0,0,0.357142857,1,0,2,1,0,1,0,0,0,0,1,1,0,0,0,1,0,1,1
25,4,4,7204,20.3,2,5,4,3,5,3,0,1,1,15,34,6,7,4,7,0,0,0,0.8,0,1,2.0,3602.0,0.443030973,1,4.06,3.75,0.957427108,0,0.857142857,1.2,2,2.125,0,1,1,1,1.4,2,0,2,1,1,0,0,0,1,0,0,0,1,1,0,0,0,1,0
35,10,3,13446,14.1,5,3,2,4,4,3,70,1,0,30,101,4,14,3,8,0,1,0,0.272727273,1,0,2.0,2689.2,0.943006778,0,1.281818182,3.25,0.957427108,0,0.285714286,0.363636364,0,3.258064516,1,0,0,0,0.727272727,2,0,2,1,0,1,0,0,0,0,1,1,0,0,1,0,0,0,1
37,2,1,9659,16.3,2,4,2,5,3,3,40,1,0,11,38,5,7,4,7,0,0,0,0.333333333,1,0,1.0,4829.5,0.816763727,0,5.433333333,3.25,1.258305739,0,0.714285714,1.666666667,1,3.166666667,0,0,1,0,2.333333333,0,0,3,1,1,0,0,0,0,1,0,1,0,0,1,0,0,1,1
35,7,5,9471,13.2,3,4,4,3,5,3,61,0,1,26,89,4,14,4,3,1,1,0,0.625,1,0,2.333333333,3157.0,0.754424779,0,1.65,3.75,0.957427108,0,0.285714286,0.5,1,3.296296296,1,0,1,0,0.375,1,0,3,1,0,1,0,0,1,0,0,1,0,0,1,0,0,0,0
59,5,1,6841,11.0,4,2,5,4,3,2,76,0,1,15,43,6,4,3,3,0,1,1,0.166666667,1,0,1.25,1710.25,0.443219634,1,1.833333333,3.5,1.290994449,0,1.5,1.0,1,2.6875,0,-1,0,0,0.5,1,0,1,0,1,0,0,0,0,1,0,1,0,0,0,0,1,0,0
43,1,1,10255,14.8,2,2,4,3,1,4,31,0,1,13,31,1,13,2,3,0,0,0,0.5,0,0,0.5,5127.5,0.861480865,0,7.4,3.0,1.414213562,0,0.076923077,0.5,0,2.214285714,0,0,0,0,1.5,0,0,4,0,1,0,0,0,0,1,0,1,0,0,1,0,0,0,0
34,3,3,6252,17.4,2,4,5,4,2,4,32,0,1,32,111,7,10,2,6,0,0,0,0.75,0,0,1.5,3126.0,0.416940789,1,4.35,3.75,1.258305739,0,0.7,1.75,2,3.363636364,1,2,1,1,1.5,2,0,1,1,0,0,1,0,0,0,0,1,0,1,0,0,0,0,0
21,3,3,9196,15.6,2,3,1,5,3,5,36,1,1,4,10,2,13,4,10,0,0,0,0.75,0,0,1.5,4598.0,0.561278863,0,3.9,3.5,1.914854216,0,0.153846154,0.5,0,2.0,0,-1,0,0,2.5,1,0,3,1,0,0,0,0,0,0,0,1,0,0,0,0,0,1,1
22,2,1,6369,13.2,1,2,4,4,1,4,37,1,0,41,128,4,3,4,4,0,1,0,0.333333333,1,0,2.0,6369.0,0.103829161,1,4.4,3.25,1.5,0,1.333333333,1.333333333,0,3.047619048,1,-2,0,0,1.333333333,2,0,2,1,0,0,0,1,0,0,0,1,0,0,0,0,0,1,0
29,1,0,7001,17.0,1,4,4,2,5,3,56,1,1,15,58,3,7,2,12,0,1,0,0.0,1,0,1.0,7001.0,0.335643869,1,8.5,3.5,1.290994449,0,0.428571429,1.5,2,3.625,0,2,1,1,6.0,2,0,2,0,1,0,0,0,0,0,1,1,0,1,0,0,0,1,1
39,10,9,10761,14.4,4,4,3,2,4,3,29,0,1,19,71,3,5,2,3,0,1,0,0.818181818,1,1,2.5,2690.25,0.86449115,0,1.309090909,3.0,0.816496581,0,0.6,0.272727273,1,3.55,1,2,1,1,0.272727273,2,0,2,1,1,0,0,0,1,0,0,0,1,0,1,0,0,0,0
48,7,3,10393,19.3,4,3,3,2,3,4,34,1,0,5,17,7,6,3,7,0,1,0,0.375,1,0,1.75,2598.25,0.791435613,0,2.4125,3.0,0.816496581,0,1.166666667,0.875,1,2.833333333,0,0,0,0,0.875,0,0,2,1,1,0,0,0,0,0,1,1,0,0,0,1,0,1,1
40,6,2,9517,13.2,3,3,4,2,4,5,46,0,1,26,102,5,15,4,4,0,1,0,0.285714286,1,0,2.0,3172.333333,0.761061947,0,1.885714286,3.75,1.258305739,0,0.333333333,0.714285714,1,3.777777778,1,-1,0,0,0.571428571,1,0,2,0,0,0,0,0,1,0,0,0,0,0,1,0,0,0,0
20,2,1,4052,17.2,1,3,1,3,2,3,31,0,1,12,30,4,14,5,7,0,1,0,0.333333333,1,0,2.0,4052.0,0.005772647,1,5.733333333,2.25,0.957427108,1,0.285714286,1.333333333,0,2.307692308,0,-2,0,0,2.333333333,2,0,2,1,1,0,0,0,0,0,0,0,0,0,0,0,0,0,0
36,1,1,3619,16.7,1,4,2,3,4,2,27,0,0,28,86,1,11,2,7,0,0,0,0.5,0,0,1.0,3619.0,0.030574043,1,8.35,2.75,0.957427108,0,0.090909091,0.5,1,2.965517241,1,2,1,1,3.5,2,0,1,1,1,0,0,0,0,1,0,1,0,0,1,0,0,0,0
44,1,0,5814,14.8,2,2,2,1,5,1,21,0,0,12,42,3,7,4,1,0,0,0,0.0,1,0,0.5,2907.0,0.104795737,1,7.4,2.25,1.892969449,1,0.428571429,1.5,0,3.230769231,0,-2,0,0,0.5,2,0,1,0,0,1,0,0,0,0,0,1,0,0,1,0,0,0,0
35,6,3,9794,11.3,3,5,4,5,4,5,20,0,1,18,86,6,2,4,6,1,1,0,0.428571429,1,0,2.0,3264.666667,0.731361676,0,1.614285714,4.5,0.577350269,0,3.0,0.857142857,0,4.526315789,1,1,1,1,0.857142857,1,0,2,1,1,0,0,0,0,0,1,1,0,0,1,0,0,0,0
38,20,7,18087,15.2,5,2,4,3,4,5,11,0,1,9,28,5,3,3,7,0,1,0,0.333333333,1,1,4.0,3617.4,0.979381443,0,0.723809524,4.0,0.816496581,0,1.666666667,0.238095238,2,2.8,0,-1,0,0,0.333333333,1,0,2,1,0,0,0,1,0,0,0,1,0,0,1,0,0,0,0
41,2,1,7671,15.8,1,5,3,2,1,4,34,0,0,19,93,2,7,2,10,0,0,0,0.333333333,1,0,2.0,7671.0,0.254295533,1,5.266666667,2.5,1.290994449,0,0.285714286,0.666666667,1,4.65,1,3,1,1,3.333333333,3,0,3,0,1,0,0,1,0,0,0,1,0,0,1,0,0,0,0
31,0,0,4010,18.3,1,3,4,3,4,4,29,0,0,25,76,2,12,2,3,0,0,0,0.0,0,0,0.0,4010.0,0.02310536,1,18.3,3.75,0.5,0,0.166666667,2.0,1,2.923076923,1,1,0,1,3.0,2,0,1,1,0,0,0,0,0,0,1,1,0,1,0,0,0,0,0
42,3,1,13077,9.0,3,1,4,1,2,3,58,0,0,24,86,2,2,4,8,0,1,0,0.25,1,0,1.0,4359.0,0.843397153,0,2.25,2.5,1.290994449,0,1.0,0.5,0,3.44,1,-3,0,0,2.0,2,0,3,0,1,0,0,1,0,0,0,1,0,0,1,0,0,0,0
41,1,0,8427,9.9,2,3,2,4,3,3,75,0,0,56,150,4,3,4,4,0,0,0,0.0,1,0,0.5,4213.5,0.35886107,1,4.95,3.0,0.816496581,0,1.333333333,2.0,0,2.631578947,1,-1,0,0,2.0,2,0,2,1,1,0,0,1,0,0,0,1,0,0,1,0,0,0,0
34,10,7,12266,15.7,4,1,3,5,3,4,37,0,1,10,25,2,3,2,5,0,1,0,0.636363636,1,1,2.5,3066.5,0.847468917,0,1.427272727,3.75,0.957427108,0,0.666666667,0.181818182,1,2.272727273,0,-1,0,0,0.454545455,1,0,2,0,1,0,0,0,0,0,0,1,0,1,0,0,0,0,0
18,0,0,8084,16.7,1,3,3,3,2,2,67,0,0,17,77,8,10,4,5,0,0,0,0.0,0,0,0.0,8084.0,0.402531083,1,16.7,2.5,0.577350269,0,0.8,8.0,1,4.277777778,1,-1,0,0,5.0,2,0,3,0,0,1,0,0,0,0,0,1,0,0,0,0,0,0,0
36,10,0,9610,13.6,4,3,1,3,2,5,51,0,0,5,19,2,8,3,6,0,1,0,0.0,1,0,2.5,2402.5,0.717190388,0,1.236363636,2.75,1.707825128,0,0.25,0.181818182,1,3.166666667,0,0,0,0,0.545454545,0,0,1,0,1,0,0,0,0,0,1,1,0,0,1,0,0,0,0
31,3,2,7666,18.1,2,4,5,5,4,4,20,1,1,19,71,4,13,4,12,0,0,0,0.5,1,0,1.5,3833.0,0.451324707,1,4.525,4.5,0.577350269,0,0.307692308,1.0,1,3.55,1,0,1,0,3.0,3,0,2,1,1,0,0,0,0,0,1,1,0,1,0,0,0,1,1
44,0,0,6303,13.7,1,4,5,3,3,4,16,0,1,9,28,3,11,2,4,0,0,0,0.0,0,0,0.0,6303.0,0.281803097,1,13.7,3.75,0.957427108,0,0.272727273,3.0,2,2.8,0,2,1,1,4.0,1,0,3,1,1,0,0,0,1,0,0,1,0,0,1,0,0,0,0
29,11,7,10274,15.6,4,2,3,2,2,3,38,0,0,12,38,10,2,4,5,0,1,0,0.583333333,1,1,2.75,2568.5,0.782193469,0,1.3,2.5,0.577350269,0,5.0,0.833333333,1,2.923076923,0,-2,0,0,0.416666667,1,0,2,1,1,0,0,0,0,0,1,1,0,1,0,0,0,0,0
28,3,0,6736,15.2,1,4,2,2,4,2,22,0,0,16,52,5,7,4,5,0,0,0,0.0,1,0,3.0,6736.0,0.351216814,1,3.8,2.5,1.0,0,0.714285714,1.25,0,3.058823529,0,0,1,0,1.25,1,0,2,1,0,1,0,0,1,0,0,1,0,1,0,0,0,0,0
45,1,1,4734,11.8,1,3,3,2,3,1,0,1,0,14,36,2,11,4,7,0,0,0,0.5,0,0,1.0,4734.0,0.014973,1,5.9,2.25,0.957427108,1,0.181818182,1.0,1,2.4,0,-1,0,0,3.5,2,1,2,1,1,0,0,1,0,0,0,1,0,0,0,1,0,0,0
28,1,1,7638,15.2,2,5,1,5,1,4,55,0,0,11,38,5,12,1,2,0,0,0,0.5,0,0,0.5,3819.0,0.580282862,0,7.6,2.75,2.061552813,0,0.416666667,2.5,0,3.166666667,0,4,1,1,1.0,0,0,2,1,1,0,0,0,0,1,0,0,0,1,0,0,0,0,0
35,2,1,8366,20.6,2,5,4,2,3,3,6,0,1,5,21,2,2,3,2,0,0,0,0.333333333,1,0,1.0,4183.0,0.350515464,1,6.866666667,3.0,0.816496581,0,1.0,0.666666667,0,3.5,0,2,1,1,0.666666667,1,0,1,0,0,1,0,1,0,0,0,1,0,0,1,0,0,0,0
33,15,6,9533,21.3,3,4,4,2,4,1,5,0,0,14,38,7,8,4,6,0,1,0,0.375,1,1,5.0,3177.666667,0.607015986,0,1.33125,2.75,1.5,0,0.875,0.4375,1,2.533333333,0,0,1,0,0.375,1,0,1,0,1,0,0,0,0,0,0,0,0,1,0,0,0,0,0
45,1,0,5473,17.5,1,4,2,3,4,2,15,0,0,13,38,4,4,3,8,0,0,0,0.0,1,0,1.0,5473.0,0.042832597,1,8.75,2.75,0.957427108,0,1.0,2.0,0,2.714285714,0,1,1,1,4.0,2,0,1,0,0,1,0,1,0,0,0,1,0,0,0,1,0,1,0
29,7,1,8279,15.2,4,2,3,3,2,3,33,0,1,1,5,4,9,3,6,0,1,0,0.125,1,0,1.75,2069.75,0.61449115,0,1.9,2.75,0.5,0,0.444444444,0.5,0,2.5,0,-1,0,0,0.75,0,0,1,0,0,1,0,0,1,0,0,0,1,1,0,0,0,0,0
33,2,0,7188,12.7,2,3,2,2,4,3,32,0,1,13,37,2,7,4,6,0,0,0,0.0,1,0,1.0,3594.0,0.507695507,0,4.233333333,2.75,0.957427108,0,0.285714286,0.666666667,1,2.642857143,0,-1,0,0,2.0,0,0,2,0,1,0,0,0,0,1,0,0,0,1,0,0,0,0,0
38,1,1,7728,20.2,2,2,3,4,4,3,19,0,1,10,42,2,5,5,8,0,0,0,0.5,0,0,0.5,3864.0,0.351021314,1,10.1,3.5,0.577350269,0,0.4,1.0,1,3.818181818,0,-3,0,0,4.0,2,0,2,1,1,0,0,0,0,0,0,1,0,0,1,0,0,0,0
45,2,1,5999,6.7,2,2,3,3,4,4,49,0,1,21,44,2,2,3,7,0,0,0,0.333333333,1,0,1.0,2999.5,0.23755531,1,2.233333333,3.5,0.577350269,0,1.0,0.666666667,0,2.0,0,-1,0,0,2.333333333,1,0,2,1,0,1,0,0,1,0,0,0,0,0,0,1,0,0,0
43,4,3,9434,10.3,3,3,3,4,2,3,53,0,1,5,14,3,10,4,2,0,1,0,0.6,1,0,1.333333333,3144.666667,0.59214032,0,2.06,3.0,0.816496581,0,0.3,0.6,0,2.333333333,0,-1,0,0,0.4,0,0,2,1,1,0,0,0,0,0,0,1,0,0,1,0,0,0,0
36,18,13,13366,11.1,4,4,3,4,3,5,38,1,1,2,7,4,9,3,12,1,1,0,0.684210526,1,0,4.5,3341.5,0.940542206,0,0.584210526,3.75,0.957427108,0,0.444444444,0.210526316,0,2.333333333,0,1,1,1,0.631578947,1,0,2,0,0,1,0,0,0,0,1,1,0,0,1,0,0,1,1
43,1,0,8133,21.9,2,3,5,3,3,3,15,1,1,5,20,3,6,2,6,0,0,0,0.0,1,0,0.5,4066.5,0.655574043,0,10.95,3.5,1.0,0,0.5,1.5,0,3.333333333,0,1,0,1,3.0,0,0,2,0,1,0,0,0,0,1,0,1,0,0,1,0,0,1,0
52,4,0,9134,16.5,3,5,1,2,1,4,41,1,1,7,23,1,12,4,9,0,1,1,0.0,1,0,1.333333333,3044.666667,0.657116451,0,3.3,2.0,1.414213562,1,0.083333333,0.2,1,2.875,0,1,1,1,1.8,2,1,2,1,0,0,0,0,0,0,1,1,0,0,0,1,0,1,1
37,6,5,9098,16.8,3,5,2,3,3,2,33,1,0,3,11,3,10,3,6,1,1,0,0.714285714,1,0,2.0,3032.666667,0.652957486,0,2.4,2.5,0.577350269,0,0.3,0.428571429,1,2.75,0,2,1,1,0.857142857,0,0,2,1,1,0,0,0,0,0,1,1,0,0,1,0,0,0,0
29,2,1,9934,15.5,3,4,3,2,4,4,12,1,0,23,73,1,5,3,9,0,1,0,0.333333333,1,0,0.666666667,3311.333333,0.835690516,0,5.166666667,3.25,0.957427108,0,0.2,0.333333333,0,3.041666667,1,1,1,1,3.0,2,0,3,1,0,1,0,0,0,1,0,1,0,1,0,0,0,0,1
36,0,0,9588,3.3,2,2,3,2,4,3,26,0,1,8,30,5,14,3,4,0,0,0,0.0,0,0,0.0,4794.0,0.511291114,0,3.3,3.0,0.816496581,0,0.357142857,5.0,1,3.333333333,0,-1,0,0,4.0,0,0,3,0,1,0,0,1,0,0,0,1,0,0,1,0,0,0,0
32,14,10,11692,13.7,4,3,4,5,2,1,33,0,0,11,35,3,6,4,6,0,1,0,0.666666667,1,1,3.5,2923.0,0.748159057,0,0.913333333,3.0,1.825741858,0,0.5,0.2,1,2.916666667,0,-1,0,0,0.4,1,0,1,1,0,1,0,1,0,0,0,1,0,1,0,0,0,0,0
30,3,2,8134,17.9,3,3,4,5,3,2,30,0,1,26,94,4,12,3,5,0,1,0,0.5,1,0,1.0,2711.333333,0.40874778,1,4.475,3.5,1.290994449,0,0.333333333,1.0,2,3.481481481,1,0,0,0,1.25,2,0,1,0,1,0,0,0,0,0,0,1,0,1,0,0,0,0,0
37,12,10,10974,17.5,4,4,4,4,3,3,62,0,1,19,74,4,12,1,6,0,1,0,0.769230769,1,1,3.0,2743.5,0.837646334,0,1.346153846,3.5,0.577350269,0,0.333333333,0.307692308,1,3.7,1,3,1,1,0.461538462,2,0,2,1,0,1,0,0,0,0,1,1,0,0,1,0,0,0,0
30,5,2,9720,13.7,2,3,2,1,4,2,53,0,1,3,8,1,11,5,3,0,0,0,0.333333333,1,0,2.5,4860.0,0.630994671,0,2.283333333,2.25,1.258305739,1,0.090909091,0.166666667,0,2.0,0,-2,0,0,0.5,1,0,3,0,0,1,0,0,0,0,0,1,0,1,0,0,0,0,0
33,4,4,8889,17.8,3,4,1,4,3,3,56,0,1,13,46,5,13,3,7,0,1,0,0.8,0,1,1.333333333,2963.0,0.796052632,0,3.56,2.75,1.258305739,0,0.384615385,1.0,2,3.285714286,0,1,1,1,1.4,1,0,3,1,0,1,1,0,0,0,0,1,0,1,0,0,0,0,0
34,10,10,13145,15.1,5,3,4,1,4,3,19,0,1,3,11,2,6,1,3,0,1,0,0.909090909,0,1,2.0,2629.0,0.974209651,0,1.372727273,3.0,1.414213562,0,0.333333333,0.181818182,0,2.75,0,2,0,1,0.272727273,1,0,2,0,1,0,0,0,0,1,0,0,1,1,0,0,0,0,0
34,1,1,6735,13.9,2,3,1,3,3,2,23,0,0,22,85,3,7,3,6,0,0,0,0.5,0,0,0.5,3367.5,0.139543446,1,6.95,2.25,0.957427108,1,0.428571429,1.5,2,3.695652174,1,0,0,0,3.0,3,0,2,1,0,1,0,1,0,0,0,1,0,1,0,0,0,0,0
36,12,9,11059,17.0,4,4,4,3,1,3,5,1,1,30,61,9,7,3,5,0,1,0,0.692307692,1,1,3.0,2764.75,0.90765391,0,1.307692308,2.75,1.258305739,0,1.285714286,0.692307692,1,1.967741935,1,1,1,1,0.384615385,2,0,3,0,1,0,0,0,0,1,0,1,0,0,1,0,0,1,1
46,3,3,5815,16.9,2,3,3,3,4,2,43,1,0,10,29,8,13,4,4,0,0,0,0.75,0,0,1.5,2907.5,0.216537611,1,4.225,3.0,0.816496581,0,0.615384615,2.0,1,2.636363636,0,-1,0,0,1.0,1,0,2,1,0,1,0,0,1,0,0,1,0,0,0,1,0,1,0
53,1,0,9457,19.6,2,5,2,2,1,3,14,1,1,44,150,2,6,3,2,0,0,1,0.0,1,0,0.5,4728.5,0.698398028,0,9.8,2.0,0.816496581,1,0.333333333,1.0,2,3.333333333,1,2,1,1,1.0,2,1,3,1,0,1,0,0,0,0,1,1,0,0,0,1,0,1,1
51,5,0,16498,17.1,4,5,4,4,4,3,54,0,0,9,23,4,10,3,8,0,1,1,0.0,1,0,1.25,4124.5,0.977353464,0,2.85,3.75,0.5,0,0.4,0.666666667,2,2.3,0,2,1,1,1.333333333,1,0,4,0,1,0,0,0,0,0,0,1,0,0,0,1,0,0,0
51,17,2,14471,20.5,4,3,1,4,4,3,24,0,1,22,76,4,3,3,4,0,1,1,0.111111111,1,0,4.25,3617.75,0.906234659,0,1.138888889,3.0,1.414213562,0,1.333333333,0.222222222,1,3.304347826,1,0,0,0,0.222222222,1,0,2,0,1,0,0,1,0,0,0,1,0,0,0,1,0,0,0
52,3,0,10206,19.6,2,5,3,2,3,5,29,1,1,44,150,4,3,4,7,0,0,1,0.0,1,0,1.5,5103.0,0.775107825,0,4.9,3.25,1.258305739,0,1.333333333,1.0,1,3.333333333,1,1,1,1,1.75,1,0,3,1,0,1,0,0,0,0,1,1,0,0,0,1,0,1,1
39,1,0,7333,13.1,1,4,3,2,5,2,21,1,0,16,53,2,10,3,7,0,0,0,0.0,1,0,1.0,7333.0,0.21035837,1,6.55,3.0,1.414213562,0,0.2,1.0,0,3.117647059,0,1,1,1,3.5,1,0,2,1,0,1,0,1,0,0,0,0,1,0,1,0,0,0,0
30,6,4,5060,12.7,2,3,5,4,3,3,44,0,0,18,67,3,13,4,11,0,1,0,0.571428571,1,1,3.0,2530.0,0.197368421,1,1.814285714,3.75,0.957427108,0,0.230769231,0.428571429,0,3.526315789,1,-1,0,0,1.571428571,4,0,1,1,0,0,1,0,0,0,0,1,0,1,0,0,0,0,0
23,5,0,5892,11.7,2,3,2,2,1,4,23,0,1,29,95,5,2,2,4,0,0,0,0.0,1,0,2.5,2946.0,0.290349418,1,1.95,2.25,1.258305739,1,2.5,0.833333333,0,3.166666667,1,1,0,1,0.666666667,3,0,2,1,0,1,0,0,0,1,0,1,0,0,0,0,0,0,0
24,2,1,9423,14.5,3,3,4,4,5,2,42,1,1,16,62,5,14,4,7,0,1,0,0.333333333,1,0,0.666666667,3141.0,0.747787611,0,4.833333333,3.75,1.258305739,0,0.357142857,1.666666667,1,3.647058824,1,-1,0,0,2.333333333,1,0,2,0,1,0,0,0,1,0,0,1,0,0,0,0,0,0,0
33,5,4,4190,15.0,1,2,3,3,3,4,38,1,0,7,27,5,10,4,4,0,1,0,0.666666667,1,1,5.0,4190.0,0.058652246,1,2.5,3.25,0.5,0,0.5,0.833333333,2,3.375,0,-2,0,0,0.666666667,2,0,1,1,1,0,0,0,0,1,0,0,0,1,0,0,0,0,1
58,1,1,6315,15.1,1,4,4,3,3,3,42,1,1,5,21,8,9,4,4,0,0,1,0.5,0,0,1.0,6315.0,0.284845133,1,7.55,3.25,0.5,0,0.888888889,4.0,1,3.5,0,0,1,0,2.0,1,0,1,1,0,1,0,0,1,0,0,1,0,0,0,0,1,1,1
42,1,1,8621,13.8,3,3,3,4,3,3,51,1,0,15,55,5,15,3,10,0,1,0,0.5,0,0,0.333333333,2873.666667,0.591343192,0,6.9,3.25,0.5,0,0.333333333,2.5,1,3.4375,0,0,0,0,5.0,1,0,3,0,0,0,0,0,0,0,1,1,0,0,1,0,0,0,1
24,2,2,9134,14.2,1,3,2,4,4,2,20,0,1,4,11,3,6,4,7,0,0,0,0.666666667,0,0,2.0,9134.0,0.719856195,0,4.733333333,3.0,1.154700538,0,0.5,1.0,2,2.2,0,-1,0,0,2.333333333,0,0,4,0,0,0,0,0,1,0,0,0,0,0,0,0,0,0,0
27,8,7,10372,8.5,4,3,3,3,4,3,27,1,1,42,125,3,6,4,5,0,1,0,0.777777778,1,1,2.0,2593.0,0.870216306,0,0.944444444,3.25,0.5,0,0.5,0.333333333,2,2.906976744,1,-1,0,0,0.555555556,2,0,2,0,1,0,0,0,0,1,0,1,0,1,0,0,0,1,1
31,7,0,12797,8.9,4,3,5,4,4,2,57,0,0,14,39,5,4,3,1,0,1,0,0.0,1,0,1.75,3199.25,0.825478645,0,1.1125,3.75,1.258305739,0,1.25,0.625,0,2.6,0,0,0,0,0.125,0,0,1,0,0,1,0,1,0,0,0,1,0,1,0,0,0,0,0
33,2,2,10644,8.2,2,3,3,4,4,3,25,1,1,12,38,1,5,4,8,0,1,0,0.666666667,0,0,1.0,5322.0,0.734458259,0,2.733333333,3.5,0.577350269,0,0.2,0.333333333,0,2.923076923,0,-1,0,0,2.666666667,1,0,4,0,0,1,0,0,0,0,0,1,0,1,0,0,0,1,1
39,8,7,10310,16.9,4,4,4,3,4,3,29,1,1,13,39,3,6,1,7,1,1,0,0.777777778,1,0,2.0,2577.5,0.8984375,0,1.877777778,3.5,0.577350269,0,0.5,0.333333333,1,2.785714286,0,3,1,1,0.777777778,0,0,2,0,0,0,1,0,0,0,0,1,0,0,1,0,0,0,0
38,7,1,9089,18.8,2,3,4,4,3,3,47,0,1,13,32,7,3,4,7,0,1,0,0.125,1,0,3.5,4544.5,0.769550749,0,2.35,3.5,0.577350269,0,2.333333333,0.875,1,2.285714286,0,-1,0,0,0.875,0,0,3,1,0,0,0,0,0,1,0,1,0,0,1,0,0,0,0
60,2,2,6400,19.9,2,5,4,3,3,3,24,0,0,11,42,5,8,4,8,0,0,1,0.666666667,0,0,1.0,3200.0,0.251694393,1,6.633333333,3.25,0.5,0,0.625,1.666666667,2,3.5,0,1,1,1,2.666666667,2,0,2,1,1,0,0,0,0,0,1,1,0,0,0,0,1,0,0
42,6,3,8788,17.9,2,4,3,5,5,1,23,0,1,17,42,5,3,4,7,0,1,0,0.428571429,1,0,3.0,4394.0,0.612754159,0,2.557142857,3.5,1.914854216,0,1.666666667,0.714285714,1,2.333333333,0,0,1,0,1.0,0,0,2,1,0,1,0,0,0,0,1,1,0,0,1,0,0,0,0
40,4,0,7948,14.0,2,3,3,3,4,5,27,1,1,28,82,3,5,2,12,0,1,0,0.0,1,0,2.0,3974.0,0.563606195,0,2.8,3.75,0.957427108,0,0.6,0.6,1,2.827586207,1,1,0,1,2.4,2,0,3,1,0,1,0,0,1,0,0,0,0,0,1,0,0,1,1
38,6,5,12248,13.7,3,5,2,2,3,2,60,1,1,16,29,5,6,2,9,1,1,0,0.714285714,1,0,2.0,4082.666667,0.960526316,0,1.957142857,2.25,0.5,1,0.833333333,0.714285714,0,1.705882353,0,3,1,1,1.285714286,2,1,4,1,0,1,1,0,0,0,0,1,0,0,1,0,0,1,1
33,3,0,7041,11.7,3,3,1,3,5,4,27,0,0,28,47,2,5,3,5,0,1,0,0.0,1,0,1.0,2347.0,0.481697171,1,2.925,3.25,1.707825128,0,0.4,0.5,0,1.620689655,0,0,0,0,1.25,1,0,2,0,1,0,0,0,0,1,0,1,0,1,0,0,0,0,0
40,1,0,9000,18.2,2,5,4,2,3,4,31,1,0,11,30,5,9,2,6,0,1,0,0.0,1,0,0.5,4500.0,0.438389789,1,9.1,3.25,0.957427108,0,0.555555556,2.5,1,2.5,0,3,1,1,3.0,1,0,2,0,1,0,0,1,0,0,0,0,0,0,1,0,0,1,1
29,11,11,13664,17.7,4,4,3,5,3,3,0,0,0,9,32,6,9,4,3,1,1,0,0.916666667,0,0,2.75,3416.0,0.914742451,0,1.475,3.5,1.0,0,0.666666667,0.5,2,3.2,0,0,1,0,0.25,0,0,2,1,0,0,0,0,0,0,0,1,0,1,0,0,0,0,0
33,3,3,5227,16.9,1,3,3,3,1,3,22,0,1,3,10,3,8,2,3,0,0,0,0.75,0,0,3.0,5227.0,0.107362908,1,4.225,2.5,1.0,0,0.375,0.75,2,2.5,0,1,0,1,0.75,1,0,1,1,0,0,0,0,0,0,1,1,0,1,0,0,0,0,0
22,0,0,3686,14.1,1,3,4,1,4,1,45,1,1,15,46,1,2,4,8,0,0,0,0.0,0,0,0.0,3686.0,0.002700049,1,14.1,2.5,1.732050808,0,0.5,1.0,0,2.875,0,-1,0,0,8.0,2,0,1,0,1,0,0,1,0,0,0,1,0,0,0,0,0,0,1
40,16,10,21046,12.5,5,3,4,3,4,5,52,0,1,15,45,3,10,2,7,0,1,0,0.588235294,1,1,3.2,4209.2,0.997790869,0,0.735294118,4.0,0.816496581,0,0.3,0.176470588,2,2.8125,0,1,0,1,0.411764706,1,0,4,1,1,0,0,1,0,0,0,0,1,0,1,0,0,0,0
50,3,2,8003,20.9,2,4,2,3,2,2,28,1,1,17,56,3,5,3,11,0,1,1,0.5,1,0,1.5,4001.5,0.576327434,0,5.225,2.25,0.5,1,0.6,0.75,1,3.111111111,0,1,1,1,2.75,2,1,3,1,0,1,0,0,1,0,0,0,1,0,0,1,0,1,1
38,0,0,3748,15.0,1,4,3,3,3,3,31,0,0,21,81,1,12,5,9,0,0,0,0.0,0,0,0.0,3748.0,0.024336283,1,15.0,3.0,0.0,0,0.083333333,1.0,1,3.681818182,1,-1,1,0,9.0,3,0,1,0,1,0,0,0,1,0,0,0,0,0,1,0,0,0,0
38,2,2,4752,10.4,1,2,3,2,1,3,67,0,1,5,14,1,6,2,9,0,0,0,0.666666667,0,0,2.0,4752.0,0.111480865,1,3.466666667,2.25,0.957427108,1,0.166666667,0.333333333,1,2.333333333,0,0,0,0,3.0,3,0,2,0,1,0,0,0,0,1,0,1,0,0,1,0,0,0,0
44,1,1,10962,19.0,2,3,3,3,3,3,30,0,1,3,7,5,8,3,6,0,0,0,0.5,0,0,0.5,5481.0,0.674275896,0,9.5,3.0,0.0,0,0.625,2.5,1,1.75,0,0,0,0,3.0,0,0,3,0,1,0,0,1,0,0,0,0,0,0,1,0,0,0,0
31,0,0,7046,16.2,2,4,1,3,3,3,44,0,0,9,47,6,8,3,5,0,0,0,0.0,0,0,0.0,3523.0,0.411504425,1,16.2,2.5,1.0,0,0.75,6.0,0,4.7,0,1,1,1,5.0,1,0,2,1,0,1,0,0,1,0,0,1,0,1,0,0,0,0,0
42,0,0,4874,18.4,1,3,3,3,4,2,54,0,1,20,57,5,12,3,7,0,0,0,0.0,0,0,0.0,4874.0,0.12562396,1,18.4,3.0,0.816496581,0,0.416666667,5.0,0,2.714285714,0,0,0,0,7.0,1,0,2,0,0,1,0,0,0,1,0,0,1,0,1,0,0,0,0
26,8,3,6249,12.7,3,1,4,3,4,2,21,0,0,15,52,2,11,4,5,0,1,0,0.333333333,1,0,2.666666667,2083.0,0.342762063,1,1.411111111,3.25,0.957427108,0,0.181818182,0.222222222,1,3.25,0,-3,0,0,0.555555556,1,0,1,1,0,1,0,0,0,1,0,1,0,1,0,0,0,0,0
37,3,0,6327,17.6,1,4,4,3,1,3,37,1,0,8,19,7,5,3,5,0,1,0,0.0,1,0,3.0,6327.0,0.167850799,1,4.4,2.75,1.258305739,0,1.4,1.75,2,2.111111111,0,1,1,1,1.25,1,0,2,0,1,0,0,0,0,0,0,1,0,0,1,0,0,1,1
35,15,6,14949,13.7,4,4,4,4,3,4,1,1,1,6,27,4,4,3,10,0,1,0,0.375,1,1,3.75,3737.25,0.971965496,0,0.85625,3.75,0.5,0,1.0,0.25,2,3.857142857,0,1,1,1,0.625,2,0,3,1,1,0,0,0,0,0,1,1,0,0,1,0,0,1,1
47,0,0,4894,17.7,2,4,3,4,3,2,29,1,0,9,35,5,7,3,6,0,0,0,0.0,0,0,0.0,2447.0,0.128535774,1,17.7,3.0,0.816496581,0,0.714285714,5.0,1,3.5,0,1,1,1,6.0,1,0,1,0,0,1,0,0,0,1,0,1,0,0,0,1,0,0,1
36,5,0,5993,21.4,2,3,3,3,2,4,57,0,0,26,65,4,8,4,6,0,0,0,0.0,1,0,2.5,2996.5,0.308236273,1,3.566666667,3.0,0.816496581,0,0.5,0.666666667,1,2.407407407,1,-1,0,0,1.0,2,0,1,0,1,0,0,0,0,1,0,1,0,0,1,0,0,0,0
41,5,0,12339,16.2,4,4,4,3,2,4,95,1,0,39,103,3,10,3,8,0,1,0,0.0,1,0,1.25,3084.75,0.852131439,0,2.7,3.25,0.957427108,0,0.3,0.5,1,2.575,1,1,1,1,1.333333333,2,0,2,0,1,0,0,0,0,0,0,1,0,0,1,0,0,1,1
46,5,1,5346,13.0,2,1,2,4,4,4,53,0,1,25,101,7,6,3,5,0,1,0,0.166666667,1,0,2.5,2673.0,0.152654867,1,2.166666667,3.5,1.0,0,1.166666667,1.166666667,2,3.884615385,1,-2,0,0,0.833333333,2,0,2,0,1,0,0,0,1,0,0,1,0,0,0,1,0,0,0
40,5,1,9918,11.7,2,4,5,3,2,4,53,1,0,1,5,1,3,3,6,1,0,0,0.166666667,1,0,2.5,4959.0,0.655639432,0,1.95,3.5,1.290994449,0,0.333333333,0.166666667,0,2.5,0,1,1,1,1.0,0,0,2,1,1,0,0,0,0,0,0,1,0,0,1,0,0,0,0
36,8,1,12321,15.7,4,3,4,2,3,2,31,0,0,45,146,1,5,3,2,0,1,0,0.111111111,1,0,2.0,3080.25,0.905113986,0,1.744444444,2.75,0.957427108,0,0.2,0.111111111,1,3.173913043,1,0,0,0,0.222222222,1,0,3,0,0,0,0,0,0,0,1,0,1,0,1,0,0,0,0
33,3,1,8172,16.3,3,3,1,2,3,4,51,0,0,10,29,2,2,2,4,0,1,0,0.25,1,0,1.0,2724.0,0.524337646,0,4.075,2.5,1.290994449,0,1.0,0.5,1,2.636363636,0,1,0,1,1.0,0,0,2,0,0,1,0,0,0,0,1,1,0,1,0,0,0,0,0
18,0,0,7642,15.1,2,4,4,3,3,3,84,0,0,11,33,3,11,5,1,0,0,0,0.0,0,0,0.0,3821.0,0.449168207,1,15.1,3.25,0.5,0,0.272727273,3.0,0,2.75,0,-1,1,0,1.0,1,0,2,1,0,1,0,0,0,0,1,0,1,0,0,0,0,0,0
22,0,0,6107,11.9,1,4,4,3,2,3,8,0,0,9,27,5,15,3,3,0,0,0,0.0,0,0,0.0,6107.0,0.086401571,1,11.9,3.0,0.816496581,0,0.333333333,5.0,2,2.7,0,1,1,1,3.0,1,0,2,1,1,0,0,1,0,0,0,1,0,0,0,0,0,0,0
26,1,0,6296,8.1,2,1,3,2,3,4,29,1,1,8,24,3,8,3,3,0,0,0,0.0,1,0,0.5,3148.0,0.350665557,1,4.05,3.0,0.816496581,0,0.375,1.5,0,2.666666667,0,-2,0,0,1.5,1,0,1,1,0,1,0,0,0,1,0,0,1,1,0,0,0,1,0
41,2,1,6655,13.5,2,3,3,3,3,1,15,0,0,12,40,3,9,4,9,0,0,0,0.333333333,1,0,1.0,3327.5,0.202486679,1,4.5,2.5,1.0,0,0.333333333,1.0,2,3.076923077,0,-1,0,0,3.0,2,0,2,1,0,1,0,0,0,0,0,1,0,0,1,0,0,0,0
45,4,2,4282,13.6,1,3,3,4,5,4,7,0,0,7,16,1,8,3,8,0,0,0,0.4,1,0,4.0,4282.0,0.109375,1,2.72,4.0,0.816496581,0,0.125,0.2,1,2.0,0,0,0,0,1.6,2,0,2,0,1,0,1,0,0,0,0,1,0,0,0,1,0,0,0
19,1,0,3383,10.3,1,2,2,3,3,3,38,0,1,23,73,5,8,3,4,0,0,0,0.0,1,0,1.0,3383.0,0.00831793,1,5.15,2.75,0.5,0,0.625,2.5,0,3.041666667,1,-1,0,0,2.0,2,0,2,0,1,0,0,0,0,0,1,1,0,0,0,0,0,0,0
18,0,0,4163,15.2,1,3,2,1,5,4,40,1,1,29,89,4,9,2,4,0,0,0,0.0,0,0,0.0,4163.0,0.028342575,1,15.2,3.0,1.825741858,0,0.444444444,4.0,0,2.966666667,1,1,0,1,4.0,2,0,1,1,0,1,0,0,0,0,1,1,0,0,0,0,0,1,1
34,2,1,5721,10.0,1,4,3,4,2,4,32,0,1,34,149,3,11,2,5,0,0,0,0.333333333,1,0,2.0,5721.0,0.202710177,1,3.333333333,3.25,0.957427108,0,0.272727273,1.0,0,4.257142857,1,2,1,1,1.666666667,2,0,2,0,1,0,0,0,1,0,0,1,0,1,0,0,0,0,0
18,0,0,7027,15.4,2,3,3,4,3,4,46,0,0,3,7,2,12,2,7,0,1,0,0.0,0,0,0.0,3513.5,0.339340727,1,15.4,3.5,0.577350269,0,0.166666667,2.0,1,1.75,0,1,0,1,7.0,1,0,2,0,1,0,0,0,0,0,1,1,0,0,0,0,0,0,0
33,5,2,10140,19.0,2,4,4,3,1,3,48,0,1,12,56,4,8,3,2,0,0,0,0.333333333,1,0,2.5,5070.0,0.684724689,0,3.166666667,2.75,1.258305739,0,0.5,0.666666667,1,4.307692308,0,1,1,1,0.333333333,0,0,3,1,1,0,0,0,0,0,0,1,0,1,0,0,0,0,0
44,7,7,14536,14.0,4,2,5,3,1,4,37,0,1,19,52,5,8,4,3,0,1,0,0.875,0,1,1.75,3634.0,0.910039273,0,1.75,3.25,1.707825128,0,0.625,0.625,1,2.6,0,-2,0,0,0.375,1,0,3,1,0,0,0,1,0,0,0,1,0,0,1,0,0,0,0
48,1,1,7253,9.8,2,3,2,4,3,3,30,0,1,14,51,3,8,4,7,0,0,0,0.5,0,0,0.5,3626.5,0.517262895,0,4.9,3.0,0.816496581,0,0.375,1.5,0,3.4,0,-1,0,0,3.5,0,0,2,0,1,0,0,0,0,1,0,0,1,0,0,1,0,0,0
36,1,1,11040,15.3,2,3,4,3,4,2,72,0,0,15,43,4,12,4,2,0,0,0,0.5,0,0,0.5,5520.0,0.681762396,0,7.65,3.25,0.957427108,0,0.333333333,2.0,1,2.6875,0,-1,0,0,1.0,0,0,4,0,1,0,0,1,0,0,0,1,0,0,1,0,0,0,0
51,17,3,15908,13.0,5,3,3,2,3,3,45,0,0,28,98,3,11,3,2,0,1,1,0.166666667,1,0,3.4,3181.6,0.996128319,0,0.722222222,2.75,0.5,0,0.272727273,0.166666667,1,3.379310345,1,0,0,0,0.111111111,1,0,3,1,0,1,0,0,1,0,0,0,0,0,0,1,0,0,0
34,12,1,15435,15.3,3,5,3,4,4,5,26,0,1,42,95,1,11,5,7,0,1,0,0.076923077,1,0,4.0,5145.0,0.979667283,0,1.176923077,4.0,0.816496581,0,0.090909091,0.076923077,0,2.209302326,1,0,1,0,0.538461538,1,0,4,1,0,1,0,0,0,0,1,1,0,1,0,0,0,0,0
27,3,2,8928,11.1,2,3,4,3,4,4,13,0,0,13,35,6,12,5,5,0,0,0,0.5,1,0,1.5,4464.0,0.694137168,0,2.775,3.75,0.5,0,0.5,1.5,0,2.5,0,-2,0,0,1.25,0,0,3,0,0,1,0,0,1,0,0,0,0,1,0,0,0,0,0
27,4,4,10908,9.4,3,2,3,3,4,5,20,0,0,14,31,3,4,3,8,0,1,0,0.8,0,1,1.333333333,3636.0,0.668630339,0,1.88,3.75,0.957427108,0,0.75,0.6,0,2.066666667,0,-1,0,0,1.6,2,0,2,1,0,1,0,1,0,0,0,1,0,1,0,0,0,0,0
33,7,5,11209,15.5,2,4,3,4,3,3,40,1,0,11,42,7,9,3,5,0,1,0,0.625,1,1,3.5,5604.5,0.702749141,0,1.9375,3.25,0.5,0,0.777777778,0.875,1,3.5,0,1,1,1,0.625,1,0,3,1,1,0,0,1,0,0,0,1,0,1,0,0,0,1,0
44,3,0,7399,17.7,1,3,4,3,1,4,47,0,0,7,28,5,6,3,10,0,0,0,0.0,1,0,3.0,7399.0,0.220422189,1,4.425,3.0,1.414213562,0,0.833333333,1.25,1,3.5,0,0,0,0,2.5,2,0,2,0,1,0,0,1,0,0,0,1,0,0,1,0,0,0,0
44,4,0,7432,18.6,2,4,3,1,2,3,58,0,0,11,45,2,9,3,4,0,0,0,0.0,1,0,2.0,3716.0,0.547420965,0,3.72,2.25,0.957427108,1,0.222222222,0.4,0,3.75,0,1,1,1,0.8,1,0,2,0,1,0,0,0,0,1,0,1,0,0,1,0,0,0,0
39,12,1,14821,12.8,4,4,4,3,3,4,46,1,1,6,18,4,16,2,8,1,1,0,0.076923077,1,0,3.0,3705.25,0.994592346,0,0.984615385,3.5,0.577350269,0,0.25,0.307692308,1,2.571428571,0,2,1,1,0.615384615,1,0,3,0,0,1,0,0,0,1,0,1,0,0,1,0,0,0,0
28,10,9,12016,16.9,3,5,3,2,4,3,46,1,0,21,60,1,9,4,3,1,1,0,0.818181818,1,0,3.333333333,4005.333333,0.929756637,0,1.536363636,3.0,0.816496581,0,0.111111111,0.090909091,1,2.727272727,0,1,1,1,0.272727273,0,0,3,0,0,1,0,0,1,0,0,1,0,1,0,0,0,0,0
43,4,4,14391,7.4,3,3,4,2,3,4,50,0,0,25,59,5,8,4,6,0,1,0,0.8,0,1,1.333333333,4797.0,0.902552774,0,1.48,3.25,0.957427108,0,0.625,1.0,0,2.269230769,0,-1,0,0,1.2,1,0,4,0,0,1,0,1,0,0,0,1,0,0,1,0,0,0,0
38,7,7,9007,12.8,2,4,3,2,3,3,43,0,0,18,48,6,11,3,0,0,0,0,0.875,0,1,3.5,4503.5,0.439739813,1,1.6,2.75,0.5,0,0.545454545,0.75,1,2.526315789,0,1,1,1,0.0,2,0,2,1,1,0,0,1,0,0,0,1,0,0,1,0,0,0,0
33,10,1,12022,17.7,4,4,3,3,4,2,17,0,0,13,35,6,12,4,4,0,1,0,0.090909091,1,0,2.5,3005.5,0.89340727,0,1.609090909,3.0,0.816496581,0,0.5,0.545454545,2,2.5,0,0,1,0,0.363636364,0,0,2,1,0,0,0,0,0,0,1,1,0,1,0,0,0,0,0
25,2,0,8847,15.8,2,5,4,3,5,4,52,0,1,20,58,4,12,3,6,0,0,0,0.0,1,0,1.0,4423.5,0.515097691,0,5.266666667,4.0,0.816496581,0,0.333333333,1.333333333,0,2.761904762,0,2,1,1,2.0,0,0,3,1,1,0,0,0,0,0,0,1,0,1,0,0,0,0,0
51,5,1,7590,9.2,2,3,5,3,4,4,56,1,0,22,60,4,12,4,9,0,0,1,0.166666667,1,0,2.5,3795.0,0.637746711,0,1.533333333,4.0,0.816496581,0,0.333333333,0.666666667,1,2.608695652,0,-1,0,0,1.5,1,0,2,1,0,1,1,0,0,0,0,1,0,0,0,1,0,1,1
21,3,2,6644,12.9,2,3,3,3,4,3,42,0,0,28,93,1,2,4,10,0,0,0,0.5,1,0,1.5,3322.0,0.334623894,1,3.225,3.25,0.5,0,0.5,0.25,0,3.206896552,1,-1,0,0,2.5,3,0,1,0,0,0,0,0,1,0,0,0,0,0,0,0,0,1,0
26,8,1,6561,11.9,2,3,3,4,3,3,16,1,1,20,70,5,10,3,9,0,1,0,0.111111111,1,0,4.0,3280.5,0.467927632,1,1.322222222,3.25,0.5,0,0.5,0.555555556,0,3.333333333,1,0,0,0,1.0,3,0,1,1,0,1,1,0,0,0,0,1,0,1,0,0,0,1,1
23,0,0,5581,17.0,1,4,2,3,5,3,50,0,0,12,32,5,3,2,3,0,0,0,0.0,0,0,0.0,5581.0,0.146950092,1,17.0,3.25,1.258305739,0,1.666666667,5.0,2,2.461538462,0,2,1,1,3.0,1,0,2,1,0,0,0,0,0,0,1,0,0,0,0,0,0,0,0
34,9,3,10047,13.3,3,2,4,3,2,3,61,1,1,60,150,9,11,3,8,0,1,0,0.3,1,0,3.0,3349.0,0.56921944,0,1.33,3.0,0.816496581,0,0.818181818,0.9,2,2.459016393,1,-1,0,0,0.8,2,0,2,1,1,0,0,1,0,0,0,1,0,1,0,0,0,1,1
30,1,1,2757,15.0,1,2,2,3,4,5,73,0,0,2,7,4,9,3,4,0,1,0,0.5,0,0,1.0,2757.0,0.002464572,1,7.5,3.5,1.290994449,0,0.444444444,2.0,1,2.333333333,0,-1,0,0,2.0,1,0,1,0,0,1,0,0,0,0,1,1,0,1,0,0,0,0,0
35,7,3,10102,8.0,4,1,3,4,2,5,44,0,0,12,40,4,14,3,2,0,1,0,0.375,1,0,1.75,2525.5,0.883223684,0,1.0,3.5,1.290994449,0,0.285714286,0.5,2,3.076923077,0,-2,0,0,0.25,0,0,3,1,0,0,1,0,0,0,0,1,0,0,1,0,0,0,0
29,11,3,13589,16.9,3,4,2,3,4,3,0,1,1,6,11,5,8,4,8,1,1,0,0.25,1,0,3.666666667,4529.666667,0.912522202,0,1.408333333,3.0,0.816496581,0,0.625,0.416666667,0,1.571428571,0,0,1,0,0.666666667,1,0,3,0,1,0,0,0,0,0,0,0,0,1,0,0,0,1,1
39,7,1,8938,12.0,3,3,5,2,2,2,34,0,1,27,71,5,9,4,4,0,1,0,0.125,1,0,2.333333333,2979.333333,0.532637655,0,1.5,2.75,1.5,0,0.555555556,0.625,1,2.535714286,1,-1,0,0,0.5,1,0,2,0,0,0,0,0,0,0,0,1,0,0,1,0,0,0,0
50,2,0,8027,18.3,2,4,3,4,2,1,30,1,1,19,41,4,2,4,5,0,0,1,0.0,1,0,1.0,4013.5,0.638103161,0,6.1,2.5,1.290994449,0,2.0,1.333333333,0,2.05,0,0,1,0,1.666666667,0,0,2,0,0,1,0,0,0,1,0,1,0,0,0,1,0,1,0
43,9,2,10567,17.5,5,3,4,1,4,3,21,0,1,5,15,4,15,5,5,0,1,0,0.2,1,0,1.8,2113.4,0.908717105,0,1.75,3.0,1.414213562,0,0.266666667,0.4,1,2.5,0,-2,0,0,0.5,0,0,2,0,1,0,1,0,0,0,0,0,0,0,1,0,0,0,0
52,4,4,7071,13.8,2,3,3,1,4,3,33,0,0,21,60,2,14,3,5,0,0,1,0.8,0,1,2.0,3535.5,0.17832597,1,2.76,2.75,1.258305739,0,0.142857143,0.4,1,2.727272727,0,0,0,0,1.0,2,0,1,1,0,1,0,1,0,0,0,1,0,0,0,1,0,0,0
30,1,1,5187,18.7,2,3,3,4,3,4,19,0,1,7,13,3,5,3,4,0,0,0,0.5,0,0,0.5,2593.5,0.056616341,1,9.35,3.5,0.577350269,0,0.6,1.5,1,1.625,0,0,0,0,2.0,1,0,1,0,1,0,0,0,0,0,0,1,0,1,0,0,0,0,0
30,8,8,6265,14.1,2,3,4,2,3,4,21,0,1,5,15,4,6,3,5,0,0,0,0.888888889,0,1,4.0,3132.5,0.23120764,1,1.566666667,3.25,0.957427108,0,0.666666667,0.444444444,2,2.5,0,0,0,0,0.555555556,2,0,1,1,0,1,0,0,0,0,1,1,0,1,0,0,0,0,0
48,2,1,7988,18.0,2,3,3,1,1,2,15,0,1,6,19,2,7,5,4,0,0,0,0.333333333,1,0,1.0,3994.0,0.501232286,0,6.0,1.75,0.957427108,1,0.285714286,0.666666667,2,2.714285714,0,-2,0,0,1.333333333,1,0,3,1,0,1,0,0,0,0,1,0,0,0,0,1,0,0,0
35,0,0,6100,13.4,2,3,2,3,3,4,96,0,1,19,97,5,4,2,6,0,0,0,0.0,0,0,0.0,3050.0,0.384868421,1,13.4,3.0,0.816496581,0,1.25,5.0,2,4.85,1,1,0,1,6.0,2,0,3,0,1,0,1,0,0,0,0,0,0,0,1,0,0,0,0
48,10,4,13202,14.0,4,2,2,3,3,2,19,0,0,3,5,7,9,4,11,0,1,0,0.363636364,1,1,2.5,3300.5,0.84891998,0,1.272727273,2.5,0.577350269,0,0.777777778,0.636363636,1,1.25,0,-2,0,0,1.0,2,0,2,1,0,0,0,1,0,0,0,1,0,0,0,1,0,1,0
33,3,0,6204,12.4,2,2,2,2,3,1,33,0,1,7,26,3,12,3,4,0,0,0,0.0,1,0,1.5,3102.0,0.269358407,1,3.1,2.0,0.816496581,1,0.25,0.75,2,3.25,0,-1,0,0,1.0,2,0,2,1,0,0,0,0,1,0,0,1,0,1,0,0,0,0,0
37,10,4,13139,15.9,4,2,3,3,4,5,7,1,1,24,81,4,14,3,3,0,1,0,0.363636364,1,1,2.5,3284.75,0.846097202,0,1.445454545,3.75,0.957427108,0,0.285714286,0.363636364,2,3.24,1,-1,0,0,0.272727273,2,0,2,0,1,0,0,1,0,0,0,1,0,0,1,0,0,1,1
42,7,1,8883,17.8,3,4,3,3,5,3,35,0,1,21,67,3,14,4,4,0,1,0,0.125,1,0,2.333333333,2961.0,0.522424512,0,2.225,3.5,1.0,0,0.214285714,0.375,1,3.045454545,1,0,1,0,0.5,1,0,2,0,1,0,0,0,0,0,0,1,0,0,1,0,0,0,0
34,2,1,6826,10.2,2,3,4,3,2,3,44,0,0,20,55,3,11,4,3,0,1,0,0.333333333,1,0,1.0,3413.0,0.309303758,1,3.4,3.0,0.816496581,0,0.272727273,1.0,1,2.619047619,0,-1,0,0,1.0,1,0,1,1,1,0,0,0,0,0,1,1,0,1,0,0,0,0,0
27,5,3,7212,17.2,2,4,4,3,3,3,44,0,0,18,65,3,10,4,8,1,0,0,0.5,1,0,2.5,3606.0,0.589638158,0,2.866666667,3.25,0.5,0,0.3,0.5,1,3.421052632,1,0,1,0,1.333333333,2,0,3,0,1,0,1,0,0,0,0,1,0,1,0,0,0,0,0
40,0,0,3715,16.6,1,5,4,4,2,3,0,0,0,25,90,6,13,4,1,0,0,0,0.0,0,0,0.0,3715.0,0.021570796,1,16.6,3.25,0.957427108,0,0.461538462,6.0,1,3.461538462,1,1,1,1,1.0,2,0,1,1,1,0,0,0,1,0,0,1,0,0,1,0,0,0,0
32,5,1,5947,15.0,2,3,3,3,1,3,40,0,1,15,49,5,9,3,8,0,0,0,0.166666667,1,0,2.5,2973.5,0.188847813,1,2.5,2.5,1.0,0,0.555555556,0.833333333,1,3.0625,0,0,0,0,1.333333333,2,0,2,0,1,0,0,0,0,0,1,1,0,1,0,0,0,0,0
43,0,0,5459,15.9,1,4,2,3,2,3,36,0,1,7,16,4,13,2,4,0,1,0,0.0,0,0,0.0,5459.0,0.040991654,1,15.9,2.5,0.577350269,0,0.307692308,4.0,1,2.0,0,2,1,1,4.0,1,0,2,1,1,0,0,1,0,0,0,1,0,0,1,0,0,0,0
34,16,10,12739,13.9,5,3,3,3,2,4,48,0,1,14,38,4,2,2,6,0,1,0,0.588235294,1,1,3.2,2547.8,0.972039474,0,0.817647059,3.0,0.816496581,0,2.0,0.235294118,1,2.533333333,0,1,0,1,0.352941176,1,0,2,1,1,0,1,0,0,0,0,0,0,1,0,0,0,0,0
30,0,0,5694,13.0,1,3,1,3,3,4,46,0,0,8,15,6,6,3,4,0,0,0,0.0,0,0,0.0,5694.0,0.255615641,1,13.0,2.75,1.258305739,0,1.0,6.0,0,1.666666667,0,0,0,0,4.0,1,0,2,1,0,0,0,0,0,1,0,1,0,1,0,0,0,0,0
34,15,0,9886,17.3,4,4,1,4,3,3,28,0,0,7,21,1,4,3,7,1,1,0,0.0,1,0,3.75,2471.5,0.739371534,0,1.08125,2.75,1.258305739,0,0.25,0.0625,2,2.625,0,1,1,1,0.4375,0,0,1,1,0,1,0,0,0,0,1,1,0,1,0,0,0,0,0
42,9,7,11037,13.8,3,3,4,2,4,2,38,0,1,10,28,3,12,3,7,0,1,0,0.7,1,1,3.0,3679.0,0.680903289,0,1.38,3.0,1.154700538,0,0.25,0.3,1,2.545454545,0,0,0,0,0.7,1,0,2,1,0,0,0,1,0,0,0,1,0,0,1,0,0,0,0
31,11,5,14119,13.2,4,2,3,4,3,4,14,1,0,11,31,2,16,4,9,0,1,0,0.416666667,1,1,2.75,3529.75,0.931172291,0,1.1,3.5,0.577350269,0,0.125,0.166666667,1,2.583333333,0,-2,0,0,0.75,2,0,3,0,0,1,0,0,0,0,0,0,0,1,0,0,0,1,1
42,7,2,9190,16.1,2,4,4,4,3,4,26,0,0,58,123,5,13,4,2,1,1,0,0.25,1,0,3.5,4595.0,0.463181149,1,2.0125,3.75,0.5,0,0.384615385,0.625,0,2.084745763,1,0,1,0,0.25,2,0,2,1,1,0,0,1,0,0,0,0,1,0,1,0,0,0,0
42,10,5,10153,16.6,3,2,4,3,4,4,47,0,1,34,110,2,2,2,2,0,1,0,0.454545455,1,1,3.333333333,3384.333333,0.582106038,0,1.509090909,3.75,0.5,0,1.0,0.181818182,0,3.142857143,1,0,0,0,0.181818182,2,0,2,1,0,1,0,1,0,0,0,1,0,0,1,0,0,0,0
55,0,0,2899,17.6,1,3,2,3,4,2,30,1,0,15,55,5,4,4,7,0,1,1,0.0,0,0,0.0,2899.0,0.008319468,1,17.6,2.75,0.957427108,0,1.25,5.0,1,3.4375,0,-1,0,0,7.0,1,0,2,1,1,0,0,0,0,1,0,1,0,0,0,0,1,0,1
41,0,0,7162,14.8,1,3,5,3,3,3,48,0,0,13,49,3,11,4,5,0,0,0,0.0,0,0,0.0,7162.0,0.192071674,1,14.8,3.5,1.0,0,0.272727273,3.0,2,3.5,0,-1,0,0,5.0,1,0,2,1,1,0,0,1,0,0,0,1,0,0,1,0,0,0,0
43,0,0,7850,16.2,2,4,4,3,3,1,46,0,0,19,35,4,2,2,4,0,0,0,0.0,0,0,0.0,3925.0,0.276386843,1,16.2,2.75,1.258305739,0,2.0,4.0,1,1.75,0,2,1,1,4.0,1,0,2,1,0,1,0,1,0,0,0,1,0,0,1,0,0,0,0
37,1,0,8770,15.6,3,3,3,5,4,4,17,0,0,2,6,2,12,2,5,0,1,0,0.0,1,0,0.333333333,2923.333333,0.406111929,1,7.8,4.0,0.816496581,0,0.166666667,1.0,0,2.0,0,1,0,1,2.5,1,0,1,0,0,1,0,1,0,0,0,1,0,0,1,0,0,0,0
23,1,1,3990,9.4,1,4,3,2,3,4,2,0,1,19,52,4,6,2,6,0,1,0,0.5,0,0,1.0,3990.0,0.003927344,1,4.7,3.0,0.816496581,0,0.666666667,2.0,1,2.6,0,2,1,1,3.0,1,0,1,1,0,1,0,1,0,0,0,1,0,0,0,0,0,0,0
37,14,6,11646,18.2,4,4,4,3,4,5,74,0,1,7,9,5,11,4,2,0,1,0,0.4,1,1,3.5,2911.5,0.743986254,0,1.213333333,4.0,0.816496581,0,0.454545455,0.333333333,0,1.125,0,0,1,0,0.133333333,1,0,1,1,1,0,0,1,0,0,0,1,0,0,1,0,0,0,0
43,6,6,5554,14.0,1,4,2,5,3,1,27,0,0,8,26,3,6,2,6,0,1,0,0.857142857,0,1,6.0,5554.0,0.232529118,1,2.0,2.75,1.707825128,0,0.5,0.428571429,1,2.888888889,0,2,1,1,0.857142857,2,0,2,1,0,0,0,0,0,1,0,1,0,0,1,0,0,0,0
49,6,4,8997,5.0,2,4,2,2,3,4,0,0,1,25,50,7,8,2,5,0,0,0,0.571428571,1,1,3.0,4498.5,0.437530682,1,0.714285714,2.75,0.957427108,0,0.875,1.0,0,1.923076923,0,2,1,1,0.714285714,2,0,2,1,1,0,0,1,0,0,0,1,0,0,0,1,0,0,0
43,1,1,4181,7.1,1,3,3,3,2,5,34,1,1,3,9,4,4,4,10,0,0,0,0.5,0,0,1.0,4181.0,0.006381934,1,3.55,3.25,1.258305739,0,1.0,2.0,1,2.25,0,-1,0,0,5.0,2,0,1,1,1,0,0,1,0,0,0,1,0,0,1,0,0,1,1
38,1,0,4596,14.5,1,3,5,3,3,2,49,1,0,12,34,2,5,5,11,0,0,0,0.0,1,0,1.0,4596.0,0.053604436,1,7.25,3.25,1.258305739,0,0.4,1.0,1,2.615384615,0,-2,0,0,5.5,2,0,2,0,0,0,0,0,0,0,1,1,0,0,1,0,0,1,1
33,1,0,6599,12.4,3,4,4,2,5,3,27,0,1,2,6,3,2,3,9,0,1,0,0.0,1,0,0.333333333,2199.666667,0.473684211,1,6.2,3.5,1.290994449,0,1.5,1.5,1,2.0,0,1,1,1,4.5,2,0,2,1,0,1,1,0,0,0,0,1,0,1,0,0,0,0,0
25,1,0,6136,15.7,2,3,4,4,3,4,74,0,1,16,47,9,7,4,5,0,0,0,0.0,1,0,0.5,3068.0,0.087874325,1,7.85,3.75,0.5,0,1.285714286,4.5,0,2.764705882,0,-1,0,0,2.5,1,0,1,1,1,0,0,1,0,0,0,1,0,1,0,0,0,0,0
47,2,2,13494,18.1,3,3,3,3,2,4,22,0,1,7,15,7,10,4,5,0,1,0,0.666666667,0,0,0.666666667,4498.0,0.864506627,0,6.033333333,3.0,0.816496581,0,0.7,2.333333333,2,1.875,0,-1,0,0,1.666666667,0,0,3,0,1,0,0,1,0,0,0,1,0,0,0,1,0,0,0
47,4,3,9093,15.9,2,4,2,3,4,2,34,1,1,15,55,4,11,4,7,0,0,0,0.6,1,0,2.0,4546.5,0.651571165,0,3.18,2.75,0.957427108,0,0.363636364,0.8,1,3.4375,0,0,1,0,1.4,0,0,3,1,1,0,0,0,0,0,1,1,0,0,0,1,0,1,0
48,14,9,12842,16.3,4,4,4,4,4,3,31,0,0,19,64,10,10,4,6,0,1,0,0.6,1,1,3.5,3210.5,0.880550622,0,1.086666667,3.75,0.5,0,1.0,0.666666667,1,3.2,1,0,1,0,0.4,2,0,2,0,0,1,0,0,0,0,0,1,0,0,0,1,0,0,0
25,0,0,5843,12.5,1,3,3,4,1,4,33,0,1,6,18,5,12,5,5,0,0,0,0.0,0,0,0.0,5843.0,0.28202995,1,12.5,3.0,1.414213562,0,0.416666667,5.0,0,2.571428571,0,-2,0,0,5.0,1,0,4,1,0,0,0,0,0,1,0,0,0,1,0,0,0,0,0
33,1,1,6469,11.0,2,3,1,2,3,4,17,0,0,13,51,2,9,4,6,0,0,0,0.5,0,0,0.5,3234.5,0.307522124,1,5.5,2.5,1.290994449,0,0.222222222,1.0,1,3.642857143,0,-1,0,0,3.0,1,0,1,1,1,0,0,0,1,0,0,1,0,1,0,0,0,0,0
39,1,0,7499,10.2,3,5,3,1,4,4,32,1,0,24,60,7,5,1,5,0,1,0,0.0,1,0,0.333333333,2499.666667,0.55906822,0,5.1,3.0,1.414213562,0,1.4,3.5,1,2.4,0,4,1,1,2.5,0,0,2,0,0,1,0,0,0,1,0,0,1,0,1,0,0,0,1
25,4,0,6786,13.3,2,3,2,3,3,3,38,1,1,20,48,2,18,3,13,0,0,0,0.0,1,0,2.0,3393.0,0.431156406,1,2.66,2.75,0.5,0,0.111111111,0.4,0,2.285714286,0,0,0,0,2.6,2,0,1,1,1,0,0,0,0,1,0,0,1,1,0,0,0,1,1
28,10,5,14062,21.2,5,5,4,3,2,3,47,1,1,5,14,7,10,3,12,0,1,0,0.454545455,1,1,2.0,2812.4,0.956869994,0,1.927272727,3.0,0.816496581,0,0.7,0.636363636,1,2.333333333,0,2,1,1,1.090909091,2,0,2,1,0,1,0,0,0,0,1,1,0,1,0,0,0,1,1
43,6,6,10625,12.2,2,3,2,2,3,4,52,1,0,9,28,1,11,3,10,0,0,0,0.857142857,0,1,3.0,5312.5,0.640279823,0,1.742857143,2.75,0.957427108,0,0.090909091,0.142857143,1,2.8,0,0,0,0,1.428571429,2,0,2,1,0,1,0,1,0,0,0,1,0,0,1,0,0,1,1
29,6,6,6135,10.4,2,1,4,5,4,4,43,1,1,12,57,4,13,4,7,0,0,0,0.857142857,0,1,3.0,3067.5,0.142539964,1,1.485714286,4.25,0.5,0,0.307692308,0.571428571,1,4.384615385,0,-3,0,0,1.0,2,0,1,0,0,1,0,0,0,0,0,1,0,1,0,0,0,0,0
26,6,0,8660,13.9,2,3,3,2,2,2,0,0,1,9,20,2,13,4,2,0,1,0,0.0,1,0,3.0,4330.0,0.390034364,1,1.985714286,2.25,0.5,1,0.153846154,0.285714286,1,2.0,0,-1,0,0,0.285714286,2,0,2,1,1,0,0,1,0,0,0,1,0,1,0,0,0,0,0
37,7,4,10883,16.3,3,4,3,5,2,3,62,1,0,16,52,2,12,3,7,1,1,0,0.5,1,0,2.333333333,3627.666667,0.754884547,0,2.0375,3.25,1.258305739,0,0.166666667,0.25,1,3.058823529,0,1,1,1,0.875,0,0,1,1,1,0,0,0,0,0,0,0,0,0,1,0,0,0,0
24,6,5,12801,17.6,4,3,2,4,3,3,4,0,1,7,14,6,2,4,5,0,1,0,0.714285714,1,1,1.5,3200.25,0.955199115,0,2.514285714,3.0,0.816496581,0,3.0,0.857142857,0,1.75,0,-1,0,0,0.714285714,1,0,3,1,0,1,0,0,1,0,0,1,0,0,0,0,0,0,0
29,0,0,4898,13.2,1,3,4,3,4,2,59,1,0,8,17,7,7,3,9,0,0,0,0.0,0,0,0.0,4898.0,0.074399261,1,13.2,3.25,0.957427108,0,1.0,7.0,1,1.888888889,0,0,0,0,9.0,2,0,2,0,0,1,0,0,0,0,1,1,0,1,0,0,0,1,1
25,7,7,5735,18.7,2,2,5,3,4,2,33,1,1,16,73,6,5,4,8,0,0,0,0.875,0,1,3.5,2867.5,0.317434211,1,2.3375,3.5,1.290994449,0,1.2,0.75,0,4.294117647,1,-2,0,0,1.0,4,0,2,0,1,0,1,0,0,0,0,0,0,1,0,0,0,1,1
42,2,2,7007,12.9,2,3,2,4,4,4,51,0,0,10,41,5,10,3,7,0,0,0,0.666666667,0,0,1.0,3503.5,0.40210177,1,4.3,3.5,1.0,0,0.5,1.666666667,0,3.727272727,0,0,0,0,2.333333333,1,0,2,0,0,1,0,0,1,0,0,1,0,0,1,0,0,0,0
35,4,1,9692,7.9,3,3,5,2,4,3,19,0,0,10,36,4,13,5,5,0,1,0,0.2,1,0,1.333333333,3230.666667,0.722427603,0,1.58,3.5,1.290994449,0,0.307692308,0.8,0,3.272727273,0,-2,0,0,1.0,0,0,2,0,1,0,0,0,0,0,1,1,0,0,1,0,0,0,0
50,1,1,7008,13.8,1,3,3,4,3,4,65,1,1,38,101,1,5,3,4,0,1,1,0.5,0,0,1.0,7008.0,0.170225822,1,6.9,3.5,0.577350269,0,0.2,0.5,1,2.58974359,1,0,0,0,2.0,2,0,3,1,1,0,0,1,0,0,0,1,0,0,0,1,0,0,0
47,14,14,16873,15.5,5,2,2,2,3,2,59,0,1,14,56,2,9,3,5,0,1,0,0.933333333,0,1,2.8,3374.6,0.963426608,0,1.033333333,2.25,0.5,1,0.222222222,0.133333333,1,3.733333333,0,-1,0,0,0.333333333,2,0,2,0,1,0,0,1,0,0,0,1,0,0,0,1,0,0,0
42,6,5,8067,15.9,2,4,4,5,3,4,18,1,1,5,19,5,6,3,8,0,0,0,0.714285714,1,1,3.0,4033.5,0.307314678,1,2.271428571,4.0,0.816496581,0,0.833333333,0.714285714,0,3.166666667,0,1,1,1,1.142857143,3,0,2,1,0,1,0,1,0,0,0,1,0,0,1,0,0,1,0
34,5,2,9065,13.6,2,3,3,3,3,2,32,0,0,16,68,3,2,4,3,0,0,0,0.333333333,1,0,2.5,4532.5,0.647720271,0,2.266666667,2.75,0.5,0,1.5,0.5,1,4.0,1,-1,0,0,0.5,1,0,3,1,0,0,0,0,0,0,1,1,0,1,0,0,0,0,0
42,7,0,6304,14.8,3,3,2,5,4,1,41,0,0,1,5,1,4,4,3,0,1,0,0.0,1,0,2.333333333,2101.333333,0.239217498,1,1.85,3.0,1.825741858,0,0.25,0.125,0,2.5,0,-1,0,0,0.375,1,0,1,1,1,0,0,0,0,0,1,0,1,0,1,0,0,0,0
35,3,1,7700,19.1,2,4,5,2,3,5,46,0,0,11,55,4,4,2,7,0,1,0,0.25,1,0,1.5,3850.0,0.344804618,1,4.775,3.75,1.5,0,1.0,1.0,1,4.583333333,0,2,1,1,1.75,1,0,2,1,1,0,0,0,0,0,0,0,1,0,1,0,0,0,0
24,2,2,3991,14.9,1,3,5,2,2,4,40,1,1,28,115,7,13,2,10,0,0,0,0.666666667,0,0,2.0,3991.0,0.081414474,1,4.966666667,3.25,1.5,0,0.538461538,2.333333333,2,3.965517241,1,1,0,1,3.333333333,3,0,2,1,0,0,1,0,0,0,0,1,0,0,0,0,0,1,1
33,0,0,5373,13.5,2,3,2,3,4,4,0,1,1,12,29,4,8,3,7,0,0,0,0.0,0,0,0.0,2686.5,0.125539125,1,13.5,3.25,0.957427108,0,0.5,4.0,1,2.230769231,0,0,0,0,7.0,1,0,2,1,0,1,0,0,0,0,1,1,0,1,0,0,0,1,0
44,6,3,10379,13.1,3,3,4,4,3,4,62,1,1,7,23,3,4,4,8,0,1,0,0.428571429,1,0,2.0,3459.666667,0.609106529,0,1.871428571,3.75,0.5,0,0.75,0.428571429,1,2.875,0,-1,0,0,1.142857143,1,0,2,1,1,0,0,1,0,0,0,1,0,0,1,0,0,1,1
41,7,0,10034,18.3,2,3,5,2,4,2,49,1,0,12,28,4,9,4,14,0,0,0,0.0,1,0,3.5,5017.0,0.567869416,0,2.2875,3.25,1.5,0,0.444444444,0.5,1,2.153846154,0,-1,0,0,1.75,1,0,2,1,1,0,0,1,0,0,0,1,0,0,1,0,0,1,1
45,17,9,12459,19.7,4,3,4,3,5,3,30,1,0,43,150,3,8,3,11,0,1,0,0.5,1,1,4.25,3114.75,0.956322795,0,1.094444444,3.75,0.957427108,0,0.375,0.166666667,2,3.409090909,1,0,0,0,0.611111111,3,0,2,0,0,1,0,0,0,1,0,0,0,0,0,1,0,1,1
30,3,3,8547,18.0,2,3,4,3,3,3,38,0,0,7,27,6,15,4,5,0,0,0,0.75,0,0,1.5,4273.5,0.709650582,0,4.5,3.25,0.5,0,0.4,1.5,1,3.375,0,-1,0,0,1.25,0,0,3,0,0,1,0,0,0,1,0,0,1,1,0,0,0,0,0
26,1,0,9724,14.8,3,4,2,2,3,1,27,0,0,9,23,6,8,4,7,0,1,0,0.0,1,0,0.333333333,3241.333333,0.631438721,0,7.4,2.0,0.816496581,1,0.75,3.0,1,2.3,0,0,1,0,3.5,1,0,2,1,1,0,0,0,0,0,0,0,1,1,0,0,0,0,0
47,4,4,7819,19.1,2,4,2,4,3,4,22,0,0,9,29,2,6,4,5,0,0,0,0.8,0,1,2.0,3909.5,0.364120782,1,3.82,3.25,0.957427108,0,0.333333333,0.4,1,2.9,0,0,1,0,1.0,2,0,2,1,0,1,0,0,0,0,0,1,0,0,0,1,0,0,0
18,0,0,7083,6.3,2,2,3,3,3,1,35,0,0,3,15,1,8,4,4,0,0,0,0.0,0,0,0.0,3541.5,0.180166912,1,6.3,2.5,1.0,0,0.125,1.0,1,3.75,0,-2,0,0,4.0,1,0,2,0,1,0,0,1,0,0,0,1,0,0,0,0,0,0,0
38,6,5,6830,16.8,2,3,3,3,3,5,23,0,1,29,72,3,15,3,1,0,0,0,0.714285714,1,1,3.0,3415.0,0.368362832,1,2.4,3.5,1.0,0,0.2,0.428571429,1,2.4,1,0,0,0,0.142857143,3,0,1,0,0,0,0,0,1,0,0,1,0,0,1,0,0,0,0
30,9,4,8501,18.8,2,3,1,3,1,3,30,1,0,28,101,1,13,3,4,0,1,0,0.4,1,1,4.5,4250.5,0.757401316,0,1.88,2.0,1.154700538,1,0.076923077,0.1,1,3.482758621,1,0,0,0,0.4,3,1,2,1,1,0,1,0,0,0,0,1,0,1,0,0,0,0,0
38,5,4,8337,17.9,1,4,3,3,4,4,19,1,0,20,76,4,2,3,2,1,0,0,0.666666667,1,0,5.0,8337.0,0.439165187,1,2.983333333,3.5,0.577350269,0,2.0,0.666666667,0,3.619047619,1,1,1,1,0.333333333,2,0,2,0,0,1,0,0,0,0,0,1,0,0,1,0,0,0,0
26,2,0,7767,9.3,4,2,2,2,3,2,14,0,0,15,43,1,6,3,2,0,1,0,0.0,1,0,0.5,1941.75,0.598169717,0,3.1,2.25,0.5,1,0.166666667,0.333333333,0,2.6875,0,-1,0,0,0.666666667,1,0,2,1,1,0,0,0,0,1,0,1,0,1,0,0,0,0,0
32,11,8,16658,13.2,5,3,2,2,1,3,27,0,1,15,38,6,6,4,8,0,1,0,0.666666667,1,1,2.2,3331.6,0.960726559,0,1.1,2.0,0.816496581,1,1.0,0.5,1,2.375,0,-1,0,0,0.666666667,3,0,3,0,1,0,0,1,0,0,0,0,1,1,0,0,0,0,0
28,5,4,12198,10.6,2,3,1,5,2,5,48,1,1,19,47,5,8,3,8,0,0,0,0.666666667,1,1,2.5,6099.0,0.78718704,0,1.766666667,3.25,2.061552813,0,0.625,0.833333333,1,2.35,0,0,0,0,1.333333333,2,0,3,0,1,0,0,1,0,0,0,1,0,1,0,0,0,1,1
27,0,0,3855,15.6,2,3,3,4,1,4,14,1,1,10,31,4,8,4,10,0,1,0,0.0,0,0,0.0,1927.5,0.070723684,1,15.6,3.0,1.414213562,0,0.5,4.0,2,2.818181818,0,-1,0,0,10.0,2,0,1,1,1,0,1,0,0,0,0,1,0,1,0,0,0,1,1
37,1,0,6767,14.4,1,3,2,1,1,4,39,0,1,32,86,2,11,1,8,0,0,0,0.0,1,0,1.0,6767.0,0.215364121,1,7.2,2.0,1.414213562,1,0.181818182,1.0,2,2.606060606,1,2,0,1,4.0,4,0,1,0,1,0,0,0,0,0,0,1,0,0,1,0,0,0,1
29,9,5,6456,11.7,1,3,5,3,5,3,53,1,0,13,42,1,7,1,9,0,0,0,0.5,1,1,9.0,6456.0,0.26155268,1,1.17,4.0,1.154700538,0,0.142857143,0.1,2,3.0,0,2,0,1,0.9,3,0,2,0,0,1,0,0,0,0,1,0,0,1,0,0,0,1,1
46,22,10,12890,14.9,5,3,5,2,4,2,79,0,0,5,16,5,5,3,6,0,1,0,0.434782609,1,1,4.4,2578.0,0.968801997,0,0.647826087,3.25,1.5,0,1.0,0.217391304,1,2.666666667,0,0,0,0,0.260869565,1,0,1,0,0,0,0,0,0,1,0,1,0,0,0,1,0,0,0
35,7,1,11085,16.3,3,4,3,3,4,4,43,1,0,26,70,2,2,1,13,0,1,0,0.125,1,0,2.333333333,3695.0,0.689248895,0,2.0375,3.5,0.577350269,0,1.0,0.25,1,2.592592593,1,3,1,1,1.625,2,0,1,1,1,0,0,1,0,0,0,1,0,0,1,0,0,1,1
34,10,7,9267,14.3,3,3,2,4,4,4,12,0,1,15,62,4,2,3,7,0,1,0,0.636363636,1,1,3.333333333,3089.0,0.568383659,0,1.3,3.5,1.0,0,2.0,0.363636364,1,3.875,1,0,0,0,0.636363636,2,0,1,0,1,0,0,0,0,0,0,1,0,1,0,0,0,0,0
32,5,5,9864,11.9,2,2,3,1,3,3,41,1,0,7,19,6,9,4,9,0,0,0,0.833333333,0,1,2.5,4932.0,0.547373589,0,1.983333333,2.5,1.0,0,0.666666667,1.0,0,2.375,0,-2,0,0,1.5,2,0,3,0,1,0,0,1,0,0,0,1,0,1,0,0,0,1,1
42,2,2,10530,18.6,3,3,3,4,4,5,8,1,1,12,33,5,9,3,9,0,1,0,0.666666667,0,0,0.666666667,3510.0,0.72491119,0,6.2,4.0,0.816496581,0,0.555555556,1.666666667,1,2.538461538,0,0,0,0,3.0,1,0,3,1,1,0,0,0,0,0,0,1,0,0,1,0,0,1,1
34,1,0,7712,18.0,2,3,3,4,5,2,37,0,0,6,22,4,3,4,8,0,0,0,0.0,1,0,0.5,3856.0,0.345914742,1,9.0,3.5,1.290994449,0,1.333333333,2.0,0,3.142857143,0,-1,0,0,4.0,2,0,2,1,0,0,0,0,0,0,0,1,0,1,0,0,0,0,0
51,3,3,9231,16.2,3,3,3,3,1,5,11,0,0,7,15,2,6,3,3,0,1,1,0.75,0,0,1.0,3077.0,0.670209489,0,4.05,3.0,1.632993162,0,0.333333333,0.5,1,1.875,0,0,0,0,0.75,0,0,3,1,0,1,0,0,0,0,1,1,0,0,0,1,0,0,0
49,3,1,6968,14.9,2,3,5,5,4,4,27,1,0,7,13,4,2,5,6,0,1,0,0.25,1,0,1.5,3484.0,0.166421208,1,3.725,4.5,0.577350269,0,2.0,1.0,1,1.625,0,-2,0,0,1.5,1,0,2,0,1,0,0,1,0,0,0,1,0,0,0,1,0,1,0
46,6,4,9241,13.8,3,4,2,2,5,4,28,1,1,21,69,6,16,1,7,1,1,0,0.571428571,1,0,2.0,3080.333333,0.67159581,0,1.971428571,3.25,1.5,0,0.375,0.857142857,2,3.136363636,1,3,1,1,1.0,1,0,3,1,0,1,0,0,0,0,1,1,0,0,0,1,0,1,1
34,3,1,8202,10.7,2,2,5,5,3,3,64,0,0,7,23,1,5,1,4,0,1,0,0.25,1,0,1.5,4101.0,0.602323009,0,2.675,4.0,1.154700538,0,0.2,0.25,0,2.875,0,1,0,1,1.0,0,0,3,1,1,0,0,0,1,0,0,1,0,1,0,0,0,0,0
31,0,0,5618,15.8,1,3,3,5,3,2,54,0,1,12,33,5,14,3,5,0,0,0,0.0,0,0,0.0,5618.0,0.086589698,1,15.8,3.25,1.258305739,0,0.357142857,5.0,1,2.538461538,0,0,0,0,5.0,1,0,2,0,1,0,0,0,0,0,0,1,0,1,0,0,0,0,0
42,1,0,5778,16.4,1,5,3,4,4,3,27,1,1,5,11,5,6,4,4,0,0,0,0.0,1,0,1.0,5778.0,0.210730088,1,8.2,3.5,0.577350269,0,0.833333333,2.5,1,1.833333333,0,1,1,1,2.0,1,0,3,1,1,0,0,0,1,0,0,1,0,0,1,0,0,1,1
27,9,8,9203,10.9,4,4,3,3,1,2,29,1,1,20,28,5,6,4,6,0,1,0,0.8,1,1,2.25,2300.75,0.821546053,0,1.09,2.25,0.957427108,1,0.833333333,0.5,1,1.333333333,0,0,1,0,0.6,2,1,1,0,0,1,1,0,0,0,0,1,0,1,0,0,0,1,1
39,11,10,9507,9.5,2,3,2,1,3,5,14,1,0,25,67,5,6,3,10,0,0,0,0.833333333,1,1,5.5,4753.5,0.844572368,0,0.791666667,2.75,1.707825128,0,0.833333333,0.416666667,2,2.576923077,1,0,0,0,0.833333333,3,0,3,0,1,0,1,0,0,0,0,1,0,0,1,0,0,1,1
39,7,6,11261,7.8,4,3,2,2,3,4,35,0,0,31,85,1,13,3,5,0,1,0,0.75,1,1,1.75,2815.25,0.89380531,0,0.975,2.75,0.957427108,0,0.076923077,0.125,0,2.65625,1,0,0,0,0.625,2,0,2,0,1,0,0,0,1,0,0,0,0,0,1,0,0,0,0
36,3,2,5384,11.3,1,1,1,2,5,3,27,0,0,3,11,3,4,4,2,0,0,0,0.5,1,0,3.0,5384.0,0.127233518,1,2.825,2.75,1.707825128,0,0.75,0.75,1,2.75,0,-3,0,0,0.5,1,0,2,1,1,0,0,0,0,0,1,1,0,0,1,0,0,0,0
31,5,3,9807,16.2,3,3,4,3,5,3,45,0,1,23,69,3,13,5,2,0,1,0,0.5,1,0,1.666666667,3269.0,0.642095915,0,2.7,3.75,0.957427108,0,0.230769231,0.5,1,2.875,1,-2,0,0,0.333333333,1,0,2,1,1,0,0,0,0,0,0,0,1,1,0,0,0,0,0
39,3,3,5197,11.7,1,2,3,5,2,3,5,0,0,9,30,4,3,3,9,0,0,0,0.75,0,0,3.0,5197.0,0.02982327,1,2.925,3.25,1.258305739,0,1.333333333,1.0,1,3.0,0,-1,0,0,2.25,2,0,2,1,0,0,0,1,0,0,0,1,0,0,1,0,0,0,0
41,6,0,4560,9.2,1,3,3,2,4,3,42,0,0,8,31,5,9,5,5,0,0,0,0.0,1,0,6.0,4560.0,0.090682196,1,1.314285714,3.0,0.816496581,0,0.555555556,0.714285714,1,3.444444444,0,-2,0,0,0.714285714,1,0,2,0,0,1,0,0,0,1,0,1,0,0,1,0,0,0,0
40,3,2,9451,12.2,2,4,4,2,4,4,67,1,1,21,75,4,12,1,8,0,1,0,0.5,1,0,1.5,4725.5,0.492268041,1,3.05,3.5,1.0,0,0.333333333,1.0,1,3.409090909,1,3,1,1,2.0,3,0,2,1,1,0,0,1,0,0,0,1,0,0,1,0,0,1,1
32,8,6,12859,12.0,4,2,3,3,3,4,58,0,0,15,41,2,6,2,4,0,1,0,0.666666667,1,1,2.0,3214.75,0.95630531,0,1.333333333,3.25,0.5,0,0.333333333,0.222222222,1,2.5625,0,0,0,0,0.444444444,1,0,3,1,1,0,0,0,1,0,0,1,0,1,0,0,0,0,0
35,1,1,7559,12.2,3,4,2,1,3,4,54,0,1,20,64,5,3,4,6,0,1,0,0.5,0,0,0.333333333,2519.666667,0.435613062,1,6.1,2.5,1.290994449,0,1.666666667,2.5,0,3.047619048,1,0,1,0,3.0,2,0,2,1,1,0,0,0,0,0,1,1,0,0,1,0,0,0,0
21,1,0,6119,20.1,2,4,3,2,4,4,32,0,0,33,123,7,13,1,5,0,0,0,0.0,1,0,0.5,3059.5,0.387335526,1,10.05,3.25,0.957427108,0,0.538461538,3.5,1,3.617647059,1,3,1,1,2.5,2,0,1,0,0,0,1,0,0,0,0,0,0,0,0,0,0,0,0
30,2,2,7375,13.1,2,2,3,4,3,4,67,1,1,34,123,3,14,5,5,0,1,0,0.666666667,0,0,1.0,3687.5,0.217476681,1,4.366666667,3.5,0.577350269,0,0.214285714,1.0,1,3.514285714,1,-3,0,0,1.666666667,2,0,2,1,1,0,0,1,0,0,0,1,0,1,0,0,0,1,0
50,2,2,9839,15.9,3,3,3,4,4,3,41,0,1,6,20,4,9,5,5,0,1,1,0.666666667,0,0,0.666666667,3279.666667,0.54455081,0,5.3,3.5,0.577350269,0,0.444444444,1.333333333,0,2.857142857,0,-2,0,0,1.666666667,0,0,2,1,1,0,0,1,0,0,0,1,0,0,0,1,0,0,0
26,1,1,4948,16.6,1,3,3,3,3,3,39,0,0,13,29,5,4,3,7,0,0,0,0.5,0,0,1.0,4948.0,0.039964476,1,8.3,3.0,0.0,0,1.25,2.5,1,2.071428571,0,0,0,0,3.5,1,0,2,0,0,0,0,0,0,0,0,1,0,1,0,0,0,0,0
18,0,0,6886,12.8,1,3,2,3,3,3,46,0,0,28,104,9,2,4,4,0,1,0,0.0,0,0,0.0,6886.0,0.159057437,1,12.8,2.75,0.5,0,4.5,9.0,1,3.586206897,1,-1,0,0,4.0,2,0,3,0,1,0,0,1,0,0,0,0,0,0,0,0,0,0,0
33,8,2,11623,13.4,4,3,2,3,4,3,27,0,1,29,99,3,2,5,5,0,1,0,0.222222222,1,0,2.0,2905.75,0.933236273,0,1.488888889,3.0,0.816496581,0,1.5,0.333333333,1,3.3,1,-2,0,0,0.555555556,1,0,3,0,1,0,0,0,0,1,0,0,1,1,0,0,0,0,0
19,1,0,8210,13.8,2,3,4,5,5,3,40,1,1,24,91,6,7,4,7,0,1,0,0.0,1,0,0.5,4105.0,0.422513321,1,6.9,4.25,0.957427108,0,0.857142857,3.0,2,3.64,1,-1,0,0,3.5,2,0,2,0,0,1,0,0,0,0,0,1,0,0,0,0,0,0,1
49,5,4,10906,14.4,3,2,4,4,3,3,60,0,1,13,43,3,12,3,4,0,1,0,0.666666667,1,1,1.666666667,3635.333333,0.900998336,0,2.4,3.5,0.577350269,0,0.25,0.5,1,3.071428571,0,-1,0,0,0.666666667,1,0,4,1,0,1,0,0,0,1,0,1,0,0,0,1,0,0,0
47,2,2,5681,12.3,2,1,3,1,3,3,57,1,1,11,39,5,4,2,8,0,0,0,0.666666667,0,0,1.0,2840.5,0.054123711,1,4.1,2.5,1.0,0,1.25,1.666666667,1,3.25,0,-1,0,0,2.666666667,2,0,1,1,0,1,0,1,0,0,0,1,0,0,0,1,0,1,1
36,11,7,15730,12.7,5,2,3,2,2,4,32,0,1,21,72,4,6,3,1,0,1,0,0.583333333,1,1,2.2,3146.0,0.982747998,0,1.058333333,2.75,0.957427108,0,0.666666667,0.333333333,0,3.272727273,1,-1,0,0,0.083333333,2,0,3,1,0,0,0,0,0,0,1,0,0,0,1,0,0,0,0
39,4,3,9755,18.2,4,4,5,4,4,3,23,0,1,12,49,2,12,3,7,0,1,0,0.6,1,0,1.0,2438.75,0.826539101,0,3.64,4.0,0.816496581,0,0.166666667,0.4,0,3.769230769,0,1,1,1,1.4,0,0,1,0,1,0,0,0,0,1,0,1,0,0,1,0,0,0,0
26,5,3,7906,14.4,2,3,4,3,3,2,0,0,0,7,28,7,7,3,1,0,0,0,0.5,1,0,2.5,3953.0,0.285223368,1,2.4,3.0,0.816496581,0,1.0,1.166666667,0,3.5,0,0,0,0,0.166666667,1,0,2,1,0,1,0,1,0,0,0,0,0,1,0,0,0,0,0
23,1,0,5494,17.0,1,3,4,3,4,3,58,0,0,5,19,6,3,4,3,0,0,0,0.0,1,0,1.0,5494.0,0.044059892,1,8.5,3.5,0.577350269,0,2.0,3.0,1,3.166666667,0,-1,0,0,1.5,1,0,1,1,1,0,0,1,0,0,0,1,0,0,0,0,0,0,0
35,17,16,11047,11.0,4,1,3,5,2,4,60,1,1,4,13,3,4,4,4,0,1,0,0.888888889,1,1,4.25,2761.75,0.683603338,0,0.611111111,3.5,1.290994449,0,0.75,0.166666667,1,2.6,0,-3,0,0,0.222222222,1,0,1,0,1,0,0,1,0,0,0,1,0,0,1,0,0,0,1
53,5,1,8384,17.5,1,3,2,1,2,3,26,0,1,13,50,7,12,3,4,0,0,1,0.166666667,1,0,5.0,8384.0,0.35407462,1,2.916666667,2.0,0.816496581,1,0.583333333,1.166666667,2,3.571428571,0,0,0,0,0.666666667,2,0,3,1,1,0,0,1,0,0,0,1,0,0,0,1,0,0,0
47,12,7,8845,12.4,2,3,3,3,4,3,23,1,1,11,38,2,6,1,2,0,0,0,0.538461538,1,1,6.0,4422.5,0.416543937,1,0.953846154,3.25,0.5,0,0.333333333,0.153846154,1,3.166666667,0,2,0,1,0.153846154,2,0,2,1,0,1,0,1,0,0,0,1,0,0,0,1,0,0,0
23,5,1,6336,15.6,1,3,5,4,2,1,44,1,0,12,42,4,7,3,11,0,0,0,0.166666667,1,0,5.0,6336.0,0.243376463,1,2.6,3.0,1.825741858,0,0.571428571,0.666666667,1,3.230769231,0,0,0,0,1.833333333,2,0,2,1,0,1,0,0,0,0,1,1,0,0,0,0,0,1,1
39,0,0,10965,17.3,2,3,4,1,3,4,30,0,1,11,47,4,9,4,8,0,0,0,0.0,0,0,0.0,5482.5,0.674766814,0,17.3,3.0,1.414213562,0,0.444444444,4.0,2,3.916666667,0,-1,0,0,8.0,1,0,4,0,0,0,0,1,0,0,0,1,0,0,1,0,0,0,0
45,1,1,8095,18.8,2,3,3,3,5,2,35,0,0,10,27,3,7,5,3,0,0,0,0.5,0,0,0.5,4047.5,0.647878536,0,9.4,3.25,1.258305739,0,0.428571429,1.5,0,2.454545455,0,-2,0,0,1.5,0,0,3,1,0,1,0,0,0,1,0,1,0,0,0,1,0,0,0
42,3,2,9173,20.2,2,5,4,4,3,2,54,0,0,20,54,5,5,1,5,0,0,0,0.5,1,0,1.5,4586.5,0.461462936,1,5.05,3.25,0.957427108,0,1.0,1.25,0,2.571428571,0,4,1,1,1.25,1,0,2,0,0,1,0,1,0,0,0,1,0,0,1,0,0,0,0
28,9,2,11252,22.2,4,5,3,3,2,4,0,0,1,9,26,4,6,2,9,0,1,0,0.2,1,0,2.25,2813.0,0.918885191,0,2.22,3.0,0.816496581,0,0.666666667,0.4,0,2.6,0,3,1,1,0.9,1,0,3,0,0,1,0,0,0,1,0,0,1,1,0,0,0,0,0
37,14,9,10126,12.8,3,3,5,3,2,2,14,1,1,20,84,6,14,2,2,0,1,0,0.6,1,1,4.666666667,3375.333333,0.766019717,0,0.853333333,3.0,1.414213562,0,0.428571429,0.4,2,4.0,1,1,0,1,0.133333333,2,0,2,1,0,1,0,0,0,0,1,0,0,0,1,0,0,1,1
41,2,2,6918,17.1,2,4,2,3,1,3,65,0,0,19,58,4,14,2,9,0,1,0,0.666666667,0,0,1.0,3459.0,0.234902309,1,5.7,2.25,0.957427108,1,0.285714286,1.333333333,0,2.9,0,2,1,1,3.0,3,0,2,1,1,0,0,0,0,0,0,0,0,0,1,0,0,1,0
35,5,1,6871,18.6,2,4,3,3,3,4,0,0,0,7,9,3,4,3,2,0,0,0,0.166666667,1,0,2.5,3435.5,0.313000616,1,3.1,3.25,0.5,0,0.75,0.5,1,1.125,0,1,1,1,0.333333333,1,0,2,0,1,0,0,0,0,0,1,1,0,0,1,0,0,0,0
34,6,6,13068,10.2,3,3,3,5,4,3,69,0,0,25,77,5,11,2,4,0,1,0,0.857142857,0,1,2.0,4356.0,0.842906235,0,1.457142857,3.75,0.957427108,0,0.454545455,0.714285714,2,2.961538462,1,1,0,1,0.571428571,2,0,2,1,1,0,0,1,0,0,0,1,0,1,0,0,0,0,0
31,2,1,9363,9.9,2,4,4,2,2,4,20,1,0,21,48,3,14,3,10,0,0,0,0.333333333,1,0,1.0,4681.5,0.687923598,0,3.3,3.0,1.154700538,0,0.214285714,1.0,0,2.181818182,0,1,1,1,3.333333333,1,0,3,1,1,0,0,0,0,0,1,1,0,1,0,0,0,1,1
38,3,0,8148,16.9,1,5,4,3,3,3,32,0,1,13,37,7,7,3,4,0,1,0,0.0,1,0,3.0,8148.0,0.51987061,0,4.225,3.25,0.5,0,1.0,1.75,1,2.642857143,0,2,1,1,1.0,0,0,3,0,1,0,0,0,0,0,1,1,0,0,1,0,0,0,0
35,6,0,13517,19.2,4,4,2,3,3,1,58,0,1,14,33,3,8,4,7,1,1,0,0.0,1,0,1.5,3379.25,0.865979381,0,2.742857143,2.25,0.957427108,1,0.375,0.428571429,1,2.2,0,0,1,0,1.0,1,0,2,1,0,1,0,1,0,0,0,0,1,0,1,0,0,0,0
18,0,0,5092,17.0,2,3,3,5,3,3,32,1,1,3,16,1,2,3,9,0,0,0,0.0,0,0,0.0,2546.0,0.156821963,1,17.0,3.5,1.0,0,0.5,1.0,1,4.0,0,0,0,0,9.0,2,0,2,1,0,1,0,0,0,1,0,0,1,0,0,0,0,1,1
49,5,3,6454,14.3,1,4,3,3,2,1,45,0,0,11,33,4,6,2,7,0,0,0,0.5,1,0,5.0,6454.0,0.111192931,1,2.383333333,2.25,0.957427108,1,0.666666667,0.666666667,0,2.75,0,2,1,1,1.166666667,2,0,2,0,1,0,0,1,0,0,0,0,0,0,0,1,0,0,0
38,3,3,11774,14.2,3,2,5,4,3,3,70,0,1,20,64,6,4,4,3,0,1,0,0.75,0,0,1.0,3924.666667,0.755400098,0,3.55,3.75,0.957427108,0,1.5,1.5,0,3.047619048,1,-2,0,0,0.75,1,0,3,1,1,0,0,1,0,0,0,1,0,0,1,0,0,0,0
46,5,5,6712,20.7,3,3,4,3,4,3,18,0,1,40,150,4,4,3,3,0,1,0,0.833333333,0,1,1.666666667,2237.333333,0.420549085,1,3.45,3.5,0.577350269,0,1.0,0.666666667,2,3.658536585,1,0,0,0,0.5,3,0,1,0,0,1,0,0,0,1,0,1,0,0,0,1,0,0,0
50,1,1,11108,16.1,3,3,3,3,2,2,23,1,1,9,34,6,13,3,11,0,1,1,0.5,0,0,0.333333333,3702.666667,0.691458027,0,8.05,2.5,0.577350269,0,0.461538462,3.0,0,3.4,0,0,0,0,5.5,1,0,2,0,1,0,0,1,0,0,0,1,0,0,0,1,0,1,1
54,1,0,9871,19.5,2,4,3,4,4,5,36,0,0,20,36,3,11,3,7,0,0,1,0.0,1,0,0.5,4935.5,0.548600884,0,9.75,4.0,0.816496581,0,0.272727273,1.5,1,1.714285714,0,1,1,1,3.5,0,0,3,0,1,0,0,1,0,0,0,1,0,0,0,1,0,0,0
32,3,3,8081,14.6,1,5,2,5,4,3,49,0,0,10,44,3,5,4,2,0,0,0,0.75,0,0,3.0,8081.0,0.30952381,1,3.65,3.5,1.290994449,0,0.6,0.75,0,4.0,0,1,1,1,0.5,1,0,2,1,0,1,0,1,0,0,0,1,0,1,0,0,0,0,0
39,9,4,15156,10.9,3,3,2,3,3,2,53,0,0,10,27,4,7,3,2,0,1,0,0.4,1,1,3.0,5052.0,0.929307806,0,1.09,2.5,0.577350269,0,0.571428571,0.4,1,2.454545455,0,0,0,0,0.2,1,0,4,0,1,0,0,1,0,0,0,1,0,0,1,0,0,0,0
34,10,1,11095,9.6,4,3,4,2,4,3,45,0,0,20,88,6,7,4,4,0,1,0,0.090909091,1,0,2.5,2773.75,0.770426288,0,0.872727273,3.25,0.957427108,0,0.857142857,0.545454545,0,4.19047619,1,-1,0,0,0.363636364,1,0,2,0,1,0,0,0,0,0,0,1,0,1,0,0,0,0,0
47,3,3,3385,15.4,1,4,2,4,3,3,35,0,0,5,13,5,8,3,3,0,0,0,0.75,0,0,3.0,3385.0,0.008626001,1,3.85,3.0,0.816496581,0,0.625,1.25,0,2.166666667,0,1,1,1,0.75,1,0,1,0,0,1,0,0,0,0,1,1,0,0,0,1,0,0,0
52,1,1,7613,14.5,3,5,3,1,3,2,38,0,1,7,25,2,9,3,5,0,1,1,0.5,0,0,0.333333333,2537.666667,0.639802632,0,7.25,2.25,0.957427108,1,0.222222222,1.0,1,3.125,0,2,1,1,2.5,1,0,2,0,1,0,1,0,0,0,0,1,0,0,0,1,0,0,0
34,6,3,10513,13.4,2,3,3,2,4,3,24,0,0,7,21,6,2,4,6,0,1,0,0.428571429,1,0,3.0,5256.5,0.625675012,0,1.914285714,3.0,0.816496581,0,3.0,0.857142857,1,2.625,0,-1,0,0,0.857142857,0,0,2,0,0,0,0,1,0,0,0,1,0,1,0,0,0,0,0
18,0,0,8231,15.9,3,3,3,4,2,3,40,1,0,12,41,4,11,3,8,0,1,0,0.0,0,0,0.0,2743.666667,0.42517762,1,15.9,3.0,0.816496581,0,0.363636364,4.0,2,3.153846154,0,0,0,0,8.0,2,0,1,0,1,0,0,0,0,0,0,1,0,0,0,0,0,1,1
18,0,0,3901,12.6,1,3,3,3,2,5,23,1,0,2,5,5,5,4,8,0,0,0,0.0,0,0,0.0,3901.0,0.003436426,1,12.6,3.25,1.258305739,0,1.0,5.0,1,1.666666667,0,-1,0,0,8.0,2,0,2,1,1,0,0,1,0,0,0,0,1,0,0,0,0,1,1
32,3,0,8740,11.6,3,3,4,4,5,4,8,0,0,11,35,9,6,3,9,0,1,0,0.0,1,0,1.0,2913.333333,0.67090708,0,2.9,4.25,0.5,0,1.5,2.25,1,2.916666667,0,0,0,0,2.25,1,0,3,0,0,1,0,0,1,0,0,1,0,1,0,0,0,0,0
36,0,0,6435,18.0,1,4,2,5,4,2,13,1,0,21,71,3,9,5,7,0,0,0,0.0,0,0,0.0,6435.0,0.109720177,1,18.0,3.25,1.5,0,0.333333333,3.0,1,3.227272727,1,-1,1,0,7.0,2,0,2,1,0,1,0,1,0,0,0,1,0,0,1,0,0,1,0
38,1,0,7169,13.6,2,4,3,3,5,5,34,0,0,45,139,7,7,3,6,0,0,0,0.0,1,0,0.5,3584.5,0.5031198,0,6.8,4.0,1.154700538,0,1.0,3.5,1,3.02173913,1,1,1,1,3.0,1,0,2,1,1,0,0,0,0,1,0,0,1,0,1,0,0,0,0
31,1,1,8029,11.3,2,3,5,2,5,5,13,1,1,6,20,6,12,3,9,0,1,0,0.5,0,0,0.5,4014.5,0.505545287,0,5.65,4.25,1.5,0,0.5,3.0,2,2.857142857,0,0,0,0,4.5,1,0,3,0,0,1,0,0,0,0,1,1,0,1,0,0,0,1,1
41,1,1,8400,18.9,2,2,2,3,5,3,18,0,0,43,124,4,6,4,7,0,0,0,0.5,0,0,0.5,4200.0,0.354933726,1,9.45,3.25,1.258305739,0,0.666666667,2.0,0,2.818181818,1,-2,0,0,3.5,2,0,2,0,1,0,0,1,0,0,0,0,1,0,1,0,0,0,0
51,1,1,11054,11.0,3,3,3,3,2,2,44,0,1,6,15,2,9,4,8,0,1,1,0.5,0,0,0.333333333,3684.666667,0.68556701,0,5.5,2.5,0.577350269,0,0.222222222,1.0,0,2.142857143,0,-1,0,0,4.0,1,0,2,1,1,0,0,1,0,0,0,0,1,0,0,1,0,0,0
44,2,2,4567,10.5,1,2,4,4,3,4,3,0,1,12,32,4,10,2,1,0,1,0,0.666666667,0,0,2.0,4567.0,0.076050885,1,3.5,3.75,0.5,0,0.4,1.333333333,1,2.461538462,0,0,0,0,0.333333333,1,0,2,1,1,0,0,0,1,0,0,1,0,0,1,0,0,0,0
22,4,4,6267,18.0,2,3,3,5,3,2,6,1,0,3,11,2,6,3,1,0,0,0,0.8,0,1,2.0,3133.5,0.277654867,1,3.6,3.25,1.258305739,0,0.333333333,0.4,1,2.75,0,0,0,0,0.2,2,0,2,0,1,0,0,0,1,0,0,1,0,0,0,0,0,0,0
42,2,1,15739,13.6,4,1,3,3,2,1,41,0,1,26,93,4,3,3,2,0,1,0,0.333333333,1,0,0.5,3934.75,0.944158076,0,4.533333333,2.25,0.957427108,1,1.333333333,1.333333333,1,3.444444444,1,-2,0,0,0.666666667,2,0,4,1,1,0,0,1,0,0,0,1,0,0,1,0,0,0,0
35,2,1,9242,18.2,2,4,4,3,2,5,46,0,0,7,13,4,10,5,5,0,0,0,0.333333333,1,0,1.0,4621.0,0.468213058,1,6.066666667,3.5,1.290994449,0,0.4,1.333333333,2,1.625,0,-1,1,0,1.666666667,1,0,2,1,1,0,0,1,0,0,0,1,0,0,1,0,0,0,0
31,5,0,7403,14.5,2,4,3,4,3,3,9,0,0,29,86,5,13,3,8,1,1,0,0.0,1,0,2.5,3701.5,0.47704646,1,2.416666667,3.25,0.5,0,0.384615385,0.833333333,1,2.866666667,1,1,1,1,1.333333333,3,0,2,1,0,1,0,0,1,0,0,1,0,1,0,0,0,0,0
32,7,1,12007,10.5,2,4,3,2,5,3,52,0,0,16,43,2,11,4,5,1,0,0,0.125,1,0,3.5,6003.5,0.774177712,0,1.3125,3.25,1.258305739,0,0.181818182,0.25,1,2.529411765,0,0,1,0,0.625,0,0,3,1,0,0,0,1,0,0,0,1,0,1,0,0,0,0,0
29,1,0,9740,9.8,2,4,4,4,2,5,14,0,0,10,38,4,11,5,4,0,0,0,0.0,1,0,0.5,4870.0,0.632104796,0,4.9,3.75,1.258305739,0,0.363636364,2.0,0,3.454545455,0,-1,1,0,2.0,0,0,2,0,0,0,0,0,0,0,0,1,0,1,0,0,0,0,0
38,8,6,11696,10.4,3,3,3,2,5,4,43,0,0,22,32,1,11,3,3,0,1,0,0.666666667,1,1,2.666666667,3898.666667,0.748649975,0,1.155555556,3.5,1.290994449,0,0.090909091,0.111111111,0,1.391304348,0,0,0,0,0.333333333,1,0,2,1,0,0,0,1,0,0,0,1,0,0,1,0,0,0,0
41,1,0,5534,14.3,2,3,1,4,2,5,28,1,0,19,99,8,8,3,13,0,1,0,0.0,1,0,0.5,2767.0,0.229825291,1,7.15,3.0,1.825741858,0,1.0,4.0,2,4.95,1,0,0,0,6.5,3,0,1,1,1,0,0,0,0,1,0,1,0,0,1,0,0,1,1
31,4,1,7248,12.2,3,3,2,3,2,4,39,0,1,19,51,3,9,5,5,0,1,0,0.2,1,0,1.333333333,2416.0,0.286856128,1,2.44,2.75,0.957427108,0,0.333333333,0.6,0,2.55,0,-2,0,0,1.0,1,0,1,0,1,0,0,0,0,0,0,1,0,1,0,0,0,0,0
40,4,2,6439,12.8,2,3,3,4,1,2,31,0,1,31,150,7,6,3,5,0,0,0,0.4,1,0,2.0,3219.5,0.258471965,1,2.56,2.5,1.290994449,0,1.166666667,1.4,1,4.6875,1,0,0,0,1.0,2,0,2,1,1,0,0,0,0,0,1,1,0,0,1,0,0,0,0
34,1,1,6638,15.6,2,4,3,3,3,3,24,0,1,16,53,3,10,4,6,0,0,0,0.5,0,0,0.5,3319.0,0.485197368,1,7.8,3.0,0.0,0,0.3,1.5,1,3.117647059,0,0,1,0,3.0,1,0,2,0,0,0,1,0,0,0,0,1,0,1,0,0,0,0,0
21,0,0,5361,20.9,1,5,4,3,3,4,44,0,0,5,12,6,4,4,6,0,0,0,0.0,0,0,0.0,5361.0,0.156526549,1,20.9,3.5,0.577350269,0,1.5,6.0,1,2.0,0,1,1,1,6.0,1,0,3,1,1,0,0,0,1,0,0,1,0,0,0,0,0,0,0
41,4,3,7264,18.5,3,3,5,5,3,5,12,1,1,25,71,3,9,5,6,0,1,0,0.6,1,0,1.333333333,2421.333333,0.202012764,1,3.7,4.5,1.0,0,0.333333333,0.6,1,2.730769231,1,-2,0,0,1.2,2,0,1,0,0,1,0,1,0,0,0,1,0,0,1,0,0,0,0
49,1,1,10108,20.0,3,3,2,4,4,4,38,0,0,7,23,4,12,2,4,0,1,0,0.5,0,0,0.333333333,3369.333333,0.821349558,0,10.0,3.5,1.0,0,0.333333333,2.0,1,2.875,0,1,0,1,2.0,0,0,3,0,0,0,0,0,1,0,0,0,1,0,0,1,0,0,0
32,2,1,7320,15.4,2,4,2,2,2,5,56,0,1,8,24,1,9,3,4,0,0,0,0.333333333,1,0,1.0,3660.0,0.208885616,1,5.133333333,2.75,1.5,0,0.111111111,0.333333333,0,2.666666667,0,1,1,1,1.333333333,1,0,2,0,0,0,0,1,0,0,0,0,1,1,0,0,0,0,0
47,5,2,5525,15.1,1,3,2,4,3,2,17,0,1,7,17,8,8,4,4,0,0,0,0.333333333,1,0,5.0,5525.0,0.227537438,1,2.516666667,2.75,0.957427108,0,1.0,1.333333333,2,2.125,0,-1,0,0,0.666666667,1,0,2,0,1,0,0,0,0,1,0,1,0,0,0,1,0,0,0
43,1,0,6103,17.4,1,3,3,3,3,4,21,0,0,23,60,3,8,4,3,0,0,0,0.0,1,0,1.0,6103.0,0.210104744,1,8.7,3.25,0.5,0,0.375,1.5,0,2.5,0,-1,0,0,1.5,1,0,3,1,0,1,0,0,0,0,1,1,0,0,1,0,0,0,0
43,11,7,10693,17.9,4,3,3,4,3,3,31,0,0,3,9,3,9,2,8,0,1,0,0.583333333,1,1,2.75,2673.25,0.819470117,0,1.491666667,3.25,0.5,0,0.333333333,0.25,1,2.25,0,1,0,1,0.666666667,2,0,2,1,1,0,0,0,0,0,1,1,0,0,1,0,0,0,0
33,3,3,6673,9.0,2,3,3,2,4,4,31,1,1,23,76,2,3,3,4,0,1,0,0.75,0,0,1.5,3336.5,0.205595027,1,2.25,3.25,0.957427108,0,0.666666667,0.5,1,3.166666667,1,0,0,0,1.0,2,0,1,0,0,1,0,0,0,0,0,1,0,1,0,0,0,1,1
34,16,12,11390,16.8,5,3,3,4,4,3,60,0,1,23,64,4,4,4,1,0,1,0,0.705882353,1,1,3.2,2278.0,0.794849023,0,0.988235294,3.5,0.577350269,0,1.0,0.235294118,1,2.666666667,1,-1,0,0,0.058823529,2,0,1,0,0,0,0,0,0,0,0,0,1,1,0,0,0,0,0
38,3,0,7706,15.9,2,3,3,2,2,2,62,0,1,13,31,5,3,4,3,0,0,0,0.0,1,0,1.5,3853.0,0.257731959,1,3.975,2.25,0.5,1,1.666666667,1.25,2,2.214285714,0,-1,0,0,0.75,2,0,1,1,1,0,0,1,0,0,0,1,0,0,1,0,0,0,0
47,1,1,6761,17.2,1,3,3,4,4,3,28,0,1,9,27,5,8,3,3,0,0,0,0.5,0,0,1.0,6761.0,0.214031972,1,8.6,3.5,0.577350269,0,0.625,2.5,1,2.7,0,0,0,0,1.5,1,0,2,0,0,1,0,0,0,0,0,1,0,0,0,1,0,0,0
43,3,2,9872,14.9,4,3,2,4,5,4,27,0,0,7,14,7,9,4,6,0,1,0,0.5,1,0,0.75,2468.0,0.738139248,0,3.725,3.75,1.258305739,0,0.777777778,1.75,1,1.75,0,-1,0,0,1.5,0,0,2,0,1,0,0,0,0,0,1,1,0,0,1,0,0,0,0
29,2,0,8241,17.7,2,2,3,1,4,2,48,0,1,10,33,5,6,4,5,0,0,0,0.0,1,0,1.0,4120.5,0.427619893,1,5.9,2.5,1.290994449,0,0.833333333,1.666666667,0,3.0,0,-2,0,0,1.666666667,1,0,2,0,0,1,0,0,0,0,0,1,0,1,0,0,0,0,0
41,8,1,11892,16.5,4,4,2,2,2,3,37,1,0,15,59,1,11,2,11,0,1,0,0.111111111,1,0,2.0,2973.0,0.921460177,0,1.833333333,2.25,0.5,1,0.090909091,0.111111111,2,3.6875,0,2,1,1,1.222222222,2,1,3,0,1,0,0,0,1,0,0,1,0,0,1,0,0,1,1
43,9,0,10994,17.9,4,5,4,4,2,4,17,1,1,4,11,6,11,3,8,0,1,0,0.0,1,0,2.25,2748.5,0.677712322,0,1.79,3.5,1.0,0,0.545454545,0.6,1,2.2,0,2,1,1,0.8,1,0,1,1,1,0,0,1,0,0,0,1,0,0,1,0,0,1,1
27,3,1,6873,14.2,1,3,5,2,3,3,50,1,0,3,5,1,7,3,5,0,0,0,0.25,1,0,3.0,6873.0,0.157584683,1,3.55,3.25,1.258305739,0,0.142857143,0.25,0,1.25,0,0,0,0,1.25,1,0,3,1,1,0,0,1,0,0,0,0,0,1,0,0,0,0,1
28,6,6,8777,16.4,3,2,3,3,5,3,17,0,0,6,21,4,12,3,7,0,1,0,0.857142857,0,1,2.0,2925.666667,0.785361842,0,2.342857143,3.5,1.0,0,0.333333333,0.571428571,1,3.0,0,-1,0,0,1.0,1,0,3,0,0,1,1,0,0,0,0,1,0,1,0,0,0,0,0
31,2,2,7948,15.2,3,3,4,2,3,2,34,0,0,12,46,2,4,3,5,0,1,0,0.666666667,0,0,0.666666667,2649.333333,0.682565789,0,5.066666667,2.75,0.957427108,0,0.5,0.666666667,1,3.538461538,0,0,0,0,1.666666667,0,0,2,0,1,0,1,0,0,0,0,1,0,1,0,0,0,0,0
36,1,0,3850,13.3,1,3,3,2,4,4,27,0,1,2,7,6,2,4,5,0,0,0,0.0,1,0,1.0,3850.0,0.016943931,1,6.65,3.25,0.957427108,0,3.0,3.0,2,2.333333333,0,-1,0,0,2.5,1,0,2,1,0,1,0,0,0,0,1,0,0,0,1,0,0,0,0
29,2,1,7098,16.9,1,2,3,2,5,3,49,1,1,8,14,2,12,1,4,0,1,0,0.333333333,1,0,2.0,7098.0,0.181639666,1,5.633333333,3.25,1.258305739,0,0.166666667,0.666666667,0,1.555555556,0,1,0,1,1.333333333,1,0,3,1,0,0,0,1,0,0,0,1,0,1,0,0,0,0,0
36,1,1,12630,10.9,3,4,4,3,4,4,30,0,0,14,33,3,7,4,5,0,1,0,0.5,0,0,0.333333333,4210.0,0.816396662,0,5.45,3.75,0.5,0,0.428571429,1.5,1,2.2,0,0,1,0,2.5,0,0,3,1,0,0,0,1,0,0,0,0,0,0,1,0,0,0,0
33,2,1,8020,20.8,3,4,4,2,3,3,29,0,1,8,29,3,2,3,9,0,1,0,0.333333333,1,0,0.666666667,2673.333333,0.577986726,0,6.933333333,3.0,0.816496581,0,1.5,1.0,1,3.222222222,0,1,1,1,3.0,1,0,2,0,0,0,0,0,1,0,0,1,0,1,0,0,0,0,0
42,5,4,10327,14.9,2,3,4,2,2,3,16,0,0,24,75,2,6,3,2,0,0,0,0.666666667,1,1,2.5,5163.5,0.602601865,0,2.483333333,2.75,0.957427108,0,0.333333333,0.333333333,1,3.0,1,0,0,0,0.333333333,2,0,2,1,0,1,0,1,0,0,0,1,0,0,1,0,0,0,0
29,2,1,8162,18.4,1,3,2,4,3,2,43,1,0,8,29,4,9,4,10,0,0,0,0.333333333,1,0,2.0,8162.0,0.323269514,1,6.133333333,2.75,0.957427108,0,0.444444444,1.333333333,0,3.222222222,0,-1,0,0,3.333333333,2,0,4,0,1,0,0,1,0,0,0,1,0,1,0,0,0,1,1
19,1,1,8446,20.2,2,4,4,5,4,4,13,0,0,1,5,3,12,4,3,0,0,0,0.5,0,0,0.5,4223.0,0.637721239,0,10.1,4.25,0.5,0,0.25,1.5,2,2.5,0,0,1,0,1.5,0,0,3,0,1,0,0,0,1,0,0,1,0,0,0,0,0,0,0
51,9,6,11113,13.7,4,3,4,2,3,4,22,0,0,4,17,4,11,3,4,0,1,1,0.6,1,1,2.25,2778.25,0.847350585,0,1.37,3.25,0.957427108,0,0.363636364,0.4,0,3.4,0,0,0,0,0.4,1,0,2,0,1,0,0,0,0,0,1,1,0,0,0,1,0,0,0
21,0,0,11046,19.4,2,4,4,4,4,4,28,0,0,10,31,3,7,3,8,0,0,0,0.0,0,0,0.0,5523.0,0.683357879,0,19.4,4.0,0.0,0,0.428571429,3.0,1,2.818181818,0,1,1,1,8.0,1,0,3,0,1,0,0,1,0,0,0,1,0,0,0,0,0,0,0
34,15,12,20234,21.5,5,4,1,3,2,3,52,0,0,11,32,4,10,1,4,0,1,0,0.75,1,1,3.0,4046.8,0.998223801,0,1.34375,2.25,0.957427108,1,0.4,0.25,2,2.666666667,0,3,1,1,0.25,2,0,4,0,1,0,0,0,0,0,0,1,0,1,0,0,0,0,0
38,9,1,9785,13.8,5,3,4,4,2,4,30,0,0,28,68,1,11,5,6,0,1,0,0.1,1,0,1.8,1957.0,0.863486842,0,1.38,3.5,1.0,0,0.090909091,0.1,0,2.344827586,1,-2,0,0,0.6,1,0,1,1,0,1,1,0,0,0,0,1,0,0,1,0,0,0,0
40,1,0,11182,12.9,3,4,2,4,5,3,67,0,0,12,33,3,5,3,3,0,1,0,0.0,1,0,0.333333333,3727.333333,0.852741836,0,6.45,3.5,1.290994449,0,0.6,1.5,1,2.538461538,0,1,1,1,1.5,0,0,3,1,0,0,0,0,0,0,1,0,0,0,1,0,0,0,0
39,1,1,7671,16.7,3,3,3,1,2,2,0,1,0,21,56,5,2,2,6,0,1,0,0.5,0,0,0.333333333,2557.0,0.452711029,1,8.35,2.0,0.816496581,1,2.5,2.5,1,2.545454545,0,1,0,1,3.0,2,1,2,0,1,0,0,0,0,0,1,0,0,0,1,0,0,1,1
38,6,2,9377,16.5,3,3,5,4,5,3,29,0,1,10,47,3,5,4,3,0,1,0,0.285714286,1,0,2.0,3125.666667,0.743362832,0,2.357142857,4.25,0.957427108,0,0.6,0.428571429,1,4.272727273,0,-1,0,0,0.428571429,0,0,2,1,1,0,0,0,1,0,0,1,0,0,1,0,0,0,0
37,14,8,10733,10.9,5,3,5,1,3,3,27,0,0,18,87,2,10,1,6,0,1,0,0.533333333,1,1,2.8,2146.6,0.861725664,0,0.726666667,3.0,1.632993162,0,0.2,0.133333333,1,4.578947368,1,2,0,1,0.4,2,0,1,1,1,0,0,0,1,0,0,1,0,0,1,0,0,0,0
33,1,0,8210,14.2,2,5,3,3,4,4,39,1,0,17,53,7,5,5,9,0,1,0,0.0,1,0,0.5,4105.0,0.32916053,1,7.1,3.5,0.577350269,0,1.4,3.5,1,2.944444444,0,0,1,0,4.5,2,0,2,0,0,1,0,1,0,0,0,1,0,1,0,0,0,1,1
50,3,3,7268,15.3,2,3,4,4,1,4,48,0,0,8,21,5,8,4,7,0,0,1,0.75,0,0,1.5,3634.0,0.289964476,1,3.825,3.25,1.5,0,0.625,1.25,0,2.333333333,0,-1,0,0,1.75,1,0,2,1,0,0,0,0,0,0,0,1,0,0,0,1,0,0,0
25,5,3,12411,13.7,3,3,1,1,4,3,66,0,0,10,37,1,9,3,4,0,1,0,0.5,1,0,1.666666667,4137.0,0.857015986,0,2.283333333,2.25,1.5,1,0.111111111,0.166666667,2,3.363636364,0,0,0,0,0.666666667,1,0,3,1,0,0,0,0,0,0,0,1,0,1,0,0,0,0,0
30,1,0,3802,11.4,2,3,5,2,1,2,20,1,0,17,55,6,9,2,8,0,0,0,0.0,1,0,0.5,1901.0,0.063322368,1,5.7,2.5,1.732050808,0,0.666666667,3.0,1,3.055555556,0,1,0,1,4.0,2,0,1,0,1,0,1,0,0,0,0,0,1,1,0,0,0,1,1
32,1,1,10181,9.8,2,3,4,2,3,3,54,1,1,7,25,4,2,3,8,0,0,0,0.5,0,0,0.5,5090.5,0.586156112,0,4.9,3.0,0.816496581,0,2.0,2.0,1,3.125,0,0,0,0,4.0,1,0,3,1,0,0,0,1,0,0,0,1,0,1,0,0,0,1,1
41,0,0,6308,17.3,1,4,4,3,4,3,23,0,1,26,85,7,9,4,7,0,0,0,0.0,0,0,0.0,6308.0,0.164742451,1,17.3,3.5,0.577350269,0,0.777777778,7.0,0,3.148148148,1,0,1,0,7.0,2,0,2,0,1,0,0,0,0,0,0,1,0,0,1,0,0,0,0
36,0,0,5257,24.1,2,3,4,1,5,1,30,1,0,23,60,2,7,5,8,0,0,0,0.0,0,0,0.0,2628.5,0.142146018,1,24.1,2.75,2.061552813,0,0.285714286,2.0,1,2.5,0,-2,0,0,8.0,2,0,1,1,1,0,0,0,1,0,0,1,0,0,1,0,0,1,1
31,1,0,7139,15.0,2,2,3,4,3,3,33,0,0,8,16,2,3,4,3,0,0,0,0.0,1,0,0.5,3569.5,0.187039764,1,7.5,3.25,0.5,0,0.666666667,1.0,1,1.777777778,0,-2,0,0,1.5,1,0,1,0,1,0,0,1,0,0,0,0,1,1,0,0,0,0,0
49,3,1,7978,10.0,1,3,3,3,3,5,38,0,0,33,52,4,10,4,5,0,1,0,0.25,1,0,3.0,7978.0,0.571073009,0,2.5,3.5,1.0,0,0.4,1.0,0,1.529411765,0,-1,0,0,1.25,0,0,4,1,1,0,0,0,1,0,0,1,0,0,0,1,0,0,0
20,2,1,10764,18.3,2,2,3,3,3,3,78,0,0,8,19,6,7,3,1,0,0,0,0.333333333,1,0,1.0,5382.0,0.652552774,0,6.1,3.0,0.0,0,0.857142857,2.0,1,2.111111111,0,-1,0,0,0.333333333,0,0,3,0,1,0,0,1,0,0,0,1,0,0,0,0,0,0,0
39,12,12,15612,23.1,4,5,4,5,5,2,11,0,1,23,81,4,19,2,8,1,1,0,0.923076923,0,0,3.0,3903.0,0.941089838,0,1.776923077,4.0,1.414213562,0,0.210526316,0.307692308,2,3.375,1,3,1,1,0.615384615,2,0,2,0,0,0,0,1,0,0,0,1,0,0,1,0,0,0,0
29,3,1,4422,15.6,1,4,3,2,3,1,20,1,0,20,80,5,9,4,7,0,0,0,0.25,1,0,3.0,4422.0,0.042359827,1,3.9,2.25,0.957427108,1,0.555555556,1.25,0,3.80952381,1,0,1,0,1.75,3,1,2,1,1,0,0,0,0,0,1,1,0,1,0,0,0,0,0
54,5,3,9990,13.2,2,2,1,3,3,3,0,0,1,3,9,8,8,5,9,0,0,1,0.5,1,0,2.5,4995.0,0.56185567,0,2.2,2.5,1.0,0,1.0,1.333333333,1,2.25,0,-3,0,0,1.5,1,0,2,0,1,0,0,1,0,0,0,1,0,0,0,1,0,0,0
41,2,2,6686,16.9,2,3,4,3,3,3,35,0,0,12,39,1,6,5,6,0,0,0,0.666666667,0,0,1.0,3343.0,0.206927176,1,5.633333333,3.25,0.5,0,0.166666667,0.333333333,1,3.0,0,-2,0,0,2.0,1,0,1,1,0,1,0,0,0,0,0,1,0,0,1,0,0,0,0
36,4,1,7347,13.4,2,5,3,4,2,2,33,0,1,36,120,3,7,4,6,0,0,0,0.2,1,0,2.0,3673.5,0.466814159,1,2.68,2.75,0.957427108,0,0.428571429,0.6,1,3.243243243,1,1,1,1,1.2,2,0,2,1,1,0,0,0,1,0,0,1,0,0,1,0,0,0,0
20,2,1,7152,15.9,2,3,2,3,3,4,21,0,1,25,71,4,7,3,7,0,0,0,0.333333333,1,0,1.0,3576.0,0.19047619,1,5.3,3.0,0.816496581,0,0.571428571,1.333333333,1,2.730769231,1,0,0,0,2.333333333,2,0,1,1,0,1,0,1,0,0,0,1,0,0,0,0,0,0,0
18,0,0,5356,18.3,1,5,4,2,1,3,48,0,1,30,134,6,4,3,7,0,0,0,0.0,0,0,0.0,5356.0,0.154867257,1,18.3,2.5,1.290994449,0,1.5,6.0,1,4.322580645,1,2,1,1,7.0,2,0,1,0,0,0,0,0,1,0,0,1,0,0,0,0,0,0,0
45,26,15,15665,10.7,5,3,3,4,3,4,17,0,0,3,8,2,12,3,2,0,1,0,0.555555556,1,1,5.2,3133.0,0.963587922,0,0.396296296,3.5,0.577350269,0,0.166666667,0.074074074,1,2.0,0,0,0,0,0.074074074,1,0,2,0,1,0,0,0,0,0,0,1,0,0,0,1,0,0,0
41,6,0,6663,14.1,2,3,4,2,5,2,28,0,0,26,66,4,13,4,2,0,0,0,0.0,1,0,3.0,3331.5,0.490953947,1,2.014285714,3.25,1.5,0,0.307692308,0.571428571,1,2.444444444,1,-1,0,0,0.285714286,2,0,3,0,0,0,1,0,0,0,0,1,0,0,1,0,0,0,0
43,5,0,7824,7.9,3,3,2,3,4,3,36,0,1,11,32,3,10,3,4,0,1,0,0.0,1,0,1.666666667,2608.0,0.273318606,1,1.316666667,3.0,0.816496581,0,0.3,0.5,0,2.666666667,0,0,0,0,0.666666667,1,0,1,0,1,0,0,1,0,0,0,1,0,0,1,0,0,0,0
43,1,1,9826,19.9,2,4,4,2,4,2,5,1,0,18,49,6,4,4,5,0,0,0,0.5,0,0,0.5,4913.0,0.830906822,0,9.95,3.0,1.154700538,0,1.5,3.0,1,2.578947368,0,0,1,0,2.5,0,0,4,0,1,0,0,0,0,1,0,1,0,0,1,0,0,0,1
41,4,2,8945,19.4,3,3,4,2,4,2,5,1,0,31,134,8,3,2,5,0,1,0,0.4,1,0,1.333333333,2981.666667,0.633394948,0,3.88,3.0,1.154700538,0,2.666666667,1.6,2,4.1875,1,1,0,1,1.0,1,0,2,0,0,1,0,0,0,0,1,0,1,0,1,0,0,1,1
52,8,0,8219,15.9,2,3,3,5,3,2,54,0,0,6,10,3,12,2,2,0,1,1,0.0,1,0,4.0,4109.5,0.532809612,0,1.766666667,3.25,1.258305739,0,0.25,0.333333333,0,1.428571429,0,1,0,1,0.222222222,0,0,2,0,1,0,0,0,0,0,1,1,0,0,0,1,0,0,0
28,6,4,7504,15.7,2,4,3,3,4,1,13,0,1,23,53,3,17,3,4,0,0,0,0.571428571,1,1,3.0,3752.0,0.498340708,1,2.242857143,2.75,1.258305739,0,0.176470588,0.428571429,1,2.208333333,0,1,1,1,0.571428571,2,0,2,0,1,0,0,0,1,0,0,1,0,1,0,0,0,0,0
41,10,2,12381,18.3,5,3,2,3,3,1,37,0,0,36,124,2,2,3,6,0,1,0,0.181818182,1,0,2.0,2476.2,0.955906822,0,1.663636364,2.25,0.957427108,1,1.0,0.181818182,1,3.351351351,1,0,0,0,0.545454545,2,0,2,0,0,1,0,0,0,1,0,1,0,0,1,0,0,0,0
41,0,0,4749,21.5,1,4,2,4,3,5,66,1,1,15,57,1,5,5,6,0,0,0,0.0,0,0,0.0,4749.0,0.111064892,1,21.5,3.5,1.290994449,0,0.2,1.0,2,3.5625,0,-1,1,0,6.0,1,0,2,1,0,0,0,0,0,1,0,1,0,0,1,0,0,1,1
54,7,1,12486,14.4,2,4,5,4,3,3,26,1,0,33,117,4,9,4,9,1,1,1,0.125,1,0,3.5,6243.0,0.808051055,0,1.8,3.75,0.957427108,0,0.444444444,0.5,1,3.441176471,1,0,1,0,1.125,2,0,4,1,0,1,0,1,0,0,0,1,0,0,0,1,0,0,0
35,1,0,8866,17.9,3,3,5,3,2,4,40,0,1,10,31,4,5,4,4,0,1,0,0.0,1,0,0.333333333,2955.333333,0.418507609,1,8.95,3.5,1.290994449,0,0.8,2.0,0,2.818181818,0,-1,0,0,2.0,1,0,2,1,0,0,0,1,0,0,0,1,0,0,1,0,0,0,0
39,0,0,3576,13.3,1,2,4,3,2,4,19,0,0,8,21,4,2,3,4,0,0,0,0.0,0,0,0.0,3576.0,0.029118136,1,13.3,3.25,0.957427108,0,2.0,4.0,1,2.333333333,0,-1,0,0,4.0,1,0,1,1,1,0,0,0,0,1,0,1,0,0,1,0,0,0,0
37,5,2,7641,13.3,2,3,4,2,1,4,71,1,0,7,29,3,7,3,7,0,0,0,0.333333333,1,0,2.5,3820.5,0.523230088,0,2.216666667,2.75,1.5,0,0.428571429,0.5,2,3.625,0,0,0,0,1.166666667,0,0,2,0,1,0,0,0,1,0,0,1,0,0,1,0,0,1,1
45,1,0,6026,17.3,2,3,1,3,4,3,43,0,0,7,17,5,7,4,7,0,1,0,0.0,1,0,0.5,3013.0,0.373355263,1,8.65,2.75,1.258305739,0,0.714285714,2.5,0,2.125,0,-1,0,0,3.5,1,0,2,1,0,1,1,0,0,0,0,1,0,0,0,1,0,0,0
27,1,0,5874,9.8,2,1,2,4,3,4,16,1,0,31,100,4,3,3,5,0,1,0,0.0,1,0,0.5,2937.0,0.221792035,1,4.9,3.25,0.957427108,0,1.333333333,2.0,0,3.125,1,-2,0,0,2.5,2,0,2,0,1,0,0,0,1,0,0,0,1,1,0,0,0,1,1
28,10,0,11873,11.0,4,4,4,4,3,4,52,1,1,18,42,5,3,2,2,0,1,0,0.0,1,0,2.5,2968.25,0.764359352,0,1.0,3.75,0.5,0,1.666666667,0.454545455,1,2.210526316,0,2,1,1,0.181818182,0,0,2,1,1,0,0,1,0,0,0,1,0,1,0,0,0,1,1
38,0,0,7420,16.3,3,3,3,3,4,4,46,0,1,27,81,5,5,1,6,0,1,0,0.0,0,0,0.0,2473.333333,0.620888158,0,16.3,3.5,0.577350269,0,1.0,5.0,1,2.892857143,1,2,0,1,6.0,1,0,3,0,0,1,1,0,0,0,0,1,0,0,1,0,0,0,0
18,0,0,3614,13.2,1,3,4,1,4,3,32,1,1,9,24,6,7,4,6,0,1,0,0.0,0,0,0.0,3614.0,0.049342105,1,13.2,3.0,1.414213562,0,0.857142857,6.0,1,2.4,0,-1,0,0,6.0,1,0,2,1,0,1,1,0,0,0,0,1,0,0,0,0,0,1,1
35,2,1,6295,15.9,1,3,3,3,3,2,37,0,0,22,86,1,5,3,3,0,0,0,0.333333333,1,0,2.0,6295.0,0.098551792,1,5.3,2.75,0.5,0,0.2,0.333333333,0,3.739130435,1,0,0,0,1.0,2,0,2,1,0,1,0,1,0,0,0,1,0,0,1,0,0,0,0
44,1,1,11082,18.2,2,4,1,3,5,4,23,0,1,31,103,6,5,3,3,0,0,0,0.5,0,0,0.5,5541.0,0.688512518,0,9.1,3.25,1.707825128,0,1.2,3.0,1,3.21875,1,1,1,1,1.5,1,0,2,1,0,1,0,1,0,0,0,1,0,0,1,0,0,0,0
25,5,1,8207,11.7,4,1,4,2,3,2,16,1,0,16,50,10,4,2,7,0,1,0,0.166666667,1,0,1.25,2051.75,0.420959147,1,1.95,2.75,0.957427108,0,2.5,1.666666667,1,2.941176471,0,-1,0,0,1.166666667,1,0,1,0,1,0,0,0,0,0,0,1,0,1,0,0,0,0,1
31,7,2,12188,13.0,3,2,5,2,3,1,35,0,1,8,30,6,6,5,6,0,1,0,0.25,1,0,2.333333333,4062.666667,0.842806394,0,1.625,2.75,1.707825128,0,1.0,0.75,2,3.333333333,0,-3,0,0,0.75,0,0,3,0,0,1,0,0,0,0,0,0,0,1,0,0,0,0,0
44,2,2,6859,15.3,2,4,4,5,4,4,45,0,0,10,23,4,4,4,4,0,0,0,0.666666667,0,0,1.0,3429.5,0.156111929,1,5.1,4.25,0.5,0,1.0,1.333333333,2,2.090909091,0,0,1,0,1.333333333,1,0,1,0,0,0,0,1,0,0,0,1,0,0,1,0,0,0,0
35,11,4,13800,15.5,5,4,4,3,3,3,1,0,0,2,7,8,10,5,4,0,1,0,0.333333333,1,1,2.2,2760.0,0.987664474,0,1.291666667,3.25,0.5,0,0.8,0.666666667,0,2.333333333,0,-1,1,0,0.333333333,1,0,4,0,0,0,1,0,0,0,0,1,0,0,1,0,0,0,0
50,3,0,8423,10.0,2,1,5,5,4,3,56,1,1,11,37,2,12,2,6,0,1,1,0.0,1,0,1.5,4211.5,0.567467652,0,2.5,4.25,0.957427108,0,0.166666667,0.5,1,3.083333333,0,-1,0,0,1.5,0,0,3,0,0,1,0,0,0,0,1,1,0,0,0,1,0,1,0
46,5,3,8476,20.5,3,4,3,2,4,5,31,0,0,9,25,3,6,2,3,0,1,0,0.5,1,0,1.666666667,2825.333333,0.702163062,0,3.416666667,3.5,1.290994449,0,0.5,0.5,1,2.5,0,2,1,1,0.5,0,0,2,0,0,1,0,0,0,1,0,0,0,0,0,1,0,0,0
25,1,0,4908,14.7,2,4,3,2,4,3,67,1,1,15,55,5,2,4,7,0,0,0,0.0,1,0,0.5,2454.0,0.076093654,1,7.35,3.0,0.816496581,0,2.5,2.5,2,3.4375,0,0,1,0,3.5,1,0,1,1,0,1,0,0,0,0,1,1,0,1,0,0,0,1,1
48,2,1,7268,14.8,2,3,4,4,4,3,22,1,0,18,73,6,5,3,10,0,0,0,0.333333333,1,0,1.0,3634.0,0.384627234,1,4.933333333,3.75,0.5,0,1.2,2.0,1,3.842105263,1,0,0,0,3.333333333,3,0,2,0,0,1,0,0,0,0,1,1,0,0,0,1,0,1,1
44,11,11,15043,15.5,4,4,3,4,3,4,30,0,1,8,31,5,11,1,9,0,1,0,0.916666667,0,1,2.75,3760.75,0.974121996,0,1.291666667,3.5,0.577350269,0,0.454545455,0.416666667,0,3.444444444,0,3,1,1,0.75,2,0,3,0,1,0,0,0,0,0,1,1,0,0,1,0,0,0,0
41,5,0,7037,16.4,3,4,4,5,4,5,18,0,0,7,20,3,13,5,9,0,1,0,0.0,1,0,1.666666667,2345.666667,0.341343192,1,2.733333333,4.5,0.577350269,0,0.230769231,0.5,2,2.5,0,-1,1,0,1.5,2,0,1,1,1,0,0,0,0,0,1,1,0,0,1,0,0,0,0
36,6,4,11579,14.3,3,4,2,4,5,4,21,1,0,11,32,5,15,4,7,1,1,0,0.571428571,1,0,2.0,3859.666667,0.737849779,0,2.042857143,3.75,1.258305739,0,0.333333333,0.714285714,1,2.666666667,0,0,1,0,1.0,0,0,2,1,0,1,0,1,0,0,0,0,1,0,1,0,0,0,0
30,1,0,8998,13.0,3,3,5,3,4,4,43,0,0,41,119,5,11,3,3,0,1,0,0.0,1,0,0.333333333,2999.333333,0.538410302,0,6.5,4.0,0.816496581,0,0.454545455,2.5,1,2.833333333,1,0,0,0,1.5,1,0,2,1,1,0,0,0,0,0,0,1,0,1,0,0,0,0,0
28,4,4,7554,18.5,3,3,5,4,1,3,34,0,1,21,59,6,9,3,5,0,1,0,0.8,0,1,1.333333333,2518.0,0.632401316,0,3.7,3.25,1.707825128,0,0.666666667,1.2,1,2.681818182,0,0,0,0,1.0,1,0,2,0,1,0,1,0,0,0,0,1,0,1,0,0,0,0,0
43,2,1,7619,10.8,3,3,4,4,2,5,22,0,1,8,17,6,14,3,7,0,1,0,0.333333333,1,0,0.666666667,2539.666667,0.33348135,1,3.6,3.75,1.258305739,0,0.428571429,2.0,1,1.888888889,0,0,0,0,2.333333333,1,0,2,1,1,0,0,0,0,0,0,1,0,0,1,0,0,0,0
31,5,4,5205,12.1,2,2,3,4,3,3,48,0,1,24,72,6,16,3,6,0,0,0,0.666666667,1,1,2.5,2602.5,0.175124792,1,2.016666667,3.25,0.5,0,0.375,1.0,1,2.88,1,-1,0,0,1.0,3,0,1,1,0,1,0,0,0,1,0,0,0,1,0,0,0,0,0
39,1,0,4027,14.1,1,4,4,3,4,3,31,0,0,16,70,8,7,3,2,0,0,0,0.0,1,0,1.0,4027.0,0.084703947,1,7.05,3.5,0.577350269,0,1.142857143,4.0,1,4.117647059,1,1,1,1,1.0,2,0,2,1,1,0,1,0,0,0,0,1,0,0,1,0,0,0,0
32,3,0,7100,13.3,2,3,4,3,2,2,29,0,0,19,72,5,12,3,6,0,0,0,0.0,1,0,1.5,3550.0,0.182376043,1,3.325,2.75,0.957427108,0,0.416666667,1.25,2,3.6,1,0,0,0,1.5,2,0,2,0,0,1,0,1,0,0,0,1,0,1,0,0,0,0,0
26,5,4,8848,18.8,2,4,2,3,2,4,33,1,0,12,41,5,6,4,11,0,0,0,0.666666667,1,1,2.5,4424.0,0.416789396,1,3.133333333,2.75,0.957427108,0,0.833333333,0.833333333,1,3.153846154,0,0,1,0,1.833333333,3,0,2,1,0,0,0,1,0,0,0,1,0,1,0,0,0,1,1
43,1,1,8823,11.3,3,4,3,2,3,1,8,0,1,7,17,3,7,2,3,0,1,0,0.5,0,0,0.333333333,2941.0,0.617991374,0,5.65,2.25,0.957427108,1,0.428571429,1.5,0,2.125,0,2,1,1,1.5,1,0,2,1,1,0,0,0,0,0,1,0,1,0,1,0,0,0,0
40,3,2,6734,18.9,2,5,5,4,4,3,56,1,0,21,72,4,2,2,5,0,1,0,0.5,1,0,1.5,3367.0,0.210923623,1,4.725,4.0,0.816496581,0,2.0,1.0,2,3.272727273,1,3,1,1,1.25,2,0,1,1,0,0,0,0,0,0,0,0,1,0,1,0,0,0,1
28,3,1,7502,16.7,2,3,5,3,4,4,49,1,0,10,25,2,5,4,10,0,0,0,0.25,1,0,1.5,3751.0,0.423598275,1,4.175,4.0,0.816496581,0,0.4,0.5,1,2.272727273,0,-1,0,0,2.5,2,0,1,0,0,1,0,0,0,0,1,1,0,1,0,0,0,0,1
38,3,1,13326,15.5,4,4,4,5,3,3,30,0,1,22,86,4,13,3,13,0,1,0,0.25,1,0,0.75,3331.5,0.856651939,0,3.875,3.75,0.957427108,0,0.307692308,1.0,1,3.739130435,1,1,1,1,3.25,2,0,2,0,0,1,0,1,0,0,0,1,0,0,1,0,0,0,0
43,7,0,8698,10.4,4,3,3,4,4,4,52,0,0,14,55,2,7,4,6,0,1,0,0.0,1,0,1.75,2174.5,0.495781528,1,1.3,3.75,0.5,0,0.285714286,0.25,1,3.666666667,0,-1,0,0,0.75,1,0,1,0,1,0,0,0,0,0,0,1,0,0,1,0,0,0,0
35,3,2,9340,20.0,3,5,4,3,4,3,46,1,1,5,14,5,7,4,7,0,1,0,0.5,1,0,1.0,3113.333333,0.479381443,1,5.0,3.5,0.577350269,0,0.714285714,1.25,2,2.333333333,0,1,1,1,1.75,1,0,2,0,0,1,0,1,0,0,0,1,0,0,1,0,0,1,1
39,5,5,9561,17.9,3,5,1,3,4,5,39,0,0,28,90,8,7,5,5,1,1,0,0.833333333,0,0,1.666666667,3187.0,0.710720887,0,2.983333333,3.25,1.707825128,0,1.142857143,1.333333333,0,3.103448276,1,0,1,0,0.833333333,1,0,2,1,0,1,0,0,0,0,1,1,0,0,1,0,0,0,0
31,4,3,7783,11.7,1,3,3,3,5,2,69,0,0,16,41,10,2,1,4,0,0,0,0.6,1,0,4.0,7783.0,0.266200295,1,2.34,3.25,1.258305739,0,5.0,2.0,2,2.411764706,0,2,0,1,0.8,1,0,3,0,1,0,0,1,0,0,0,1,0,1,0,0,0,0,0
36,10,10,14284,21.6,4,5,4,3,5,4,36,0,0,11,36,6,8,4,3,0,1,0,0.909090909,0,1,2.5,3571.0,0.898870889,0,1.963636364,4.0,0.816496581,0,0.75,0.545454545,0,3.0,0,1,1,1,0.272727273,1,0,2,1,1,0,0,1,0,0,0,1,0,0,1,0,0,0,0
24,2,0,7814,14.5,2,4,4,4,5,2,18,1,0,13,43,4,3,3,8,0,1,0,0.0,1,0,1.0,3907.0,0.47288971,1,4.833333333,3.75,1.258305739,0,1.333333333,1.333333333,1,3.071428571,0,1,1,1,2.666666667,2,0,2,0,0,1,0,0,0,0,1,1,0,0,0,0,0,1,1
37,5,0,12685,17.5,4,3,4,1,3,3,54,1,0,11,34,1,6,3,10,0,1,0,0.0,1,0,1.25,3171.25,0.818851252,0,2.916666667,2.75,1.258305739,0,0.166666667,0.166666667,0,2.833333333,0,0,0,0,1.666666667,1,0,2,0,1,0,0,1,0,0,0,1,0,0,1,0,0,1,1
43,7,3,10555,16.0,3,4,3,4,3,4,51,1,0,15,61,5,7,3,4,0,1,0,0.375,1,0,2.333333333,3518.333333,0.844579646,0,2.0,3.5,0.577350269,0,0.714285714,0.625,1,3.8125,1,1,1,1,0.5,1,0,3,0,0,0,0,0,1,0,0,1,0,0,1,0,0,1,0
35,2,0,9029,11.7,2,2,2,3,4,3,13,0,1,19,53,3,9,5,3,0,0,0,0.0,1,0,1.0,4514.5,0.544404973,0,3.9,3.0,0.816496581,0,0.333333333,1.0,0,2.65,0,-3,0,0,1.0,0,0,3,0,1,0,0,0,0,0,0,1,0,0,1,0,0,0,0
30,12,12,10858,13.1,2,3,3,5,3,3,42,0,1,17,39,1,2,3,6,0,0,0,0.923076923,0,1,6.0,5429.0,0.896838602,0,1.007692308,3.5,1.0,0,0.5,0.076923077,1,2.166666667,0,0,0,0,0.461538462,1,0,4,0,1,0,0,0,0,1,0,1,0,1,0,0,0,0,0
38,3,0,7385,18.5,3,3,4,3,5,2,45,0,1,27,85,1,9,3,4,0,1,0,0.0,1,0,1.0,2461.666667,0.405884165,1,4.625,3.5,1.290994449,0,0.111111111,0.25,0,3.035714286,1,0,0,0,1.0,2,0,1,0,1,0,0,0,0,0,1,1,0,0,1,0,0,0,0
49,2,1,9441,16.1,2,5,4,2,3,1,42,0,1,15,56,4,2,4,5,0,0,0,0.333333333,1,0,1.0,4720.5,0.749446903,0,5.366666667,2.5,1.290994449,0,2.0,1.333333333,2,3.5,0,1,1,1,1.666666667,0,0,3,0,1,0,0,0,1,0,0,1,0,0,0,1,0,0,0
25,3,3,9321,15.7,3,3,4,4,4,4,45,0,1,2,5,5,7,3,5,0,1,0,0.75,0,0,1.0,3107.0,0.679759704,0,3.925,4.0,0.0,0,0.714285714,1.25,1,1.666666667,0,0,0,0,1.25,0,0,2,0,1,0,0,0,0,0,1,0,0,1,0,0,0,0,0
38,5,3,8952,21.1,3,4,4,2,1,3,57,1,1,20,72,8,4,3,7,0,1,0,0.5,1,0,1.666666667,2984.0,0.755407654,0,3.516666667,2.5,1.290994449,0,2.0,1.333333333,1,3.428571429,1,1,1,1,1.166666667,1,0,2,0,0,0,0,0,0,1,0,1,0,0,1,0,0,0,1
36,1,1,7256,14.6,2,3,3,3,4,3,51,0,1,9,32,4,14,4,3,0,0,0,0.5,0,0,0.5,3628.0,0.518094842,0,7.3,3.25,0.5,0,0.285714286,2.0,1,3.2,0,-1,0,0,1.5,0,0,2,1,1,0,0,0,0,1,0,1,0,0,1,0,0,0,0
38,0,0,3190,11.3,1,3,5,4,3,1,16,0,0,4,15,4,7,3,6,0,0,0,0.0,0,0,0.0,3190.0,0.014143095,1,11.3,3.25,1.707825128,0,0.571428571,4.0,0,3.0,0,0,0,0,6.0,1,0,2,1,0,1,0,0,0,1,0,1,0,0,1,0,0,0,0
29,4,4,7123,10.8,2,2,1,2,5,3,71,1,1,19,49,6,9,3,6,0,0,0,0.8,0,1,2.0,3561.5,0.359211337,1,2.16,2.75,1.707825128,0,0.666666667,1.2,1,2.45,0,-1,0,0,1.2,2,0,2,1,0,0,0,0,0,0,1,0,1,1,0,0,0,1,1
38,11,4,9657,16.7,3,3,1,4,4,4,12,0,1,8,29,4,6,2,4,0,1,0,0.333333333,1,1,3.666666667,3219.0,0.520864016,0,1.391666667,3.25,1.5,0,0.666666667,0.333333333,2,3.222222222,0,1,0,1,0.333333333,1,0,1,0,1,0,0,1,0,0,0,1,0,0,1,0,0,0,0
45,5,2,7166,20.6,1,5,5,3,1,2,13,0,0,35,102,5,13,4,10,0,0,0,0.333333333,1,0,5.0,7166.0,0.502287854,0,3.433333333,2.75,1.707825128,0,0.384615385,0.833333333,2,2.833333333,1,1,1,1,1.666666667,2,0,4,1,0,1,0,0,0,1,0,0,0,0,0,1,0,0,0
31,1,0,5503,8.4,2,3,3,4,3,4,59,1,0,6,19,4,6,4,9,0,0,0,0.0,1,0,0.5,2751.5,0.139248306,1,4.2,3.5,0.577350269,0,0.666666667,2.0,1,2.714285714,0,-1,0,0,4.5,2,0,1,0,0,0,0,0,0,0,1,0,0,1,0,0,0,1,1
35,1,1,9539,17.0,3,4,1,3,1,2,59,0,0,4,11,1,2,4,6,0,1,0,0.5,0,0,0.333333333,3179.666667,0.764933628,0,8.5,1.75,0.957427108,1,0.5,0.5,1,2.2,0,0,1,0,3.0,1,0,3,0,0,1,0,0,1,0,0,1,0,0,1,0,0,0,0
31,7,1,10205,19.2,3,4,3,3,4,2,7,0,0,13,48,8,18,2,7,0,1,0,0.125,1,0,2.333333333,3401.666667,0.774799754,0,2.4,3.0,0.816496581,0,0.444444444,1.0,2,3.428571429,0,2,1,1,0.875,0,0,2,0,0,1,0,0,0,0,1,1,0,1,0,0,0,0,0
30,6,3,5509,14.9,2,3,5,2,3,5,43,0,0,26,74,3,7,4,2,0,0,0,0.428571429,1,0,3.0,2754.5,0.224833611,1,2.128571429,3.75,1.5,0,0.428571429,0.428571429,0,2.740740741,1,-1,0,0,0.285714286,2,0,1,0,1,0,0,0,0,1,0,1,0,1,0,0,0,0,0
42,4,2,8539,11.7,2,3,2,3,2,3,29,0,0,4,12,6,13,1,5,0,0,0,0.4,1,0,2.0,4269.5,0.375061365,1,2.34,2.5,0.577350269,0,0.461538462,1.2,1,2.4,0,2,0,1,1.0,1,0,2,0,0,1,0,1,0,0,0,0,0,0,1,0,0,0,0
36,12,0,12826,21.5,5,4,3,4,2,3,41,0,0,7,25,5,11,3,8,0,1,0,0.0,1,0,2.4,2565.2,0.967554077,0,1.653846154,3.0,0.816496581,0,0.454545455,0.384615385,1,3.125,0,1,1,1,0.615384615,1,0,2,0,0,1,0,0,0,1,0,1,0,0,1,0,0,0,0
45,1,0,4406,7.9,1,3,4,4,3,5,55,1,1,29,96,5,9,3,11,0,0,0,0.0,1,0,1.0,4406.0,0.076955075,1,3.95,4.0,0.816496581,0,0.555555556,2.5,0,3.2,1,0,0,0,5.5,3,0,2,0,0,1,0,0,0,1,0,1,0,0,0,1,0,1,1
42,1,0,6159,9.8,2,2,2,4,3,3,45,0,1,9,39,4,7,3,4,0,0,0,0.0,1,0,0.5,3079.5,0.259402655,1,4.9,3.0,0.816496581,0,0.571428571,2.0,0,3.9,0,-1,0,0,2.0,1,0,2,1,0,0,0,0,1,0,0,1,0,0,1,0,0,0,0
32,1,1,3346,14.2,1,3,5,3,3,4,62,0,0,15,60,3,7,2,8,0,1,0,0.5,0,0,1.0,3346.0,0.019550749,1,7.1,3.75,0.957427108,0,0.428571429,1.5,1,3.75,0,1,0,1,4.0,2,0,2,1,1,0,0,0,0,1,0,1,0,1,0,0,0,0,0
38,2,0,9736,20.0,2,5,3,3,4,2,0,0,1,10,44,3,14,3,3,0,0,0,0.0,1,0,1.0,4868.0,0.533627884,0,6.666666667,3.0,0.816496581,0,0.214285714,1.0,1,4.0,0,2,1,1,1.0,0,0,2,0,1,0,0,1,0,0,0,1,0,0,1,0,0,0,0
40,5,2,13833,15.8,3,3,3,2,1,2,36,0,0,12,49,2,8,4,8,0,1,0,0.333333333,1,0,1.666666667,4611.0,0.951324707,0,2.633333333,2.0,0.816496581,1,0.25,0.333333333,1,3.769230769,0,-1,0,0,1.333333333,2,0,4,0,0,1,0,0,0,0,1,1,0,0,1,0,0,0,0
33,0,0,8871,15.4,2,3,4,3,3,4,39,0,0,13,46,5,6,5,9,0,0,0,0.0,0,0,0.0,4435.5,0.519094139,0,15.4,3.5,0.577350269,0,0.833333333,5.0,1,3.285714286,0,-2,0,0,9.0,1,0,3,0,0,1,0,0,0,0,0,1,0,1,0,0,0,0,0
26,7,7,11755,10.8,4,3,3,4,3,5,17,1,0,13,50,4,6,2,4,0,1,0,0.875,0,1,1.75,2938.75,0.753927344,0,1.35,3.75,0.957427108,0,0.666666667,0.5,1,3.571428571,0,1,0,1,0.5,1,0,1,0,1,0,0,1,0,0,0,1,0,1,0,0,0,1,1
39,13,6,12607,19.7,4,3,5,5,2,2,29,0,0,35,103,3,5,3,3,0,1,0,0.428571429,1,1,3.25,3151.75,0.868561279,0,1.407142857,3.5,1.732050808,0,0.6,0.214285714,0,2.861111111,1,0,0,0,0.214285714,2,0,2,0,1,0,0,0,0,0,0,1,0,0,1,0,0,0,0
48,10,6,10659,11.4,3,4,4,4,2,4,57,0,0,6,18,2,2,3,3,0,1,0,0.545454545,1,1,3.333333333,3553.0,0.817005545,0,1.036363636,3.5,1.0,0,1.0,0.181818182,1,2.571428571,0,1,1,1,0.272727273,1,0,2,0,0,1,0,0,0,0,1,1,0,0,0,1,0,0,0
33,1,1,5849,15.2,1,3,4,4,4,5,12,1,0,34,118,3,8,4,8,0,1,0,0.5,0,0,1.0,5849.0,0.178065311,1,7.6,4.25,0.5,0,0.375,1.5,1,3.371428571,1,-1,0,0,4.0,3,0,2,0,1,0,0,0,0,0,1,1,0,1,0,0,0,1,1
32,2,1,6923,14.8,1,4,2,3,4,4,20,0,1,13,48,3,17,3,3,0,1,0,0.333333333,1,0,2.0,6923.0,0.236234458,1,4.933333333,3.25,0.957427108,0,0.176470588,1.0,1,3.428571429,0,1,1,1,1.0,1,0,2,0,0,0,0,0,0,0,0,0,1,1,0,0,0,0,0
31,1,0,6824,20.6,1,5,4,5,4,2,41,0,1,10,37,4,5,2,8,0,0,0,0.0,1,0,1.0,6824.0,0.367809735,1,10.3,3.75,1.258305739,0,0.8,2.0,0,3.363636364,0,3,1,1,4.0,2,0,3,0,0,1,0,0,1,0,0,1,0,1,0,0,0,0,0
32,1,0,6985,12.8,1,4,3,5,1,3,26,1,1,27,98,5,4,2,3,0,0,0,0.0,1,0,1.0,6985.0,0.332101047,1,6.4,3.0,1.632993162,0,1.25,2.5,1,3.5,1,2,1,1,1.5,2,0,3,1,1,0,0,0,0,0,1,1,0,1,0,0,0,1,1
49,3,0,5967,20.1,1,3,3,5,4,2,25,0,1,9,35,2,16,3,5,0,0,0,0.0,1,0,3.0,5967.0,0.075724104,1,5.025,3.5,1.290994449,0,0.125,0.5,1,3.5,0,0,0,0,1.25,1,0,2,0,0,1,0,1,0,0,0,1,0,0,0,1,0,0,0
21,3,2,8592,18.7,2,4,4,2,4,5,21,0,0,6,25,2,8,3,6,0,0,0,0.5,1,0,1.5,4296.0,0.38119784,1,4.675,3.75,1.258305739,0,0.25,0.5,1,3.571428571,0,1,1,1,1.5,1,0,2,0,0,1,0,1,0,0,0,0,1,0,0,0,0,0,0
25,7,5,10254,17.5,3,5,2,4,4,3,51,0,1,23,70,3,2,5,4,0,1,0,0.625,1,1,2.333333333,3418.0,0.894736842,0,2.1875,3.25,0.957427108,0,1.5,0.375,1,2.916666667,1,0,1,0,0.5,2,0,3,1,1,0,1,0,0,0,0,1,0,1,0,0,0,0,0
36,6,1,8697,16.3,3,3,1,3,4,4,34,0,1,18,63,4,7,2,1,0,1,0,0.142857143,1,0,2.0,2899.0,0.726913478,0,2.328571429,3.0,1.414213562,0,0.571428571,0.571428571,0,3.315789474,1,1,0,1,0.142857143,1,0,3,1,1,0,0,0,0,1,0,0,1,0,1,0,0,0,0
45,16,5,12349,16.4,5,4,4,3,4,5,33,0,0,5,16,5,8,1,4,1,1,0,0.294117647,1,0,3.2,2469.8,0.963815789,0,0.964705882,4.0,0.816496581,0,0.625,0.294117647,1,2.666666667,0,3,1,1,0.235294118,0,0,2,1,1,0,1,0,0,0,0,1,0,0,0,1,0,0,0
34,3,3,6238,13.1,2,3,1,3,5,4,4,0,0,4,15,2,11,2,4,0,0,0,0.75,0,0,1.5,3119.0,0.340266223,1,3.275,3.25,1.707825128,0,0.181818182,0.5,0,3.0,0,1,0,1,1.0,1,0,2,1,1,0,0,0,0,1,0,1,0,1,0,0,0,0,0
46,5,1,13038,14.4,3,3,3,4,4,2,48,0,0,10,30,2,9,2,9,0,1,0,0.166666667,1,0,1.666666667,4346.0,0.841188022,0,2.4,3.25,0.957427108,0,0.222222222,0.333333333,1,2.727272727,0,1,0,1,1.5,1,0,3,1,0,0,0,1,0,0,0,0,0,0,0,1,0,0,0
48,4,0,13918,12.3,3,4,3,4,3,3,26,1,1,10,36,2,14,5,9,0,1,0,0.0,1,0,1.333333333,4639.333333,0.953173136,0,2.46,3.25,0.5,0,0.142857143,0.4,2,3.272727273,0,-1,1,0,1.8,1,0,4,1,1,0,0,0,0,0,1,0,1,0,0,1,0,1,1
40,7,4,9585,12.5,3,1,2,3,3,2,9,0,0,1,5,4,10,4,6,0,1,0,0.5,1,1,2.333333333,3195.0,0.511045655,0,1.5625,2.5,0.577350269,0,0.4,0.5,1,2.5,0,-3,0,0,0.75,1,0,2,1,1,0,0,1,0,0,0,1,0,0,1,0,0,0,0
26,4,0,3485,15.2,1,3,3,1,1,3,48,0,0,36,97,7,2,4,3,0,0,0,0.0,1,0,4.0,3485.0,0.041118421,1,3.04,2.0,1.154700538,1,3.5,1.4,2,2.621621622,1,-1,0,0,0.6,3,0,2,1,0,1,1,0,0,0,0,1,0,1,0,0,0,0,0
47,3,1,4325,20.7,1,3,3,4,4,3,53,0,1,21,77,4,11,3,2,0,0,0,0.25,1,0,3.0,4325.0,0.114309211,1,5.175,3.5,0.577350269,0,0.363636364,1.0,1,3.5,1,0,0,0,0.5,2,0,1,1,0,1,1,0,0,0,0,0,0,0,0,1,0,0,0
28,5,1,8981,16.3,3,4,4,1,3,3,48,0,0,13,51,2,9,3,10,1,1,0,0.166666667,1,0,1.666666667,2993.666667,0.537300178,0,2.716666667,2.75,1.258305739,0,0.222222222,0.333333333,2,3.642857143,0,1,1,1,1.666666667,1,0,1,1,0,1,0,0,0,0,0,1,0,1,0,0,0,0,0
28,4,4,7692,21.0,3,3,2,1,4,3,61,1,1,5,19,5,9,3,4,0,1,0,0.8,0,1,1.333333333,2564.0,0.529867257,0,4.2,2.5,1.290994449,0,0.555555556,1.0,1,3.166666667,0,0,0,0,0.8,1,0,2,1,1,0,0,0,1,0,0,1,0,1,0,0,0,0,1
35,3,0,10803,15.2,3,2,4,3,3,4,19,1,1,7,30,2,8,3,4,0,1,0,0.0,1,0,1.0,3601.0,0.825939618,0,3.8,3.5,0.577350269,0,0.25,0.5,0,3.75,0,-1,0,0,1.0,0,0,3,0,1,0,0,0,0,0,1,1,0,0,1,0,0,0,0
30,0,0,7573,12.0,2,3,4,2,3,2,29,0,0,7,21,1,16,3,3,0,0,0,0.0,0,0,0.0,3786.5,0.243004418,1,12.0,2.75,0.957427108,0,0.0625,1.0,0,2.625,0,0,0,0,3.0,1,0,2,0,0,1,0,1,0,0,0,1,0,1,0,0,0,0,0
28,1,0,7237,19.0,2,3,5,3,3,3,33,1,0,3,11,3,11,2,5,0,0,0,0.0,1,0,0.5,3618.5,0.447455752,1,9.5,3.5,1.0,0,0.272727273,1.5,1,2.75,0,1,0,1,2.5,1,0,2,1,1,0,0,0,1,0,0,1,0,1,0,0,0,0,0
43,0,0,3936,13.5,1,2,4,2,5,3,19,0,1,22,74,3,2,3,7,0,1,0,0.0,0,0,0.0,3936.0,0.020332717,1,13.5,3.5,1.290994449,0,1.5,3.0,1,3.217391304,1,-1,0,0,7.0,2,0,2,1,1,0,0,0,0,0,1,0,0,0,1,0,0,0,0
34,2,1,7397,16.3,2,4,3,3,5,3,49,0,0,7,17,2,9,3,3,0,0,0,0.333333333,1,0,1.0,3698.5,0.40788663,1,5.433333333,3.5,1.0,0,0.222222222,0.666666667,2,2.125,0,1,1,1,1.0,1,0,2,1,0,1,0,0,0,0,1,1,0,1,0,0,0,0,0
26,6,2,9218,21.3,2,3,3,1,4,2,46,1,0,11,32,4,14,4,5,0,1,0,0.285714286,1,0,3.0,4609.0,0.46539028,1,3.042857143,2.5,1.290994449,0,0.285714286,0.571428571,1,2.666666667,0,-1,0,0,0.714285714,1,0,2,0,0,1,0,1,0,0,0,1,0,1,0,0,0,0,0
19,1,1,10048,15.8,2,3,3,1,4,2,19,1,0,27,62,4,2,3,5,0,0,0,0.5,0,0,0.5,5024.0,0.569464899,0,7.9,2.5,1.290994449,0,2.0,2.0,2,2.214285714,1,0,0,0,2.5,1,0,3,1,1,0,0,1,0,0,0,1,0,0,0,0,0,1,1
44,3,3,9441,16.8,2,3,4,3,4,3,39,0,0,18,69,1,6,3,7,0,0,0,0.75,0,0,1.5,4720.5,0.695933457,0,4.2,3.5,0.577350269,0,0.166666667,0.25,1,3.631578947,1,0,0,0,1.75,1,0,4,0,0,0,0,0,0,0,1,1,0,0,1,0,0,0,0
33,7,2,14448,11.1,5,3,2,3,4,4,18,1,0,15,64,2,9,3,9,0,1,0,0.25,1,0,1.4,2889.6,0.990432612,0,1.3875,3.25,0.957427108,0,0.222222222,0.25,2,4.0,1,0,0,0,1.125,2,0,4,0,0,1,0,0,0,1,0,0,0,1,0,0,0,1,1
37,2,2,4845,14.8,1,4,4,3,3,4,34,0,0,14,49,4,3,4,4,0,1,0,0.666666667,0,0,2.0,4845.0,0.122920133,1,4.933333333,3.5,0.577350269,0,1.333333333,1.333333333,1,3.266666667,0,0,1,0,1.333333333,1,0,3,1,0,0,0,0,0,1,0,1,0,0,1,0,0,0,0
38,1,1,9253,15.6,3,5,4,2,2,4,6,0,1,5,11,2,2,2,5,0,1,0,0.5,0,0,0.333333333,3084.333333,0.672520025,0,7.8,3.0,1.154700538,0,1.0,1.0,1,1.833333333,0,3,1,1,2.5,0,0,2,0,0,1,0,0,0,0,1,1,0,0,1,0,0,0,0
38,3,0,5462,13.4,1,3,4,4,4,3,0,1,1,14,75,4,5,2,7,0,0,0,0.0,1,0,3.0,5462.0,0.169247788,1,3.35,3.75,0.5,0,0.8,1.0,2,5.0,1,1,0,1,1.75,2,0,2,0,0,1,0,0,1,0,0,1,0,0,1,0,0,1,1
36,8,6,11603,13.4,4,3,4,5,2,3,48,0,0,16,70,2,8,3,3,0,1,0,0.666666667,1,1,2.0,2900.75,0.874614911,0,1.488888889,3.5,1.290994449,0,0.25,0.222222222,2,4.117647059,1,0,0,0,0.333333333,2,0,2,1,0,1,0,0,0,0,1,1,0,0,1,0,0,0,0
27,7,1,7197,10.0,2,3,4,4,3,4,26,1,0,11,18,5,8,2,9,0,1,0,0.125,1,0,3.5,3598.5,0.27553286,1,1.25,3.75,0.5,0,0.625,0.625,2,1.5,0,1,0,1,1.125,2,0,1,0,0,1,0,0,0,0,0,1,0,1,0,0,0,1,1
38,1,1,9796,17.7,3,2,1,5,4,1,68,1,1,3,5,2,13,2,12,0,1,0,0.5,0,0,0.333333333,3265.333333,0.64142984,0,8.85,2.75,2.061552813,0,0.153846154,1.0,0,1.25,0,0,0,0,6.0,1,0,2,1,1,0,0,0,0,0,0,0,0,0,1,0,0,1,1
44,9,1,10585,16.5,4,3,3,3,3,2,15,1,1,18,74,10,13,5,5,0,1,0,0.1,1,0,2.25,2646.25,0.636597938,0,1.65,2.75,0.5,0,0.769230769,1.0,1,3.894736842,1,-2,0,0,0.5,1,0,1,0,0,1,0,1,0,0,0,0,1,0,1,0,0,1,0
25,7,5,8494,16.7,1,3,4,5,2,2,61,1,0,5,13,6,11,3,10,0,0,0,0.625,1,1,7.0,8494.0,0.368679431,1,2.0875,3.25,1.5,0,0.545454545,0.75,1,2.166666667,0,0,0,0,1.25,3,0,2,1,0,1,0,1,0,0,0,1,0,1,0,0,0,1,1
25,5,2,6543,12.0,3,3,3,5,3,4,71,0,0,5,10,3,5,4,8,0,1,0,0.333333333,1,0,1.666666667,2181.0,0.465460526,1,2.0,3.75,0.957427108,0,0.6,0.5,1,1.666666667,0,-1,0,0,1.333333333,2,0,2,0,1,0,1,0,0,0,0,1,0,1,0,0,0,0,0
41,1,0,6854,11.9,2,3,3,4,4,2,36,1,0,10,26,1,2,3,6,0,0,0,0.0,1,0,0.5,3427.0,0.446131448,1,5.95,3.25,0.957427108,0,0.5,0.5,0,2.363636364,0,0,0,0,3.0,1,0,2,0,0,1,0,0,0,1,0,0,1,0,1,0,0,0,0
41,3,3,10381,20.8,3,3,3,2,3,3,28,1,1,10,40,3,8,1,5,0,1,0,0.75,0,0,1.0,3460.333333,0.707371226,0,5.2,2.75,0.5,0,0.375,0.75,0,3.636363636,0,2,0,1,1.25,0,0,2,1,1,0,0,0,0,0,0,1,0,0,1,0,0,0,0
47,1,0,5945,17.0,1,3,2,3,5,2,40,1,0,23,72,3,3,4,8,0,1,0,0.0,1,0,1.0,5945.0,0.122557726,1,8.5,3.0,1.414213562,0,1.0,1.5,1,3.0,1,-1,0,0,4.0,3,0,2,1,0,1,0,0,0,0,0,1,0,0,0,1,0,1,1
33,5,4,11741,20.3,2,3,2,4,2,3,40,1,1,15,48,1,12,4,1,0,0,0,0.666666667,1,1,2.5,5870.5,0.752700049,0,3.383333333,2.75,0.957427108,0,0.083333333,0.166666667,1,3.0,0,-1,0,0,0.166666667,1,0,4,1,1,0,0,1,0,0,0,0,1,1,0,0,0,0,1
19,1,1,5033,13.4,2,3,1,5,3,3,20,0,1,5,14,6,18,3,3,0,0,0,0.5,0,0,0.5,2516.5,0.147670549,1,6.7,3.0,1.632993162,0,0.333333333,3.0,0,2.333333333,0,0,0,0,1.5,1,0,1,1,1,0,0,0,0,1,0,0,0,0,0,0,0,0,0
31,8,5,7420,19.9,2,4,3,2,3,4,44,0,0,11,25,2,12,4,2,0,0,0,0.555555556,1,1,4.0,3710.0,0.546173045,0,2.211111111,3.0,0.816496581,0,0.166666667,0.222222222,2,2.083333333,0,0,1,0,0.222222222,1,0,2,1,0,1,0,0,0,1,0,1,0,1,0,0,0,0,0
24,6,6,6285,18.1,3,2,4,2,3,3,51,1,0,19,66,3,12,4,4,0,1,0,0.857142857,0,1,2.0,2095.0,0.234442391,1,2.585714286,3.0,0.816496581,0,0.25,0.428571429,1,3.3,1,-2,0,0,0.571428571,3,0,1,0,1,0,0,0,0,0,1,1,0,0,0,0,0,0,0
28,10,9,7998,18.7,3,4,4,3,3,2,55,0,0,6,14,2,6,4,7,0,1,0,0.818181818,1,1,3.333333333,2666.0,0.694901316,0,1.7,3.0,0.816496581,0,0.333333333,0.181818182,2,2.0,0,0,1,0,0.636363636,1,0,2,1,0,1,1,0,0,0,0,1,0,1,0,0,0,0,0
33,6,2,9470,20.6,3,5,3,3,4,4,55,1,0,13,24,4,10,3,5,1,1,0,0.285714286,1,0,2.0,3156.666667,0.753871681,0,2.942857143,3.5,0.577350269,0,0.4,0.571428571,0,1.714285714,0,2,1,1,0.714285714,0,0,2,1,0,0,0,0,1,0,0,1,0,1,0,0,0,0,0
41,12,12,10670,17.6,4,4,3,2,3,5,10,0,1,13,43,2,6,3,7,0,1,0,0.923076923,0,1,3.0,2667.5,0.855641593,0,1.353846154,3.25,1.258305739,0,0.333333333,0.153846154,1,3.071428571,0,1,1,1,0.538461538,1,0,2,0,1,0,0,0,1,0,0,1,0,0,1,0,0,0,0
42,5,4,11372,17.5,3,3,3,2,3,2,34,1,0,15,45,3,8,5,11,0,1,0,0.666666667,1,1,1.666666667,3790.666667,0.863216266,0,2.916666667,2.5,0.577350269,0,0.375,0.5,1,2.8125,0,-2,0,0,1.833333333,2,0,3,0,0,0,0,0,0,0,1,1,0,0,1,0,0,1,1
35,17,8,14547,20.1,5,4,3,4,4,3,40,0,0,11,32,5,3,2,3,0,1,0,0.444444444,1,1,3.4,2909.4,0.910407462,0,1.116666667,3.5,0.577350269,0,1.666666667,0.277777778,1,2.666666667,0,2,1,1,0.166666667,1,0,1,1,1,0,0,1,0,0,0,1,0,0,1,0,0,0,0
35,16,5,15762,15.2,4,3,2,2,3,2,60,1,0,7,26,4,10,1,3,0,1,0,0.294117647,1,1,4.0,3940.5,0.967584369,0,0.894117647,2.25,0.5,1,0.4,0.235294118,0,3.25,0,2,0,1,0.176470588,2,1,3,1,0,1,0,0,0,0,0,0,1,0,1,0,0,1,0
41,19,12,11828,18.8,5,3,1,4,3,3,24,0,0,4,12,2,10,4,3,0,1,0,0.6,1,1,3.8,2365.6,0.884781269,0,0.94,2.75,1.258305739,0,0.2,0.1,1,2.4,0,-1,0,0,0.15,1,0,1,0,1,0,0,0,0,0,1,1,0,0,1,0,0,0,0
30,5,5,10794,19.4,4,4,2,3,5,4,49,0,0,11,45,4,2,2,2,1,1,0,0.833333333,0,0,1.25,2698.5,0.825323475,0,3.233333333,3.5,1.290994449,0,2.0,0.666666667,2,3.75,0,2,1,1,0.333333333,0,0,2,1,1,0,0,0,0,0,1,0,1,1,0,0,0,0,0
36,7,6,9380,12.7,3,2,2,3,2,4,0,1,0,5,17,7,9,4,14,0,1,0,0.75,1,1,2.333333333,3126.666667,0.745298673,0,1.5875,2.75,0.957427108,0,0.777777778,0.875,0,2.833333333,0,-2,0,0,1.75,2,0,2,1,1,0,0,0,1,0,0,1,0,0,1,0,0,1,1
37,6,0,8422,15.1,3,1,3,2,4,4,38,1,0,30,88,9,13,5,10,0,1,0,0.0,1,0,2.0,2807.333333,0.452042629,1,2.157142857,3.25,0.957427108,0,0.692307692,1.285714286,1,2.838709677,1,-4,0,0,1.428571429,3,0,2,0,1,0,0,0,0,0,0,1,0,0,1,0,0,1,1
34,12,6,8855,12.6,3,3,5,4,3,2,48,0,1,5,10,1,8,3,4,0,1,0,0.461538462,1,1,4.0,2951.666667,0.687776549,0,0.969230769,3.5,1.290994449,0,0.125,0.076923077,1,1.666666667,0,0,0,0,0.307692308,1,0,1,1,0,1,0,0,1,0,0,1,0,1,0,0,0,0,0
18,0,0,2988,18.4,1,3,4,3,3,4,49,1,0,8,29,7,11,4,10,0,0,0,0.0,0,0,0.0,2988.0,0.009567388,1,18.4,3.5,0.577350269,0,0.636363636,7.0,1,3.222222222,0,-1,0,0,10.0,2,0,1,0,1,0,0,0,0,1,0,1,0,0,0,0,0,1,1
28,1,0,5401,12.0,1,3,3,4,3,3,36,0,0,8,23,2,5,3,4,0,0,0,0.0,1,0,1.0,5401.0,0.205282862,1,6.0,3.25,0.5,0,0.4,1.0,2,2.555555556,0,0,0,0,2.0,1,0,3,1,1,0,0,0,0,1,0,1,0,1,0,0,0,0,0
55,7,0,9574,12.7,3,4,3,3,2,3,49,0,0,8,22,2,3,4,4,1,1,1,0.0,1,0,2.333333333,3191.333333,0.769911504,0,1.5875,2.75,0.5,0,0.666666667,0.25,2,2.444444444,0,0,1,0,0.5,0,0,2,1,1,0,0,0,1,0,0,0,1,0,0,0,1,0,0
34,4,4,8920,15.6,3,4,3,3,4,4,46,0,0,11,35,8,3,3,7,0,1,0,0.8,0,1,1.333333333,2973.333333,0.693030973,0,3.12,3.5,0.577350269,0,2.666666667,1.6,1,2.916666667,0,1,1,1,1.4,1,0,1,1,1,0,0,0,1,0,0,1,0,1,0,0,0,0,0
51,1,0,6878,18.5,1,4,2,1,2,3,19,0,1,6,15,5,9,4,3,0,1,1,0.0,1,0,1.0,6878.0,0.158075601,1,9.25,2.0,0.816496581,1,0.555555556,2.5,0,2.142857143,0,0,1,0,1.5,2,0,2,1,0,1,0,1,0,0,0,1,0,0,0,1,0,0,0
39,0,0,5465,10.2,2,3,1,3,3,3,40,0,0,11,43,5,2,3,2,0,0,0,0.0,0,0,0.0,2732.5,0.134473198,1,10.2,2.5,1.0,0,2.5,5.0,1,3.583333333,0,0,0,0,2.0,1,0,2,1,1,0,0,0,0,0,1,1,0,0,1,0,0,0,0
35,4,0,8374,11.4,2,3,2,3,4,3,0,0,0,9,22,2,2,3,5,0,0,0,0.0,1,0,2.0,4187.0,0.351742759,1,2.28,3.0,0.816496581,0,1.0,0.4,1,2.2,0,0,0,0,1.0,1,0,2,0,0,1,0,1,0,0,0,1,0,0,1,0,0,0,0
40,2,1,9480,17.3,3,4,5,4,3,5,16,1,1,27,135,2,10,3,12,0,1,0,0.333333333,1,0,0.666666667,3160.0,0.495459008,1,5.766666667,4.25,0.957427108,0,0.2,0.666666667,0,4.821428571,1,1,1,1,4.0,3,0,2,0,0,1,0,1,0,0,0,1,0,0,1,0,0,1,0
22,4,1,7106,11.2,2,4,3,4,5,2,22,1,1,19,69,3,6,4,6,0,0,0,0.2,1,0,2.0,3553.0,0.493344426,1,2.24,3.5,1.290994449,0,0.5,0.6,0,3.45,1,0,1,0,1.2,2,0,2,0,1,0,0,0,0,1,0,0,1,0,0,0,0,0,0
40,9,7,8819,12.9,3,3,2,3,2,3,46,0,1,8,30,5,10,4,4,0,1,0,0.7,1,1,3.0,2939.666667,0.743136439,0,1.29,2.5,0.577350269,0,0.5,0.5,2,3.333333333,0,-1,0,0,0.4,1,0,3,1,0,1,0,0,0,1,0,0,0,0,1,0,0,0,0
42,8,5,9158,18.3,3,4,4,3,5,3,34,0,0,24,83,4,12,3,6,0,1,0,0.555555556,1,1,2.666666667,3052.666667,0.817434211,0,2.033333333,3.75,0.957427108,0,0.333333333,0.444444444,2,3.32,1,1,1,1,0.666666667,2,0,3,0,1,0,1,0,0,0,0,1,0,0,1,0,0,0,0
53,9,6,14020,12.3,3,3,2,3,2,4,8,0,0,21,41,2,17,4,3,0,1,1,0.6,1,1,3.0,4673.333333,0.887334315,0,1.23,2.75,0.957427108,0,0.117647059,0.2,1,1.863636364,0,-1,0,0,0.3,1,0,3,1,1,0,0,1,0,0,0,0,0,0,0,1,0,0,0
50,0,0,8102,16.5,2,5,1,3,4,3,35,0,0,11,44,3,3,2,9,0,0,1,0.0,0,0,0.0,4051.0,0.312714777,1,16.5,2.75,1.258305739,0,1.0,3.0,0,3.666666667,0,3,1,1,9.0,2,0,1,1,1,0,0,1,0,0,0,0,0,0,0,1,0,0,0
37,1,0,7609,18.7,2,3,4,4,3,3,60,0,1,24,88,4,7,3,3,0,0,0,0.0,1,0,0.5,3804.5,0.443006778,1,9.35,3.5,0.577350269,0,0.571428571,2.0,1,3.52,1,0,0,0,1.5,2,0,2,1,0,0,0,0,0,0,1,1,0,0,1,0,0,0,0
32,6,2,12299,14.8,3,3,3,2,3,3,41,1,1,11,37,4,3,4,7,0,1,0,0.285714286,1,0,2.0,4099.666667,0.85035524,0,2.114285714,2.75,0.5,0,1.333333333,0.571428571,0,3.083333333,0,-1,0,0,1.0,0,0,3,0,1,0,0,0,0,0,0,1,0,1,0,0,0,0,0
40,6,1,14705,15.3,3,3,4,1,4,4,0,0,0,3,6,3,9,3,6,0,1,0,0.142857143,1,0,2.0,4901.666667,0.91593029,0,2.185714286,3.25,1.5,0,0.333333333,0.428571429,1,1.5,0,0,0,0,0.857142857,0,0,4,1,0,1,0,1,0,0,0,1,0,0,1,0,0,0,0
38,8,3,10935,19.4,4,3,3,5,2,2,37,0,0,28,92,3,9,3,6,0,1,0,0.333333333,1,0,2.0,2733.75,0.835489834,0,2.155555556,3.0,1.414213562,0,0.333333333,0.333333333,1,3.172413793,1,0,0,0,0.666666667,1,0,2,0,1,0,0,0,0,0,1,1,0,0,1,0,0,0,0
37,2,2,7049,15.7,1,3,3,2,5,3,44,1,0,12,51,2,6,4,11,0,1,0,0.666666667,0,0,2.0,7049.0,0.175380461,1,5.233333333,3.25,1.258305739,0,0.333333333,0.666666667,1,3.923076923,0,-1,0,0,3.666666667,2,0,1,1,0,1,0,1,0,0,0,1,0,0,1,0,0,1,1
19,1,1,7933,10.6,2,2,3,4,3,3,51,1,1,2,5,5,15,5,6,0,0,0,0.5,0,0,0.5,3966.5,0.288168876,1,5.3,3.25,0.5,0,0.333333333,2.5,1,1.666666667,0,-3,0,0,3.0,1,0,3,1,0,1,0,1,0,0,0,1,0,0,0,0,0,0,0
45,1,0,5429,16.8,1,3,5,4,3,2,51,0,0,9,26,2,2,4,6,0,0,0,0.0,1,0,1.0,5429.0,0.163163717,1,8.4,3.5,1.290994449,0,1.0,1.0,1,2.6,0,-1,0,0,3.0,1,0,2,1,1,0,0,0,1,0,0,0,0,0,0,1,0,0,0
42,2,1,5209,20.6,1,5,4,5,5,2,56,0,0,11,42,5,13,4,5,0,0,0,0.333333333,1,0,2.0,5209.0,0.059058615,1,6.866666667,4.0,1.414213562,0,0.384615385,1.666666667,2,3.5,0,1,1,1,1.666666667,1,0,1,0,0,1,0,0,0,0,0,0,0,0,1,0,0,0,0
41,4,1,7424,10.4,2,2,3,4,3,5,49,0,0,25,85,5,6,2,2,0,0,0,0.2,1,0,2.0,3712.0,0.547004992,0,2.08,3.75,0.957427108,0,0.833333333,1.0,1,3.269230769,1,0,0,0,0.4,1,0,2,1,0,0,0,0,0,1,0,1,0,0,1,0,0,0,0
47,0,0,12813,17.6,3,3,3,4,3,3,45,0,1,9,30,3,2,3,5,0,1,0,0.0,0,0,0.0,4271.0,0.82670594,0,17.6,3.25,0.5,0,1.5,3.0,1,3.0,0,0,0,0,5.0,0,0,3,1,0,1,0,1,0,0,0,0,1,0,0,1,0,0,0
34,3,2,6997,15.6,1,3,4,4,2,3,32,1,0,15,54,4,6,3,14,0,0,0,0.5,1,0,3.0,6997.0,0.168998527,1,3.9,3.25,0.957427108,0,0.666666667,1.0,0,3.375,0,0,0,0,3.5,2,0,2,1,0,1,0,1,0,0,0,1,0,1,0,0,0,1,1
31,10,2,14148,21.4,3,4,3,2,2,5,75,0,1,21,84,7,4,4,8,0,1,0,0.181818182,1,0,3.333333333,4716.0,0.932060391,0,1.945454545,3.0,1.414213562,0,1.75,0.636363636,1,3.818181818,1,0,1,0,0.727272727,2,0,3,1,0,1,0,0,0,0,0,1,0,1,0,0,0,0,0
33,8,0,8827,13.9,2,4,1,3,2,3,27,1,1,7,22,4,14,3,8,0,1,0,0.0,1,0,4.0,4413.5,0.745008319,0,1.544444444,2.25,0.957427108,1,0.285714286,0.444444444,1,2.75,0,1,1,1,0.888888889,2,1,3,0,0,0,0,0,0,1,0,0,1,1,0,0,0,1,1
41,8,4,13325,11.2,4,1,4,3,3,4,38,1,0,6,20,6,7,1,4,0,1,0,0.444444444,1,1,2.0,3331.25,0.85640648,0,1.244444444,3.5,0.577350269,0,0.857142857,0.666666667,1,2.857142857,0,0,0,0,0.444444444,1,0,2,0,0,0,0,1,0,0,0,1,0,0,1,0,0,1,1
27,2,0,6605,15.8,2,3,5,5,2,3,6,0,1,16,47,2,8,3,1,0,0,0,0.0,1,0,1.0,3302.5,0.475328947,1,5.266666667,3.75,1.5,0,0.25,0.666666667,2,2.764705882,0,0,0,0,0.333333333,1,0,2,0,0,1,1,0,0,0,0,1,0,1,0,0,0,0,0
48,5,3,14254,7.5,3,3,4,4,4,3,0,1,0,16,65,9,4,2,4,0,1,0,0.5,1,0,1.666666667,4751.333333,0.898134512,0,1.25,3.75,0.5,0,2.25,1.5,0,3.823529412,1,1,0,1,0.666666667,1,0,3,1,1,0,0,1,0,0,0,1,0,0,0,1,0,0,0
40,8,6,8313,15.4,2,5,3,2,3,3,28,0,0,29,88,6,9,4,4,0,0,0,0.666666667,1,1,4.0,4156.5,0.680948419,0,1.711111111,2.75,0.5,0,0.666666667,0.666666667,0,2.933333333,1,1,1,1,0.444444444,2,0,2,1,0,1,0,0,0,1,0,1,0,0,1,0,0,0,0
34,2,2,7753,20.8,2,5,4,3,1,3,30,0,0,19,60,2,8,1,7,0,0,0,0.666666667,0,0,1.0,3876.5,0.355239787,1,6.933333333,2.75,1.258305739,0,0.25,0.666666667,1,3.0,0,4,1,1,2.333333333,1,0,2,1,0,0,0,0,0,0,0,1,0,1,0,0,0,0,0
35,10,10,9586,12.6,4,2,1,5,3,3,72,1,0,16,47,3,11,3,13,0,1,0,0.909090909,0,1,2.5,2396.5,0.713955638,0,1.145454545,3.0,1.632993162,0,0.272727273,0.272727273,1,2.764705882,0,-1,0,0,1.181818182,2,0,1,1,1,0,0,0,0,0,1,1,0,0,1,0,0,1,1
26,8,3,7329,14.5,2,4,2,3,2,3,26,1,1,16,35,4,4,4,3,0,0,0,0.333333333,1,0,4.0,3664.5,0.462665929,1,1.611111111,2.5,0.577350269,0,1.0,0.444444444,1,2.058823529,0,0,1,0,0.333333333,1,0,2,0,1,0,0,0,1,0,0,0,1,1,0,0,0,1,1
41,6,3,11137,15.9,2,3,5,3,5,1,38,0,1,19,64,2,2,3,4,0,0,0,0.428571429,1,0,3.0,5568.5,0.912645591,0,2.271428571,3.5,1.914854216,0,1.0,0.285714286,0,3.2,1,0,0,0,0.571428571,1,0,4,0,0,0,0,0,0,1,0,1,0,0,1,0,0,0,0
29,3,1,6553,11.9,2,2,2,3,5,2,25,0,1,3,12,2,6,4,3,0,1,0,0.25,1,0,1.5,3276.5,0.191829485,1,2.975,3.0,1.414213562,0,0.333333333,0.5,0,3.0,0,-2,0,0,0.75,1,0,2,1,1,0,0,0,0,0,0,1,0,1,0,0,0,0,0
33,5,0,12763,14.5,3,3,3,3,2,5,49,0,0,11,19,4,7,3,7,0,1,0,0.0,1,0,1.666666667,4254.333333,0.822901325,0,2.416666667,3.25,1.258305739,0,0.571428571,0.666666667,1,1.583333333,0,0,0,0,1.166666667,0,0,3,0,0,0,0,1,0,0,0,1,0,1,0,0,0,0,0
32,4,3,7208,13.3,2,4,4,2,4,3,35,0,0,27,82,8,10,2,3,0,0,0,0.6,1,0,2.0,3604.0,0.373228589,1,2.66,3.25,0.957427108,0,0.8,1.6,1,2.928571429,1,2,1,1,0.6,2,0,1,1,1,0,0,0,0,0,1,1,0,1,0,0,0,0,0
21,3,1,8629,19.2,3,3,2,3,1,3,24,1,0,8,29,5,6,3,10,0,1,0,0.25,1,0,1.0,2876.333333,0.720049917,0,4.8,2.25,0.957427108,1,0.833333333,1.25,2,3.222222222,0,0,0,0,2.5,2,1,3,1,1,0,0,0,0,1,0,1,0,0,0,0,0,1,1
24,5,2,10831,13.8,2,4,3,3,4,5,17,0,1,16,63,4,12,3,3,1,1,0,0.333333333,1,0,2.5,5415.5,0.749111901,0,2.3,3.75,0.957427108,0,0.333333333,0.666666667,1,3.705882353,1,1,1,1,0.5,1,0,3,0,1,0,0,0,0,0,0,0,0,0,0,0,0,0,0
29,4,2,10625,14.6,2,2,4,4,2,1,40,1,0,17,40,3,13,4,6,0,0,0,0.4,1,0,2.0,5312.5,0.640279823,0,2.92,2.75,1.5,0,0.230769231,0.6,2,2.222222222,0,-2,0,0,1.2,0,0,4,0,1,0,0,1,0,0,0,1,0,1,0,0,0,1,1
38,19,15,14913,17.5,5,3,3,3,3,3,28,0,0,4,13,2,12,3,5,0,1,0,0.75,1,1,3.8,2982.6,0.922434953,0,0.875,3.0,0.0,0,0.166666667,0.1,0,2.6,0,0,0,0,0.25,1,0,2,0,0,1,0,1,0,0,0,1,0,0,1,0,0,0,0
24,6,2,9925,15.0,3,3,4,4,4,3,8,1,0,14,38,3,9,2,10,0,1,0,0.285714286,1,0,2.0,3308.333333,0.554737359,0,2.142857143,3.75,0.5,0,0.333333333,0.428571429,1,2.533333333,0,1,0,1,1.428571429,1,0,2,0,0,1,0,1,0,0,0,1,0,0,0,0,0,0,1
42,0,0,4173,16.2,1,3,1,5,4,1,28,1,1,59,65,1,10,3,9,0,0,0,0.0,0,0,0.0,4173.0,0.058236273,1,16.2,2.75,2.061552813,0,0.1,1.0,1,1.083333333,1,0,0,0,9.0,3,0,3,1,1,0,0,0,0,1,0,1,0,0,1,0,0,1,1
47,7,3,6867,13.7,2,2,5,4,4,3,46,0,0,16,50,4,19,1,4,0,0,0,0.375,1,0,3.5,3433.5,0.157093765,1,1.7125,4.0,0.816496581,0,0.210526316,0.5,1,2.941176471,0,1,0,1,0.5,1,0,1,1,1,0,0,1,0,0,0,1,0,0,0,1,0,0,0
43,3,0,7610,16.0,2,4,3,2,1,2,56,1,1,5,18,8,2,3,9,0,0,0,0.0,1,0,1.5,3805.0,0.443314849,1,4.0,2.0,0.816496581,1,4.0,2.0,2,3.0,0,1,1,1,2.25,3,1,2,0,1,0,0,0,0,0,1,1,0,0,1,0,0,1,1
24,6,0,6336,20.6,2,4,3,5,3,3,2,1,0,21,82,4,13,1,7,1,1,0,0.0,1,0,3.0,3168.0,0.357737105,1,2.942857143,3.5,1.0,0,0.307692308,0.571428571,1,3.727272727,1,3,1,1,1.0,2,0,2,0,1,0,0,0,0,1,0,1,0,0,0,0,0,0,0
22,4,3,9289,16.0,3,3,1,4,3,4,36,0,1,7,19,3,7,3,5,0,1,0,0.6,1,0,1.333333333,3096.333333,0.675908811,0,3.2,3.0,1.414213562,0,0.428571429,0.6,2,2.375,0,0,0,0,1.0,0,0,2,0,1,0,0,0,0,0,1,1,0,0,0,0,0,0,0
29,9,3,10698,7.8,4,3,1,3,4,3,45,0,1,16,41,3,11,3,6,0,1,0,0.3,1,0,2.25,2674.5,0.85840708,0,0.78,2.75,1.258305739,0,0.272727273,0.3,1,2.411764706,0,0,0,0,0.6,0,0,2,0,1,0,0,0,1,0,0,1,0,1,0,0,0,0,0
44,2,2,3267,14.6,1,4,4,1,5,4,31,0,1,12,46,1,9,4,7,0,1,0,0.666666667,0,0,2.0,3267.0,0.015806988,1,4.866666667,3.5,1.732050808,0,0.111111111,0.333333333,1,3.538461538,0,0,1,0,2.333333333,1,0,1,1,1,0,0,0,0,1,0,1,0,0,1,0,0,0,0
47,3,0,9362,15.2,3,3,3,4,4,1,13,1,0,4,13,3,5,3,8,0,1,0,0.0,1,0,1.0,3120.666667,0.74170354,0,3.8,3.0,1.414213562,0,0.6,0.75,2,2.6,0,0,0,0,2.0,1,0,2,1,1,0,0,0,1,0,0,1,0,0,0,1,0,1,1
33,9,5,5584,12.8,2,3,3,3,4,2,22,0,1,25,67,8,6,3,4,0,0,0,0.5,1,1,4.5,2792.0,0.1474122,1,1.28,3.0,0.816496581,0,1.333333333,0.8,0,2.576923077,1,0,0,0,0.4,3,0,1,1,1,0,0,0,0,0,1,0,0,1,0,0,0,0,0
19,1,0,7533,13.7,2,3,1,4,5,4,23,1,1,8,28,5,10,3,5,0,1,0,0.0,1,0,0.5,3766.5,0.321492007,1,6.85,3.5,1.732050808,0,0.5,2.5,0,3.111111111,0,0,0,0,2.5,1,0,2,1,1,0,0,0,0,0,0,1,0,0,0,0,0,0,1
36,9,2,14138,11.3,4,3,3,4,4,1,49,0,0,21,49,3,13,1,5,0,1,0,0.2,1,0,2.25,3534.5,0.893225331,0,1.13,3.0,1.414213562,0,0.230769231,0.3,0,2.227272727,0,2,0,1,0.5,0,0,2,1,0,1,0,1,0,0,0,1,0,0,1,0,0,0,0
54,1,1,8071,13.8,3,3,3,4,1,4,0,0,0,23,92,4,8,3,6,0,1,1,0.5,0,0,0.333333333,2690.333333,0.584347345,0,6.9,3.0,1.414213562,0,0.5,2.0,1,3.833333333,1,0,0,0,3.0,1,0,3,1,0,1,0,0,1,0,0,1,0,0,0,1,0,0,0
30,5,1,9600,12.6,4,2,5,2,4,1,55,0,0,5,19,1,6,3,8,0,1,0,0.166666667,1,0,1.25,2400.0,0.613898757,0,2.1,3.0,1.825741858,0,0.166666667,0.166666667,0,3.166666667,0,-1,0,0,1.333333333,1,0,2,0,0,1,0,0,0,0,0,1,0,1,0,0,0,0,0
27,0,0,7298,14.4,2,4,2,1,3,3,3,1,0,21,63,2,13,3,10,0,0,0,0.0,0,0,0.0,3649.0,0.390634627,1,14.4,2.25,0.957427108,1,0.153846154,2.0,0,2.863636364,1,1,1,1,10.0,4,1,2,1,1,0,0,0,0,0,1,0,1,1,0,0,0,1,1
38,3,1,8085,19.8,3,4,4,4,3,3,49,1,0,15,49,1,14,1,13,0,1,0,0.25,1,0,1.0,2695.0,0.510628466,0,4.95,3.5,0.577350269,0,0.071428571,0.25,0,3.0625,0,3,1,1,3.25,1,0,2,1,0,1,0,0,0,0,1,1,0,0,1,0,0,0,0
50,9,4,12031,16.6,3,4,3,2,4,2,63,0,0,9,24,5,5,4,6,1,1,1,0.4,1,0,3.0,4010.333333,0.775773196,0,1.66,2.75,0.957427108,0,1.0,0.5,1,2.4,0,0,1,0,0.6,0,0,2,0,0,0,0,1,0,0,0,0,0,0,0,1,0,0,0
29,11,5,13419,12.4,3,3,2,2,4,4,43,1,1,7,22,3,8,2,1,0,1,0,0.416666667,1,1,3.666666667,4473.0,0.860702013,0,1.033333333,3.0,1.154700538,0,0.375,0.25,1,2.75,0,1,0,1,0.083333333,1,0,3,1,1,0,0,1,0,0,0,1,0,1,0,0,0,1,1
33,3,1,9255,11.3,2,4,4,4,2,3,33,1,0,2,5,3,3,4,4,0,1,0,0.25,1,0,1.5,4627.5,0.469808542,1,2.825,3.25,0.957427108,0,1.0,0.75,0,1.666666667,0,0,1,0,1.0,1,0,2,0,1,0,0,1,0,0,0,1,0,1,0,0,0,0,0
36,1,0,6491,17.9,2,4,3,4,1,3,57,0,0,26,80,8,6,3,3,0,0,0,0.0,1,0,0.5,3245.5,0.383111481,1,8.95,2.75,1.258305739,0,1.333333333,4.0,1,2.962962963,1,1,1,1,1.5,2,0,2,1,1,0,0,0,0,1,0,1,0,0,1,0,0,0,0
45,7,1,10308,11.9,4,1,3,3,5,4,50,0,0,11,27,2,4,5,1,0,1,0,0.125,1,0,1.75,2577.0,0.864808652,0,1.4875,3.75,0.957427108,0,0.5,0.25,1,2.25,0,-4,0,0,0.125,0,0,2,1,1,0,0,0,0,1,0,1,0,0,0,1,0,0,0
41,2,1,8026,16.9,3,3,2,4,3,4,56,1,0,5,16,3,9,3,8,0,1,0,0.333333333,1,0,0.666666667,2675.333333,0.505237215,0,5.633333333,3.25,0.957427108,0,0.333333333,1.0,1,2.666666667,0,0,0,0,2.666666667,1,0,2,0,1,0,0,0,0,0,1,1,0,0,1,0,0,0,1
37,6,4,5118,14.3,1,3,3,3,2,3,39,0,0,22,73,3,8,3,8,0,0,0,0.571428571,1,1,6.0,5118.0,0.163269551,1,2.042857143,2.75,0.5,0,0.375,0.428571429,1,3.173913043,1,0,0,0,1.142857143,4,0,2,0,0,1,0,0,0,1,0,0,0,0,1,0,0,0,0
43,13,1,10063,13.0,4,3,3,2,3,3,18,1,0,4,12,3,9,4,6,0,1,0,0.071428571,1,0,3.25,2515.75,0.758163894,0,0.928571429,2.75,0.5,0,0.333333333,0.214285714,2,2.4,0,-1,0,0,0.428571429,0,0,1,1,0,1,0,0,0,0,1,1,0,0,1,0,0,1,1
31,2,2,6206,15.1,2,4,4,4,1,5,27,0,1,4,14,2,10,4,5,0,0,0,0.666666667,0,0,1.0,3103.0,0.151865009,1,5.033333333,3.5,1.732050808,0,0.2,0.666666667,1,2.8,0,0,1,0,1.666666667,1,0,2,0,0,1,0,0,0,0,0,1,0,1,0,0,0,0,0
42,1,1,8133,19.7,2,4,2,4,3,2,64,0,0,19,75,1,6,4,6,0,0,0,0.5,0,0,0.5,4066.5,0.516943931,0,9.85,2.75,0.957427108,0,0.166666667,0.5,0,3.75,1,0,1,0,3.0,1,0,2,1,0,0,0,0,0,0,1,1,0,0,1,0,0,0,0
28,0,0,10411,15.7,2,4,3,3,1,2,45,0,0,21,43,5,3,4,3,0,0,0,0.0,0,0,0.0,5205.5,0.710479574,0,15.7,2.25,0.957427108,1,1.666666667,5.0,0,1.954545455,0,0,1,0,3.0,1,0,3,1,1,0,0,0,0,0,0,0,0,1,0,0,0,0,0
34,6,2,11740,17.0,4,4,2,1,4,1,26,1,1,11,40,6,3,4,12,0,1,0,0.285714286,1,0,1.5,2935.0,0.881392483,0,2.428571429,2.0,1.414213562,1,2.0,0.857142857,2,3.333333333,0,0,1,0,1.714285714,2,1,2,1,1,0,0,0,0,0,1,1,0,1,0,0,0,1,1
44,6,0,10301,13.3,3,2,3,3,4,4,28,0,0,8,25,6,14,2,7,0,1,0,0.0,1,0,2.0,3433.666667,0.598551792,0,1.9,3.5,0.577350269,0,0.428571429,0.857142857,1,2.777777778,0,0,0,0,1.0,0,0,2,1,0,1,0,1,0,0,0,0,0,0,1,0,0,0,0
39,1,1,6885,12.2,2,3,4,4,2,3,50,0,1,8,36,6,4,1,1,0,0,0,0.5,0,0,0.5,3442.5,0.527138158,0,6.1,3.25,0.957427108,0,1.5,3.0,0,4.0,0,2,0,1,0.5,0,0,2,1,1,0,1,0,0,0,0,1,0,0,1,0,0,0,0
51,6,0,8061,14.9,2,3,2,2,2,5,20,0,0,2,6,7,13,4,2,0,0,1,0.0,1,0,3.0,4030.5,0.508780037,0,2.128571429,2.75,1.5,0,0.538461538,1.0,1,2.0,0,-1,0,0,0.285714286,0,0,2,1,0,1,0,0,0,0,1,0,0,0,0,1,0,0,0
18,0,0,8794,12.0,3,3,4,3,3,5,49,0,1,16,47,5,10,5,4,0,1,0,0.0,0,0,0.0,2931.333333,0.787828947,0,12.0,3.75,0.957427108,0,0.5,5.0,0,2.764705882,0,-2,0,0,4.0,0,0,3,0,1,0,1,0,0,0,0,1,0,0,0,0,0,0,0
34,8,0,16212,12.1,5,1,3,4,1,3,48,0,1,1,5,6,8,5,7,0,1,0,0.0,1,0,1.6,3242.4,0.986444855,0,1.344444444,2.75,1.258305739,0,0.75,0.666666667,0,2.5,0,-4,0,0,0.777777778,0,0,3,1,0,1,0,0,0,0,1,0,1,1,0,0,0,0,0
37,3,0,18707,12.5,4,3,4,5,3,3,34,0,1,16,55,4,5,4,4,0,1,0,0.0,1,0,0.75,4676.75,0.986745214,0,3.125,3.75,0.957427108,0,0.8,1.0,1,3.235294118,0,-1,0,0,1.0,0,0,4,1,0,0,0,1,0,0,0,1,0,0,1,0,0,0,0
48,4,4,10213,12.3,3,2,3,2,2,5,47,0,0,19,53,4,6,4,8,0,1,0,0.8,0,1,1.333333333,3404.333333,0.590083456,0,2.46,3.0,1.414213562,0,0.666666667,0.8,1,2.65,0,-2,0,0,1.6,2,0,2,1,0,1,0,1,0,0,0,1,0,0,0,1,0,0,0
39,8,3,10803,6.5,2,1,4,4,4,3,47,0,1,20,56,1,2,3,3,0,1,0,0.333333333,1,0,4.0,5401.5,0.657707413,0,0.722222222,3.75,0.5,0,0.5,0.111111111,1,2.666666667,0,-2,0,0,0.333333333,0,0,4,0,0,1,0,1,0,0,0,1,0,0,1,0,0,0,0
47,3,0,7228,10.3,2,3,4,3,1,5,45,0,1,9,14,4,8,4,2,0,1,0,0.0,1,0,1.5,3614.0,0.377079482,1,2.575,3.25,1.707825128,0,0.5,1.0,0,1.4,0,-1,0,0,0.5,1,0,1,1,1,0,0,0,0,0,1,0,0,0,0,1,0,0,0
34,16,1,19889,17.1,5,4,1,3,1,1,55,1,0,8,21,6,9,4,8,0,1,0,0.058823529,1,0,3.2,3977.8,0.999383857,0,1.005882353,1.5,1.0,1,0.666666667,0.352941176,1,2.333333333,0,0,1,0,0.470588235,2,1,4,1,1,0,0,0,0,0,1,1,0,1,0,0,0,1,1
32,14,0,10923,17.2,4,3,3,3,5,4,14,0,1,25,71,6,11,1,1,0,1,0,0.0,1,0,3.5,2730.75,0.925164474,0,1.146666667,3.75,0.957427108,0,0.545454545,0.4,1,2.730769231,1,2,0,1,0.066666667,1,0,2,0,0,1,1,0,0,0,0,1,0,1,0,0,0,0,0
37,0,0,9152,21.1,3,4,4,4,1,4,50,1,1,5,18,4,11,5,2,0,1,0,0.0,0,0,0.0,3050.666667,0.459499264,1,21.1,3.25,1.5,0,0.363636364,4.0,1,3.0,0,-1,1,0,2.0,1,0,2,0,0,1,0,1,0,0,0,0,0,0,1,0,0,0,0
39,9,9,9883,9.3,2,3,2,4,3,1,59,0,0,9,29,1,10,1,3,0,0,0,0.9,0,1,4.5,4941.5,0.834026622,0,0.93,2.5,1.290994449,0,0.1,0.1,0,2.9,0,2,0,1,0.3,1,0,3,0,1,0,0,0,0,1,0,1,0,0,1,0,0,0,0
35,1,1,8606,12.2,2,3,3,4,4,3,31,0,0,8,22,8,11,2,6,0,0,0,0.5,0,0,0.5,4303.0,0.482238011,1,6.1,3.5,0.577350269,0,0.727272727,4.0,1,2.444444444,0,1,0,1,3.0,1,0,2,1,1,0,0,0,0,0,0,0,0,0,1,0,0,0,0
35,0,0,6256,11.5,2,2,2,4,3,3,27,0,1,20,66,5,6,3,5,0,0,0,0.0,0,0,0.0,3128.0,0.275442478,1,11.5,3.0,0.816496581,0,0.833333333,5.0,1,3.142857143,1,-1,0,0,5.0,2,0,2,0,0,0,0,0,1,0,0,1,0,0,1,0,0,0,0
36,2,1,7052,17.2,1,4,5,3,4,3,10,1,0,5,11,2,5,3,7,0,0,0,0.333333333,1,0,2.0,7052.0,0.176116838,1,5.733333333,3.75,0.957427108,0,0.4,0.666666667,1,1.833333333,0,1,1,1,2.333333333,1,0,3,0,1,0,0,1,0,0,0,1,0,0,1,0,0,0,0
40,1,0,7821,15.1,2,2,3,3,3,4,17,0,0,15,35,2,5,4,4,0,1,0,0.0,1,0,0.5,3910.5,0.272582229,1,7.55,3.25,0.5,0,0.4,1.0,1,2.1875,0,-2,0,0,2.0,1,0,2,1,1,0,0,1,0,0,0,1,0,0,1,0,0,0,0
51,8,0,11882,15.7,3,4,3,4,2,4,55,0,0,5,16,4,11,4,4,1,1,1,0.0,1,0,2.666666667,3960.666667,0.823268206,0,1.744444444,3.25,0.957427108,0,0.363636364,0.444444444,0,2.666666667,0,0,1,0,0.444444444,0,0,3,1,0,1,0,0,0,0,0,1,0,0,0,1,0,0,0
47,4,1,9272,16.6,4,3,4,3,4,5,51,0,0,25,73,3,6,2,5,0,1,0,0.2,1,0,1.0,2318.0,0.824835526,0,3.32,4.0,0.816496581,0,0.5,0.6,1,2.807692308,1,1,0,1,1.0,1,0,2,1,0,1,1,0,0,0,0,0,0,0,0,1,0,0,0
32,3,3,6402,13.4,2,4,3,3,2,4,0,0,1,7,22,10,12,4,4,0,0,0,0.75,0,0,1.5,3201.0,0.30420354,1,3.35,3.0,0.816496581,0,0.833333333,2.5,1,2.75,0,0,1,0,1.0,1,0,1,1,0,1,0,0,1,0,0,1,0,1,0,0,0,0,0
37,13,3,10844,13.1,3,4,3,4,3,3,28,1,1,20,58,1,7,3,9,1,1,0,0.214285714,1,0,4.333333333,3614.666667,0.75044405,0,0.935714286,3.25,0.5,0,0.142857143,0.071428571,2,2.761904762,0,1,1,1,0.642857143,1,0,1,0,1,0,0,0,0,0,0,1,0,0,1,0,0,1,1
52,1,1,7061,17.7,3,4,3,5,3,3,57,1,1,11,38,4,7,4,3,0,1,1,0.5,0,0,0.333333333,2353.666667,0.416482301,1,8.85,3.5,1.0,0,0.571428571,2.0,1,3.166666667,0,0,1,0,1.5,1,0,1,1,0,0,0,0,1,0,0,1,0,0,0,1,0,0,1
29,0,0,4406,16.1,1,4,2,3,1,3,32,0,1,2,7,6,6,4,6,0,0,0,0.0,0,0,0.0,4406.0,0.121710526,1,16.1,2.25,0.957427108,1,1.0,6.0,0,2.333333333,0,0,1,0,6.0,2,0,3,0,1,0,1,0,0,0,0,1,0,1,0,0,0,0,0
34,4,3,7212,19.3,2,4,3,2,2,4,8,0,1,8,35,4,4,3,7,0,1,0,0.6,1,0,2.0,3606.0,0.278641208,1,3.86,2.75,0.957427108,0,1.0,0.8,1,3.888888889,0,1,1,1,1.4,1,0,2,0,0,1,0,0,0,0,0,1,0,1,0,0,0,0,0
43,1,0,6304,15.9,1,3,4,4,3,2,53,0,0,14,34,6,2,3,4,0,0,0,0.0,1,0,1.0,6304.0,0.282632743,1,7.95,3.25,0.957427108,0,3.0,3.0,1,2.266666667,0,0,0,0,2.0,1,0,3,1,1,0,0,0,1,0,0,1,0,0,1,0,0,0,0
38,4,4,7772,15.0,2,2,4,2,3,3,66,0,1,19,62,4,6,3,7,0,0,0,0.8,0,1,2.0,3886.0,0.264604811,1,3.0,3.0,0.816496581,0,0.666666667,0.8,0,3.1,1,-1,0,0,1.4,3,0,3,1,1,0,0,1,0,0,0,1,0,0,1,0,0,0,0
22,1,1,5037,16.4,2,2,5,4,2,3,29,0,0,9,17,6,5,3,2,0,0,0,0.5,0,0,0.5,2518.5,0.088570548,1,8.2,3.5,1.290994449,0,1.2,3.0,1,1.7,0,-1,0,0,1.0,1,0,2,1,1,0,0,0,0,0,1,1,0,0,0,0,0,0,0
46,4,1,5013,14.5,2,5,4,1,3,3,28,1,1,17,32,2,8,3,7,0,0,0,0.2,1,0,2.0,2506.5,0.146006656,1,2.9,2.75,1.258305739,0,0.25,0.4,0,1.777777778,0,2,1,1,1.4,1,0,1,0,0,1,0,0,0,1,0,1,0,0,0,1,0,0,0
32,4,1,10779,21.3,4,5,3,3,4,4,42,1,0,1,5,4,14,3,6,0,1,0,0.2,1,0,1.0,2694.75,0.922286184,0,4.26,3.5,0.577350269,0,0.285714286,0.8,0,2.5,0,2,1,1,1.2,0,0,3,1,0,0,1,0,0,0,0,0,0,1,0,0,0,0,0
31,3,1,11023,18.2,2,4,3,4,3,4,17,0,1,15,51,1,16,4,8,0,0,0,0.25,1,0,1.5,5511.5,0.840418977,0,4.55,3.5,0.577350269,0,0.0625,0.25,1,3.1875,0,0,1,0,2.0,1,0,4,1,0,1,0,0,0,0,1,1,0,1,0,0,0,0,0
50,2,0,6368,13.1,1,3,5,3,2,4,0,1,1,14,56,3,3,3,8,0,0,1,0.0,1,0,2.0,6368.0,0.103583702,1,4.366666667,3.5,1.290994449,0,1.0,1.0,2,3.733333333,0,0,0,0,2.666666667,2,0,1,1,1,0,0,1,0,0,0,0,0,0,0,1,0,1,1
18,0,0,8753,14.6,2,4,2,4,3,3,29,1,0,6,12,2,10,2,9,0,1,0,0.0,0,0,0.0,4376.5,0.502220249,0,14.6,3.0,0.816496581,0,0.2,2.0,1,1.714285714,0,2,1,1,9.0,1,0,4,0,0,1,0,0,0,0,0,0,0,0,0,0,0,1,1
47,1,0,10925,14.9,3,3,4,1,2,1,31,0,1,18,57,5,9,4,2,0,1,0,0.0,1,0,0.333333333,3641.666667,0.669857634,0,7.45,2.0,1.414213562,1,0.555555556,2.5,0,3.0,0,-1,0,0,1.0,1,0,2,0,0,0,0,1,0,0,0,1,0,0,0,1,0,0,0
42,3,2,8724,13.0,2,2,2,3,4,3,92,1,0,34,99,4,16,2,10,0,1,0,0.5,1,0,1.5,4362.0,0.39862543,1,3.25,3.0,0.816496581,0,0.25,1.0,1,2.828571429,1,0,0,0,2.5,3,0,2,1,1,0,0,1,0,0,0,1,0,0,1,0,0,1,1
28,1,0,8941,11.2,3,2,4,3,5,3,31,0,1,22,87,7,7,3,6,0,1,0,0.0,1,0,0.333333333,2980.333333,0.428939617,1,5.6,3.75,0.957427108,0,1.0,3.5,1,3.782608696,1,-1,0,0,3.0,2,0,1,1,1,0,0,1,0,0,0,0,0,1,0,0,0,0,0
43,5,2,10719,15.2,3,3,3,3,3,3,20,1,1,22,64,5,2,3,6,0,1,0,0.333333333,1,0,1.666666667,3573.0,0.738898757,0,2.533333333,3.0,0.0,0,2.5,0.833333333,2,2.782608696,1,0,0,0,1.0,1,0,2,0,0,0,0,0,0,0,0,1,0,0,1,0,0,0,1
32,3,1,4255,15.8,1,3,5,4,2,2,9,1,0,19,94,4,8,4,8,0,1,0,0.25,1,0,3.0,4255.0,0.032655576,1,3.95,3.25,1.5,0,0.5,1.0,1,4.7,1,-1,0,0,2.0,3,0,2,0,1,0,0,0,0,0,1,1,0,1,0,0,0,1,1
28,10,7,16913,14.0,4,3,3,3,5,3,34,0,1,13,48,3,13,3,5,0,1,0,0.636363636,1,1,2.5,4228.25,0.981349911,0,1.272727273,3.5,1.0,0,0.230769231,0.272727273,0,3.428571429,0,0,0,0,0.454545455,1,0,4,1,1,0,0,0,0,0,0,1,0,1,0,0,0,0,0
26,1,0,5782,14.8,2,3,2,3,5,4,2,0,0,14,23,4,10,3,2,0,0,0,0.0,1,0,0.5,2891.0,0.211836283,1,7.4,3.5,1.290994449,0,0.4,2.0,0,1.533333333,0,0,0,0,1.0,1,0,3,0,0,1,0,0,1,0,0,1,0,1,0,0,0,0,0
30,12,6,12343,16.1,4,3,3,2,3,4,13,0,1,12,41,6,14,3,6,0,1,0,0.461538462,1,1,3.0,3085.75,0.906654344,0,1.238461538,3.0,0.816496581,0,0.428571429,0.461538462,0,3.153846154,0,0,0,0,0.461538462,1,0,3,1,1,0,0,0,0,0,1,1,0,1,0,0,0,0,0
46,8,4,7104,13.9,2,3,3,4,4,3,57,0,0,8,26,8,11,3,6,0,0,0,0.444444444,1,1,4.0,3552.0,0.492304493,1,1.544444444,3.5,0.577350269,0,0.727272727,0.888888889,1,2.888888889,0,0,0,0,0.666666667,2,0,1,1,1,0,0,0,0,1,0,1,0,0,0,1,0,0,0
35,1,1,6796,9.7,2,3,3,3,2,3,48,0,1,4,13,6,5,3,6,0,0,0,0.5,0,0,0.5,3398.0,0.305298829,1,4.85,2.75,0.5,0,1.2,3.0,1,2.6,0,0,0,0,3.0,1,0,2,1,1,0,0,0,0,0,1,1,0,0,1,0,0,0,0
37,2,0,8591,15.6,3,3,2,3,3,3,27,1,0,10,26,5,8,3,8,0,1,0,0.0,1,0,0.666666667,2863.666667,0.770559211,0,5.2,2.75,0.5,0,0.625,1.666666667,0,2.363636364,0,0,0,0,2.666666667,1,0,3,1,0,1,1,0,0,0,0,1,0,0,1,0,0,0,1
32,3,0,9014,14.1,2,2,1,3,4,3,57,0,1,16,64,4,14,5,7,0,0,0,0.0,1,0,1.5,4507.0,0.440967108,1,3.525,2.75,1.258305739,0,0.285714286,1.0,0,3.764705882,1,-3,0,0,1.75,2,0,2,0,0,0,0,1,0,0,0,1,0,1,0,0,0,0,0
19,1,0,9036,21.4,3,5,4,2,3,3,40,0,0,7,24,7,10,2,3,0,1,0,0.0,1,0,0.333333333,3012.0,0.645101664,0,10.7,3.0,0.816496581,0,0.7,3.5,1,3.0,0,3,1,1,1.5,0,0,2,1,0,1,0,0,0,0,1,1,0,0,0,0,0,0,0
47,1,0,5175,20.2,1,5,4,3,2,1,35,0,1,41,106,2,8,2,5,0,1,0,0.0,1,0,1.0,5175.0,0.214638158,1,10.1,2.5,1.290994449,0,0.25,1.0,1,2.523809524,1,3,1,1,2.5,2,0,3,0,1,0,1,0,0,0,0,0,0,0,0,1,0,0,0
35,4,4,5812,4.7,1,1,1,2,3,2,19,0,1,25,83,4,8,4,2,0,0,0,0.8,0,1,4.0,5812.0,0.277246256,1,0.94,2.0,0.816496581,1,0.5,0.8,1,3.192307692,1,-3,0,0,0.4,4,0,2,1,0,0,0,0,0,1,0,0,0,0,1,0,0,0,0
29,8,1,10021,16.1,3,4,4,4,3,2,30,1,0,37,150,8,4,1,10,0,1,0,0.111111111,1,0,2.666666667,3340.333333,0.844425957,0,1.788888889,3.25,0.957427108,0,2.0,0.888888889,1,3.947368421,1,3,1,1,1.111111111,2,0,3,1,1,0,0,0,0,1,0,1,0,1,0,0,0,1,1
39,1,1,3218,18.0,1,5,5,5,3,2,53,0,0,12,32,9,12,5,6,0,1,0,0.5,0,0,1.0,3218.0,0.028782895,1,9.0,3.75,1.5,0,0.75,4.5,1,2.461538462,0,0,1,0,3.0,1,0,1,1,0,0,1,0,0,0,0,1,0,0,1,0,0,0,0
30,12,6,9709,11.5,4,3,3,2,3,3,5,1,0,36,112,4,12,3,11,0,1,0,0.461538462,1,1,3.0,2427.25,0.821963394,0,0.884615385,2.75,0.5,0,0.333333333,0.307692308,1,3.027027027,1,0,0,0,0.846153846,3,0,2,0,1,0,0,0,0,1,0,1,0,1,0,0,0,1,0
29,3,1,7977,13.9,3,2,1,4,4,2,44,0,1,7,22,4,5,4,4,0,1,0,0.25,1,0,1.0,2659.0,0.631447587,0,3.475,2.75,1.5,0,0.8,1.0,0,2.75,0,-2,0,0,1.0,0,0,2,1,1,0,0,0,0,1,0,1,0,1,0,0,0,0,0
36,7,1,9825,21.2,2,5,3,1,1,3,37,0,0,14,31,5,8,4,5,1,0,0,0.125,1,0,3.5,4912.5,0.734288355,0,2.65,2.0,1.154700538,1,0.625,0.625,1,2.066666667,0,1,1,1,0.625,1,0,2,1,0,1,0,0,0,0,1,1,0,0,1,0,0,0,0
39,5,2,8700,15.0,4,3,3,3,3,3,25,0,0,30,88,2,8,1,4,0,1,0,0.333333333,1,0,1.25,2175.0,0.601047443,0,2.5,3.0,0.0,0,0.25,0.333333333,2,2.838709677,1,2,0,1,0.666666667,1,0,1,1,0,1,0,0,0,0,1,1,0,0,1,0,0,0,0
46,0,0,7223,15.1,2,3,4,2,2,4,41,0,0,19,51,6,8,4,7,0,1,0,0.0,0,0,0.0,3611.5,0.375693161,1,15.1,3.0,1.154700538,0,0.75,6.0,1,2.55,0,-1,0,0,7.0,1,0,3,1,1,0,0,0,0,0,1,1,0,0,0,1,0,0,0
38,7,1,9322,14.6,4,4,5,1,2,3,36,0,1,3,9,9,17,4,5,0,1,0,0.125,1,0,1.75,2330.5,0.680221811,0,1.825,2.75,1.707825128,0,0.529411765,1.125,1,2.25,0,0,1,0,0.625,0,0,1,1,1,0,0,0,0,0,1,1,0,0,1,0,0,0,0
41,1,0,9599,16.8,2,4,4,3,4,1,50,0,0,26,80,5,7,2,6,0,0,0,0.0,1,0,0.5,4799.5,0.773783186,0,8.4,3.0,1.414213562,0,0.714285714,2.5,1,2.962962963,1,2,1,1,3.0,1,0,3,1,0,1,0,0,1,0,0,1,0,0,1,0,0,0,0
43,11,9,11471,14.3,4,3,3,3,3,2,58,0,0,13,45,2,2,3,6,0,1,0,0.75,1,1,2.75,2867.75,0.925956739,0,1.191666667,2.75,0.5,0,1.0,0.166666667,1,3.214285714,0,0,0,0,0.5,1,0,3,1,0,0,0,0,0,1,0,1,0,0,1,0,0,0,0
24,2,1,7581,13.6,3,3,5,3,3,3,45,0,1,47,121,1,8,2,9,0,1,0,0.333333333,1,0,0.666666667,2527.0,0.511061947,0,4.533333333,3.5,1.0,0,0.125,0.333333333,1,2.520833333,1,1,0,1,3.0,2,0,1,1,1,0,0,0,1,0,0,1,0,0,0,0,0,0,0
37,9,7,9364,19.9,4,5,2,3,3,5,40,0,0,4,17,6,5,5,5,1,1,0,0.7,1,0,2.25,2341.0,0.791181364,0,1.99,3.25,1.258305739,0,1.2,0.6,0,3.4,0,0,1,0,0.5,0,0,2,1,0,0,0,0,0,1,0,1,0,0,1,0,0,0,0
30,12,1,16426,13.6,4,3,2,3,1,3,33,1,0,6,21,2,4,3,6,0,1,0,0.076923077,1,0,3.0,4106.5,0.98736907,0,1.046153846,2.25,0.957427108,1,0.5,0.153846154,1,3.0,0,0,0,0,0.461538462,1,1,3,0,1,0,0,0,0,0,1,0,1,1,0,0,0,0,0
44,12,1,18647,19.5,5,4,3,5,3,5,30,1,0,32,106,6,5,1,5,1,1,0,0.076923077,1,0,2.4,3729.4,0.986499755,0,1.5,4.0,1.154700538,0,1.2,0.461538462,0,3.212121212,1,3,1,1,0.384615385,1,0,3,1,1,0,0,1,0,0,0,1,0,0,1,0,0,0,0
59,6,0,8823,11.4,3,2,4,4,4,4,45,1,1,27,117,3,12,3,6,0,1,1,0.0,1,0,2.0,2941.0,0.744592346,0,1.628571429,4.0,0.0,0,0.25,0.428571429,0,4.178571429,1,-1,0,0,0.857142857,1,0,2,1,0,1,0,0,0,1,0,1,0,0,0,0,1,0,0
44,1,0,4893,18.0,1,4,5,4,4,4,9,0,1,6,21,6,6,3,2,0,1,0,0.0,1,0,1.0,4893.0,0.180098684,1,9.0,4.25,0.5,0,1.0,3.0,1,3.0,0,1,1,1,1.0,1,0,3,0,0,1,1,0,0,0,0,0,0,0,1,0,0,0,0
43,7,3,6245,17.2,2,5,2,5,4,2,14,0,0,15,62,3,4,2,1,0,1,0,0.375,1,0,3.5,3122.5,0.273783186,1,2.15,3.25,1.5,0,0.75,0.375,1,3.875,1,3,1,1,0.125,2,0,2,0,1,0,0,0,1,0,0,1,0,0,1,0,0,0,0
28,10,0,11100,16.2,5,4,2,2,3,3,49,0,1,6,21,4,6,4,13,0,1,0,0.0,1,0,2.0,2220.0,0.909941764,0,1.472727273,2.5,0.577350269,0,0.666666667,0.363636364,0,3.0,0,0,1,0,1.181818182,1,0,2,0,0,1,0,0,0,1,0,1,0,1,0,0,0,0,0
28,4,4,7955,15.8,1,4,5,3,3,4,5,0,1,26,94,2,5,3,2,0,0,0,0.8,0,1,4.0,7955.0,0.495378928,1,3.16,3.75,0.957427108,0,0.4,0.4,1,3.481481481,1,1,1,1,0.4,3,0,3,0,1,0,0,0,0,0,1,1,0,1,0,0,0,0,0
18,0,0,5125,12.7,1,3,4,4,3,4,31,0,1,5,18,6,15,4,6,0,0,0,0.0,0,0,0.0,5125.0,0.02724595,1,12.7,3.75,0.5,0,0.4,6.0,0,3.0,0,-1,0,0,6.0,1,0,1,0,0,1,0,1,0,0,0,1,0,0,0,0,0,0,0
43,1,0,3397,10.6,1,3,2,4,3,4,46,0,1,8,15,5,9,3,6,0,0,0,0.0,1,0,1.0,3397.0,0.022878536,1,5.3,3.25,0.957427108,0,0.555555556,2.5,0,1.666666667,0,0,0,0,3.0,1,0,2,1,1,0,0,0,0,1,0,1,0,0,1,0,0,0,0
29,5,2,5444,9.1,2,1,3,2,3,3,47,0,0,26,71,3,5,3,1,0,0,0,0.333333333,1,0,2.5,2722.0,0.132316697,1,1.516666667,2.75,0.5,0,0.6,0.5,0,2.62962963,1,-2,0,0,0.166666667,2,0,1,0,1,0,0,0,0,0,1,1,0,1,0,0,0,0,0
33,5,1,4584,14.7,1,4,3,3,4,5,45,0,1,3,13,4,3,4,3,1,0,0,0.166666667,1,0,5.0,4584.0,0.077986726,1,2.45,3.75,0.957427108,0,1.333333333,0.666666667,1,3.25,0,0,1,0,0.5,1,0,2,0,1,0,0,0,1,0,0,1,0,1,0,0,0,0,0
43,0,0,7149,11.6,1,3,2,2,2,3,52,1,0,20,51,5,8,3,7,0,0,0,0.0,0,0,0.0,7149.0,0.188880707,1,11.6,2.25,0.5,1,0.625,5.0,1,2.428571429,0,0,0,0,7.0,2,1,4,1,0,1,0,1,0,0,0,1,0,0,1,0,0,1,1
36,4,1,8210,7.0,3,2,4,5,4,3,33,0,0,12,45,2,7,4,7,0,1,0,0.2,1,0,1.333333333,2736.666667,0.530036969,0,1.4,4.0,0.816496581,0,0.285714286,0.4,0,3.461538462,0,-2,0,0,1.4,0,0,2,0,1,0,0,0,0,0,1,1,0,0,1,0,0,0,0
29,0,0,9613,17.9,2,4,4,3,2,3,46,1,0,19,56,2,2,4,7,0,0,0,0.0,0,0,0.0,4806.5,0.514727541,0,17.9,3.0,0.816496581,0,1.0,2.0,1,2.8,0,0,1,0,7.0,0,0,3,0,0,0,0,1,0,0,0,1,0,1,0,0,0,1,0
27,3,3,4831,20.2,2,4,3,1,3,2,45,1,1,11,36,6,12,3,8,0,0,0,0.75,0,0,1.5,2415.5,0.09789823,1,5.05,2.25,0.957427108,1,0.5,1.5,0,3.0,0,1,1,1,2.0,3,1,1,1,0,1,0,0,1,0,0,1,0,1,0,0,0,1,0
44,9,1,11744,13.5,3,3,1,3,3,5,43,1,0,26,74,2,7,4,3,0,1,0,0.1,1,0,3.0,3914.666667,0.753313697,0,1.35,3.0,1.632993162,0,0.285714286,0.2,2,2.740740741,1,-1,0,0,0.3,1,0,2,0,1,0,0,1,0,0,0,1,0,0,1,0,0,1,1
34,0,0,10362,11.5,3,2,2,4,3,5,56,1,0,21,61,3,12,2,8,0,1,0,0.0,0,0,0.0,3454.0,0.868968386,0,11.5,3.5,1.290994449,0,0.25,3.0,1,2.772727273,1,0,0,0,8.0,2,0,3,1,0,1,0,0,0,1,0,1,0,1,0,0,0,1,1
34,5,3,8284,15.2,3,5,1,3,4,4,32,0,0,23,81,9,17,3,6,1,1,0,0.5,1,0,1.666666667,2761.333333,0.54805915,0,2.533333333,3.0,1.414213562,0,0.529411765,1.5,0,3.375,1,2,1,1,1.0,1,0,2,0,0,0,0,0,0,0,1,1,0,1,0,0,0,0,0
41,6,1,12469,13.7,3,4,2,3,3,4,10,1,0,6,15,3,11,4,3,0,1,0,0.142857143,1,0,2.0,4156.333333,0.80682376,0,1.957142857,3.0,0.816496581,0,0.272727273,0.428571429,1,2.142857143,0,0,1,0,0.428571429,0,0,2,1,0,1,0,1,0,0,0,1,0,0,1,0,0,0,0
39,11,11,13025,19.3,3,5,1,3,4,4,48,0,1,12,30,7,7,3,9,0,1,0,0.916666667,0,1,3.666666667,4341.666667,0.97296173,0,1.608333333,3.0,1.414213562,0,1.0,0.583333333,1,2.307692308,0,2,1,1,0.75,2,0,4,0,0,1,0,0,0,1,0,1,0,0,1,0,0,0,0
26,0,0,10091,14.8,1,4,5,3,4,3,31,0,0,11,33,3,9,3,6,0,0,0,0.0,0,0,0.0,10091.0,0.574128621,0,14.8,3.75,0.957427108,0,0.333333333,3.0,1,2.75,0,1,1,1,6.0,0,0,4,1,1,0,0,1,0,0,0,0,0,1,0,0,0,0,0
45,3,0,9495,19.1,2,5,4,4,3,3,52,0,0,8,29,2,7,2,8,0,0,0,0.0,1,0,1.5,4747.5,0.498281787,1,4.775,3.5,0.577350269,0,0.285714286,0.5,0,3.222222222,0,3,1,1,2.0,2,0,2,0,0,1,0,1,0,0,0,1,0,0,0,1,0,0,0
40,4,1,6979,17.9,2,3,1,4,4,3,22,0,0,18,64,6,8,4,4,0,0,0,0.2,1,0,2.0,3489.5,0.397123894,1,3.58,3.0,1.414213562,0,0.75,1.2,1,3.368421053,1,-1,0,0,0.8,2,0,2,0,1,0,0,0,1,0,0,1,0,0,1,0,0,0,0
43,10,8,13748,13.7,4,2,3,1,2,2,15,0,1,5,21,3,7,1,6,0,1,0,0.727272727,1,1,2.5,3437.0,0.875061365,0,1.245454545,2.0,0.816496581,1,0.428571429,0.272727273,1,3.5,0,1,0,1,0.545454545,2,0,2,0,0,1,0,1,0,0,0,0,0,0,1,0,0,0,0
37,2,1,9422,17.2,3,4,1,4,4,3,31,0,0,15,44,7,5,2,8,0,1,0,0.333333333,1,0,0.666666667,3140.666667,0.797836938,0,5.733333333,3.0,1.414213562,0,1.4,2.333333333,1,2.75,0,2,1,1,2.666666667,1,0,3,0,0,1,0,0,0,1,0,0,0,0,1,0,0,1,0
38,4,4,6281,17.7,2,3,3,1,4,3,25,0,0,6,20,7,5,5,6,0,0,0,0.8,0,1,2.0,3140.5,0.233672212,1,3.54,2.75,1.258305739,0,1.4,1.4,2,2.857142857,0,-2,0,0,1.2,2,0,2,0,0,1,0,0,0,0,1,1,0,0,1,0,0,0,0
28,5,2,16076,10.0,3,4,2,4,2,4,42,0,0,8,26,6,8,3,4,1,1,0,0.333333333,1,0,1.666666667,5358.666667,0.952380952,0,1.666666667,3.0,1.154700538,0,0.75,1.0,1,2.888888889,0,1,1,1,0.666666667,0,0,4,1,0,0,0,1,0,0,0,1,0,1,0,0,0,0,0
25,4,2,8909,12.1,3,3,5,4,4,3,39,0,0,14,44,4,10,3,3,0,1,0,0.4,1,0,1.333333333,2969.666667,0.526642984,0,2.42,4.0,0.816496581,0,0.4,0.8,1,2.933333333,0,0,0,0,0.6,0,0,2,0,1,0,0,0,0,0,0,1,0,1,0,0,0,0,0
35,11,0,11902,16.8,3,3,3,4,3,3,55,0,0,4,12,3,14,2,3,0,1,0,0.0,1,0,3.666666667,3967.333333,0.824156306,0,1.4,3.25,0.5,0,0.214285714,0.25,1,2.4,0,1,0,1,0.25,0,0,3,1,0,1,0,0,0,0,0,1,0,0,1,0,0,0,0
36,3,1,4413,12.5,2,3,5,3,1,4,19,0,0,19,50,5,7,4,3,0,0,0,0.25,1,0,1.5,2206.5,0.123355263,1,3.125,3.25,1.707825128,0,0.714285714,1.25,2,2.5,0,-1,0,0,0.75,1,0,2,1,0,1,1,0,0,0,0,1,0,0,1,0,0,0,0
45,9,8,7940,11.9,3,3,1,4,3,2,39,1,1,13,43,3,16,5,12,0,1,0,0.8,1,1,3.0,2646.666667,0.681743421,0,1.19,2.5,1.290994449,0,0.1875,0.3,1,3.071428571,0,-2,0,0,1.2,2,0,2,0,1,0,1,0,0,0,0,0,0,0,0,1,0,1,1
30,0,0,6291,12.6,1,3,3,4,5,4,19,0,1,12,47,5,6,5,5,0,1,0,0.0,0,0,0.0,6291.0,0.235520641,1,12.6,4.0,0.816496581,0,0.833333333,5.0,1,3.615384615,0,-2,0,0,5.0,1,0,2,1,1,0,0,0,0,0,1,0,0,1,0,0,0,0,0
30,3,3,12411,11.1,2,4,3,4,4,3,20,0,0,13,33,5,8,4,5,0,0,0,0.75,0,0,1.5,6205.5,0.802282769,0,2.775,3.5,0.577350269,0,0.625,1.25,1,2.357142857,0,0,1,0,1.25,0,0,3,1,0,0,0,1,0,0,0,0,1,1,0,0,0,0,0
39,1,0,5785,14.3,2,4,4,5,3,4,47,0,0,11,49,5,3,4,5,0,0,0,0.0,1,0,0.5,2892.5,0.272254576,1,7.15,4.0,0.816496581,0,1.666666667,2.5,1,4.083333333,0,0,1,0,2.5,1,0,2,1,0,0,0,0,0,1,0,1,0,0,1,0,0,0,0
27,3,2,9817,16.7,2,4,4,5,4,5,60,0,0,15,43,4,3,2,4,0,1,0,0.5,1,0,1.5,4908.5,0.542587138,0,4.175,4.5,0.577350269,0,1.333333333,1.0,1,2.6875,0,2,1,1,1.0,0,0,3,0,1,0,0,1,0,0,0,1,0,1,0,0,0,0,0
18,0,0,8371,15.5,3,3,4,3,5,3,16,0,0,16,57,4,22,4,4,0,1,0,0.0,0,0,0.0,2790.333333,0.744243421,0,15.5,3.75,0.957427108,0,0.181818182,4.0,1,3.352941176,0,-1,0,0,4.0,0,0,2,1,1,0,1,0,0,0,0,1,0,0,0,0,0,0,0
33,4,4,6655,16.4,2,3,4,3,3,4,17,0,0,2,8,4,2,5,3,0,0,0,0.8,0,1,2.0,3327.5,0.41077371,1,3.28,3.5,0.577350269,0,2.0,0.8,0,2.666666667,0,-2,0,0,0.6,2,0,2,1,1,0,0,0,0,1,0,1,0,1,0,0,0,0,0
41,7,2,10200,13.0,3,3,3,2,3,3,51,0,0,16,51,9,9,2,4,0,1,0,0.25,1,0,2.333333333,3400.0,0.858153078,0,1.625,2.75,0.5,0,1.0,1.125,1,3.0,0,1,0,1,0.5,0,0,3,1,1,0,0,0,0,1,0,1,0,0,1,0,0,0,0
24,4,0,9127,17.1,1,4,3,4,3,1,16,0,1,10,38,4,12,3,5,0,0,0,0.0,1,0,4.0,9127.0,0.65680838,0,3.42,2.75,1.258305739,0,0.333333333,0.8,1,3.454545455,0,1,1,1,1.0,0,0,4,1,1,0,0,0,0,0,1,0,0,0,0,0,0,0,0
34,8,1,6751,9.3,2,3,2,3,2,4,74,1,0,2,5,4,10,3,9,0,0,0,0.111111111,1,0,4.0,3375.5,0.426372712,1,1.033333333,2.75,0.957427108,0,0.4,0.444444444,1,1.666666667,0,0,0,0,1.0,2,0,2,0,0,1,0,0,0,1,0,1,0,1,0,0,0,0,1
37,0,0,7296,12.9,2,2,2,3,4,3,33,0,0,9,30,4,11,2,6,0,1,0,0.0,0,0,0.0,3648.0,0.390326556,1,12.9,3.0,0.816496581,0,0.363636364,4.0,1,3.0,0,0,0,0,6.0,1,0,2,1,1,0,0,0,0,0,1,1,0,0,1,0,0,0,0
40,10,8,12785,16.0,4,3,2,5,5,2,0,0,0,19,57,5,7,3,3,0,1,0,0.727272727,1,1,2.5,3196.25,0.96672213,0,1.454545455,3.5,1.732050808,0,0.714285714,0.454545455,1,2.85,0,0,0,0,0.272727273,1,0,3,0,0,1,0,0,0,1,0,0,1,0,1,0,0,0,0
36,9,2,7575,12.3,3,3,4,1,3,4,35,0,0,4,14,4,10,5,7,0,1,0,0.2,1,0,3.0,2525.0,0.328152753,1,1.23,3.0,1.414213562,0,0.4,0.4,0,2.8,0,-2,0,0,0.7,1,0,1,1,1,0,0,0,0,0,0,1,0,0,1,0,0,0,0
35,1,1,3700,18.1,1,4,3,3,4,5,48,0,0,16,39,2,9,3,6,0,0,0,0.5,0,0,1.0,3700.0,0.021017699,1,9.05,3.75,0.957427108,0,0.222222222,1.0,0,2.294117647,0,1,1,1,3.0,1,0,1,0,0,1,0,0,1,0,0,1,0,0,1,0,0,0,0
20,2,0,4616,15.8,1,3,4,3,3,4,55,1,0,15,12,5,5,3,3,0,0,0,0.0,1,0,2.0,4616.0,0.09546589,1,5.266666667,3.5,0.577350269,0,1.0,1.666666667,2,0.75,0,0,0,0,1.0,1,0,2,0,0,0,0,0,0,1,0,1,0,0,0,0,0,0,1
30,3,0,5987,19.0,2,3,3,2,3,4,49,0,1,7,25,4,4,1,5,0,0,0,0.0,1,0,1.5,2993.5,0.197165742,1,4.75,3.0,0.816496581,0,1.0,1.0,2,3.125,0,2,0,1,1.25,1,0,1,1,1,0,0,0,0,0,1,1,0,1,0,0,0,0,0
36,8,2,11216,16.1,3,5,3,3,4,4,64,1,1,14,33,5,14,1,7,0,1,0,0.222222222,1,0,2.666666667,3738.666667,0.785079929,0,1.788888889,3.5,0.577350269,0,0.357142857,0.555555556,0,2.2,0,4,1,1,0.777777778,0,0,3,0,0,1,0,0,0,0,0,1,0,0,1,0,0,0,0
26,7,3,8079,9.3,4,3,3,4,5,2,33,1,1,11,36,10,11,3,13,0,1,0,0.375,1,0,1.75,2019.75,0.586836283,0,1.1625,3.5,1.290994449,0,0.909090909,1.25,1,3.0,0,0,0,0,1.625,1,0,1,1,0,1,0,0,1,0,0,1,0,1,0,0,0,1,1
47,15,13,17047,19.5,4,4,4,5,4,4,57,0,0,11,26,2,5,2,10,1,1,0,0.8125,1,0,3.75,4261.75,0.966372116,0,1.21875,4.25,0.5,0,0.4,0.125,1,2.166666667,0,2,1,1,0.625,1,0,3,1,1,0,0,1,0,0,0,0,1,0,0,1,0,0,0
54,10,5,12026,14.2,3,4,2,3,1,4,32,1,0,13,40,7,10,1,13,0,1,1,0.454545455,1,1,3.333333333,4008.666667,0.831705151,0,1.290909091,2.5,1.290994449,0,0.7,0.636363636,2,2.857142857,0,3,1,1,1.181818182,2,0,2,0,1,0,0,0,0,0,0,1,0,0,0,1,0,1,1
29,0,0,9311,17.8,2,5,3,4,3,2,55,0,0,19,68,4,4,4,6,0,0,0,0.0,0,0,0.0,4655.5,0.477417771,1,17.8,3.0,0.816496581,0,1.0,4.0,1,3.4,1,1,1,1,6.0,2,0,2,1,0,1,0,1,0,0,0,1,0,1,0,0,0,0,0
24,6,2,8671,17.9,1,5,4,4,3,3,59,0,0,2,6,3,5,4,7,0,0,0,0.285714286,1,0,6.0,8671.0,0.5982748,0,2.557142857,3.5,0.577350269,0,0.6,0.428571429,1,2.0,0,1,1,1,1.0,0,0,3,1,0,1,0,0,0,0,1,1,0,0,0,0,0,0,0
29,4,0,9388,17.3,2,4,3,1,5,5,34,0,0,6,19,5,6,4,11,0,0,0,0.0,1,0,2.0,4694.0,0.485272459,1,3.46,3.5,1.914854216,0,0.833333333,1.0,1,2.714285714,0,0,1,0,2.2,2,0,3,0,0,1,0,1,0,0,0,1,0,1,0,0,0,0,0
37,1,0,3229,10.4,1,2,3,1,4,4,77,0,1,11,42,4,4,4,3,0,0,0,0.0,1,0,1.0,3229.0,0.00829646,1,5.2,3.0,1.414213562,0,1.0,2.0,1,3.5,0,-2,0,0,1.5,1,0,2,0,0,0,0,0,1,0,0,1,0,0,1,0,0,0,0
29,6,2,10494,13.9,3,4,3,2,3,4,21,0,0,6,16,6,7,4,5,0,1,0,0.285714286,1,0,2.0,3498.0,0.801139864,0,1.985714286,3.0,0.816496581,0,0.857142857,0.857142857,0,2.285714286,0,0,1,0,0.714285714,0,0,2,1,0,1,0,0,0,0,1,0,0,1,0,0,0,0,0
33,2,2,5063,7.4,1,4,3,4,2,4,17,1,0,7,29,10,11,2,8,0,0,0,0.666666667,0,0,2.0,5063.0,0.121681416,1,2.466666667,3.25,0.957427108,0,0.909090909,3.333333333,0,3.625,0,2,1,1,2.666666667,2,0,2,1,0,1,0,0,1,0,0,1,0,1,0,0,0,1,1
28,8,2,17281,15.8,4,1,1,4,2,4,58,1,1,8,13,4,10,4,5,0,1,0,0.222222222,1,0,2.0,4320.25,0.97029946,0,1.755555556,2.75,1.5,0,0.4,0.444444444,1,1.444444444,0,-3,0,0,0.555555556,0,0,4,0,1,0,0,1,0,0,0,1,0,1,0,0,0,0,0
39,7,3,12703,12.5,2,3,2,3,4,3,57,1,1,8,34,5,4,3,7,0,0,0,0.375,1,0,3.5,6351.5,0.81934217,0,1.5625,3.0,0.816496581,0,1.25,0.625,0,3.777777778,0,0,0,0,0.875,0,0,4,1,0,1,0,1,0,0,0,1,0,0,1,0,0,1,0
29,4,1,7496,10.9,2,2,3,4,4,3,47,1,1,11,36,4,10,3,12,0,0,0,0.2,1,0,2.0,3748.0,0.55844426,0,2.18,3.5,0.577350269,0,0.4,0.8,1,3.0,0,-1,0,0,2.4,1,0,3,1,1,0,0,0,0,1,0,1,0,1,0,0,0,1,1
43,6,0,12261,11.6,4,3,3,3,3,4,23,0,1,15,31,3,8,4,2,0,1,0,0.0,1,0,1.5,3065.25,0.792341679,0,1.657142857,3.25,0.5,0,0.375,0.428571429,0,1.9375,0,-1,0,0,0.285714286,0,0,1,1,0,1,0,1,0,0,0,1,0,0,1,0,0,0,0
45,12,12,12391,14.5,5,3,4,2,5,3,61,0,1,7,23,1,8,3,5,0,1,0,0.923076923,0,1,2.4,2478.2,0.91004313,0,1.115384615,3.5,1.290994449,0,0.125,0.076923077,1,2.875,0,0,0,0,0.384615385,1,0,2,0,0,1,0,0,0,0,1,0,1,0,0,1,0,0,0
49,11,3,9748,13.4,3,3,4,4,3,3,34,0,0,12,49,5,5,5,8,0,1,0,0.25,1,0,3.666666667,3249.333333,0.786227876,0,1.116666667,3.5,0.577350269,0,1.0,0.416666667,0,3.769230769,0,-2,0,0,0.666666667,1,0,2,1,0,1,0,0,1,0,0,1,0,0,0,1,0,0,0
40,2,0,6952,11.3,2,4,5,3,4,3,19,0,1,4,12,3,15,2,6,0,0,0,0.0,1,0,1.0,3476.0,0.465058236,1,3.766666667,3.75,0.957427108,0,0.2,1.0,1,2.4,0,2,1,1,2.0,1,0,1,1,1,0,0,0,0,1,0,0,1,0,1,0,0,0,0
28,3,1,5834,12.7,2,3,5,2,4,1,15,0,0,37,122,5,10,3,9,0,0,0,0.25,1,0,1.5,2917.0,0.064801178,1,3.175,3.0,1.825741858,0,0.5,1.25,1,3.210526316,1,0,0,0,2.25,3,0,1,1,1,0,0,1,0,0,0,1,0,1,0,0,0,0,0
36,17,16,12350,8.4,5,1,3,3,3,3,13,0,1,22,85,5,7,4,8,0,1,0,0.888888889,1,1,3.4,2470.0,0.952995008,0,0.466666667,3.0,0.0,0,0.714285714,0.277777778,1,3.695652174,1,-3,0,0,0.444444444,3,0,2,1,1,0,0,0,0,1,0,1,0,0,1,0,0,0,0
28,10,2,10587,5.0,3,1,2,3,3,2,14,1,1,16,65,6,6,3,12,0,1,0,0.181818182,1,0,3.333333333,3529.0,0.80961183,0,0.454545455,2.5,0.577350269,0,1.0,0.545454545,0,3.823529412,1,-2,0,0,1.090909091,2,0,3,0,1,0,0,0,0,0,1,1,0,1,0,0,0,1,1
40,10,5,9290,12.8,2,2,3,3,2,4,45,0,0,14,43,7,2,3,3,0,0,0,0.454545455,1,1,5.0,4645.0,0.676216882,0,1.163636364,3.0,0.816496581,0,3.5,0.636363636,1,2.866666667,0,-1,0,0,0.272727273,1,0,4,0,0,0,0,0,0,0,1,0,0,0,1,0,0,0,0
33,6,2,11972,20.1,3,3,5,3,1,4,52,0,1,20,62,6,11,4,7,0,1,0,0.285714286,1,0,2.0,3990.666667,0.827708703,0,2.871428571,3.25,1.707825128,0,0.545454545,0.857142857,1,2.952380952,1,-1,0,0,1.0,1,0,3,0,1,0,0,0,0,0,0,1,0,1,0,0,0,0,0
33,2,0,5664,13.4,1,1,5,3,3,5,53,0,0,13,66,5,2,3,3,0,0,0,0.0,1,0,2.0,5664.0,0.052773687,1,4.466666667,4.0,1.154700538,0,2.5,1.666666667,1,4.714285714,1,-2,0,0,1.0,2,0,1,0,1,0,0,1,0,0,0,1,0,1,0,0,0,0,0
40,7,3,11474,15.4,3,4,2,1,2,4,7,0,0,16,59,6,2,3,6,1,1,0,0.375,1,0,2.333333333,3824.666667,0.728154148,0,1.925,2.25,1.258305739,1,3.0,0.75,0,3.470588235,0,1,1,1,0.75,1,0,2,1,1,0,0,1,0,0,0,0,0,0,1,0,0,0,0
20,2,0,7873,18.0,2,5,5,4,3,2,34,0,0,30,88,6,2,5,10,0,0,0,0.0,1,0,1.0,3936.5,0.371225577,1,6.0,3.5,1.290994449,0,3.0,2.0,1,2.838709677,1,0,1,0,3.333333333,3,0,3,1,0,1,0,0,0,0,0,1,0,0,0,0,0,0,0
25,2,2,9270,15.8,2,3,1,1,3,4,34,1,0,17,42,4,8,3,8,0,0,0,0.666666667,0,0,1.0,4635.0,0.569715808,0,5.266666667,2.25,1.5,1,0.5,1.333333333,2,2.333333333,0,0,0,0,2.666666667,2,1,2,1,0,1,0,0,0,0,0,1,0,1,0,0,0,1,1
44,4,3,8542,23.6,2,5,1,3,4,4,32,0,1,4,12,4,8,3,7,0,0,0,0.6,1,0,2.0,4271.0,0.709234609,0,4.72,3.0,1.414213562,0,0.5,0.8,1,2.4,0,2,1,1,1.4,0,0,3,1,1,0,0,0,0,1,0,1,0,0,1,0,0,0,0
31,1,1,8130,12.7,1,3,3,2,4,3,41,0,1,8,25,1,4,4,5,0,0,0,0.5,0,0,1.0,8130.0,0.318114875,1,6.35,3.0,0.816496581,0,0.25,0.5,2,2.777777778,0,-1,0,0,2.5,1,0,3,1,1,0,0,1,0,0,0,1,0,1,0,0,0,0,0
38,2,0,4054,10.7,2,3,4,2,1,4,37,0,0,14,44,7,16,3,5,0,0,0,0.0,1,0,1.0,2027.0,0.087171053,1,3.566666667,2.75,1.5,0,0.4375,2.333333333,0,2.933333333,0,0,0,0,1.666666667,1,0,1,0,0,0,1,0,0,0,0,1,0,0,1,0,0,0,0
51,8,2,7570,18.6,3,4,3,4,4,4,35,0,0,11,36,7,5,4,4,0,1,1,0.222222222,1,0,2.666666667,2523.333333,0.509402655,0,2.066666667,3.75,0.5,0,1.4,0.777777778,1,3.0,0,0,1,0,0.444444444,0,0,1,1,1,0,0,0,1,0,0,1,0,0,0,1,0,0,0
36,2,1,7226,9.0,2,2,3,2,3,5,34,0,0,8,23,5,2,2,2,0,0,0,0.333333333,1,0,1.0,3613.0,0.376309304,1,3.0,3.25,1.258305739,0,2.5,1.666666667,1,2.555555556,0,0,0,0,0.666666667,1,0,3,1,1,0,0,0,0,0,1,0,0,0,1,0,0,0,0
36,0,0,6386,11.6,2,3,2,3,5,5,25,0,0,14,45,2,7,2,1,0,0,0,0.0,0,0,0.0,3193.0,0.249691929,1,11.6,3.75,1.5,0,0.285714286,2.0,0,3.0,0,1,0,1,1.0,1,0,2,0,0,1,0,0,0,0,1,0,1,0,1,0,0,0,0
23,5,2,8739,15.2,2,3,3,3,2,1,31,1,1,4,18,5,6,3,12,0,0,0,0.333333333,1,0,2.5,4369.5,0.500888099,0,2.533333333,2.25,0.957427108,1,0.833333333,0.833333333,1,3.6,0,0,0,0,2.0,2,1,2,1,0,1,0,0,0,0,0,1,0,0,0,0,0,1,1
38,7,1,3994,17.7,1,4,2,4,3,2,46,0,1,14,47,5,10,3,5,0,0,0,0.125,1,0,7.0,3994.0,0.082236842,1,2.2125,2.75,0.957427108,0,0.5,0.625,0,3.133333333,0,1,1,1,0.625,1,0,1,1,1,0,1,0,0,0,0,1,0,0,1,0,0,0,0
43,5,2,7225,15.4,3,3,1,4,4,3,30,1,0,5,16,9,2,4,4,0,1,0,0.333333333,1,0,1.666666667,2408.333333,0.592105263,0,2.566666667,3.0,1.414213562,0,4.5,1.5,2,2.666666667,0,-1,0,0,0.666666667,0,0,2,0,1,0,1,0,0,0,0,1,0,0,1,0,0,0,1
28,1,0,7000,15.1,3,3,1,2,3,2,29,1,0,5,11,2,12,2,5,0,1,0,0.0,1,0,0.333333333,2333.333333,0.335027726,1,7.55,2.0,0.816496581,1,0.166666667,1.0,0,1.833333333,0,1,0,1,2.5,2,1,1,0,1,0,0,0,0,0,1,0,1,1,0,0,0,1,1
42,1,0,5869,13.5,1,3,2,4,5,2,17,1,0,10,28,6,5,1,7,0,1,0,0.0,1,0,1.0,5869.0,0.112344583,1,6.75,3.25,1.5,0,1.2,3.0,0,2.545454545,0,2,0,1,3.5,1,0,1,0,0,0,0,0,0,0,0,1,0,0,1,0,0,0,1
43,3,3,7914,13.2,2,3,2,3,1,2,64,0,1,37,131,3,8,4,5,0,0,0,0.75,0,0,1.5,3957.0,0.488909427,1,3.3,2.0,0.816496581,1,0.375,0.75,2,3.447368421,1,-1,0,0,1.25,3,0,2,1,0,1,0,0,0,0,1,1,0,0,1,0,0,0,0
33,10,3,9088,12.5,2,3,4,3,2,4,7,0,0,10,29,3,14,3,5,0,1,0,0.272727273,1,0,5.0,4544.0,0.55062167,0,1.136363636,3.25,0.957427108,0,0.214285714,0.272727273,0,2.636363636,0,0,0,0,0.454545455,0,0,2,0,0,0,0,0,0,0,0,1,0,1,0,0,0,0,0
31,2,1,5536,14.3,1,3,1,3,5,4,42,0,1,42,141,8,3,2,1,0,0,0,0.333333333,1,0,2.0,5536.0,0.141404806,1,4.766666667,3.25,1.707825128,0,2.666666667,2.666666667,0,3.279069767,1,1,0,1,0.333333333,2,0,1,1,1,0,0,0,0,0,1,1,0,1,0,0,0,0,0
44,2,2,6776,16.7,2,3,3,4,2,3,13,0,0,9,25,2,11,3,5,0,1,0,0.666666667,0,0,1.0,3388.0,0.357300885,1,5.566666667,3.0,0.816496581,0,0.181818182,0.666666667,1,2.5,0,0,0,0,1.666666667,1,0,3,1,1,0,0,0,1,0,0,1,0,0,1,0,0,0,0
46,7,2,8945,15.1,2,5,3,2,3,3,29,1,0,2,8,1,7,2,2,1,0,0,0.25,1,0,3.5,4472.5,0.696626106,0,1.8875,2.75,0.5,0,0.142857143,0.125,1,2.666666667,0,3,1,1,0.25,0,0,3,1,0,1,0,0,1,0,0,1,0,0,0,1,0,0,0
33,4,3,7969,16.8,3,3,4,3,5,4,26,1,0,31,117,2,9,2,0,0,1,0,0.6,1,0,1.333333333,2656.333333,0.686677632,0,3.36,4.0,0.816496581,0,0.222222222,0.4,1,3.65625,1,1,0,1,0.0,1,0,2,0,1,0,1,0,0,0,0,1,0,1,0,0,0,0,0
52,8,1,12675,17.8,5,3,3,4,3,4,42,1,0,11,39,5,16,4,9,0,1,1,0.111111111,1,0,1.6,2535.0,0.921903882,0,1.977777778,3.5,0.577350269,0,0.3125,0.555555556,1,3.25,0,-1,0,0,1.0,1,0,2,1,0,1,0,0,0,0,1,1,0,0,0,1,0,1,0
38,6,6,10349,16.4,3,2,5,5,3,4,46,1,0,19,76,3,9,3,8,0,1,0,0.857142857,0,1,2.0,3449.666667,0.832964602,0,2.342857143,4.25,0.957427108,0,0.333333333,0.428571429,0,3.8,1,-1,0,0,1.142857143,3,0,4,0,1,0,0,0,1,0,0,1,0,0,1,0,0,1,1
40,3,1,4511,16.4,2,5,4,3,5,5,27,1,0,7,28,4,7,3,10,0,0,0,0.25,1,0,1.5,2255.5,0.048521257,1,4.1,4.25,0.957427108,0,0.571428571,1.0,1,3.5,0,2,1,1,2.5,2,0,1,0,0,1,0,0,0,0,1,1,0,0,1,0,0,1,1
34,12,5,7708,13.7,3,2,3,3,4,3,28,1,0,9,28,5,8,4,6,0,1,0,0.384615385,1,1,4.0,2569.333333,0.591514143,0,1.053846154,3.25,0.5,0,0.625,0.384615385,1,2.8,0,-2,0,0,0.461538462,1,0,2,1,0,1,0,0,0,1,0,1,0,1,0,0,0,0,0
49,5,4,8333,8.8,3,2,3,4,2,4,25,0,0,4,14,3,10,4,8,0,1,0,0.666666667,1,1,1.666666667,2777.666667,0.740131579,0,1.466666667,3.25,0.957427108,0,0.3,0.5,2,2.8,0,-2,0,0,1.333333333,2,0,3,0,1,0,1,0,0,0,0,1,0,0,0,1,0,0,0
31,12,2,12284,12.5,5,5,2,3,3,4,39,0,1,11,29,1,8,3,7,0,1,0,0.153846154,1,0,2.4,2456.8,0.849689165,0,0.961538462,3.0,0.816496581,0,0.125,0.076923077,1,2.416666667,0,2,1,1,0.538461538,0,0,1,0,0,1,0,0,0,0,0,1,0,1,0,0,0,0,0
34,0,0,7367,9.5,2,3,2,3,5,2,22,1,1,22,89,4,14,2,5,0,1,0,0.0,0,0,0.0,3683.5,0.30017762,1,9.5,3.0,1.414213562,0,0.285714286,4.0,0,3.869565217,1,1,0,1,5.0,2,0,2,0,1,0,0,0,0,0,0,1,0,1,0,0,0,0,0
40,3,0,7512,18.9,2,4,3,3,5,3,11,1,1,18,56,4,10,3,7,0,0,0,0.0,1,0,1.5,3756.0,0.425600739,1,4.725,3.5,1.0,0,0.4,1.0,1,2.947368421,0,1,1,1,1.75,1,0,2,1,0,1,0,0,0,0,1,1,0,0,1,0,0,0,0
31,1,0,8126,14.2,3,4,3,3,3,4,34,1,0,21,73,4,7,3,15,0,1,0,0.0,1,0,0.333333333,2708.666667,0.654742097,0,7.1,3.25,0.5,0,0.571428571,2.0,2,3.318181818,1,1,1,1,7.5,2,0,1,1,0,0,0,0,0,1,0,1,0,1,0,0,0,1,1
30,2,2,9672,14.6,2,4,2,3,4,4,61,0,0,15,54,5,3,5,5,0,0,0,0.666666667,0,0,1.0,4836.0,0.819051581,0,4.866666667,3.25,0.957427108,0,1.666666667,1.666666667,0,3.375,0,-1,1,0,1.666666667,0,0,4,0,1,0,0,0,0,1,0,1,0,1,0,0,0,0,0
30,4,4,10795,19.9,3,5,4,3,5,3,33,0,0,12,44,2,13,4,2,0,1,0,0.8,0,1,1.333333333,3598.333333,0.825631547,0,3.98,3.75,0.957427108,0,0.153846154,0.4,1,3.384615385,0,1,1,1,0.4,1,0,3,1,0,0,0,0,0,0,1,1,0,1,0,0,0,0,0
26,8,0,10310,17.4,3,4,3,4,3,4,22,0,0,11,48,5,7,4,3,0,1,0,0.0,1,0,2.666666667,3436.666667,0.865848586,0,1.933333333,3.5,0.577350269,0,0.714285714,0.555555556,1,4.0,0,0,1,0,0.333333333,0,0,3,0,1,0,0,0,0,1,0,1,0,1,0,0,0,0,0
53,6,5,6907,16.1,3,4,5,4,2,3,25,0,0,13,59,3,5,4,3,0,1,1,0.714285714,1,1,2.0,2302.333333,0.459442596,1,2.3,3.5,1.290994449,0,0.6,0.428571429,0,4.214285714,0,0,1,0,0.428571429,2,0,1,1,0,1,0,0,0,1,0,1,0,0,0,1,0,0,0
40,6,3,10106,19.4,4,5,3,3,2,3,45,1,1,17,65,10,11,1,6,0,1,0,0.428571429,1,0,1.5,2526.5,0.679396092,0,2.771428571,2.75,0.5,0,0.909090909,1.428571429,2,3.611111111,1,4,1,1,0.857142857,1,0,2,0,0,0,0,0,0,0,0,0,1,0,1,0,0,0,1
37,1,1,9468,15.8,2,4,2,3,3,3,62,0,0,5,18,4,14,5,5,0,0,0,0.5,0,0,0.5,4734.0,0.494599902,1,7.9,2.75,0.5,0,0.285714286,2.0,1,3.0,0,-1,1,0,2.5,1,0,2,1,1,0,0,1,0,0,0,1,0,0,1,0,0,0,0
21,1,1,7403,22.0,2,4,5,3,4,4,17,0,0,13,38,3,5,3,5,0,0,0,0.5,0,0,0.5,3701.5,0.408810844,1,11.0,4.0,0.816496581,0,0.6,1.5,2,2.714285714,0,1,1,1,2.5,1,0,2,1,0,0,0,0,0,0,1,1,0,0,0,0,0,0,0
38,8,4,10063,11.8,3,3,4,4,2,3,31,1,0,3,11,7,8,4,11,0,1,0,0.444444444,1,1,2.666666667,3354.333333,0.675843694,0,1.311111111,3.25,0.957427108,0,0.875,0.777777778,0,2.75,0,-1,0,0,1.222222222,2,0,1,0,0,0,0,0,0,0,0,0,1,0,1,0,0,1,1
34,0,0,5045,16.3,2,3,1,3,3,3,47,0,1,5,8,2,6,3,9,0,1,0,0.0,0,0,0.0,2522.5,0.046181172,1,16.3,2.5,1.0,0,0.333333333,2.0,0,1.333333333,0,0,0,0,9.0,2,0,2,1,1,0,0,0,0,0,0,1,0,1,0,0,0,0,0
25,7,6,9075,16.6,2,3,3,3,5,1,34,1,0,3,9,5,11,3,6,0,0,0,0.75,1,1,3.5,4537.5,0.449189985,1,2.075,3.0,1.632993162,0,0.454545455,0.625,0,2.25,0,0,0,0,0.75,2,0,2,1,0,1,0,1,0,0,0,1,0,1,0,0,0,1,0
48,0,0,7465,18.1,2,3,3,3,4,4,0,0,0,13,49,4,15,2,5,0,0,0,0.0,0,0,0.0,3732.5,0.555116473,0,18.1,3.5,0.577350269,0,0.266666667,4.0,0,3.5,0,1,0,1,5.0,0,0,3,1,1,0,0,0,0,1,0,0,0,0,0,1,0,0,0
28,10,2,11453,14.3,3,3,3,2,1,3,43,0,0,32,127,5,8,2,6,0,1,0,0.181818182,1,0,3.333333333,3817.666667,0.726435935,0,1.3,2.25,0.957427108,1,0.625,0.454545455,2,3.848484848,1,1,0,1,0.545454545,2,0,2,1,0,1,0,1,0,0,0,1,0,1,0,0,0,0,0
33,1,0,4954,20.3,1,5,4,3,3,2,15,0,1,52,150,4,2,3,6,0,0,0,0.0,1,0,1.0,4954.0,0.136439268,1,10.15,3.0,0.816496581,0,2.0,2.0,1,2.830188679,1,2,1,1,3.0,2,0,2,1,1,0,0,0,0,1,0,1,0,1,0,0,0,0,0
47,1,1,7462,13.4,2,1,4,2,2,4,48,1,0,7,20,3,10,3,6,0,0,0,0.5,0,0,0.5,3731.0,0.554492512,0,6.7,3.0,1.154700538,0,0.3,1.5,1,2.5,0,-2,0,0,3.0,0,0,3,1,1,0,0,0,0,1,0,1,0,0,0,1,0,0,0
31,5,4,11647,21.0,2,4,2,3,3,3,63,1,1,30,96,2,8,3,7,0,0,0,0.666666667,1,1,2.5,5823.5,0.744477172,0,3.5,2.75,0.5,0,0.25,0.333333333,2,3.096774194,1,1,1,1,1.166666667,2,0,2,1,0,0,0,1,0,0,0,0,0,1,0,0,0,1,1
28,3,3,4356,14.6,1,3,4,3,2,3,43,0,0,14,49,7,8,4,4,0,0,0,0.75,0,0,3.0,4356.0,0.070299501,1,3.65,3.0,0.816496581,0,0.875,1.75,1,3.266666667,0,-1,0,0,1.0,1,0,2,1,0,1,0,0,0,1,0,1,0,1,0,0,0,0,0
28,10,3,10596,12.9,4,3,5,2,2,2,30,0,0,23,66,3,4,5,7,0,1,0,0.272727273,1,0,2.5,2649.0,0.912006579,0,1.172727273,2.75,1.5,0,0.75,0.272727273,0,2.75,1,-2,0,0,0.636363636,1,0,2,1,1,0,1,0,0,0,0,1,0,1,0,0,0,0,0
54,3,1,7051,12.1,3,3,2,3,4,4,44,0,1,9,21,4,10,3,10,0,1,1,0.25,1,0,1.0,2350.333333,0.413993363,1,3.025,3.25,0.957427108,0,0.4,1.0,2,2.1,0,0,0,0,2.5,2,0,1,1,0,0,0,0,1,0,0,1,0,0,0,1,0,0,0
37,1,1,5724,12.9,1,4,3,2,3,3,44,1,0,7,24,3,6,3,8,0,1,0,0.5,0,0,1.0,5724.0,0.314144737,1,6.45,2.75,0.5,0,0.5,1.5,1,3.0,0,1,1,1,4.0,2,0,2,0,1,0,1,0,0,0,0,1,0,0,1,0,0,1,0
39,7,6,9294,20.8,2,5,4,3,3,3,41,0,0,6,21,5,4,5,7,0,1,0,0.75,1,1,3.5,4647.0,0.474717722,1,2.6,3.25,0.5,0,1.25,0.625,1,3.0,0,0,1,0,0.875,2,0,2,1,0,1,0,1,0,0,0,1,0,0,1,0,0,0,0
35,4,0,9569,12.0,2,2,5,4,1,3,64,0,0,28,99,1,7,4,3,0,1,0,0.0,1,0,2.0,4784.5,0.509572901,0,2.4,3.25,1.707825128,0,0.142857143,0.2,1,3.413793103,1,-2,0,0,0.6,1,0,3,0,1,0,0,1,0,0,0,0,1,0,1,0,0,0,0
40,2,1,7980,11.8,2,3,5,3,3,3,38,1,0,15,42,4,7,4,11,0,1,0,0.333333333,1,0,1.0,3990.0,0.572455752,0,3.933333333,3.5,1.0,0,0.571428571,1.333333333,0,2.625,0,-1,0,0,3.666666667,1,0,3,1,0,1,0,0,1,0,0,0,0,0,1,0,0,0,1
32,4,4,13365,11.5,4,2,2,3,3,3,22,0,1,8,24,6,13,3,2,0,1,0,0.8,0,1,1.0,3341.25,0.903641208,0,2.3,2.75,0.5,0,0.461538462,1.2,0,2.666666667,0,-1,0,0,0.4,1,0,3,0,1,0,0,0,0,0,0,1,0,1,0,0,0,0,0
29,1,1,9480,14.9,2,4,2,4,5,3,70,1,1,30,103,3,6,2,6,0,1,0,0.5,0,0,0.5,4740.0,0.495459008,1,7.45,3.5,1.290994449,0,0.5,1.5,2,3.322580645,1,2,1,1,3.0,2,0,2,1,0,1,0,1,0,0,0,1,0,1,0,0,0,1,1
26,8,0,14635,21.9,4,4,4,3,4,3,38,0,1,4,9,1,7,2,6,0,1,0,0.0,1,0,2.0,3658.75,0.967960567,0,2.433333333,3.5,0.577350269,0,0.142857143,0.111111111,1,1.8,0,2,1,1,0.666666667,0,0,3,0,0,1,0,0,0,0,1,1,0,1,0,0,0,0,0
26,8,7,9845,14.0,2,3,5,1,2,2,35,0,1,15,33,2,13,5,4,0,0,0,0.777777778,1,1,4.0,4922.5,0.545409917,0,1.555555556,2.5,1.732050808,0,0.153846154,0.222222222,1,2.0625,0,-2,0,0,0.444444444,1,0,2,0,1,0,0,1,0,0,0,1,0,1,0,0,0,0,0
47,2,2,5698,13.1,2,3,5,2,1,3,57,0,0,4,17,1,16,4,5,0,0,0,0.666666667,0,0,1.0,2849.0,0.309210526,1,4.366666667,2.75,1.707825128,0,0.0625,0.333333333,1,3.4,0,-1,0,0,1.666666667,1,0,1,1,0,1,1,0,0,0,0,0,0,0,0,1,0,0,0
53,6,5,7270,10.1,3,3,4,1,3,4,40,0,0,24,97,7,13,3,7,0,1,1,0.714285714,1,1,2.0,2423.333333,0.519966722,0,1.442857143,3.0,1.414213562,0,0.538461538,1.0,1,3.88,1,0,0,0,1.0,2,0,2,0,1,0,0,0,0,1,0,1,0,0,0,1,0,0,0
34,14,0,11108,7.3,4,1,3,3,4,4,41,1,1,26,82,5,10,3,4,0,1,0,0.0,1,0,3.5,2777.0,0.88550885,0,0.486666667,3.5,0.577350269,0,0.5,0.333333333,2,3.037037037,1,-2,0,0,0.266666667,1,0,2,0,0,1,0,0,1,0,0,1,0,1,0,0,0,0,1
43,9,7,9571,13.8,3,3,3,3,3,3,52,1,1,17,64,6,10,3,8,0,1,0,0.7,1,1,3.0,3190.333333,0.711491066,0,1.38,3.0,0.0,0,0.6,0.6,1,3.555555556,1,0,0,0,0.8,3,0,2,0,1,0,0,0,0,0,1,1,0,0,1,0,0,1,1
34,10,1,12346,17.7,4,4,2,2,3,5,45,0,0,13,60,7,11,4,7,1,1,0,0.090909091,1,0,2.5,3086.5,0.952163062,0,1.609090909,3.0,1.414213562,0,0.636363636,0.636363636,0,4.285714286,0,0,1,0,0.636363636,0,0,2,1,0,1,0,0,0,1,0,1,0,1,0,0,0,0,0
25,2,1,6312,15.3,2,3,3,5,4,3,35,1,0,10,34,3,12,3,2,0,0,0,0.333333333,1,0,1.0,3156.0,0.351705491,1,5.1,3.75,0.957427108,0,0.25,1.0,1,3.090909091,0,0,0,0,0.666666667,1,0,1,1,1,0,0,0,0,1,0,1,0,1,0,0,0,0,0
25,0,0,5092,13.3,2,4,3,3,5,1,15,0,0,1,5,6,3,2,4,0,1,0,0.0,0,0,0.0,2546.0,0.202713816,1,13.3,3.0,1.632993162,0,2.0,6.0,1,2.5,0,2,1,1,4.0,1,0,1,0,1,0,1,0,0,0,0,1,0,1,0,0,0,0,0
55,4,2,6412,15.5,1,4,3,3,1,4,23,0,0,9,26,1,7,3,5,0,0,1,0.4,1,0,4.0,6412.0,0.372712146,1,3.1,2.75,1.258305739,0,0.142857143,0.2,1,2.6,0,1,1,1,1.0,1,0,2,0,1,0,0,0,0,1,0,1,0,0,0,0,1,0,0
26,8,1,11863,11.9,5,1,2,4,3,4,12,0,0,32,111,5,10,3,4,0,1,0,0.111111111,1,0,1.6,2372.6,0.821936057,0,1.322222222,3.25,0.957427108,0,0.5,0.555555556,0,3.363636364,1,-2,0,0,0.444444444,1,0,1,1,0,1,0,0,0,0,0,1,0,1,0,0,0,0,0
30,8,6,10212,19.3,3,4,3,3,3,4,6,0,1,8,39,7,7,3,4,0,1,0,0.666666667,1,1,2.666666667,3404.0,0.589837997,0,2.144444444,3.25,0.5,0,1.0,0.777777778,0,4.333333333,0,1,1,1,0.444444444,1,0,1,1,1,0,0,1,0,0,0,1,0,1,0,0,0,0,0
44,3,1,7373,12.8,3,3,3,3,4,3,25,0,1,18,49,2,5,3,6,0,1,0,0.25,1,0,1.0,2457.666667,0.403265558,1,3.2,3.25,0.5,0,0.4,0.5,1,2.578947368,0,0,0,0,1.5,1,0,1,0,1,0,0,0,0,0,1,1,0,0,1,0,0,0,0
49,3,3,4954,22.0,1,5,3,3,3,3,28,0,0,9,26,4,6,2,3,0,1,0,0.75,0,0,3.0,4954.0,0.185855263,1,5.5,3.0,0.0,0,0.666666667,1.0,2,2.6,0,3,1,1,0.75,1,0,2,1,1,0,1,0,0,0,0,1,0,0,0,1,0,0,0
34,0,0,8996,12.2,2,2,3,5,4,3,0,0,0,6,30,7,2,3,3,0,0,0,0.0,0,0,0.0,4498.0,0.537744227,0,12.2,3.75,0.957427108,0,3.5,7.0,0,4.285714286,0,-1,0,0,3.0,0,0,2,1,1,0,0,0,0,0,0,1,0,1,0,0,0,0,0
41,3,2,10192,12.1,4,3,3,4,3,3,0,0,0,4,13,8,3,5,3,0,1,0,0.5,1,0,0.75,2548.0,0.772335182,0,3.025,3.25,0.5,0,2.666666667,2.0,1,2.6,0,-2,0,0,0.75,0,0,2,1,1,0,0,0,0,0,1,1,0,0,1,0,0,0,0
33,2,0,11545,6.3,3,1,2,3,5,4,16,1,0,24,99,3,5,4,6,0,1,0,0.0,1,0,0.666666667,3848.333333,0.735395189,0,2.1,3.5,1.290994449,0,0.6,1.0,0,3.96,1,-3,0,0,2.0,1,0,3,0,0,1,0,1,0,0,0,1,0,1,0,0,0,0,0
43,4,1,7246,15.1,2,3,3,3,3,4,12,0,0,17,53,4,5,2,6,0,0,0,0.2,1,0,2.0,3623.0,0.380160197,1,3.02,3.25,0.5,0,0.8,0.8,0,2.944444444,0,1,0,1,1.2,1,0,2,0,1,0,0,0,0,0,1,0,0,0,1,0,0,0,0
32,13,10,14418,11.4,4,4,3,1,3,4,32,0,1,10,30,4,9,4,6,0,1,0,0.714285714,1,1,3.25,3604.5,0.984789823,0,0.814285714,2.75,1.258305739,0,0.444444444,0.285714286,2,2.727272727,0,0,1,0,0.428571429,1,0,3,0,0,0,0,0,1,0,0,1,0,1,0,0,0,0,0
34,7,4,9521,13.0,3,3,5,1,4,5,5,1,1,17,48,4,6,3,7,0,1,0,0.5,1,1,2.333333333,3173.666667,0.605239787,0,1.625,3.75,1.892969449,0,0.666666667,0.5,2,2.666666667,0,0,0,0,0.875,1,0,2,0,0,1,0,0,0,0,0,0,1,1,0,0,0,1,1
47,5,1,10561,13.8,2,3,1,3,3,5,44,0,0,16,62,1,8,4,7,0,0,0,0.166666667,1,0,2.5,5280.5,0.632302405,0,2.3,3.0,1.632993162,0,0.125,0.166666667,0,3.647058824,1,-1,0,0,1.166666667,1,0,3,1,1,0,0,1,0,0,0,1,0,0,0,1,0,0,0
21,3,3,11208,14.5,3,4,2,4,2,5,21,0,1,1,5,3,8,1,3,0,1,0,0.75,0,0,1.0,3736.0,0.78374778,0,3.625,3.25,1.5,0,0.375,0.75,0,2.5,0,3,1,1,0.75,0,0,3,1,1,0,0,0,0,0,0,1,0,0,0,0,0,0,0
38,2,0,10114,18.9,2,4,3,3,2,5,37,0,0,23,57,4,7,3,5,0,0,0,0.0,1,0,1.0,5057.0,0.680506217,0,6.3,3.25,1.258305739,0,0.571428571,1.333333333,1,2.375,0,1,1,1,1.666666667,0,0,3,1,0,1,0,0,0,0,0,1,0,0,1,0,0,0,0
35,14,3,11440,17.7,4,4,3,2,3,3,14,0,1,21,62,3,7,2,5,0,1,0,0.2,1,0,3.5,2860.0,0.924708819,0,1.18,2.75,0.5,0,0.428571429,0.2,2,2.818181818,1,2,1,1,0.333333333,1,0,2,1,1,0,0,0,0,1,0,1,0,0,1,0,0,0,0
54,9,5,7955,11.0,3,3,1,2,2,2,24,0,1,19,57,7,2,5,6,0,1,1,0.5,1,1,3.0,2651.666667,0.685032895,0,1.1,1.75,0.5,1,3.5,0.7,1,2.85,0,-2,0,0,0.6,2,0,2,0,0,1,1,0,0,0,0,1,0,0,0,1,0,0,0
35,17,7,15152,23.9,5,4,3,2,3,4,45,0,1,19,30,4,2,3,4,0,1,0,0.388888889,1,1,3.4,3030.4,0.995840266,0,1.327777778,3.0,0.816496581,0,2.0,0.222222222,1,1.5,0,1,1,1,0.222222222,1,0,3,0,1,0,0,0,0,1,0,1,0,0,1,0,0,0,0
49,4,0,11005,14.7,4,3,3,2,5,5,25,0,0,7,23,2,9,4,1,0,1,0,0.0,1,0,1.0,2751.25,0.839032656,0,2.94,3.75,1.5,0,0.222222222,0.4,1,2.875,0,-1,0,0,0.2,0,0,2,0,0,1,0,0,0,0,1,1,0,0,0,1,0,0,0
28,10,3,9409,8.7,2,3,4,3,4,1,21,1,0,20,54,5,12,4,4,0,0,0,0.272727273,1,0,5.0,4704.5,0.693314849,0,0.790909091,3.0,1.414213562,0,0.416666667,0.454545455,1,2.571428571,0,-1,0,0,0.363636364,0,0,3,1,1,0,0,0,0,0,1,1,0,1,0,0,0,1,0
36,4,4,10984,14.7,3,3,2,5,2,3,10,0,0,18,65,3,4,4,2,0,1,0,0.8,0,1,1.333333333,3661.333333,0.879424779,0,2.94,3.0,1.414213562,0,0.75,0.6,2,3.421052632,1,-1,0,0,0.4,2,0,3,1,1,0,0,0,1,0,0,1,0,0,1,0,0,0,0
44,1,1,6217,12.4,1,3,4,2,4,3,17,0,0,25,81,6,8,4,8,0,0,0,0.5,0,0,1.0,6217.0,0.153197158,1,6.2,3.25,0.957427108,0,0.75,3.0,1,3.115384615,1,-1,0,0,4.0,3,0,2,1,1,0,0,0,0,0,0,0,0,0,1,0,0,0,0
36,1,0,8443,18.4,3,4,4,3,1,5,29,0,1,28,137,3,2,3,7,0,1,0,0.0,1,0,0.333333333,2814.333333,0.697795341,0,9.2,3.25,1.707825128,0,1.5,1.5,2,4.724137931,1,1,1,1,3.5,1,0,2,0,1,0,0,0,0,1,0,1,0,0,1,0,0,0,0
31,1,0,6302,15.8,1,3,4,3,3,3,64,0,0,13,44,8,3,2,8,0,1,0,0.0,1,0,1.0,6302.0,0.162522202,1,7.9,3.25,0.5,0,2.666666667,4.0,0,3.142857143,0,1,0,1,4.0,2,0,2,0,0,0,0,0,0,0,0,0,0,1,0,0,0,0,0
38,0,0,9568,22.6,3,4,2,5,2,2,42,1,1,24,97,6,9,4,3,0,1,0,0.0,0,0,0.0,3189.333333,0.767975664,0,22.6,2.75,1.5,0,0.666666667,6.0,1,3.88,1,0,1,0,3.0,1,0,2,0,1,0,0,0,1,0,0,0,0,0,1,0,0,1,1
40,2,2,6359,16.0,2,3,3,3,3,2,35,0,0,21,73,4,12,4,4,0,0,0,0.666666667,0,0,1.0,3179.5,0.294800885,1,5.333333333,2.75,0.5,0,0.333333333,1.333333333,1,3.318181818,1,-1,0,0,1.333333333,2,0,1,0,0,1,0,0,1,0,0,1,0,0,1,0,0,0,0
36,5,2,6692,17.3,2,5,5,4,3,3,35,0,1,12,34,4,5,4,5,1,0,0,0.333333333,1,0,2.5,3346.0,0.416389351,1,2.883333333,3.75,0.957427108,0,0.8,0.666666667,1,2.615384615,0,1,1,1,0.833333333,1,0,2,0,0,1,0,0,0,1,0,1,0,0,1,0,0,0,0
47,3,3,7262,15.0,3,4,3,2,2,5,55,0,1,15,50,6,12,3,4,0,1,0,0.75,0,0,1.0,2420.666667,0.38293284,1,3.75,3.0,1.414213562,0,0.5,1.5,0,3.125,0,1,1,1,1.0,1,0,1,0,0,0,0,0,0,0,1,1,0,0,0,1,0,0,0
30,0,0,7994,17.4,2,5,4,5,3,4,42,0,0,17,31,5,5,3,1,0,0,0,0.0,0,0,0.0,3997.0,0.391207815,1,17.4,4.0,0.816496581,0,1.0,5.0,1,1.722222222,0,2,1,1,1.0,1,0,2,1,1,0,0,0,0,0,0,0,1,1,0,0,0,0,0
23,1,1,5368,14.0,1,3,4,1,3,4,10,0,1,20,53,3,6,3,5,0,0,0,0.5,0,0,1.0,5368.0,0.198211314,1,7.0,3.0,1.414213562,0,0.5,1.5,1,2.523809524,0,0,0,0,2.5,1,0,2,1,1,0,0,0,0,1,0,0,1,0,0,0,0,0,0
49,8,0,9178,12.1,3,4,4,2,4,4,16,0,0,13,52,6,12,3,6,0,1,0,0.0,1,0,2.666666667,3059.333333,0.727323009,0,1.344444444,3.5,1.0,0,0.5,0.666666667,1,3.714285714,0,1,1,1,0.666666667,0,0,1,1,0,1,0,0,1,0,0,1,0,0,0,1,0,0,0
25,2,2,4566,11.9,2,4,4,3,3,3,27,0,1,32,109,3,2,3,5,0,1,0,0.666666667,0,0,1.0,2283.0,0.137335526,1,3.966666667,3.25,0.5,0,1.5,1.0,1,3.303030303,1,1,1,1,1.666666667,2,0,2,1,0,1,1,0,0,0,0,1,0,1,0,0,0,0,0
52,0,0,5769,18.1,1,2,2,3,4,4,39,0,0,7,21,1,2,3,4,0,0,1,0.0,0,0,0.0,5769.0,0.167436845,1,18.1,3.25,0.957427108,0,0.5,1.0,1,2.625,0,-1,0,0,4.0,1,0,1,0,1,0,0,0,0,0,1,1,0,0,0,1,0,0,0
54,3,1,6512,22.4,2,3,3,4,3,3,53,0,1,23,66,5,13,2,3,0,1,1,0.25,1,0,1.5,3256.0,0.116715758,1,5.6,3.25,0.5,0,0.384615385,1.25,1,2.75,1,1,0,1,0.75,2,0,2,0,0,1,0,1,0,0,0,1,0,0,0,1,0,0,0
38,3,2,7937,16.7,2,4,3,3,2,4,39,0,1,6,23,2,2,3,5,0,1,0,0.5,1,0,1.5,3968.5,0.492914356,1,4.175,3.0,0.816496581,0,1.0,0.5,2,3.285714286,0,1,1,1,1.25,1,0,2,1,1,0,0,0,0,0,1,1,0,0,1,0,0,0,0
45,4,0,5331,19.4,2,4,3,4,3,4,21,0,0,8,24,1,9,4,6,0,0,0,0.0,1,0,2.0,2665.5,0.149889381,1,3.88,3.5,0.577350269,0,0.111111111,0.2,2,2.666666667,0,0,1,0,1.2,1,0,1,0,0,1,0,0,1,0,0,1,0,0,0,1,0,0,0
49,0,0,11709,13.5,3,4,2,3,3,4,58,0,0,10,25,4,13,5,5,0,1,0,0.0,0,0,0.0,3903.0,0.915376106,0,13.5,3.0,0.816496581,0,0.307692308,4.0,2,2.272727273,0,-1,1,0,5.0,0,0,4,1,1,0,0,0,1,0,0,1,0,0,0,1,0,0,0
38,1,1,9952,15.6,2,3,3,5,3,2,19,1,0,9,26,3,15,3,7,0,0,0,0.5,0,0,0.5,4976.0,0.748767714,0,7.8,3.25,1.258305739,0,0.2,1.5,1,2.6,0,0,0,0,3.5,0,0,3,1,0,1,0,0,0,0,1,0,0,0,1,0,0,0,0
34,9,0,13254,18.3,3,4,3,3,3,3,66,1,1,9,22,3,9,2,6,0,1,0,0.0,1,0,3.0,4418.0,0.974625624,0,1.83,3.0,0.0,0,0.333333333,0.3,0,2.2,0,2,1,1,0.6,0,0,4,1,0,1,0,0,0,1,0,1,0,1,0,0,0,0,0
47,1,1,5727,9.4,1,3,4,4,2,2,30,1,0,14,49,6,7,2,9,0,0,0,0.5,0,0,1.0,5727.0,0.057069219,1,4.7,3.0,1.154700538,0,0.857142857,3.0,0,3.266666667,0,1,0,1,4.5,2,0,1,0,0,1,0,1,0,0,0,1,0,0,0,1,0,1,1
35,6,0,14372,20.4,3,2,3,3,5,1,34,0,0,15,55,1,16,4,2,0,1,0,0.0,1,0,2.0,4790.666667,0.901816397,0,2.914285714,3.0,1.632993162,0,0.0625,0.142857143,2,3.4375,0,-2,0,0,0.285714286,0,0,4,1,0,1,0,1,0,0,0,1,0,0,1,0,0,0,0
30,11,3,14706,22.8,5,5,3,4,3,4,43,1,0,10,38,8,4,4,4,0,1,0,0.25,1,0,2.2,2941.2,0.96857671,0,1.9,3.5,0.577350269,0,2.0,0.666666667,2,3.454545455,0,1,1,1,0.333333333,0,0,2,0,1,0,0,0,0,0,1,1,0,1,0,0,0,1,1
48,11,0,9705,13.4,2,3,4,3,3,3,19,1,1,10,30,2,5,4,10,0,0,0,0.0,1,0,5.5,4852.5,0.528227786,0,1.116666667,3.25,0.5,0,0.4,0.166666667,1,2.727272727,0,-1,0,0,0.833333333,1,0,2,0,0,0,0,1,0,0,0,1,0,0,0,1,0,1,1
47,19,18,15319,11.4,4,3,3,2,4,3,76,0,0,14,43,6,7,2,3,0,1,0,0.9,1,1,4.75,3829.75,0.935198822,0,0.57,3.0,0.816496581,0,0.857142857,0.3,1,2.866666667,0,1,0,1,0.15,1,0,2,1,1,0,0,1,0,0,0,1,0,0,0,1,0,0,0
46,9,1,11484,17.9,4,3,4,3,2,4,72,0,0,24,95,4,11,3,7,0,1,0,0.1,1,0,2.25,2871.0,0.905420354,0,1.79,3.25,0.957427108,0,0.363636364,0.4,0,3.8,1,0,0,0,0.7,1,0,2,0,1,0,0,0,1,0,0,0,0,0,0,1,0,0,0
38,3,1,10185,15.1,2,3,4,3,3,3,13,0,0,17,61,3,2,3,4,0,1,0,0.25,1,0,1.5,5092.5,0.687611012,0,3.775,3.25,0.5,0,1.5,0.75,1,3.388888889,1,0,0,0,1.0,1,0,3,1,0,1,0,0,0,0,0,1,0,0,1,0,0,0,0
46,4,2,5308,16.4,1,4,3,4,4,5,56,0,1,24,53,6,3,5,6,0,0,0,0.4,1,0,4.0,5308.0,0.239309211,1,3.28,4.0,0.816496581,0,2.0,1.2,1,2.12,0,-1,1,0,1.2,1,0,2,1,0,1,1,0,0,0,0,0,1,0,0,1,0,0,0
51,6,1,10758,22.0,3,5,1,3,3,3,96,1,1,31,150,3,7,2,10,1,1,1,0.142857143,1,0,2.0,3586.0,0.651939126,0,3.142857143,2.5,1.0,0,0.428571429,0.428571429,1,4.6875,1,3,1,1,1.428571429,2,0,2,0,0,0,0,1,0,0,0,1,0,0,0,1,0,1,1
32,14,13,14069,21.4,5,3,3,2,4,4,10,0,0,2,7,1,10,3,6,0,1,0,0.866666667,1,1,2.8,2813.8,0.957332101,0,1.426666667,3.25,0.957427108,0,0.1,0.066666667,1,2.333333333,0,0,0,0,0.4,1,0,3,0,1,0,0,0,0,0,1,1,0,1,0,0,0,0,0
46,4,1,5056,16.7,1,3,1,3,3,3,16,0,0,6,12,4,3,4,7,0,0,0,0.2,1,0,4.0,5056.0,0.047513321,1,3.34,2.5,1.0,0,1.333333333,0.8,0,1.714285714,0,-1,0,0,1.4,1,0,1,1,0,1,0,0,0,0,0,1,0,0,0,1,0,0,0
32,3,0,5549,16.5,1,4,3,3,3,4,61,0,1,9,14,5,14,2,8,0,0,0,0.0,1,0,3.0,5549.0,0.280427632,1,4.125,3.25,0.5,0,0.357142857,1.25,0,1.4,0,2,1,1,2.0,2,0,2,1,1,0,1,0,0,0,0,1,0,1,0,0,0,0,0
28,1,0,8800,15.6,3,4,3,4,4,2,32,1,0,3,8,2,17,3,10,0,1,0,0.0,1,0,0.333333333,2933.333333,0.508436945,0,7.8,3.25,0.957427108,0,0.117647059,1.0,2,2.0,0,1,1,1,5.0,1,0,2,1,0,0,0,0,0,0,0,0,1,1,0,0,0,1,1
43,1,0,8542,9.3,2,3,2,1,4,3,27,0,0,11,14,2,5,4,4,0,0,0,0.0,1,0,0.5,4271.0,0.37616593,1,4.65,2.5,1.290994449,0,0.4,1.0,1,1.166666667,0,-1,0,0,2.0,1,0,2,1,1,0,0,1,0,0,0,0,0,0,1,0,0,0,0
32,14,4,11253,13.7,3,4,2,2,2,5,17,1,0,1,5,6,4,3,5,1,1,0,0.266666667,1,0,4.666666667,3751.0,0.85767098,0,0.913333333,2.75,1.5,0,1.5,0.4,1,2.5,0,1,1,1,0.333333333,0,0,3,1,1,0,0,0,0,0,1,1,0,1,0,0,0,1,1
52,18,11,20288,17.4,5,3,3,3,4,3,63,0,1,11,30,3,15,3,3,0,1,1,0.578947368,1,1,3.6,4057.6,0.996072656,0,0.915789474,3.25,0.5,0,0.2,0.157894737,1,2.5,0,0,0,0,0.157894737,1,0,3,1,0,0,0,1,0,0,0,1,0,0,0,1,0,0,0
26,8,4,11244,8.3,3,2,3,3,1,1,38,0,0,3,5,1,14,3,9,0,1,0,0.444444444,1,1,2.666666667,3748.0,0.938322368,0,0.922222222,2.0,1.154700538,1,0.071428571,0.111111111,1,1.25,0,-1,0,0,1.0,3,0,4,0,0,1,1,0,0,0,0,1,0,1,0,0,0,0,0
43,5,3,12646,14.9,2,4,5,4,4,2,12,0,0,4,12,10,6,3,6,1,0,0,0.5,1,0,2.5,6323.0,0.817133039,0,2.483333333,3.75,1.258305739,0,1.666666667,1.666666667,2,2.4,0,1,1,1,1.0,0,0,4,1,0,0,0,1,0,0,0,0,1,0,1,0,0,0,0
47,1,0,7154,22.2,1,4,3,2,3,4,39,0,1,21,68,5,15,3,5,0,0,0,0.0,1,0,1.0,7154.0,0.365680838,1,11.1,3.0,0.816496581,0,0.333333333,2.5,0,3.090909091,1,1,1,1,2.5,2,0,4,0,0,0,0,0,0,0,1,0,1,0,0,1,0,0,0
39,0,0,6492,18.9,1,5,2,4,1,3,71,0,0,12,48,2,2,4,5,0,1,0,0.0,0,0,0.0,6492.0,0.26663586,1,18.9,2.5,1.290994449,0,1.0,2.0,1,3.692307692,0,1,1,1,5.0,1,0,2,1,0,1,0,0,0,0,1,1,0,0,1,0,0,0,0
38,5,4,4467,14.1,1,3,4,5,4,4,45,0,0,32,124,5,4,1,1,0,0,0,0.666666667,1,1,5.0,4467.0,0.065818584,1,2.35,4.25,0.5,0,1.25,0.833333333,0,3.757575758,1,2,0,1,0.166666667,3,0,2,1,0,1,0,0,1,0,0,1,0,0,1,0,0,0,0
41,2,2,5137,17.6,1,3,2,1,5,1,31,0,1,22,60,2,17,3,4,0,0,0,0.666666667,0,0,2.0,5137.0,0.165973378,1,5.866666667,2.25,1.892969449,1,0.117647059,0.666666667,0,2.608695652,0,0,0,0,1.333333333,2,0,2,1,0,1,0,0,0,1,0,1,0,0,1,0,0,0,0
41,2,1,5846,10.0,2,2,4,2,3,2,58,0,1,8,33,2,12,4,3,0,1,0,0.333333333,1,0,1.0,2923.0,0.17775724,1,3.333333333,2.75,0.957427108,0,0.166666667,0.666666667,0,3.666666667,0,-2,0,0,1.0,1,0,2,1,1,0,0,0,0,0,1,1,0,0,1,0,0,0,0
43,6,6,14052,16.4,4,2,2,3,3,3,43,0,0,2,5,7,2,5,5,0,1,0,0.857142857,0,1,1.5,3513.0,0.928952043,0,2.342857143,2.75,0.5,0,3.5,1.0,0,1.666666667,0,-3,0,0,0.714285714,1,0,3,1,0,0,0,0,0,0,0,1,0,0,1,0,0,0,0
46,1,1,6792,18.7,2,4,3,4,2,2,5,0,1,15,36,3,12,2,3,0,0,0,0.5,0,0,0.5,3396.0,0.43344426,1,9.35,2.75,0.957427108,0,0.25,1.5,0,2.25,0,2,1,1,1.5,1,0,2,1,1,0,0,0,0,1,0,0,1,0,0,1,0,0,0
38,0,0,4459,11.0,1,3,3,3,4,2,47,0,1,27,86,5,4,3,5,0,1,0,0.0,0,0,0.0,4459.0,0.010309278,1,11.0,3.0,0.816496581,0,1.25,5.0,0,3.071428571,1,0,0,0,5.0,2,0,1,1,1,0,0,1,0,0,0,1,0,0,1,0,0,0,0
50,0,0,4348,18.7,1,4,4,4,4,2,40,0,0,6,21,1,15,1,7,0,0,1,0.0,0,0,0.0,4348.0,0.014875666,1,18.7,3.5,1.0,0,0.066666667,1.0,1,3.0,0,3,1,1,7.0,1,0,1,1,1,0,0,0,0,0,0,1,0,0,0,1,0,0,0
48,16,15,11814,15.8,4,3,1,4,3,3,18,1,0,20,70,3,10,3,5,0,1,0,0.882352941,1,1,4.0,2953.5,0.939267887,0,0.929411765,2.75,1.258305739,0,0.3,0.176470588,1,3.333333333,1,0,0,0,0.294117647,2,0,2,1,0,1,0,0,0,1,0,0,1,0,0,1,0,1,1
34,2,0,7180,18.0,2,3,4,2,3,3,44,0,1,10,30,5,8,2,8,0,0,0,0.0,1,0,1.0,3590.0,0.36922366,1,6.0,3.0,0.816496581,0,0.625,1.666666667,1,2.727272727,0,1,0,1,2.666666667,2,0,3,1,1,0,0,0,0,0,1,1,0,1,0,0,0,0,0
26,3,3,4050,17.5,1,4,3,3,2,4,56,1,1,3,9,4,4,4,7,0,0,0,0.75,0,0,3.0,4050.0,0.051164725,1,4.375,3.0,0.816496581,0,1.0,1.0,0,2.25,0,0,1,0,1.75,1,0,1,0,1,0,0,0,0,1,0,0,1,1,0,0,0,0,0
23,2,1,12061,14.4,2,2,5,2,1,5,37,1,1,16,60,5,9,5,9,0,0,0,0.333333333,1,0,1.0,6030.5,0.777368679,0,4.8,3.25,2.061552813,0,0.555555556,1.666666667,1,3.529411765,0,-3,0,0,3.0,1,0,4,1,1,0,0,1,0,0,0,1,0,0,0,0,0,1,1
50,3,1,6505,17.4,2,3,4,3,3,3,33,1,0,20,38,3,6,3,12,0,1,1,0.25,1,0,1.5,3252.5,0.385607321,1,4.35,3.25,0.5,0,0.5,0.75,1,1.80952381,0,0,0,0,3.0,2,0,1,1,1,0,0,0,0,1,0,1,0,0,0,1,0,1,1
57,1,0,6317,13.2,1,3,3,3,3,4,61,1,0,14,52,7,15,3,8,0,0,1,0.0,1,0,1.0,6317.0,0.428042763,1,6.6,3.25,0.5,0,0.466666667,3.5,0,3.466666667,0,0,0,0,4.0,2,0,2,1,0,0,1,0,0,0,0,1,0,0,0,0,1,1,0
49,1,0,5797,15.4,2,3,4,3,3,1,66,0,0,26,91,1,13,3,6,0,0,0,0.0,1,0,0.5,2898.5,0.275166389,1,7.7,2.75,1.258305739,0,0.076923077,0.5,2,3.37037037,1,0,0,0,3.0,2,0,2,1,1,0,0,0,0,1,0,1,0,0,0,1,0,0,0
19,0,0,4430,16.6,1,3,3,4,5,1,25,0,0,12,49,6,9,2,4,0,0,0,0.0,0,0,0.0,4430.0,0.063053097,1,16.6,3.25,1.707825128,0,0.666666667,6.0,1,3.769230769,0,1,0,1,4.0,1,0,2,1,1,0,0,0,1,0,0,1,0,0,0,0,0,0,0
31,5,2,12100,11.5,4,2,3,4,4,3,46,0,0,15,44,6,8,5,6,0,1,0,0.333333333,1,0,1.25,3025.0,0.898028343,0,1.916666667,3.5,0.577350269,0,0.75,1.0,1,2.75,0,-3,0,0,1.0,0,0,2,1,0,0,0,0,0,0,1,1,0,1,0,0,0,0,0
40,8,8,5817,15.1,2,2,3,3,3,3,30,0,0,10,24,1,7,2,4,0,0,0,0.888888889,0,1,4.0,2908.5,0.27828619,1,1.677777778,3.0,0.0,0,0.142857143,0.111111111,1,2.181818182,0,0,0,0,0.444444444,2,0,2,1,1,0,0,0,0,1,0,0,0,0,1,0,0,0,0
27,4,4,13260,16.3,3,4,3,4,5,4,37,1,1,11,37,8,5,4,8,0,1,0,0.8,0,1,1.333333333,4420.0,0.936691312,0,3.26,4.0,0.816496581,0,1.6,1.6,1,3.083333333,0,0,1,0,1.6,2,0,4,0,1,0,0,0,0,0,1,0,1,1,0,0,0,1,1
23,5,2,9147,12.8,3,3,4,4,1,4,15,0,0,16,56,3,8,2,3,0,1,0,0.333333333,1,0,1.666666667,3049.0,0.658040665,0,2.133333333,3.25,1.5,0,0.375,0.5,2,3.294117647,0,1,0,1,0.5,0,0,2,0,0,1,0,0,0,0,1,1,0,0,0,0,0,0,0
36,0,0,7844,11.4,2,3,3,5,4,3,35,0,1,26,83,1,10,5,5,0,0,0,0.0,0,0,0.0,3922.0,0.36722913,1,11.4,3.75,0.957427108,0,0.1,1.0,0,3.074074074,1,-2,0,0,5.0,2,0,2,1,1,0,0,0,0,0,0,1,0,0,1,0,0,0,0
41,11,6,10827,13.4,3,4,4,2,3,2,21,1,1,10,25,2,6,3,4,0,1,0,0.5,1,1,3.666666667,3609.0,0.748667851,0,1.116666667,2.75,0.957427108,0,0.333333333,0.166666667,0,2.272727273,0,1,1,1,0.333333333,1,0,2,1,1,0,0,0,0,0,0,0,1,0,1,0,0,0,0
28,0,0,7593,12.2,3,1,3,4,3,3,42,0,0,28,72,4,6,2,4,0,1,0,0.0,0,0,0.0,2531.0,0.439926063,1,12.2,3.25,0.5,0,0.666666667,4.0,1,2.482758621,1,-1,0,0,4.0,2,0,2,1,0,1,0,0,0,0,1,1,0,1,0,0,0,0,0
29,8,3,10592,11.3,3,3,2,3,5,2,46,0,1,6,17,4,11,3,4,0,1,0,0.333333333,1,0,2.666666667,3530.666667,0.637457045,0,1.255555556,3.0,1.414213562,0,0.363636364,0.444444444,2,2.428571429,0,0,0,0,0.444444444,0,0,2,0,0,1,0,1,0,0,0,1,0,1,0,0,0,0,0
32,3,2,5932,8.1,2,2,4,2,4,2,54,1,1,13,50,7,11,2,4,0,0,0,0.5,1,0,1.5,2966.0,0.227876106,1,2.025,3.0,1.154700538,0,0.636363636,1.75,1,3.571428571,0,0,0,0,1.0,1,0,2,0,1,0,0,0,1,0,0,1,0,1,0,0,0,1,1
32,6,4,12972,16.0,4,3,4,3,4,4,32,0,1,18,70,4,5,4,5,0,1,0,0.571428571,1,1,1.5,3243.0,0.97171381,0,2.285714286,3.75,0.5,0,0.8,0.571428571,1,3.684210526,1,-1,0,0,0.714285714,2,0,3,1,0,1,0,0,0,1,0,1,0,1,0,0,0,0,0
29,7,6,7986,11.6,2,3,3,5,2,4,29,1,1,18,33,5,10,3,6,0,0,0,0.75,1,1,3.5,3993.0,0.634151414,0,1.45,3.5,1.290994449,0,0.5,0.625,1,1.736842105,0,0,0,0,0.75,1,0,3,1,0,0,0,0,0,1,0,1,0,1,0,0,0,0,0
41,0,0,6075,10.0,2,3,2,4,4,4,47,0,0,17,20,5,8,4,8,0,0,0,0.0,0,0,0.0,3037.5,0.135879218,1,10.0,3.5,1.0,0,0.625,5.0,1,1.111111111,0,-1,0,0,8.0,2,0,1,1,0,1,0,0,0,0,0,1,0,0,1,0,0,1,1
33,5,3,6779,18.1,2,4,2,3,5,1,16,0,1,12,38,5,13,3,4,0,0,0,0.5,1,0,2.5,3389.5,0.21625222,1,3.016666667,2.75,1.707825128,0,0.384615385,0.833333333,0,2.923076923,0,1,1,1,0.666666667,1,0,1,0,1,0,0,0,0,0,0,1,0,1,0,0,0,0,0
42,8,2,7952,13.9,2,3,4,3,3,3,13,0,0,18,56,8,2,4,3,0,0,0,0.222222222,1,0,4.0,3976.0,0.628951747,0,1.544444444,3.25,0.5,0,4.0,0.888888889,1,2.947368421,0,-1,0,0,0.333333333,0,0,2,0,1,0,0,0,0,1,0,1,0,0,1,0,0,0,0
38,2,2,7157,20.9,1,4,2,2,5,3,25,0,0,8,32,2,5,3,2,0,0,0,0.666666667,0,0,2.0,7157.0,0.270426288,1,6.966666667,3.0,1.414213562,0,0.4,0.666666667,1,3.555555556,0,1,1,1,0.666666667,1,0,3,1,0,0,0,0,0,0,0,1,0,0,1,0,0,0,0
37,1,0,7898,17.0,2,3,4,3,2,3,80,0,0,3,15,4,2,1,10,0,1,0,0.0,1,0,0.5,3949.0,0.486752927,1,8.5,3.0,0.816496581,0,2.0,2.0,1,3.75,0,2,0,1,5.0,2,0,3,1,1,0,0,0,0,0,1,1,0,0,1,0,0,0,0
47,3,1,8598,10.9,3,2,2,3,3,4,51,0,0,27,97,4,9,4,3,0,1,0,0.25,1,0,1.0,2866.0,0.479573712,1,2.725,3.0,0.816496581,0,0.444444444,1.0,1,3.464285714,1,-2,0,0,0.75,2,0,2,1,0,1,0,0,0,0,0,1,0,0,0,1,0,0,0
47,3,1,7679,11.1,2,2,5,1,3,3,38,1,0,22,70,7,18,3,12,0,0,0,0.25,1,0,1.5,3839.5,0.454251386,1,2.775,3.0,1.632993162,0,0.388888889,1.75,1,3.043478261,1,-1,0,0,3.0,3,0,3,0,0,1,0,0,0,0,1,1,0,0,0,1,0,1,1
19,1,0,9601,13.8,3,3,3,5,2,2,31,0,1,8,26,5,14,3,5,0,1,0,0.0,1,0,0.333333333,3200.333333,0.513009327,0,6.9,3.0,1.414213562,0,0.357142857,2.5,1,2.888888889,0,0,0,0,2.5,0,0,2,1,0,1,0,1,0,0,0,0,0,0,0,0,0,0,0
32,3,3,7955,19.0,2,3,2,4,3,4,50,0,0,30,100,2,3,5,5,0,0,0,0.75,0,0,1.5,3977.5,0.290009818,1,4.75,3.25,0.957427108,0,0.666666667,0.5,1,3.225806452,1,-2,0,0,1.25,2,0,2,1,1,0,0,1,0,0,0,1,0,1,0,0,0,0,0
27,4,0,7246,13.5,1,3,3,1,3,2,17,1,0,34,112,2,9,3,6,0,0,0,0.0,1,0,4.0,7246.0,0.450497788,1,2.7,2.25,0.957427108,1,0.222222222,0.4,1,3.2,1,0,0,0,1.2,3,1,3,1,1,0,0,0,1,0,0,1,0,1,0,0,0,0,0
33,6,6,11411,15.2,3,4,5,4,3,3,58,1,0,7,24,4,5,1,5,0,1,0,0.857142857,0,1,2.0,3803.666667,0.866605052,0,2.171428571,3.75,0.957427108,0,0.8,0.571428571,2,3.0,0,3,1,1,0.714285714,1,0,3,1,0,1,0,0,0,0,1,1,0,1,0,0,0,1,1
19,1,0,4558,18.0,1,3,4,5,2,2,1,0,1,4,14,5,11,3,5,0,0,0,0.0,1,0,1.0,4558.0,0.075221239,1,9.0,3.25,1.5,0,0.454545455,2.5,2,2.8,0,0,0,0,2.5,1,0,2,1,0,1,0,0,1,0,0,0,0,0,0,0,0,0,0
37,5,4,6734,13.5,2,3,2,4,1,3,54,0,0,7,23,3,2,5,6,0,0,0,0.666666667,1,1,2.5,3367.0,0.424916805,1,2.25,2.5,1.290994449,0,1.5,0.5,1,2.875,0,-2,0,0,1.0,2,0,2,1,1,0,0,0,0,1,0,1,0,0,1,0,0,0,0
36,1,1,8134,13.1,2,2,4,4,4,3,24,0,0,18,52,5,4,4,3,0,0,0,0.5,0,0,0.5,4067.0,0.40874778,1,6.55,3.75,0.5,0,1.25,2.5,1,2.736842105,0,-2,0,0,1.5,1,0,4,1,0,1,0,0,0,0,0,0,0,0,1,0,0,0,0
43,6,1,12216,17.0,4,5,3,5,3,4,12,0,0,13,54,2,5,3,7,0,1,0,0.142857143,1,0,1.5,3054.0,0.936946903,0,2.428571429,3.75,0.957427108,0,0.4,0.285714286,0,3.857142857,0,2,1,1,1.0,0,0,2,1,1,0,0,0,1,0,0,1,0,0,1,0,0,0,0
18,0,0,7891,13.9,2,3,4,3,3,4,21,0,1,13,49,5,6,2,7,0,0,0,0.0,0,0,0.0,3945.5,0.282646048,1,13.9,3.5,0.577350269,0,0.833333333,5.0,1,3.5,0,1,0,1,7.0,1,0,2,1,1,0,0,1,0,0,0,1,0,0,0,0,0,0,0
49,5,5,8261,21.0,2,4,4,2,1,3,53,0,0,14,39,4,6,4,13,1,0,0,0.833333333,0,0,2.5,4130.5,0.612002212,0,3.5,2.5,1.290994449,0,0.666666667,0.666666667,1,2.6,0,0,1,0,2.166666667,1,0,2,0,1,0,0,0,1,0,0,1,0,0,0,1,0,0,0
42,6,0,8101,12.0,3,2,1,1,4,2,36,0,0,22,35,2,6,2,6,0,1,0,0.0,1,0,2.0,2700.333333,0.649750416,0,1.714285714,2.0,1.414213562,1,0.333333333,0.285714286,1,1.52173913,0,0,0,0,0.857142857,1,0,2,0,1,0,0,0,0,1,0,1,0,0,1,0,0,0,0
26,7,6,12243,8.4,4,3,3,2,2,2,49,1,0,18,58,4,11,3,5,0,1,0,0.75,1,1,1.75,3060.75,0.845914742,0,1.05,2.25,0.5,1,0.363636364,0.5,0,3.052631579,0,0,0,0,0.625,2,1,2,1,1,0,0,0,0,0,0,1,0,1,0,0,0,0,0
38,0,0,7509,15.8,2,3,3,2,5,5,52,1,1,6,14,4,2,3,6,0,1,0,0.0,0,0,0.0,3754.5,0.317939609,1,15.8,3.75,1.5,0,2.0,4.0,2,2.0,0,0,0,0,6.0,1,0,2,1,1,0,0,0,0,0,0,1,0,0,1,0,0,1,1
31,13,11,12691,12.9,4,4,4,2,4,3,22,0,1,19,58,7,6,1,5,0,1,0,0.785714286,1,1,3.25,3172.75,0.873889876,0,0.921428571,3.25,0.957427108,0,1.166666667,0.5,1,2.9,0,3,1,1,0.357142857,1,0,2,1,0,1,0,0,0,0,0,1,0,1,0,0,0,0,0
40,4,4,11026,16.7,2,4,5,4,2,3,31,0,1,27,77,2,9,3,6,0,0,0,0.8,0,1,2.0,5513.0,0.680166912,0,3.34,3.5,1.290994449,0,0.222222222,0.4,1,2.75,1,1,1,1,1.2,2,0,3,0,1,0,0,1,0,0,0,1,0,0,1,0,0,0,0
33,3,2,8481,14.6,2,3,2,4,4,4,7,0,1,12,45,4,12,1,4,0,1,0,0.5,1,0,1.5,4240.5,0.460479574,1,3.65,3.5,1.0,0,0.333333333,1.0,1,3.461538462,0,2,0,1,1.0,1,0,2,1,0,1,0,0,0,0,0,1,0,1,0,0,0,0,0
34,1,1,7051,16.9,2,3,3,4,3,3,46,1,1,10,21,2,10,3,7,0,0,0,0.5,0,0,0.5,3525.5,0.344577942,1,8.45,3.25,0.5,0,0.2,1.0,1,1.909090909,0,0,0,0,3.5,1,0,2,1,0,1,0,0,0,0,1,1,0,1,0,0,0,0,0
34,6,0,6386,18.9,2,3,4,3,4,3,29,0,1,23,76,6,2,2,4,0,0,0,0.0,1,0,3.0,3193.0,0.249691929,1,2.7,3.5,0.577350269,0,3.0,0.857142857,1,3.166666667,1,1,0,1,0.571428571,2,0,2,1,0,1,0,0,0,0,1,0,1,1,0,0,0,0,0
31,3,0,8138,15.5,2,5,4,2,2,4,25,0,0,14,35,3,9,3,6,0,0,0,0.0,1,0,1.5,4069.0,0.319710358,1,3.875,3.0,1.154700538,0,0.333333333,0.75,2,2.333333333,0,2,1,1,1.5,1,0,1,1,0,1,0,1,0,0,0,0,0,1,0,0,0,0,0
30,5,4,6206,15.4,1,3,4,3,3,3,31,0,0,28,76,2,2,1,6,0,0,0,0.666666667,1,1,5.0,6206.0,0.337354409,1,2.566666667,3.25,0.5,0,1.0,0.333333333,0,2.620689655,1,2,0,1,1.0,3,0,3,1,0,1,0,0,0,1,0,1,0,1,0,0,0,0,0
38,6,5,10574,14.0,3,3,4,1,2,4,50,0,0,24,83,2,12,4,6,0,1,0,0.714285714,1,1,2.0,3524.666667,0.882279534,0,2.0,2.75,1.5,0,0.166666667,0.285714286,1,3.32,1,-1,0,0,0.857142857,2,0,3,1,0,1,0,0,0,1,0,1,0,0,1,0,0,0,0
33,2,1,4452,17.7,1,4,3,2,3,4,50,0,0,7,29,4,4,4,0,0,1,0,0.333333333,1,0,2.0,4452.0,0.083194676,1,5.9,3.0,0.816496581,0,1.0,1.333333333,1,3.625,0,0,1,0,0.0,1,0,1,0,0,0,0,0,0,1,0,1,0,1,0,0,0,0,0
40,12,11,15545,22.4,3,5,4,2,3,2,52,1,0,3,5,5,3,3,5,1,1,0,0.846153846,1,0,4.0,5181.666667,0.939126166,0,1.723076923,2.75,0.957427108,0,1.666666667,0.384615385,1,1.25,0,2,1,1,0.384615385,0,0,3,0,0,0,0,1,0,0,0,1,0,0,1,0,0,1,1
39,1,1,9091,15.7,2,3,4,3,3,3,17,1,1,15,36,4,5,4,9,0,0,0,0.5,0,0,0.5,4545.5,0.451276387,1,7.85,3.25,0.5,0,0.8,2.0,2,2.25,0,-1,0,0,4.5,2,0,1,0,1,0,0,1,0,0,0,1,0,0,1,0,0,1,1
42,7,3,10863,10.2,5,3,4,3,4,4,73,0,1,46,149,3,12,4,7,0,1,0,0.375,1,0,1.4,2172.6,0.830868762,0,1.275,3.75,0.5,0,0.25,0.375,0,3.170212766,1,-1,0,0,0.875,1,0,1,0,0,1,0,0,0,0,1,1,0,0,1,0,0,0,0
34,5,0,8350,12.4,2,4,3,4,3,2,40,0,0,33,102,5,2,5,4,0,0,0,0.0,1,0,2.5,4175.0,0.624446903,0,2.066666667,3.0,0.816496581,0,2.5,0.833333333,1,3.0,1,-1,1,0,0.666666667,1,0,3,0,1,0,0,0,1,0,0,1,0,1,0,0,0,0,0
21,3,1,5938,16.6,1,5,4,4,3,2,18,0,1,31,114,6,4,4,6,0,0,0,0.25,1,0,3.0,5938.0,0.122113677,1,4.15,3.25,0.957427108,0,1.5,1.5,1,3.5625,1,1,1,1,1.5,2,0,1,1,0,1,0,0,0,0,0,1,0,0,0,0,0,0,0
26,2,1,10352,9.3,3,2,3,2,5,3,62,1,1,13,30,2,4,3,9,0,1,0,0.333333333,1,0,0.666666667,3450.666667,0.605301915,0,3.1,3.25,1.258305739,0,0.5,0.666666667,2,2.142857143,0,-1,0,0,3.0,1,0,2,1,0,0,0,1,0,0,0,1,0,1,0,0,0,1,1
36,11,4,14190,14.3,5,3,4,3,3,3,43,1,0,7,23,4,5,3,4,0,1,0,0.333333333,1,1,2.2,2838.0,0.982300885,0,1.191666667,3.25,0.5,0,0.8,0.333333333,1,2.875,0,0,0,0,0.333333333,1,0,3,1,0,0,0,0,1,0,0,0,0,0,1,0,0,0,0
47,1,0,6797,14.6,1,4,4,4,4,3,52,1,0,15,44,4,11,4,8,0,1,0,0.0,1,0,1.0,6797.0,0.305914972,1,7.3,3.75,0.5,0,0.363636364,2.0,1,2.75,0,0,1,0,4.0,2,0,3,1,1,0,0,0,0,0,1,1,0,0,0,1,0,1,1
47,1,0,6936,14.9,2,3,1,4,3,2,8,0,1,12,48,2,10,3,7,0,0,0,0.0,1,0,0.5,3468.0,0.324245225,1,7.45,2.5,1.290994449,0,0.2,1.0,0,3.692307692,0,0,0,0,3.5,1,0,2,1,0,1,0,0,0,0,1,1,0,0,0,1,0,0,0
36,4,0,10991,17.3,4,5,2,4,1,2,18,1,0,12,36,5,7,3,7,0,1,0,0.0,1,0,1.0,2747.75,0.837954405,0,3.46,2.25,1.258305739,1,0.714285714,1.0,1,2.769230769,0,2,1,1,1.4,1,1,2,1,0,0,0,0,0,0,1,1,0,0,1,0,0,0,1
42,5,1,7340,12.6,1,2,3,3,5,5,24,0,0,5,19,9,15,2,10,0,0,0,0.166666667,1,0,5.0,7340.0,0.397104128,1,2.1,4.0,1.154700538,0,0.6,1.5,1,3.166666667,0,0,0,0,1.666666667,2,0,3,1,0,1,0,0,0,0,1,1,0,0,1,0,0,0,0
33,4,4,9121,12.8,4,2,4,4,4,4,24,0,1,8,25,10,10,1,3,0,1,0,0.8,0,1,1.0,2280.25,0.656500308,0,2.56,4.0,0.0,0,1.0,2.0,1,2.777777778,0,1,0,1,0.6,1,0,3,1,0,1,0,0,0,0,1,1,0,1,0,0,0,0,0
51,5,3,9951,23.9,3,5,3,3,1,3,14,0,0,9,32,1,2,3,6,1,1,1,0.5,1,0,1.666666667,3317.0,0.811393805,0,3.983333333,2.5,1.0,0,0.5,0.166666667,1,3.2,0,2,1,1,1.0,0,0,2,0,1,0,0,0,1,0,0,0,0,0,0,1,0,0,0
38,7,5,8371,16.4,3,3,2,2,3,3,28,1,0,56,150,2,3,3,7,0,1,0,0.625,1,1,2.333333333,2790.333333,0.351006382,1,2.05,2.5,0.577350269,0,0.666666667,0.25,1,2.631578947,1,0,0,0,0.875,3,0,1,0,0,1,0,1,0,0,0,0,1,0,1,0,0,1,1
45,27,25,12306,17.1,5,4,3,4,3,3,15,0,0,16,42,1,7,3,5,0,1,0,0.892857143,1,1,5.4,2461.2,0.950915141,0,0.610714286,3.25,0.5,0,0.142857143,0.035714286,1,2.470588235,0,1,1,1,0.178571429,1,0,1,1,1,0,0,0,0,1,0,1,0,0,0,1,0,0,0
33,2,1,10126,15.0,3,3,4,4,2,5,20,0,1,15,70,1,8,3,3,0,1,0,0.333333333,1,0,0.666666667,3375.333333,0.766019717,0,5.0,3.75,1.258305739,0,0.125,0.333333333,1,4.375,1,0,0,0,1.0,1,0,2,1,1,0,0,0,0,0,1,0,0,1,0,0,0,0,0
45,10,7,11498,14.2,3,3,1,3,5,5,22,0,0,5,17,6,12,4,7,0,1,0,0.636363636,1,1,3.333333333,3832.666667,0.730608738,0,1.290909091,3.5,1.914854216,0,0.5,0.545454545,0,2.833333333,0,-1,0,0,0.636363636,1,0,2,0,1,0,0,1,0,0,0,1,0,0,0,1,0,0,0
38,20,17,10683,9.8,5,2,4,4,3,4,0,0,1,6,19,6,7,4,7,0,1,0,0.80952381,1,1,4.0,2136.6,0.915296053,0,0.466666667,3.75,0.5,0,0.857142857,0.285714286,1,2.714285714,0,-2,0,0,0.333333333,1,0,1,1,1,0,1,0,0,0,0,0,1,0,1,0,0,0,0
18,0,0,7077,12.8,2,4,2,3,4,4,8,0,0,29,103,1,4,2,5,0,0,0,0.0,0,0,0.0,3538.5,0.349661121,1,12.8,3.25,0.957427108,0,0.25,1.0,1,3.433333333,1,2,1,1,5.0,2,0,2,1,1,0,0,0,0,0,1,1,0,0,0,0,0,0,0
31,1,0,7417,18.3,3,3,2,5,4,3,33,1,1,19,64,8,10,4,12,0,1,0,0.0,1,0,0.333333333,2472.333333,0.620065789,0,9.15,3.5,1.290994449,0,0.8,4.0,0,3.2,1,-1,0,0,6.0,2,0,1,0,0,1,1,0,0,0,0,1,0,1,0,0,0,0,1
46,4,0,8159,15.9,3,4,2,4,3,3,24,1,0,20,57,6,9,3,4,0,1,0,0.0,1,0,1.333333333,2719.666667,0.522643253,0,3.18,3.0,0.816496581,0,0.666666667,1.2,1,2.714285714,0,1,1,1,0.8,0,0,1,1,0,1,0,0,0,0,1,1,0,0,0,1,0,0,1
35,0,0,5982,16.8,2,3,4,3,4,3,0,1,0,10,36,2,9,4,4,0,0,0,0.0,0,0,0.0,2991.0,0.235066372,1,16.8,3.5,0.577350269,0,0.222222222,2.0,1,3.272727273,0,-1,0,0,4.0,1,0,1,1,0,1,0,0,1,0,0,1,0,0,1,0,0,0,0
41,4,0,8236,10.5,3,2,3,4,2,2,44,0,1,3,10,7,5,5,6,0,1,0,0.0,1,0,1.333333333,2745.333333,0.536968577,0,2.1,2.75,0.957427108,0,1.4,1.4,1,2.5,0,-3,0,0,1.2,0,0,2,0,1,0,0,0,0,0,1,1,0,0,1,0,0,0,0
44,8,8,6610,11.5,2,3,2,4,3,3,45,0,0,35,132,3,3,4,7,0,1,0,0.888888889,0,1,4.0,3305.0,0.476151316,1,1.277777778,3.0,0.816496581,0,1.0,0.333333333,2,3.666666667,1,-1,0,0,0.777777778,3,0,1,1,0,1,1,0,0,0,0,1,0,0,1,0,0,0,0
29,4,1,12716,14.4,3,2,3,3,3,3,39,0,1,7,30,3,10,5,6,0,1,0,0.2,1,0,1.333333333,4238.666667,0.820446735,0,2.88,3.0,0.0,0,0.3,0.6,1,3.75,0,-3,0,0,1.2,0,0,3,1,1,0,0,1,0,0,0,1,0,1,0,0,0,0,0
37,6,0,15635,16.1,4,4,2,3,1,3,28,0,0,28,127,8,3,3,6,0,1,0,0.0,1,0,1.5,3908.75,0.941580756,0,2.3,2.25,0.957427108,1,2.666666667,1.142857143,1,4.379310345,1,1,1,1,0.857142857,2,0,3,1,0,1,0,1,0,0,0,1,0,0,1,0,0,0,0
38,2,2,5527,7.3,1,3,4,3,4,4,26,0,0,27,87,9,8,3,5,0,0,0,0.666666667,0,0,2.0,5527.0,0.277138158,1,2.433333333,3.75,0.5,0,1.125,3.0,1,3.107142857,1,0,0,0,1.666666667,2,0,2,1,1,0,1,0,0,0,0,1,0,0,1,0,0,0,0
31,0,0,3853,14.0,1,4,4,3,4,4,42,0,1,8,23,7,5,3,3,0,0,0,0.0,0,0,0.0,3853.0,0.017252002,1,14.0,3.75,0.5,0,1.4,7.0,0,2.555555556,0,1,1,1,3.0,1,0,2,1,1,0,0,0,0,0,1,1,0,1,0,0,0,0,0
19,1,0,5941,17.8,1,4,3,3,4,3,58,0,0,8,22,4,14,3,5,0,0,0,0.0,1,0,1.0,5941.0,0.188539741,1,8.9,3.25,0.5,0,0.285714286,2.0,1,2.444444444,0,1,1,1,2.5,1,0,2,1,0,1,0,0,0,0,1,1,0,0,0,0,0,0,0
32,6,5,6472,19.1,2,4,1,1,3,5,3,1,0,24,97,7,9,4,4,1,1,0,0.714285714,1,0,3.0,3236.0,0.450657895,1,2.728571429,2.5,1.914854216,0,0.777777778,1.0,0,3.88,1,0,1,0,0.571428571,2,0,1,1,0,0,1,0,0,0,0,1,0,1,0,0,0,0,0
42,7,7,8843,19.7,3,3,1,1,2,3,55,0,1,8,26,6,5,2,5,0,1,0,0.875,0,1,2.333333333,2947.666667,0.620147874,0,2.4625,1.75,0.957427108,1,1.2,0.75,1,2.888888889,0,1,0,1,0.625,2,0,2,1,0,1,0,0,0,0,1,1,0,0,1,0,0,0,0
44,4,4,6162,18.1,1,3,3,3,5,4,24,0,1,16,60,3,5,2,3,0,1,0,0.8,0,1,4.0,6162.0,0.219038817,1,3.62,3.75,0.957427108,0,0.6,0.6,1,3.529411765,0,1,0,1,0.6,2,0,1,1,1,0,0,0,0,0,1,1,0,0,1,0,0,0,0
28,10,1,7971,8.0,3,3,3,2,2,1,18,0,0,21,75,2,13,1,10,0,1,0,0.090909091,1,0,3.333333333,2657.0,0.6875,0,0.727272727,2.0,0.816496581,1,0.153846154,0.181818182,2,3.409090909,1,2,0,1,0.909090909,3,0,1,0,1,0,1,0,0,0,0,0,0,1,0,0,0,1,0
46,1,0,6381,15.3,2,3,3,4,4,5,41,0,0,17,54,5,7,2,7,0,0,0,0.0,1,0,0.5,3190.5,0.248767714,1,7.65,4.0,0.816496581,0,0.714285714,2.5,2,3.0,0,1,0,1,3.5,1,0,1,1,1,0,0,0,0,0,1,0,1,0,0,1,0,0,0
24,2,1,9028,11.7,2,3,1,1,4,3,60,0,1,3,5,5,11,3,3,0,0,0,0.333333333,1,0,1.0,4514.0,0.543738899,0,3.9,2.25,1.5,1,0.454545455,1.666666667,1,1.25,0,0,0,0,1.0,1,0,3,0,0,1,0,0,0,0,0,1,0,0,0,0,0,0,0
32,11,4,11205,16.5,4,3,5,3,5,4,45,0,0,3,8,6,11,4,4,0,1,0,0.333333333,1,1,2.75,2801.25,0.782415631,0,1.375,4.25,0.957427108,0,0.545454545,0.5,0,2.0,0,-1,0,0,0.333333333,1,0,1,1,0,1,0,0,0,0,0,0,0,1,0,0,0,0,0
41,4,2,10742,17.7,3,3,4,2,4,5,57,1,0,16,49,5,11,3,4,0,1,0,0.4,1,0,1.333333333,3580.666667,0.65095729,0,3.54,3.75,1.258305739,0,0.454545455,1.0,0,2.882352941,0,0,0,0,0.8,0,0,1,0,0,1,0,1,0,0,0,0,0,0,1,0,0,0,0
43,14,1,7766,11.0,3,3,3,3,3,4,55,0,0,5,22,4,11,4,4,0,1,0,0.066666667,1,0,4.666666667,2588.666667,0.356793961,1,0.733333333,3.25,0.5,0,0.363636364,0.266666667,0,3.666666667,0,-1,0,0,0.266666667,1,0,1,0,1,0,0,0,0,0,0,1,0,0,1,0,0,0,0
38,8,6,12628,15.5,4,3,2,3,3,3,13,0,1,13,47,4,7,4,5,0,1,0,0.666666667,1,1,2.0,3157.0,0.816151203,0,1.722222222,2.75,0.5,0,0.571428571,0.444444444,2,3.357142857,0,-1,0,0,0.555555556,1,0,2,0,0,1,0,1,0,0,0,1,0,0,1,0,0,0,0
41,5,4,11134,17.9,2,3,4,4,3,3,43,0,1,25,49,2,12,3,6,0,0,0,0.666666667,1,1,2.5,5567.0,0.69563083,0,2.983333333,3.5,0.577350269,0,0.166666667,0.333333333,0,1.884615385,0,0,0,0,1.0,1,0,3,0,0,1,0,1,0,0,0,1,0,0,1,0,0,0,0
28,8,1,8419,14.8,3,4,1,3,3,5,52,1,0,30,99,3,6,4,11,1,1,0,0.111111111,1,0,2.666666667,2806.333333,0.693219634,0,1.644444444,3.0,1.632993162,0,0.5,0.333333333,2,3.193548387,1,0,1,0,1.222222222,2,0,2,1,0,0,0,0,0,1,0,0,1,1,0,0,0,1,1
38,1,0,7400,8.1,2,2,4,3,3,3,5,0,1,6,17,1,9,3,5,0,0,0,0.0,1,0,0.5,3700.0,0.408348737,1,4.05,3.25,0.5,0,0.111111111,0.5,0,2.428571429,0,-1,0,0,2.5,1,0,3,1,1,0,0,0,0,0,1,1,0,0,1,0,0,0,0
40,19,1,17231,14.2,5,3,2,3,2,4,33,1,0,9,34,3,11,3,7,0,1,0,0.05,1,0,3.8,3446.2,0.984458259,0,0.71,2.75,0.957427108,0,0.272727273,0.15,0,3.4,0,0,0,0,0.35,0,0,3,1,0,1,0,0,0,0,0,1,0,0,1,0,0,1,0
29,9,8,10335,11.1,4,2,4,3,3,4,21,0,0,7,24,1,3,3,5,0,1,0,0.8,1,1,2.25,2583.75,0.867720466,0,1.11,3.5,0.577350269,0,0.333333333,0.1,1,3.0,0,-1,0,0,0.5,1,0,2,0,0,1,0,0,0,1,0,1,0,1,0,0,0,0,0
35,2,1,8162,7.3,2,3,3,2,3,3,25,0,1,2,7,8,3,1,3,0,1,0,0.333333333,1,0,1.0,4081.0,0.659317804,0,2.433333333,2.75,0.5,0,2.666666667,2.666666667,1,2.333333333,0,2,0,1,1.0,0,0,3,0,0,1,0,0,0,1,0,1,0,0,1,0,0,0,0
30,7,1,9613,16.3,1,3,2,2,4,5,0,0,0,7,13,5,7,4,5,0,0,0,0.125,1,0,7.0,9613.0,0.514727541,0,2.0375,3.25,1.5,0,0.714285714,0.625,1,1.625,0,-1,0,0,0.625,0,0,4,0,0,1,0,1,0,0,0,1,0,1,0,0,0,0,0
19,1,0,7801,16.5,2,3,3,3,2,2,18,0,0,11,43,5,5,2,1,0,0,0,0.0,1,0,0.5,3900.5,0.659539474,0,8.25,2.5,0.577350269,0,1.0,2.5,1,3.583333333,0,1,0,1,0.5,0,0,3,1,1,0,1,0,0,0,0,1,0,0,0,0,0,0,0
28,2,1,10480,16.9,2,3,5,4,5,4,41,0,1,15,54,6,7,3,6,0,1,0,0.333333333,1,0,1.0,5240.0,0.8781198,0,5.633333333,4.5,0.577350269,0,0.857142857,2.0,1,3.375,0,0,0,0,2.0,0,0,4,1,1,0,0,0,0,1,0,0,0,1,0,0,0,0,0
25,2,2,7837,16.8,1,3,2,1,3,4,57,0,1,41,128,4,6,1,4,0,0,0,0.666666667,0,0,2.0,7837.0,0.274177712,1,5.6,2.5,1.290994449,0,0.666666667,1.333333333,0,3.047619048,1,2,0,1,1.333333333,2,0,3,1,0,1,0,1,0,0,0,1,0,1,0,0,0,0,0
39,1,1,8062,15.6,3,3,3,3,3,3,32,1,1,35,122,5,9,4,8,0,1,0,0.5,0,0,0.333333333,2687.333333,0.307069219,1,7.8,3.0,0.0,0,0.555555556,2.5,1,3.388888889,1,-1,0,0,4.0,3,0,2,1,0,1,0,1,0,0,0,0,1,0,1,0,0,1,1
43,6,6,11203,16.4,3,4,4,2,3,3,21,0,0,16,40,3,5,3,5,0,1,0,0.857142857,0,1,2.0,3734.333333,0.701644575,0,2.342857143,3.0,0.816496581,0,0.6,0.428571429,0,2.352941176,0,1,1,1,0.714285714,1,0,2,1,1,0,0,1,0,0,0,0,0,0,1,0,0,0,0
23,5,0,14091,17.2,3,3,1,3,1,3,4,0,0,7,21,8,8,3,7,0,1,0,0.0,1,0,1.666666667,4697.0,0.889788905,0,2.866666667,2.0,1.154700538,1,1.0,1.333333333,1,2.625,0,0,0,0,1.166666667,1,0,4,0,0,1,0,1,0,0,0,1,0,0,0,0,0,0,0
41,10,4,12323,17.6,3,4,4,2,3,4,20,0,0,10,37,3,2,4,7,1,1,0,0.363636364,1,0,3.333333333,4107.666667,0.796269023,0,1.6,3.25,0.957427108,0,1.5,0.272727273,0,3.363636364,0,0,1,0,0.636363636,0,0,3,0,1,0,0,1,0,0,0,1,0,0,1,0,0,0,0
39,1,0,7251,15.1,1,3,4,3,3,4,23,0,0,14,26,4,8,3,5,0,0,0,0.0,1,0,1.0,7251.0,0.380930376,1,7.55,3.5,0.577350269,0,0.5,2.0,0,1.733333333,0,0,0,0,2.5,1,0,3,1,0,1,0,0,0,0,1,0,1,0,1,0,0,0,0
38,7,3,9326,16.4,3,3,3,3,4,2,47,0,0,37,123,7,5,4,4,0,1,0,0.375,1,0,2.333333333,3108.666667,0.680683919,0,2.05,3.0,0.816496581,0,1.4,0.875,0,3.236842105,1,-1,0,0,0.5,1,0,2,0,1,0,0,0,0,0,1,1,0,0,1,0,0,0,0
27,1,0,6173,18.7,2,2,4,1,3,4,56,0,0,35,122,4,14,4,1,0,0,0,0.0,1,0,0.5,3086.5,0.261338496,1,9.35,3.0,1.414213562,0,0.285714286,2.0,1,3.388888889,1,-2,0,0,0.5,2,0,2,1,1,0,0,0,1,0,0,1,0,1,0,0,0,0,0
42,2,2,8198,22.1,1,3,5,4,3,2,28,0,0,8,27,6,11,4,5,0,0,0,0.666666667,0,0,2.0,8198.0,0.527726433,0,7.366666667,3.5,1.290994449,0,0.545454545,2.0,0,3.0,0,-1,0,0,1.666666667,0,0,3,0,0,1,0,0,0,0,1,1,0,0,1,0,0,0,0
35,4,1,6922,13.9,2,2,3,5,1,4,12,0,0,6,17,5,12,1,4,0,0,0,0.2,1,0,2.0,3461.0,0.321010474,1,2.78,3.25,1.707825128,0,0.416666667,1.0,1,2.428571429,0,1,0,1,0.8,1,0,1,0,1,0,0,0,0,0,1,1,0,0,1,0,0,0,0
26,6,2,11678,14.7,3,3,1,2,2,5,49,0,0,20,82,3,6,4,3,0,1,0,0.285714286,1,0,2.0,3892.666667,0.747177221,0,2.1,2.5,1.732050808,0,0.5,0.428571429,1,3.904761905,1,-1,0,0,0.428571429,1,0,2,1,1,0,0,1,0,0,0,1,0,1,0,0,0,0,0
39,2,1,4873,12.1,1,2,4,3,2,4,36,0,1,2,5,2,9,3,5,0,0,0,0.333333333,1,0,2.0,4873.0,0.072088725,1,4.033333333,3.25,0.957427108,0,0.222222222,0.666666667,2,1.666666667,0,-1,0,0,1.666666667,1,0,2,1,0,1,0,0,0,0,1,1,0,0,1,0,0,0,0
43,4,4,9786,10.7,2,2,3,1,2,5,42,0,0,26,89,6,13,3,10,0,0,0,0.8,0,1,2.0,4893.0,0.639875666,0,2.14,2.75,1.707825128,0,0.461538462,1.2,0,3.296296296,1,-1,0,0,2.0,3,0,2,0,0,1,0,0,0,0,0,1,0,0,1,0,0,0,0
33,1,1,8524,18.4,3,4,5,3,4,3,43,0,1,33,101,5,7,2,5,0,1,0,0.5,0,0,0.333333333,2841.333333,0.578558226,0,9.2,3.75,0.957427108,0,0.714285714,2.5,2,2.970588235,1,2,1,1,2.5,1,0,1,0,0,0,0,0,0,0,1,1,0,1,0,0,0,0,0
25,3,2,8238,15.7,4,2,3,5,4,4,59,1,0,6,18,3,3,3,4,0,1,0,0.5,1,0,0.75,2059.5,0.727796053,0,3.925,4.0,0.816496581,0,1.0,0.75,1,2.571428571,0,-1,0,0,1.0,0,0,1,1,1,0,1,0,0,0,0,1,0,1,0,0,0,1,1
33,1,0,3858,13.2,1,3,3,3,5,1,40,0,0,11,43,1,2,3,5,0,0,0,0.0,1,0,1.0,3858.0,0.040349418,1,6.6,3.0,1.632993162,0,0.5,0.5,1,3.583333333,0,0,0,0,2.5,1,0,1,0,0,1,0,0,0,1,0,1,0,1,0,0,0,0,0
36,6,3,9896,16.8,3,5,5,3,5,3,26,1,0,16,57,5,10,3,8,0,1,0,0.428571429,1,0,2.0,3298.666667,0.74168207,0,2.4,4.0,1.154700538,0,0.5,0.714285714,1,3.352941176,0,2,1,1,1.142857143,1,0,2,1,1,0,0,0,0,0,1,1,0,0,1,0,0,0,1
29,6,4,10652,13.9,2,3,3,3,5,3,27,1,0,3,8,6,5,3,6,0,0,0,0.571428571,1,1,3.0,5326.0,0.816081331,0,1.985714286,3.5,1.0,0,1.2,0.857142857,1,2.0,0,0,0,0,0.857142857,1,0,4,1,0,1,0,0,0,0,1,0,0,1,0,0,0,0,0
26,1,0,6649,14.6,1,4,3,4,4,3,24,0,1,24,78,3,11,3,5,0,0,0,0.0,1,0,1.0,6649.0,0.130706922,1,7.3,3.5,0.577350269,0,0.272727273,1.5,2,3.12,1,1,1,1,2.5,2,0,2,1,0,0,0,1,0,0,0,1,0,1,0,0,0,0,0
30,3,0,7989,18.0,1,3,1,3,4,3,36,0,1,8,28,8,12,5,5,0,0,0,0.0,1,0,3.0,7989.0,0.294182622,1,4.5,2.75,1.258305739,0,0.666666667,2.0,1,3.111111111,0,-2,0,0,1.25,1,0,3,1,1,0,0,1,0,0,0,0,1,1,0,0,0,0,0
53,2,0,11387,11.5,3,3,1,3,4,3,31,1,1,7,21,4,11,3,10,0,1,1,0.0,1,0,0.666666667,3795.666667,0.720790378,0,3.833333333,2.75,1.258305739,0,0.363636364,1.333333333,0,2.625,0,0,0,0,3.333333333,1,0,2,1,0,1,0,1,0,0,0,0,0,0,0,1,0,1,1
32,2,2,5691,4.7,2,3,4,3,3,5,9,0,1,4,11,2,6,2,4,0,1,0,0.666666667,0,0,1.0,2845.5,0.254575707,1,1.566666667,3.75,0.957427108,0,0.333333333,0.666666667,2,2.2,0,1,0,1,1.333333333,1,0,1,0,1,0,0,0,0,1,0,0,0,1,0,0,0,0,0
50,3,2,4954,19.1,1,3,3,2,4,2,32,0,0,14,68,4,9,3,4,0,0,1,0.5,1,0,3.0,4954.0,0.020618557,1,4.775,2.75,0.957427108,0,0.444444444,1.0,1,4.533333333,1,0,0,0,1.0,2,0,2,1,0,1,0,1,0,0,0,1,0,0,0,1,0,0,0
43,8,5,5947,16.2,2,3,2,2,1,3,41,0,0,22,58,8,2,3,4,0,0,0,0.555555556,1,1,4.0,2973.5,0.303036606,1,1.8,2.0,0.816496581,1,4.0,0.888888889,1,2.52173913,0,0,0,0,0.444444444,3,0,2,1,0,1,0,0,0,1,0,1,0,0,1,0,0,0,0
46,5,2,10582,15.8,3,4,4,1,3,4,46,0,0,16,48,5,10,3,8,1,1,0,0.333333333,1,0,1.666666667,3527.333333,0.84789823,0,2.633333333,3.0,1.414213562,0,0.5,0.833333333,1,2.823529412,0,1,1,1,1.333333333,1,0,2,1,0,0,0,0,1,0,0,1,0,0,0,1,0,0,0
22,3,0,8135,19.8,3,5,2,4,3,3,2,0,1,14,45,4,10,5,7,0,1,0,0.0,1,0,1.0,2711.666667,0.517868145,0,4.95,3.0,0.816496581,0,0.4,1.0,1,3.0,0,0,1,0,1.75,0,0,1,1,1,0,0,0,0,0,1,1,0,0,0,0,0,0,0
40,1,0,10656,9.1,3,2,3,4,1,3,18,0,0,15,48,4,8,5,4,0,1,0,0.0,1,0,0.333333333,3552.0,0.642120766,0,4.55,2.75,1.258305739,0,0.5,2.0,1,3.0,0,-3,0,0,2.0,0,0,2,0,1,0,0,1,0,0,0,1,0,0,1,0,0,0,0
39,7,4,10791,19.9,4,5,3,3,2,2,28,0,0,10,32,5,9,5,8,0,1,0,0.5,1,1,1.75,2697.75,0.866150442,0,2.4875,2.5,0.577350269,0,0.555555556,0.625,0,2.909090909,0,0,1,0,1.0,2,0,2,0,1,0,0,0,1,0,0,1,0,0,1,0,0,0,0
45,8,2,18337,14.0,5,4,3,4,3,4,55,0,1,39,117,6,18,3,4,1,1,0,0.222222222,1,0,1.6,3667.4,0.983063328,0,1.555555556,3.5,0.577350269,0,0.333333333,0.666666667,1,2.925,1,1,1,1,0.444444444,1,0,3,1,1,0,0,1,0,0,0,0,0,0,0,1,0,0,0
35,1,1,6168,16.2,2,5,2,3,4,4,37,0,0,14,55,4,2,4,5,0,0,0,0.5,0,0,0.5,3084.0,0.333610649,1,8.1,3.25,0.957427108,0,2.0,2.0,2,3.666666667,0,1,1,1,2.5,1,0,1,0,0,1,0,0,0,1,0,1,0,0,1,0,0,0,0
36,6,0,10301,11.6,3,3,4,4,2,3,29,0,0,33,138,1,10,4,5,0,1,0,0.0,1,0,2.0,3433.666667,0.598551792,0,1.657142857,3.25,0.957427108,0,0.1,0.142857143,1,4.058823529,1,-1,0,0,0.714285714,1,0,2,0,1,0,0,1,0,0,0,1,0,0,1,0,0,0,0
29,11,4,11235,19.4,3,3,3,2,3,3,52,0,0,17,58,4,12,3,4,0,1,0,0.333333333,1,1,3.666666667,3745.0,0.785968028,0,1.616666667,2.75,0.5,0,0.333333333,0.333333333,1,3.222222222,0,0,0,0,0.333333333,1,0,2,0,1,0,0,0,0,0,0,1,0,1,0,0,0,0,0
28,7,5,7020,13.0,2,4,2,5,4,2,34,1,0,10,25,2,8,4,4,1,0,0,0.625,1,0,3.5,3510.0,0.553865132,0,1.625,3.25,1.5,0,0.25,0.25,2,2.272727273,0,0,1,0,0.5,0,0,3,1,0,1,1,0,0,0,0,1,0,1,0,0,0,0,1
25,7,2,10284,13.6,3,3,4,3,3,4,36,1,1,6,21,3,9,3,9,0,1,0,0.25,1,0,2.333333333,3428.0,0.697158082,0,1.7,3.5,0.577350269,0,0.333333333,0.375,1,3.0,0,0,0,0,1.125,1,0,2,1,1,0,0,0,0,0,0,1,0,1,0,0,0,1,0
47,2,2,6372,15.4,1,4,2,3,4,4,85,0,1,26,85,4,9,5,4,0,0,0,0.666666667,0,0,2.0,6372.0,0.297566372,1,5.133333333,3.25,0.957427108,0,0.444444444,1.333333333,0,3.148148148,1,-1,1,0,1.333333333,2,0,2,1,1,0,0,0,1,0,0,0,0,0,0,1,0,0,0
42,2,2,6601,18.1,1,3,2,2,2,4,62,0,1,7,27,8,4,3,6,0,1,0,0.666666667,0,0,2.0,6601.0,0.281269254,1,6.033333333,2.5,1.0,0,2.0,2.666666667,1,3.375,0,0,0,0,2.0,1,0,3,1,1,0,0,0,0,0,1,1,0,0,1,0,0,0,0
47,7,0,14485,13.5,4,3,1,1,3,4,30,1,1,27,66,6,12,3,11,0,1,0,0.0,1,0,1.75,3621.25,0.907707413,0,1.6875,2.25,1.5,1,0.5,0.75,1,2.357142857,1,0,0,0,1.375,3,1,3,0,1,0,0,1,0,0,0,1,0,0,0,1,0,1,1
21,2,1,4687,15.6,2,1,3,3,5,3,30,1,1,42,101,4,5,3,10,0,0,0,0.333333333,1,0,1.0,2343.5,0.086836283,1,5.2,3.5,1.0,0,0.8,1.333333333,0,2.348837209,1,-2,0,0,3.333333333,3,0,1,0,1,0,0,0,1,0,0,0,0,0,0,0,0,1,1
25,7,7,11488,18.6,4,4,4,4,3,2,18,0,0,9,28,1,4,3,4,0,1,0,0.875,0,1,1.75,2872.0,0.729258714,0,2.325,3.25,0.957427108,0,0.25,0.125,1,2.8,0,1,1,1,0.5,1,0,1,1,0,1,0,1,0,0,0,1,0,1,0,0,0,0,0
49,3,2,14311,8.4,4,3,4,5,2,3,21,0,0,4,10,3,11,1,7,0,1,0,0.5,1,0,0.75,3577.75,0.982853982,0,2.1,3.5,1.290994449,0,0.272727273,0.75,1,2.0,0,2,0,1,1.75,0,0,4,0,1,0,0,0,1,0,0,1,0,0,0,1,0,0,0
49,0,0,4924,15.5,1,3,3,4,4,3,24,0,0,10,38,5,12,3,2,0,0,0,0.0,0,0,0.0,4924.0,0.076401725,1,15.5,3.5,0.577350269,0,0.416666667,5.0,1,3.454545455,0,0,0,0,2.0,1,0,4,1,0,1,0,0,0,0,1,0,1,0,0,1,0,0,0
40,1,0,9107,19.0,3,3,3,4,2,3,46,0,1,11,32,3,2,5,4,0,1,0,0.0,1,0,0.333333333,3035.666667,0.453485518,1,9.5,3.0,0.816496581,0,1.5,1.5,1,2.666666667,0,-2,0,0,2.0,1,0,2,0,1,0,0,1,0,0,0,0,1,0,1,0,0,0,0
51,9,3,8930,10.3,4,3,3,4,3,3,5,0,0,9,21,2,9,1,2,0,1,1,0.3,1,0,2.25,2232.5,0.630930376,0,1.03,3.25,0.5,0,0.222222222,0.2,0,2.1,0,2,0,1,0.2,0,0,2,1,0,1,0,0,0,0,1,1,0,0,0,1,0,0,0
45,2,0,7726,12.4,2,3,4,5,1,3,23,0,0,14,28,3,13,3,9,0,0,0,0.0,1,0,1.0,3863.0,0.25994109,1,4.133333333,3.25,1.707825128,0,0.230769231,1.0,1,1.866666667,0,0,0,0,3.0,2,0,2,1,0,0,0,1,0,0,0,0,1,0,0,1,0,0,0
21,3,2,6633,17.2,2,4,4,2,1,3,49,0,1,25,65,3,2,3,8,0,0,0,0.5,1,0,1.5,3316.5,0.332411504,1,4.3,2.5,1.290994449,0,1.5,0.75,1,2.5,1,1,1,1,2.0,3,0,2,0,1,0,0,0,1,0,0,0,1,0,0,0,0,0,0
43,11,5,10636,20.8,3,4,4,3,5,4,14,0,1,13,40,1,8,1,5,1,1,0,0.416666667,1,0,3.666666667,3545.333333,0.73312611,0,1.733333333,4.0,0.816496581,0,0.125,0.083333333,0,2.857142857,0,3,1,1,0.416666667,0,0,2,1,1,0,0,0,0,0,0,1,0,0,1,0,0,0,0
26,3,2,4879,18.6,2,4,1,4,3,3,49,0,0,25,66,3,7,4,4,0,0,0,0.5,1,0,1.5,2439.5,0.126663894,1,4.65,2.75,1.258305739,0,0.428571429,0.75,1,2.538461538,1,0,1,0,1.0,2,0,1,1,1,0,0,0,0,1,0,0,1,1,0,0,0,0,0
34,0,0,9004,19.8,2,3,2,3,4,4,0,0,0,31,73,7,7,3,4,0,0,0,0.0,0,0,0.0,4502.0,0.539520426,0,19.8,3.25,0.957427108,0,1.0,7.0,1,2.28125,1,0,0,0,4.0,1,0,1,1,0,1,0,0,0,0,0,1,0,1,0,0,0,0,0
52,1,1,6320,11.1,2,2,3,4,4,3,0,1,0,25,99,2,16,2,2,0,0,1,0.5,0,0,0.5,3160.0,0.286504425,1,5.55,3.5,0.577350269,0,0.125,1.0,1,3.807692308,1,0,0,0,1.0,2,0,2,0,1,0,0,0,1,0,0,1,0,0,0,1,0,0,0
25,1,0,4944,9.8,1,3,4,4,3,4,23,0,0,8,27,4,4,4,1,0,0,0,0.0,1,0,1.0,4944.0,0.07732594,1,4.9,3.75,0.5,0,1.0,2.0,2,3.0,0,-1,0,0,0.5,1,0,3,0,0,1,0,0,0,0,1,0,1,1,0,0,0,0,0
36,3,2,8877,6.6,3,2,4,3,3,3,21,0,1,13,51,7,7,3,3,0,1,0,0.5,1,0,1.0,2959.0,0.74937604,0,1.65,3.25,0.5,0,1.0,1.75,1,3.642857143,0,-1,0,0,0.75,0,0,3,1,1,0,0,0,0,1,0,1,0,0,1,0,0,0,0
46,14,5,13511,14.8,5,3,3,3,5,2,26,0,0,21,74,7,2,4,2,0,1,0,0.333333333,1,1,2.8,2702.2,0.977121464,0,0.986666667,3.25,1.258305739,0,3.5,0.466666667,1,3.363636364,1,-1,0,0,0.133333333,2,0,2,0,0,1,0,0,0,1,0,0,0,0,0,1,0,0,0
27,0,0,5823,17.1,1,2,1,2,3,4,23,0,1,15,52,4,9,3,5,0,1,0,0.0,0,0,0.0,5823.0,0.217367257,1,17.1,2.5,1.290994449,0,0.444444444,4.0,1,3.25,0,-1,0,0,5.0,1,0,3,0,1,0,0,0,1,0,0,1,0,1,0,0,0,0,0
29,10,6,10995,12.7,4,3,4,3,4,3,34,1,0,18,72,4,3,2,3,0,1,0,0.545454545,1,1,2.5,2748.75,0.677957781,0,1.154545455,3.5,0.577350269,0,1.333333333,0.363636364,2,3.789473684,1,1,0,1,0.272727273,2,0,1,0,1,0,0,1,0,0,0,1,0,1,0,0,0,1,1
36,0,0,10226,16.8,3,3,3,5,3,4,39,1,1,17,70,2,8,4,3,0,1,0,0.0,0,0,0.0,3408.666667,0.776956254,0,16.8,3.75,0.957427108,0,0.25,2.0,2,3.888888889,1,-1,0,0,3.0,1,0,3,1,0,1,0,0,0,0,1,1,0,0,1,0,0,0,1
54,1,0,4580,15.7,1,4,3,3,4,3,17,0,1,10,38,7,10,1,2,0,0,1,0.0,1,0,1.0,4580.0,0.053296365,1,7.85,3.25,0.5,0,0.7,3.5,0,3.454545455,0,3,1,1,1.0,1,0,1,0,1,0,0,0,0,0,1,1,0,0,0,1,0,0,0
18,0,0,6880,8.3,2,4,4,4,2,3,56,1,1,17,46,2,9,4,5,0,0,0,0.0,0,0,0.0,3440.0,0.158566519,1,8.3,3.25,0.957427108,0,0.222222222,2.0,1,2.555555556,0,0,1,0,5.0,1,0,2,1,1,0,0,1,0,0,0,1,0,0,0,0,0,0,0
28,0,0,6640,10.8,2,1,5,3,3,3,29,1,0,8,29,6,6,5,7,0,0,0,0.0,0,0,0.0,3320.0,0.286814541,1,10.8,3.5,1.0,0,1.0,6.0,0,3.222222222,0,-4,0,0,7.0,1,0,3,0,0,1,0,0,0,0,1,1,0,1,0,0,0,1,0
41,1,1,8799,13.5,3,3,5,4,2,4,26,1,1,9,20,8,10,3,7,0,1,0,0.5,0,0,0.333333333,2933.0,0.614294516,0,6.75,3.75,1.258305739,0,0.8,4.0,1,2.0,0,0,0,0,3.5,0,0,2,1,0,1,0,0,0,0,1,0,0,0,1,0,0,1,1
20,2,1,7914,14.8,2,3,2,3,3,2,20,0,0,5,10,4,10,3,5,0,1,0,0.333333333,1,0,1.0,3957.0,0.378552398,1,4.933333333,2.5,0.577350269,0,0.4,1.333333333,0,1.666666667,0,0,0,0,1.666666667,1,0,2,1,1,0,0,0,0,0,0,0,0,0,0,0,0,0,0
53,11,2,11630,11.0,4,3,1,3,2,1,40,1,0,12,37,3,14,3,5,0,1,1,0.166666667,1,0,2.75,2907.5,0.876155268,0,0.916666667,1.75,0.957427108,1,0.214285714,0.25,1,2.846153846,0,0,0,0,0.416666667,1,1,2,1,0,1,0,0,0,0,1,1,0,0,0,1,0,1,0
27,7,5,8340,16.8,3,3,4,4,5,1,24,0,1,38,142,5,12,2,6,0,1,0,0.625,1,1,2.333333333,2780.0,0.686980033,0,2.1,3.5,1.732050808,0,0.416666667,0.625,2,3.641025641,1,1,0,1,0.75,2,0,2,0,0,1,0,0,0,1,0,1,0,1,0,0,0,0,0
46,8,2,8453,12.2,4,3,3,4,3,3,32,1,0,7,21,5,5,3,7,0,1,0,0.222222222,1,0,2.0,2113.25,0.571934689,0,1.355555556,3.25,0.5,0,1.0,0.555555556,1,2.625,0,0,0,0,0.777777778,0,0,1,1,1,0,0,0,0,0,1,1,0,0,0,1,0,0,0
32,4,4,9524,11.9,3,3,4,1,1,5,43,1,0,20,77,2,8,3,15,0,1,0,0.8,0,1,1.333333333,3174.666667,0.762721239,0,2.38,2.75,2.061552813,0,0.25,0.4,1,3.666666667,1,0,0,0,3.0,3,0,3,0,0,1,0,0,1,0,0,0,1,1,0,0,0,1,1
44,2,1,4640,15.0,1,3,3,3,3,2,33,0,0,21,78,5,9,3,2,0,1,0,0.333333333,1,0,2.0,4640.0,0.023534636,1,5.0,2.75,0.5,0,0.555555556,1.666666667,0,3.545454545,1,0,0,0,0.666666667,2,0,2,1,0,1,0,0,0,0,0,0,0,0,1,0,0,0,0
32,1,0,5598,20.8,1,4,3,4,1,4,59,1,0,26,87,4,17,5,6,0,1,0,0.0,1,0,1.0,5598.0,0.237936772,1,10.4,3.0,1.414213562,0,0.235294118,2.0,0,3.222222222,1,-1,1,0,3.0,2,0,2,1,1,0,0,0,0,1,0,1,0,1,0,0,0,1,0
23,3,0,10682,15.2,2,4,2,4,2,3,23,0,0,9,37,2,8,5,5,0,0,0,0.0,1,0,1.5,5341.0,0.736234458,0,3.8,2.75,0.957427108,0,0.25,0.5,0,3.7,0,-1,1,0,1.25,0,0,4,0,0,1,0,0,0,0,0,1,0,0,0,0,0,0,0
42,1,1,8722,18.3,2,4,5,4,3,4,7,1,0,12,54,5,11,4,7,0,0,0,0.5,0,0,0.5,4361.0,0.398379971,1,9.15,4.0,0.816496581,0,0.454545455,2.5,1,4.153846154,0,0,1,0,3.5,1,0,1,0,0,1,0,1,0,0,0,1,0,0,1,0,0,0,0
24,3,0,5204,14.4,1,4,1,2,4,3,29,0,0,19,72,3,5,3,6,0,0,0,0.0,1,0,3.0,5204.0,0.058170515,1,3.6,2.5,1.290994449,0,0.6,0.75,1,3.6,1,1,1,1,1.5,2,0,1,1,0,0,0,0,0,0,0,0,0,0,0,0,0,0,0
40,8,1,4444,11.3,1,3,3,3,3,4,14,1,1,5,17,1,2,3,9,0,0,0,0.111111111,1,0,8.0,4444.0,0.044670364,1,1.255555556,3.25,0.5,0,0.5,0.111111111,2,2.833333333,0,0,0,0,1.0,2,0,1,1,1,0,0,0,0,0,1,1,0,0,1,0,0,1,1
28,1,1,4261,15.3,1,4,2,1,4,3,30,1,0,6,15,4,6,5,7,0,0,0,0.5,0,0,1.0,4261.0,0.033271719,1,7.65,2.5,1.290994449,0,0.666666667,2.0,1,2.142857143,0,-1,1,0,3.5,1,0,2,0,0,0,0,0,0,0,1,1,0,1,0,0,0,1,1
35,1,1,7062,11.8,2,3,5,3,3,4,31,0,1,22,74,6,8,3,7,0,1,0,0.5,0,0,0.5,3531.0,0.259325044,1,5.9,3.75,0.957427108,0,0.75,3.0,1,3.217391304,1,0,0,0,3.5,2,0,2,1,1,0,0,0,0,0,0,1,0,0,1,0,0,0,0
39,1,0,6740,14.3,1,5,4,3,4,4,21,0,0,7,23,2,14,4,6,0,0,0,0.0,1,0,1.0,6740.0,0.140893471,1,7.15,3.75,0.5,0,0.142857143,1.0,1,2.875,0,1,1,1,3.0,1,0,2,0,0,0,0,1,0,0,0,0,1,0,1,0,0,0,0
41,11,3,8967,16.5,4,2,2,3,4,3,51,0,0,22,66,6,12,4,7,0,1,0,0.25,1,0,2.75,2241.75,0.756655574,0,1.375,3.0,0.816496581,0,0.5,0.5,1,2.869565217,1,-2,0,0,0.583333333,1,0,1,0,1,0,0,0,0,1,0,0,0,0,1,0,0,0,0
21,3,1,6392,9.9,2,3,4,2,2,3,0,0,1,21,63,4,6,1,2,0,0,0,0.25,1,0,1.5,3196.0,0.25107825,1,2.475,2.75,0.957427108,0,0.666666667,1.0,1,2.863636364,1,2,0,1,0.5,2,0,1,0,1,0,0,0,0,0,1,0,0,0,0,0,0,0,0
29,0,0,8483,15.9,2,4,4,3,2,1,30,0,0,3,11,2,4,3,2,0,0,0,0.0,0,0,0.0,4241.5,0.461145648,1,15.9,2.5,1.290994449,0,0.5,2.0,0,2.75,0,1,1,1,2.0,1,0,3,0,1,0,0,0,0,0,0,1,0,1,0,0,0,0,0
33,8,4,6308,11.6,3,4,2,5,4,3,45,1,0,25,66,5,6,2,7,0,1,0,0.444444444,1,1,2.666666667,2102.666667,0.425986842,1,1.288888889,3.5,1.290994449,0,0.833333333,0.555555556,1,2.538461538,1,2,1,1,0.777777778,3,0,1,0,1,0,1,0,0,0,0,1,0,1,0,0,0,0,1
28,3,1,6027,12.7,2,4,2,3,3,4,34,1,0,6,21,6,12,1,3,0,0,0,0.25,1,0,1.5,3013.5,0.31281198,1,3.175,3.0,0.816496581,0,0.5,1.5,1,3.0,0,3,1,1,0.75,1,0,2,1,1,0,0,0,0,1,0,0,0,1,0,0,0,1,0
43,2,2,7111,12.3,2,4,1,3,3,2,13,0,0,11,36,5,2,3,7,0,0,0,0.666666667,0,0,1.0,3555.5,0.26598579,1,4.1,2.25,0.957427108,1,2.5,1.666666667,1,3.0,0,1,1,1,2.333333333,2,0,2,1,0,1,0,0,0,0,0,1,0,0,1,0,0,0,0
43,8,8,11204,12.5,4,3,5,3,1,4,45,0,0,14,51,6,8,3,3,0,1,0,0.888888889,0,1,2.0,2801.0,0.9375,0,1.388888889,3.25,1.707825128,0,0.75,0.666666667,1,3.4,0,0,0,0,0.333333333,1,0,3,1,0,1,1,0,0,0,0,1,0,0,1,0,0,0,0
51,0,0,5499,18.9,1,4,2,3,3,2,3,0,1,10,19,2,20,3,2,0,0,1,0.0,0,0,0.0,5499.0,0.22296173,1,18.9,2.5,0.577350269,0,0.1,2.0,1,1.727272727,0,1,1,1,2.0,1,0,3,1,1,0,0,0,0,1,0,1,0,0,0,1,0,0,0
54,6,3,9328,20.0,3,3,3,4,4,4,30,0,1,19,68,1,7,4,7,0,1,1,0.428571429,1,0,2.0,3109.333333,0.681454097,0,2.857142857,3.75,0.5,0,0.142857143,0.142857143,1,3.4,1,-1,0,0,1.0,1,0,2,1,0,0,0,0,0,0,1,1,0,0,0,1,0,0,0
44,4,1,7331,15.8,3,4,1,3,3,2,40,0,0,10,26,6,16,3,10,0,1,0,0.2,1,0,1.333333333,2443.666667,0.396179914,1,3.16,2.25,0.957427108,1,0.375,1.2,2,2.363636364,0,1,1,1,2.0,3,0,2,1,1,0,0,0,0,0,1,1,0,0,1,0,0,0,0
18,0,0,8778,16.0,2,5,3,4,3,5,63,0,0,20,65,2,2,5,1,0,0,0,0.0,0,0,0.0,4389.0,0.738352745,0,16.0,3.75,0.957427108,0,1.0,2.0,1,3.095238095,1,0,1,0,1.0,1,0,3,1,0,1,0,0,0,1,0,0,0,0,0,0,0,0,0
30,5,2,6876,12.6,2,4,3,3,5,3,50,0,0,6,15,4,12,3,6,1,0,0,0.333333333,1,0,2.5,3438.0,0.377765487,1,2.1,3.5,1.0,0,0.333333333,0.666666667,1,2.142857143,0,1,1,1,1.0,1,0,3,0,1,0,0,0,1,0,0,1,0,1,0,0,0,0,0
45,14,8,16849,16.7,5,4,2,3,4,4,40,0,0,25,86,7,3,3,9,1,1,0,0.533333333,1,0,2.8,3369.8,0.96293569,0,1.113333333,3.25,0.957427108,0,2.333333333,0.466666667,2,3.307692308,1,1,1,1,0.6,2,0,2,1,0,1,0,1,0,0,0,0,0,0,0,1,0,0,0
26,5,3,10769,15.8,3,3,1,1,4,4,29,0,0,8,29,3,6,3,5,0,1,0,0.5,1,0,1.666666667,3589.666667,0.742007105,0,2.633333333,2.5,1.732050808,0,0.5,0.5,0,3.222222222,0,0,0,0,0.833333333,0,0,2,0,1,0,0,0,0,0,0,1,0,1,0,0,0,0,0
30,4,4,5249,15.6,3,3,2,4,3,4,19,0,1,25,79,6,12,3,7,0,1,0,0.8,0,1,1.333333333,1749.666667,0.228618421,1,3.12,3.25,0.957427108,0,0.5,1.2,0,3.038461538,1,0,0,0,1.4,3,0,1,0,1,0,1,0,0,0,0,1,0,1,0,0,0,0,0
33,2,0,5411,16.2,2,3,4,3,4,1,44,0,0,19,46,7,2,3,11,0,0,0,0.0,1,0,1.0,2705.5,0.129081947,1,5.4,3.0,1.414213562,0,3.5,2.333333333,1,2.3,0,0,0,0,3.666666667,2,0,2,1,1,0,0,0,0,0,1,0,0,1,0,0,0,0,0
37,1,1,4273,16.4,1,2,4,5,3,3,47,0,0,8,16,2,18,2,4,0,0,0,0.5,0,0,1.0,4273.0,0.010657194,1,8.2,3.75,0.957427108,0,0.111111111,1.0,1,1.777777778,0,0,0,0,2.0,1,0,1,1,1,0,0,0,0,0,0,1,0,0,1,0,0,0,0
21,1,0,9853,16.1,2,5,3,3,3,2,25,0,0,5,18,1,2,2,4,0,0,0,0.0,1,0,0.5,4926.5,0.546391753,0,8.05,2.75,0.5,0,0.5,0.5,1,3.0,0,3,1,1,2.0,0,0,3,0,1,0,0,1,0,0,0,1,0,0,0,0,0,0,0
28,7,5,7476,13.4,3,2,4,1,4,3,27,0,0,13,45,2,2,2,6,0,1,0,0.625,1,1,2.333333333,2492.0,0.492533186,1,1.675,3.0,1.414213562,0,1.0,0.25,1,3.214285714,0,0,0,0,0.75,2,0,2,0,1,0,0,0,1,0,0,1,0,1,0,0,0,0,0
38,7,7,10208,18.8,3,3,2,4,3,5,29,0,0,17,51,2,8,4,7,0,1,0,0.875,0,1,2.333333333,3402.666667,0.588487973,0,2.35,3.5,1.290994449,0,0.25,0.25,1,2.833333333,0,-1,0,0,0.875,1,0,2,0,1,0,0,1,0,0,0,1,0,0,1,0,0,0,0
28,0,0,5086,13.1,1,3,1,2,4,3,43,0,0,7,34,7,3,4,2,0,0,0,0.0,0,0,0.0,5086.0,0.154118136,1,13.1,2.5,1.290994449,0,2.333333333,7.0,1,4.25,0,-1,0,0,2.0,1,0,1,0,1,0,0,0,0,1,0,1,0,1,0,0,0,0,0
34,6,3,10502,17.6,2,5,3,4,3,4,24,1,1,13,49,4,4,4,8,0,1,0,0.428571429,1,0,3.0,5251.0,0.623220422,0,2.514285714,3.5,0.577350269,0,1.0,0.571428571,0,3.5,0,1,1,1,1.142857143,1,0,2,1,0,0,0,1,0,0,0,1,0,1,0,0,0,0,1
46,10,3,13320,12.0,4,3,3,3,1,3,33,0,1,6,22,4,6,3,2,0,1,0,0.272727273,1,0,2.5,3330.0,0.901865009,0,1.090909091,2.5,1.0,0,0.666666667,0.363636364,2,3.142857143,0,0,0,0,0.181818182,0,0,2,0,0,1,0,0,0,0,0,1,0,0,0,1,0,0,0
41,9,1,10141,7.2,2,3,3,4,5,4,48,1,0,43,150,1,3,3,6,0,0,0,0.1,1,0,4.5,5070.5,0.854825291,0,0.72,4.0,0.816496581,0,0.333333333,0.1,1,3.409090909,1,0,0,0,0.6,1,0,3,0,1,0,0,0,0,1,0,0,1,0,1,0,0,0,0
34,8,7,12881,18.8,3,3,3,5,1,1,22,0,1,23,65,5,9,3,8,0,1,0,0.777777778,1,1,2.666666667,4293.666667,0.88277087,0,2.088888889,2.5,1.914854216,0,0.555555556,0.555555556,0,2.708333333,1,0,0,0,0.888888889,3,0,3,0,0,1,0,0,0,0,0,0,1,1,0,0,0,0,0
33,3,1,5644,11.5,2,3,4,3,1,2,3,0,1,37,150,9,6,2,12,0,0,0,0.25,1,0,1.5,2822.0,0.247088186,1,2.875,2.5,1.290994449,0,1.5,2.25,2,3.947368421,1,1,0,1,3.0,3,0,2,1,1,0,0,0,0,1,0,1,0,1,0,0,0,0,0
36,3,2,6155,6.1,2,2,4,3,1,2,49,0,1,7,24,4,12,4,6,0,0,0,0.5,1,0,1.5,3077.5,0.258849558,1,1.525,2.5,1.290994449,0,0.333333333,1.0,0,3.0,0,-2,0,0,1.5,1,0,2,1,0,1,0,0,1,0,0,1,0,0,1,0,0,0,0
26,6,3,9606,11.3,2,3,4,3,1,3,32,0,1,4,9,8,6,4,4,0,1,0,0.428571429,1,0,3.0,4803.0,0.716882317,0,1.614285714,2.75,1.258305739,0,1.333333333,1.142857143,1,1.8,0,-1,0,0,0.571428571,0,0,3,0,0,1,0,0,0,0,1,1,0,1,0,0,0,0,0
45,16,2,14706,11.8,5,3,4,3,4,4,22,0,0,16,48,6,5,4,7,0,1,0,0.117647059,1,0,3.2,2941.2,0.947158082,0,0.694117647,3.75,0.5,0,1.2,0.352941176,1,2.823529412,0,-1,0,0,0.411764706,0,0,2,1,1,0,0,0,0,0,0,1,0,0,0,1,0,0,0
30,2,1,7617,12.4,1,3,4,3,3,1,14,0,0,10,30,3,7,3,1,0,0,0,0.333333333,1,0,2.0,7617.0,0.444855206,1,4.133333333,2.75,1.258305739,0,0.428571429,1.0,1,2.727272727,0,0,0,0,0.333333333,1,0,3,1,1,0,0,0,0,0,1,1,0,1,0,0,0,0,0
38,0,0,10098,10.6,2,5,3,3,3,1,33,0,0,6,16,3,10,2,7,0,1,0,0.0,0,0,0.0,5049.0,0.678063943,0,10.6,2.5,1.0,0,0.3,3.0,2,2.285714286,0,3,1,1,7.0,0,0,4,0,0,1,0,0,0,0,0,0,1,0,1,0,0,0,0
51,0,0,8712,14.3,2,3,5,3,2,3,40,0,1,5,13,5,10,4,5,0,0,1,0.0,0,0,0.0,4356.0,0.397889053,1,14.3,3.25,1.258305739,0,0.5,5.0,0,2.166666667,0,-1,0,0,5.0,1,0,3,1,0,0,0,1,0,0,0,1,0,0,0,1,0,0,0
29,3,2,4797,14.3,1,3,3,3,3,2,32,1,0,6,12,3,14,3,4,0,1,0,0.5,1,0,3.0,4797.0,0.065619224,1,3.575,2.75,0.5,0,0.214285714,0.75,0,1.714285714,0,0,0,0,1.0,1,0,2,1,1,0,0,0,0,0,1,1,0,1,0,0,0,0,0
20,2,1,4482,14.1,1,2,1,1,4,4,36,1,1,3,12,2,9,3,2,0,0,0,0.333333333,1,0,2.0,4482.0,0.010800196,1,4.7,2.5,1.732050808,0,0.222222222,0.666666667,2,3.0,0,-1,0,0,0.666666667,1,0,1,1,0,1,0,1,0,0,0,0,0,0,0,0,0,1,1
48,5,5,7765,17.6,2,3,2,3,3,4,7,0,0,15,43,2,9,4,3,0,0,0,0.833333333,0,1,2.5,3882.5,0.539269912,0,2.933333333,3.0,0.816496581,0,0.222222222,0.333333333,1,2.6875,0,-1,0,0,0.5,1,0,2,0,1,0,0,0,1,0,0,1,0,0,0,1,0,0,0
23,5,0,8231,17.4,3,3,4,3,5,3,24,0,1,13,38,6,4,3,5,0,1,0,0.0,1,0,1.666666667,2743.666667,0.724506579,0,2.9,3.75,0.957427108,0,1.5,1.0,1,2.714285714,0,0,0,0,0.833333333,0,0,3,1,0,1,1,0,0,0,0,1,0,0,0,0,0,0,0
43,6,1,6997,14.2,3,3,3,4,3,4,25,1,0,13,52,3,11,2,8,0,1,0,0.142857143,1,0,2.0,2332.333333,0.334257548,1,2.028571429,3.5,0.577350269,0,0.272727273,0.428571429,0,3.714285714,0,1,0,1,1.142857143,2,0,2,1,0,1,0,0,0,0,1,1,0,0,1,0,0,1,1
41,3,2,6316,17.4,1,4,2,3,1,3,31,1,0,26,86,5,7,5,9,0,0,0,0.5,1,0,3.0,6316.0,0.240911892,1,4.35,2.25,0.957427108,1,0.714285714,1.25,0,3.185185185,1,-1,1,0,2.25,4,1,3,0,0,0,0,0,0,0,1,1,0,0,1,0,0,1,1
33,1,1,7329,14.3,2,4,3,1,5,4,49,0,0,9,31,7,6,4,3,0,0,0,0.5,0,0,0.5,3664.5,0.209744723,1,7.15,3.25,1.707825128,0,1.166666667,3.5,1,3.1,0,0,1,0,1.5,1,0,2,1,1,0,0,1,0,0,0,1,0,1,0,0,0,0,0
41,5,0,9588,16.0,2,3,3,4,4,4,45,1,1,12,37,1,6,3,1,0,0,0,0.0,1,0,2.5,4794.0,0.714417745,0,2.666666667,3.75,0.5,0,0.166666667,0.166666667,1,2.846153846,0,0,0,0,0.166666667,0,0,3,1,0,1,0,0,0,0,1,0,1,0,1,0,0,0,0
29,11,6,12030,10.7,4,5,3,4,4,3,26,0,1,16,67,6,12,4,7,0,1,0,0.5,1,1,2.75,3007.5,0.83259325,0,0.891666667,3.5,0.577350269,0,0.5,0.5,1,3.941176471,1,1,1,1,0.583333333,2,0,2,0,0,1,0,0,0,0,0,0,1,1,0,0,0,0,0
38,3,2,8998,11.9,3,2,4,3,2,4,54,1,0,14,46,2,8,4,7,0,1,0,0.5,1,0,1.0,2999.333333,0.538410302,0,2.975,3.25,0.957427108,0,0.25,0.5,2,3.066666667,0,-2,0,0,1.75,0,0,1,1,1,0,0,0,0,0,0,1,0,0,1,0,0,1,1
45,15,10,12017,14.4,4,3,5,3,2,5,15,1,1,9,25,7,6,4,6,0,1,0,0.625,1,1,3.75,3004.25,0.831039076,0,0.9,3.75,1.5,0,1.166666667,0.4375,1,2.5,0,-1,0,0,0.375,1,0,2,0,0,1,0,0,0,0,0,1,0,0,0,1,0,1,0
31,5,0,5592,17.5,2,3,5,2,3,3,11,1,0,12,39,8,6,3,6,0,1,0,0.0,1,0,2.5,2796.0,0.236688852,1,2.916666667,3.25,1.258305739,0,1.333333333,1.333333333,0,3.0,0,0,0,0,1.0,1,0,1,1,1,0,0,0,0,1,0,1,0,1,0,0,0,0,0
37,5,0,11908,13.0,3,4,1,2,3,3,36,0,0,9,25,4,5,3,2,0,1,0,0.0,1,0,1.666666667,3969.333333,0.890018484,0,2.166666667,2.25,0.957427108,1,0.8,0.666666667,0,2.5,0,1,1,1,0.333333333,1,0,3,0,0,1,0,0,0,0,1,1,0,0,1,0,0,0,0
25,7,2,7110,16.6,3,2,3,3,3,1,14,0,0,13,25,3,6,4,5,0,1,0,0.25,1,0,2.333333333,2370.0,0.425331858,1,2.075,2.5,1.0,0,0.5,0.375,1,1.785714286,0,-2,0,0,0.625,1,0,1,1,0,1,0,0,1,0,0,0,0,1,0,0,0,0,0
38,5,3,10392,10.1,2,3,3,3,3,4,28,0,0,10,25,5,9,3,4,0,0,0,0.5,1,0,2.5,5196.0,0.610456554,0,1.683333333,3.25,0.5,0,0.555555556,0.833333333,1,2.272727273,0,0,0,0,0.666666667,0,0,2,0,0,0,0,1,0,0,0,1,0,0,1,0,0,0,0
41,1,0,3838,15.0,1,2,2,3,3,2,22,0,1,4,15,1,13,2,3,0,0,0,0.0,1,0,1.0,3838.0,0.068256579,1,7.5,2.5,0.577350269,0,0.076923077,0.5,1,3.0,0,0,0,0,1.5,1,0,2,0,0,1,1,0,0,0,0,1,0,0,1,0,0,0,0
56,0,0,5749,13.0,1,1,4,1,4,4,47,1,1,9,35,4,9,1,9,0,0,1,0.0,0,0,0.0,5749.0,0.321134868,1,13.0,3.25,1.5,0,0.444444444,4.0,1,3.5,0,0,0,0,9.0,2,0,4,0,1,0,1,0,0,0,0,1,0,0,0,0,1,0,1
40,2,0,8351,10.9,2,3,2,2,3,3,24,1,1,10,27,4,9,1,8,0,0,0,0.0,1,0,1.0,4175.5,0.348060874,1,3.633333333,2.5,0.577350269,0,0.444444444,1.333333333,2,2.454545455,0,2,0,1,2.666666667,2,0,1,1,1,0,0,1,0,0,0,1,0,0,1,0,0,1,1
26,5,2,6241,6.6,3,3,1,2,2,3,66,0,0,15,35,4,6,3,4,0,1,0,0.333333333,1,0,1.666666667,2080.333333,0.34109817,1,1.1,2.0,0.816496581,1,0.666666667,0.666666667,0,2.1875,0,0,0,0,0.666666667,2,0,1,0,0,1,0,0,0,1,0,1,0,1,0,0,0,0,0
24,0,0,8683,12.8,2,4,4,4,4,2,23,0,1,2,7,7,2,4,5,0,0,0,0.0,0,0,0.0,4341.5,0.599661121,0,12.8,3.5,1.0,0,3.5,7.0,0,2.333333333,0,0,1,0,5.0,0,0,3,1,0,0,0,0,0,0,1,1,0,0,0,0,0,0,0
27,0,0,4034,13.2,1,2,3,3,4,4,34,1,0,31,87,8,13,3,5,0,1,0,0.0,0,0,0.0,4034.0,0.004884547,1,13.2,3.5,0.577350269,0,0.615384615,8.0,1,2.71875,1,-1,0,0,5.0,2,0,1,1,0,1,0,0,0,0,0,0,1,1,0,0,0,1,1
23,2,0,10670,18.5,3,5,3,3,2,4,20,0,0,16,45,3,4,3,5,0,1,0,0.0,1,0,0.666666667,3556.666667,0.643716249,0,6.166666667,3.0,0.816496581,0,0.75,1.0,1,2.647058824,0,2,1,1,1.666666667,0,0,1,0,1,0,0,1,0,0,0,0,1,0,0,0,0,0,0
47,0,0,7721,18.0,2,5,2,3,1,3,28,0,1,22,38,4,5,3,6,0,0,0,0.0,0,0,0.0,3860.5,0.349023091,1,18.0,2.25,0.957427108,1,0.8,4.0,1,1.652173913,0,2,1,1,6.0,2,0,2,1,0,0,0,0,0,0,0,1,0,0,0,1,0,0,0
38,20,17,11284,16.3,4,3,2,2,3,3,43,1,0,18,46,3,8,3,6,0,1,0,0.80952381,1,1,5.0,2821.0,0.919717138,0,0.776190476,2.5,0.577350269,0,0.375,0.142857143,0,2.421052632,0,0,0,0,0.285714286,1,0,2,0,0,1,0,0,0,1,0,1,0,0,1,0,0,0,0
45,3,1,9934,20.9,3,3,2,3,4,3,16,0,0,19,56,6,12,3,3,0,1,0,0.25,1,0,1.0,3311.333333,0.80835177,0,5.225,3.0,0.816496581,0,0.5,1.5,1,2.8,0,0,0,0,0.75,0,0,2,1,0,1,0,0,1,0,0,1,0,0,0,1,0,0,0
44,3,3,5386,13.0,1,2,3,4,4,3,32,0,0,13,34,4,10,3,3,0,0,0,0.75,0,0,3.0,5386.0,0.038046146,1,3.25,3.5,0.577350269,0,0.4,1.0,1,2.428571429,0,-1,0,0,0.75,1,0,2,1,1,0,0,1,0,0,0,1,0,0,1,0,0,0,0
34,7,4,7186,12.6,2,4,5,4,4,3,44,1,1,6,19,5,6,3,8,0,1,0,0.5,1,1,3.5,3593.0,0.273312611,1,1.575,4.0,0.816496581,0,0.833333333,0.625,1,2.714285714,0,1,1,1,1.0,3,0,1,1,0,1,0,0,0,0,0,1,0,1,0,0,0,1,1
34,3,2,7909,17.4,2,3,3,3,4,2,46,0,1,21,74,4,11,2,9,0,1,0,0.5,1,0,1.5,3954.5,0.377664298,1,4.35,3.0,0.816496581,0,0.363636364,1.0,1,3.363636364,1,1,0,1,2.25,3,0,2,0,0,1,0,0,0,0,0,1,0,1,0,0,0,0,0
51,9,0,15248,19.4,4,3,4,3,4,2,0,1,0,11,32,3,2,4,7,0,1,1,0.0,1,0,2.25,3812.0,0.932253314,0,1.94,3.25,0.957427108,0,1.5,0.3,1,2.666666667,0,-1,0,0,0.7,0,0,3,1,0,1,0,1,0,0,0,0,1,0,0,1,0,0,0
31,2,1,9730,12.8,2,3,2,2,4,3,43,0,1,24,58,2,10,2,8,0,1,0,0.333333333,1,0,1.0,4865.0,0.533136966,0,4.266666667,2.75,0.957427108,0,0.2,0.666666667,1,2.32,0,1,0,1,2.666666667,1,0,3,1,0,0,0,1,0,0,0,1,0,1,0,0,0,0,0
39,3,0,5997,10.1,1,2,3,3,2,2,14,0,0,4,10,4,4,5,6,0,1,0,0.0,1,0,3.0,5997.0,0.198860136,1,2.525,2.5,0.577350269,0,1.0,1.0,2,2.0,0,-3,0,0,1.5,1,0,3,1,1,0,0,0,0,0,1,1,0,0,1,0,0,0,0
28,4,0,8686,8.5,3,3,3,3,1,3,69,0,1,36,134,4,5,4,2,0,1,0,0.0,1,0,1.333333333,2895.333333,0.393348061,1,1.7,2.5,1.0,0,0.8,0.8,1,3.621621622,1,-1,0,0,0.4,2,0,2,0,0,1,0,1,0,0,0,1,0,1,0,0,0,0,0
29,1,1,4340,13.1,2,3,3,3,1,3,41,1,0,5,20,2,6,3,12,0,0,0,0.5,0,0,0.5,2170.0,0.013765542,1,6.55,2.5,1.0,0,0.333333333,1.0,1,3.333333333,0,0,0,0,6.0,2,0,1,0,1,0,0,0,0,0,0,0,0,1,0,0,0,1,1
30,3,3,4484,15.0,1,4,3,1,3,4,4,1,0,17,50,1,7,3,5,0,0,0,0.75,0,0,3.0,4484.0,0.087354409,1,3.75,2.75,1.258305739,0,0.142857143,0.25,1,2.777777778,0,1,1,1,1.25,1,0,1,1,1,0,0,0,0,1,0,0,1,1,0,0,0,0,0
34,4,1,14464,16.6,3,4,4,3,4,3,5,1,1,26,105,7,2,2,8,0,1,0,0.2,1,0,1.333333333,4821.333333,0.905621011,0,3.32,3.5,0.577350269,0,3.5,1.4,1,3.888888889,1,2,1,1,1.6,2,0,4,0,1,0,0,1,0,0,0,0,1,1,0,0,0,1,1
44,1,1,4922,13.4,1,2,3,3,5,5,12,0,0,9,19,4,7,4,5,0,0,0,0.5,0,0,1.0,4922.0,0.111172566,1,6.7,4.0,1.154700538,0,0.571428571,2.0,1,1.9,0,-2,0,0,2.5,1,0,1,0,1,0,0,0,1,0,0,0,1,0,1,0,0,0,0
48,4,1,8700,15.9,3,3,2,2,3,3,46,1,1,21,61,3,16,4,13,0,1,0,0.2,1,0,1.333333333,2900.0,0.780427632,0,3.18,2.5,0.577350269,0,0.1875,0.6,1,2.772727273,1,-1,0,0,2.6,2,0,3,1,1,0,1,0,0,0,0,1,0,0,0,1,0,1,1
26,8,7,10468,14.1,3,4,3,3,4,3,30,0,1,19,74,4,8,5,7,0,1,0,0.777777778,1,1,2.666666667,3489.333333,0.798521257,0,1.566666667,3.25,0.5,0,0.5,0.444444444,1,3.7,1,-1,1,0,0.777777778,2,0,3,1,1,0,0,0,0,0,1,1,0,1,0,0,0,0,0
27,9,7,9941,11.8,3,3,3,2,4,3,49,0,1,12,48,4,4,4,7,0,1,0,0.7,1,1,3.0,3313.666667,0.809734513,0,1.18,3.0,0.816496581,0,1.0,0.4,0,3.692307692,0,-1,0,0,0.7,1,0,2,1,1,0,0,0,1,0,0,1,0,1,0,0,0,0,0
38,1,1,6428,15.6,2,4,5,1,2,1,58,0,0,18,30,5,7,3,2,0,1,0,0.5,0,0,0.5,3214.0,0.256315465,1,7.8,2.25,1.892969449,1,0.714285714,2.5,2,1.578947368,0,1,1,1,1.0,2,0,2,1,0,0,0,0,0,0,1,1,0,0,1,0,0,0,0
37,1,1,6784,17.3,1,4,5,1,4,5,43,0,1,18,70,2,10,3,7,0,0,0,0.5,0,0,1.0,6784.0,0.146539028,1,8.65,3.75,1.892969449,0,0.2,1.0,1,3.684210526,1,1,1,1,3.5,2,0,2,1,0,1,0,1,0,0,0,1,0,0,1,0,0,0,0
41,4,4,9177,13.0,2,4,5,3,4,3,40,0,0,14,34,5,7,4,4,0,1,0,0.8,0,1,2.0,4588.5,0.776622296,0,2.6,3.75,0.957427108,0,0.714285714,1.0,0,2.266666667,0,0,1,0,0.8,1,0,3,0,1,0,0,0,0,1,0,1,0,0,1,0,0,0,0
33,4,1,12614,15.7,3,3,4,5,4,4,71,0,1,5,16,4,11,4,2,0,1,0,0.2,1,0,1.333333333,4204.666667,0.918977203,0,3.14,4.25,0.5,0,0.363636364,0.8,2,2.666666667,0,-1,0,0,0.4,0,0,4,1,1,0,0,0,0,0,1,1,0,1,0,0,0,0,0
47,3,0,10877,18.1,3,3,3,2,1,4,32,0,0,1,5,3,3,3,6,0,1,0,0.0,1,0,1.0,3625.666667,0.832101047,0,4.525,2.5,1.290994449,0,1.0,0.75,1,2.5,0,0,0,0,1.5,0,0,3,0,1,0,0,0,0,0,1,0,0,0,0,1,0,0,0
24,6,2,10768,20.4,4,4,2,3,3,3,63,0,0,6,18,7,12,3,3,1,1,0,0.285714286,1,0,1.5,2692.0,0.741563055,0,2.914285714,2.75,0.5,0,0.583333333,1.0,0,2.571428571,0,1,1,1,0.428571429,0,0,1,0,1,0,0,0,0,0,0,1,0,0,0,0,0,0,0
42,7,7,9792,11.8,3,3,3,3,4,2,26,0,1,7,20,4,9,4,5,0,1,0,0.875,0,1,2.333333333,3264.0,0.640319716,0,1.475,3.0,0.816496581,0,0.444444444,0.5,0,2.5,0,-1,0,0,0.625,1,0,2,1,0,0,0,0,0,0,0,0,1,0,1,0,0,0,0
38,17,4,13571,11.6,5,4,2,5,4,3,37,0,0,31,99,3,5,3,6,0,1,0,0.222222222,1,1,3.4,2714.2,0.946087492,0,0.644444444,3.5,1.290994449,0,0.6,0.166666667,1,3.09375,1,1,1,1,0.333333333,2,0,2,1,0,0,0,0,0,0,1,1,0,0,1,0,0,0,0
39,1,0,6119,10.4,2,4,3,1,1,2,38,0,1,3,10,3,6,4,4,0,1,0,0.0,1,0,0.5,3059.5,0.139875666,1,5.2,1.75,0.957427108,1,0.5,1.5,1,2.5,0,0,1,0,2.0,2,0,1,1,1,0,0,0,0,0,0,1,0,0,1,0,0,0,0
37,10,7,13193,12.7,4,3,3,3,4,3,19,0,0,18,47,4,2,2,4,0,1,0,0.636363636,1,1,2.5,3298.25,0.848429062,0,1.154545455,3.25,0.5,0,2.0,0.363636364,1,2.473684211,0,1,0,1,0.363636364,1,0,2,1,1,0,0,1,0,0,0,1,0,0,1,0,0,0,0
38,5,1,10902,15.3,3,3,5,1,4,4,33,0,1,16,62,4,14,3,3,0,1,0,0.166666667,1,0,1.666666667,3634.0,0.668139421,0,2.55,3.5,1.732050808,0,0.285714286,0.666666667,1,3.647058824,1,0,0,0,0.5,1,0,2,1,1,0,0,1,0,0,0,1,0,0,1,0,0,0,0
42,18,2,11860,11.6,5,2,5,4,2,4,24,0,0,12,43,2,14,3,4,0,1,0,0.105263158,1,0,3.6,2372.0,0.920353982,0,0.610526316,3.75,1.258305739,0,0.142857143,0.105263158,0,3.307692308,0,-1,0,0,0.210526316,0,0,2,1,0,0,0,0,1,0,0,1,0,0,1,0,0,0,0
43,9,3,12693,16.2,3,3,1,2,3,4,38,0,1,11,45,4,7,4,3,0,1,0,0.3,1,0,3.0,4231.0,0.922982132,0,1.62,2.5,1.290994449,0,0.571428571,0.4,1,3.75,0,-1,0,0,0.3,0,0,4,0,0,0,0,0,0,0,1,0,1,0,1,0,0,0,0
45,7,3,9598,15.1,3,4,4,3,4,3,1,0,1,2,7,4,16,4,4,1,1,0,0.375,1,0,2.333333333,3199.333333,0.811980033,0,1.8875,3.5,0.577350269,0,0.25,0.5,1,2.333333333,0,0,1,0,0.5,0,0,3,0,0,1,0,0,0,1,0,1,0,0,0,1,0,0,0
52,4,4,14027,17.7,4,5,3,5,2,2,24,1,0,10,36,1,16,4,3,0,1,1,0.8,0,1,1.0,3506.75,0.956253851,0,3.54,3.0,1.414213562,0,0.0625,0.2,1,3.272727273,0,1,1,1,0.6,1,0,3,1,1,0,0,0,0,0,1,1,0,0,0,1,0,0,0
44,5,4,9763,14.6,4,3,3,3,4,4,33,0,1,22,56,4,16,4,6,0,1,0,0.666666667,1,1,1.25,2440.75,0.637211368,0,2.433333333,3.5,0.577350269,0,0.25,0.666666667,2,2.434782609,0,-1,0,0,1.0,1,0,1,0,0,1,0,0,0,0,0,1,0,0,1,0,0,0,0
34,9,8,11351,16.2,3,4,5,2,3,4,65,0,1,6,21,2,2,5,5,0,1,0,0.8,1,1,3.0,3783.666667,0.898230088,0,1.62,3.5,1.290994449,0,1.0,0.2,0,3.0,0,-1,1,0,0.5,1,0,3,1,1,0,0,0,1,0,0,1,0,1,0,0,0,0,0
49,0,0,5807,11.9,1,3,4,3,2,3,34,0,0,11,44,8,13,4,3,0,0,0,0.0,0,0,0.0,5807.0,0.103463588,1,11.9,3.0,0.816496581,0,0.615384615,8.0,2,3.666666667,0,-1,0,0,3.0,1,0,2,0,0,1,0,0,0,0,0,0,1,0,0,1,0,0,0
36,1,1,6042,15.8,1,3,3,4,4,5,63,1,0,7,20,5,9,3,6,0,1,0,0.5,0,0,1.0,6042.0,0.203635243,1,7.9,4.0,0.816496581,0,0.555555556,2.5,2,2.5,0,0,0,0,3.0,1,0,3,0,0,1,0,0,0,0,1,1,0,0,1,0,0,0,1
29,1,1,4378,19.1,1,2,2,1,3,4,9,0,0,8,23,2,11,2,4,0,0,0,0.5,0,0,1.0,4378.0,0.039433148,1,9.55,2.5,1.290994449,0,0.181818182,1.0,1,2.555555556,0,0,0,0,2.0,1,0,3,0,1,0,0,0,0,0,1,1,0,1,0,0,0,0,0
43,0,0,4734,12.1,2,3,4,5,2,4,1,0,1,29,126,2,10,3,4,0,0,0,0.0,0,0,0.0,2367.0,0.108985025,1,12.1,3.75,1.258305739,0,0.2,2.0,2,4.2,1,0,0,0,4.0,2,0,1,1,0,1,0,0,0,1,0,0,1,0,1,0,0,0,0
36,4,1,12189,17.2,3,5,3,2,4,3,38,0,1,18,42,3,7,4,3,0,1,0,0.2,1,0,1.333333333,4063.0,0.786450663,0,3.44,3.0,0.816496581,0,0.428571429,0.6,1,2.210526316,0,1,1,1,0.6,0,0,2,1,1,0,0,1,0,0,0,1,0,0,1,0,0,0,0
36,7,2,8237,15.8,4,3,3,5,5,5,23,0,1,29,134,5,7,3,4,0,1,0,0.25,1,0,1.75,2059.25,0.726973684,0,1.975,4.5,1.0,0,0.714285714,0.625,1,4.466666667,1,0,0,0,0.5,1,0,1,1,1,0,1,0,0,0,0,1,0,0,1,0,0,0,0
42,3,1,9272,22.5,3,3,2,2,3,3,47,0,1,14,43,7,7,2,4,0,1,0,0.25,1,0,1.0,3090.666667,0.472017673,1,5.625,2.5,0.577350269,0,1.0,1.75,1,2.866666667,0,1,0,1,1.0,1,0,1,1,1,0,0,1,0,0,0,0,1,0,1,0,0,0,0
49,0,0,4540,17.5,1,3,5,4,4,2,59,0,1,1,5,1,15,2,4,0,0,0,0.0,0,0,0.0,4540.0,0.088602329,1,17.5,3.75,1.258305739,0,0.066666667,1.0,1,2.5,0,1,0,1,4.0,1,0,3,0,1,0,0,0,0,1,0,0,0,0,0,1,0,0,0
28,0,0,7109,18.4,3,4,3,1,2,3,17,0,1,23,76,7,7,3,5,0,1,0,0.0,0,0,0.0,2369.666667,0.574013158,0,18.4,2.25,0.957427108,1,1.0,7.0,0,3.166666667,1,1,1,1,5.0,2,0,1,0,1,0,1,0,0,0,0,1,0,1,0,0,0,0,0
52,1,0,11186,19.4,3,3,1,3,3,3,26,1,1,2,6,3,10,4,7,0,1,1,0.0,1,0,0.333333333,3728.666667,0.700049092,0,9.7,2.5,1.0,0,0.3,1.5,1,2.0,0,-1,0,0,3.5,0,0,3,1,0,1,0,1,0,0,0,1,0,0,0,1,0,0,0
35,1,0,5431,20.8,1,5,4,4,4,5,36,0,1,9,40,8,8,2,2,0,0,0,0.0,1,0,1.0,5431.0,0.209442596,1,10.4,4.25,0.5,0,1.0,4.0,1,4.0,0,3,1,1,1.0,1,0,2,1,0,1,0,0,0,1,0,1,0,0,1,0,0,0,0
35,1,0,11927,14.3,3,2,1,2,5,3,24,0,1,7,27,4,9,1,5,0,1,0,0.0,1,0,0.333333333,3975.666667,0.769513991,0,7.15,2.75,1.707825128,0,0.444444444,2.0,1,3.375,0,1,0,1,2.5,0,0,3,1,0,1,0,1,0,0,0,1,0,0,1,0,0,0,0
41,11,8,10129,15.1,3,4,3,4,3,5,37,1,1,13,45,3,6,1,6,1,1,0,0.666666667,1,0,3.666666667,3376.333333,0.854201331,0,1.258333333,3.75,0.957427108,0,0.5,0.25,0,3.214285714,0,3,1,1,0.5,0,0,2,0,0,1,0,0,0,1,0,0,1,0,1,0,0,0,0
48,4,1,9858,15.7,2,3,3,1,3,4,17,0,1,11,28,7,5,4,5,0,0,0,0.2,1,0,2.0,4929.0,0.54712813,0,3.14,2.75,1.258305739,0,1.4,1.4,1,2.333333333,0,-1,0,0,1.0,0,0,2,0,1,0,0,1,0,0,0,0,0,0,0,1,0,0,0
35,4,2,4890,18.0,1,4,4,1,2,4,25,0,1,24,83,6,10,3,9,0,0,0,0.4,1,0,4.0,4890.0,0.104535398,1,3.6,2.75,1.5,0,0.6,1.2,0,3.32,1,1,1,1,1.8,3,0,2,1,1,0,0,0,1,0,0,1,0,0,1,0,0,0,0
33,12,11,11989,18.3,3,4,3,4,4,3,0,0,0,7,13,1,9,2,4,1,1,0,0.846153846,1,0,4.0,3996.333333,0.892020949,0,1.407692308,3.5,0.577350269,0,0.111111111,0.076923077,1,1.625,0,2,1,1,0.307692308,0,0,2,1,1,0,0,0,0,0,1,1,0,1,0,0,0,0,0
51,4,0,6108,16.0,1,4,2,2,3,4,39,0,1,9,22,3,7,4,9,0,0,1,0.0,1,0,4.0,6108.0,0.324667221,1,3.2,2.75,0.957427108,0,0.428571429,0.6,1,2.2,0,0,1,0,1.8,2,0,2,0,0,1,0,0,0,1,0,1,0,0,0,1,0,0,0
23,5,0,8089,15.9,3,3,3,3,4,1,30,0,0,12,23,3,10,4,3,0,1,0,0.0,1,0,1.666666667,2696.333333,0.589048673,0,2.65,2.75,1.258305739,0,0.3,0.5,0,1.769230769,0,-1,0,0,0.5,0,0,1,1,0,1,0,0,1,0,0,1,0,0,0,0,0,0,0
39,10,1,11256,24.4,4,3,1,2,4,4,39,0,0,3,10,1,15,5,7,0,1,0,0.090909091,1,0,2.5,2814.0,0.857979051,0,2.218181818,2.75,1.5,0,0.066666667,0.090909091,0,2.5,0,-2,0,0,0.636363636,0,0,2,1,1,0,0,0,0,0,1,1,0,0,1,0,0,0,0
31,6,2,6968,16.5,2,4,4,2,5,3,37,0,1,10,28,12,7,3,6,0,0,0,0.285714286,1,0,3.0,3484.0,0.329636476,1,2.357142857,3.5,1.290994449,0,1.714285714,1.714285714,2,2.545454545,0,1,1,1,0.857142857,1,0,2,0,1,0,0,0,0,0,1,1,0,1,0,0,0,0,0
37,4,3,6176,18.2,1,5,3,4,3,5,0,0,0,15,52,4,9,3,6,0,0,0,0.6,1,0,4.0,6176.0,0.090819833,1,3.64,3.75,0.957427108,0,0.444444444,0.8,0,3.25,0,2,1,1,1.2,1,0,1,1,1,0,0,1,0,0,0,1,0,0,1,0,0,0,0
44,8,0,14157,21.5,3,5,4,3,4,2,26,0,0,13,49,3,15,3,6,1,1,0,0.0,1,0,2.666666667,4719.0,0.893961708,0,2.388888889,3.25,0.957427108,0,0.2,0.333333333,2,3.5,0,2,1,1,0.666666667,0,0,3,1,0,1,0,1,0,0,0,0,1,0,1,0,0,0,0
34,1,1,10778,19.8,2,5,3,3,3,1,51,1,0,14,50,3,10,4,7,0,1,0,0.5,0,0,0.5,5389.0,0.865597345,0,9.9,2.5,1.0,0,0.3,1.5,2,3.333333333,0,1,1,1,3.5,0,0,4,0,0,1,0,0,1,0,0,1,0,1,0,0,0,1,1
23,3,0,11161,14.3,3,5,3,4,2,3,29,1,0,5,21,6,10,2,9,0,1,0,0.0,1,0,1.0,3720.333333,0.889380531,0,3.575,3.0,0.816496581,0,0.6,1.5,2,3.5,0,3,1,1,2.25,1,0,3,1,0,1,0,0,1,0,0,1,0,0,0,0,0,1,1
50,3,2,9753,13.3,2,2,2,3,1,2,5,1,1,6,18,4,7,4,13,0,0,1,0.5,1,0,1.5,4876.5,0.728589033,0,3.325,2.0,0.816496581,1,0.571428571,1.0,1,2.571428571,0,-2,0,0,3.25,2,1,4,0,1,0,0,0,0,0,1,1,0,0,0,1,0,1,1
32,11,11,8233,12.1,4,3,3,2,2,3,40,0,0,13,40,5,10,3,2,0,1,0,0.916666667,0,1,2.75,2058.25,0.671173045,0,1.008333333,2.5,0.577350269,0,0.5,0.416666667,1,2.857142857,0,0,0,0,0.166666667,1,0,1,1,1,0,0,0,0,1,0,0,0,1,0,0,0,0,0
45,2,2,7376,17.0,1,3,4,4,3,4,7,0,1,20,59,4,9,4,3,0,1,0,0.666666667,0,0,2.0,7376.0,0.537437604,0,5.666666667,3.75,0.5,0,0.444444444,1.333333333,0,2.80952381,0,-1,0,0,1.0,0,0,3,0,1,0,0,0,0,1,0,1,0,0,0,1,0,0,0
35,3,3,6138,14.0,2,5,3,4,1,3,0,0,0,9,24,2,6,3,13,0,0,0,0.75,0,0,1.5,3069.0,0.214725816,1,3.5,2.75,1.258305739,0,0.333333333,0.5,1,2.4,0,2,1,1,3.25,2,0,1,0,0,0,0,0,0,0,1,0,0,0,1,0,0,0,0
20,0,0,5875,19.2,2,4,2,2,3,2,26,1,1,8,29,2,4,3,12,0,0,0,0.0,0,0,0.0,2937.5,0.22289823,1,19.2,2.25,0.5,1,0.5,2.0,1,3.222222222,0,1,1,1,12.0,3,1,2,0,1,0,0,0,1,0,0,1,0,0,0,0,0,1,1
28,7,6,11305,19.8,2,5,1,2,1,2,20,0,1,9,30,5,12,4,5,0,0,0,0.75,1,1,3.5,5652.5,0.712076583,0,2.475,1.5,0.577350269,1,0.416666667,0.625,1,3.0,0,1,1,1,0.625,2,0,3,0,0,1,0,1,0,0,0,1,0,1,0,0,0,0,0
42,1,1,4289,9.7,2,3,3,3,3,3,25,1,0,16,58,4,2,4,8,0,0,0,0.5,0,0,0.5,2144.5,0.065723794,1,4.85,3.0,0.0,0,2.0,2.0,1,3.411764706,0,-1,0,0,4.0,2,0,1,0,0,0,0,0,0,1,0,1,0,0,1,0,0,1,1
25,7,6,7628,14.2,3,3,1,3,4,4,49,0,1,19,64,3,9,3,3,0,1,0,0.75,1,1,2.333333333,2542.666667,0.578202995,0,1.775,3.0,1.414213562,0,0.333333333,0.375,2,3.2,1,0,0,0,0.375,2,0,2,0,0,1,0,0,0,1,0,1,0,1,0,0,0,0,0
29,11,7,14654,15.3,4,3,2,3,4,3,56,0,1,14,31,2,8,4,7,0,1,0,0.583333333,1,1,2.75,3663.5,0.914580265,0,1.275,3.0,0.816496581,0,0.25,0.166666667,1,2.066666667,0,-1,0,0,0.583333333,1,0,2,1,0,1,0,1,0,0,0,1,0,1,0,0,0,0,0
35,4,2,6907,12.4,2,3,3,4,3,3,61,0,1,9,22,3,13,3,1,0,1,0,0.4,1,0,2.0,3453.5,0.459442596,1,2.48,3.25,0.5,0,0.230769231,0.6,2,2.2,0,0,0,0,0.2,1,0,1,0,0,0,0,0,0,1,0,1,0,0,1,0,0,0,0
46,2,2,12598,20.2,3,3,2,2,3,3,26,0,1,9,28,6,11,4,4,0,1,0,0.666666667,0,0,0.666666667,4199.333333,0.814187531,0,6.733333333,2.5,0.577350269,0,0.545454545,2.0,2,2.8,0,-1,0,0,1.333333333,0,0,3,1,1,0,0,1,0,0,0,1,0,0,0,1,0,0,0
56,7,0,9590,8.5,2,2,3,3,2,4,44,0,0,14,51,7,7,5,3,0,0,1,0.0,1,0,3.5,4795.0,0.511659303,0,1.0625,3.0,0.816496581,0,1.0,0.875,1,3.4,0,-3,0,0,0.375,0,0,2,0,0,1,0,1,0,0,0,1,0,0,0,0,1,0,0
40,22,14,19295,13.7,5,2,4,3,3,3,34,1,0,10,29,3,13,3,12,0,1,0,0.608695652,1,1,4.4,3859.0,0.991654394,0,0.595652174,3.25,0.5,0,0.230769231,0.130434783,0,2.636363636,0,-1,0,0,0.52173913,2,0,3,1,1,0,0,1,0,0,0,0,1,0,1,0,0,1,1
40,10,1,10556,11.5,3,4,1,4,2,4,48,1,1,26,74,2,8,2,7,0,1,0,0.090909091,1,0,3.333333333,3518.666667,0.845132743,0,1.045454545,2.75,1.5,0,0.25,0.181818182,1,2.740740741,1,2,1,1,0.636363636,1,0,2,1,1,0,0,0,1,0,0,1,0,0,1,0,0,0,0
35,0,0,8743,21.9,2,5,4,3,2,3,55,1,0,7,23,3,5,4,9,0,0,0,0.0,0,0,0.0,4371.5,0.403289151,1,21.9,3.0,0.816496581,0,0.6,3.0,2,2.875,0,1,1,1,9.0,2,0,2,1,0,1,0,1,0,0,0,0,0,0,1,0,0,1,1
49,5,0,11207,7.3,4,2,5,4,3,3,14,0,0,24,81,3,6,3,5,0,1,0,0.0,1,0,1.25,2801.75,0.78330373,0,1.216666667,3.75,0.957427108,0,0.5,0.5,0,3.24,1,-1,0,0,0.833333333,1,0,2,0,1,0,0,0,0,0,0,1,0,0,0,1,0,0,0
30,3,0,7281,16.2,1,2,3,3,4,3,24,0,0,16,48,5,9,4,3,0,1,0,0.0,1,0,3.0,7281.0,0.204221895,1,4.05,3.25,0.5,0,0.555555556,1.25,1,2.823529412,0,-2,0,0,0.75,1,0,3,0,1,0,0,1,0,0,0,1,0,1,0,0,0,0,0
40,2,2,7684,21.6,2,5,4,2,3,3,20,0,1,6,21,3,13,2,11,0,0,0,0.666666667,0,0,1.0,3842.0,0.255768287,1,7.2,3.0,0.816496581,0,0.230769231,1.0,0,3.0,0,3,1,1,3.666666667,2,0,2,0,1,0,0,1,0,0,0,1,0,0,1,0,0,0,0
26,4,0,8874,18.2,2,4,2,4,2,2,11,0,0,32,135,6,11,3,10,0,0,0,0.0,1,0,2.0,4437.0,0.688606195,0,3.64,2.5,1.0,0,0.545454545,1.2,0,4.090909091,1,1,1,1,2.0,2,0,3,0,1,0,0,0,1,0,0,1,0,1,0,0,0,0,0
34,2,1,4228,15.3,2,3,4,3,3,2,31,0,1,40,139,8,5,3,7,0,0,0,0.333333333,1,0,1.0,2114.0,0.06156406,1,5.1,3.0,0.816496581,0,1.6,2.666666667,0,3.390243902,1,0,0,0,2.333333333,2,0,1,0,0,0,0,0,0,1,0,0,0,1,0,0,0,0,0
40,8,4,12849,16.0,4,3,3,2,4,2,58,0,1,7,26,1,4,3,5,0,1,0,0.444444444,1,1,2.0,3212.25,0.955752212,0,1.777777778,2.75,0.957427108,0,0.25,0.111111111,1,3.25,0,0,0,0,0.555555556,1,0,3,1,0,1,0,0,1,0,0,1,0,0,1,0,0,0,0
40,2,1,10124,7.0,3,1,3,2,3,4,50,0,0,21,73,5,7,2,4,0,1,0,0.333333333,1,0,0.666666667,3374.666667,0.578301424,0,2.333333333,3.0,0.816496581,0,0.714285714,1.666666667,1,3.318181818,1,-1,0,0,1.333333333,1,0,2,0,0,1,0,1,0,0,0,0,0,0,1,0,0,0,0
36,13,10,15753,9.7,4,3,4,1,4,5,64,0,0,40,110,3,7,4,5,0,1,0,0.714285714,1,1,3.25,3938.25,0.96669627,0,0.692857143,3.5,1.732050808,0,0.428571429,0.214285714,0,2.682926829,1,-1,0,0,0.357142857,2,0,3,1,0,1,0,0,0,0,0,0,0,0,1,0,0,0,0
46,1,1,9693,14.9,2,3,3,4,4,2,2,0,0,24,75,7,10,4,5,0,0,0,0.5,0,0,0.5,4846.5,0.62544405,0,7.45,3.25,0.957427108,0,0.7,3.5,2,3.0,1,-1,0,0,2.5,1,0,4,0,0,0,0,0,0,0,0,1,0,0,0,1,0,0,0
42,8,0,10686,16.7,4,3,3,4,3,2,15,0,1,29,117,5,13,3,6,0,1,0,0.0,1,0,2.0,2671.5,0.857853982,0,1.855555556,3.0,0.816496581,0,0.384615385,0.555555556,1,3.9,1,0,0,0,0.666666667,1,0,2,0,1,0,0,0,1,0,0,1,0,0,1,0,0,0,0
19,1,0,12115,17.3,3,4,4,1,3,2,31,1,0,29,85,4,12,3,6,0,1,0,0.0,1,0,0.333333333,4038.333333,0.781050565,0,8.65,2.5,1.290994449,0,0.333333333,2.0,1,2.833333333,1,1,1,1,3.0,1,0,2,0,0,1,0,1,0,0,0,1,0,0,0,0,0,1,0
27,8,5,11372,14.4,3,3,3,3,4,3,6,0,0,21,72,1,14,5,4,0,1,0,0.555555556,1,1,2.666666667,3790.666667,0.719931271,0,1.6,3.25,0.5,0,0.071428571,0.111111111,1,3.272727273,1,-2,0,0,0.444444444,2,0,2,0,1,0,0,1,0,0,0,1,0,1,0,0,0,0,0
39,1,1,10660,17.9,3,3,4,3,3,2,20,0,1,29,94,1,3,3,9,0,1,0,0.5,0,0,0.333333333,3553.333333,0.642611684,0,8.95,3.0,0.816496581,0,0.333333333,0.5,0,3.133333333,1,0,0,0,4.5,2,0,3,0,0,1,0,1,0,0,0,1,0,0,1,0,0,0,0
45,1,1,5489,16.4,1,3,1,2,3,3,40,0,0,19,57,6,5,3,3,0,1,0,0.5,0,0,1.0,5489.0,0.043691703,1,8.2,2.25,0.957427108,1,1.2,3.0,1,2.85,0,0,0,0,1.5,2,0,2,0,1,0,0,1,0,0,0,1,0,0,0,1,0,0,0
39,2,1,9291,16.6,3,3,4,3,3,3,49,0,0,23,85,5,9,4,3,0,1,0,0.333333333,1,0,0.666666667,3097.0,0.676524954,0,5.533333333,3.25,0.5,0,0.555555556,1.666666667,2,3.541666667,1,-1,0,0,1.0,1,0,3,0,0,0,0,0,0,0,1,1,0,0,1,0,0,0,0
38,3,0,9625,5.9,3,2,2,2,3,3,5,0,0,13,28,7,8,4,7,0,1,0,0.0,1,0,1.0,3208.333333,0.719038817,0,1.475,2.5,0.577350269,0,0.875,1.75,1,2.0,0,-2,0,0,1.75,0,0,2,0,0,0,0,0,0,0,1,1,0,0,1,0,0,0,0
26,1,1,3363,17.5,1,3,3,3,2,2,11,0,1,17,54,5,10,4,3,0,1,0,0.5,0,0,1.0,3363.0,0.020798669,1,8.75,2.5,0.577350269,0,0.5,2.5,1,3.0,0,-1,0,0,1.5,1,0,1,0,0,1,0,0,0,1,0,1,0,1,0,0,0,0,0
24,2,1,5583,16.0,1,3,5,2,4,5,43,0,0,19,55,2,7,2,6,0,0,0,0.333333333,1,0,2.0,5583.0,0.084813499,1,5.333333333,4.0,1.414213562,0,0.285714286,0.666666667,1,2.75,0,1,0,1,2.0,1,0,2,1,1,0,0,0,0,0,0,1,0,0,0,0,0,0,0
49,12,2,19161,19.3,4,3,5,4,5,3,27,1,0,9,25,5,15,3,5,0,1,0,0.153846154,1,0,3.0,4790.25,0.989936181,0,1.484615385,4.25,0.957427108,0,0.333333333,0.384615385,1,2.5,0,0,0,0,0.384615385,0,0,4,0,0,1,0,1,0,0,0,1,0,0,0,1,0,0,0
56,1,0,9161,15.4,2,4,5,2,4,4,20,0,0,19,72,1,7,4,6,0,0,1,0.0,1,0,0.5,4580.5,0.460235641,1,7.7,3.75,1.258305739,0,0.142857143,0.5,0,3.6,1,0,1,0,3.0,2,0,2,1,1,0,0,1,0,0,0,0,0,0,0,0,1,0,0
56,3,2,8236,13.7,2,4,1,3,2,3,17,0,0,4,10,6,12,4,6,0,0,1,0.5,1,0,1.5,4118.0,0.672212978,0,3.425,2.25,0.957427108,1,0.5,1.5,0,2.0,0,0,1,0,1.5,1,0,3,0,1,0,0,0,0,1,0,1,0,0,0,0,1,0,0
46,0,0,7259,17.8,3,5,3,5,2,2,37,1,0,18,41,4,3,3,5,0,1,0,0.0,0,0,0.0,2419.666667,0.382624769,1,17.8,3.0,1.414213562,0,1.333333333,4.0,2,2.157894737,0,2,1,1,5.0,1,0,2,1,0,1,0,0,0,0,1,1,0,0,0,1,0,1,1
45,0,0,6804,20.5,1,4,5,4,5,3,34,0,1,5,10,3,6,3,1,0,0,0,0.0,0,0,0.0,6804.0,0.363938053,1,20.5,4.25,0.957427108,0,0.5,3.0,1,1.666666667,0,1,1,1,1.0,1,0,4,0,0,0,0,0,1,0,0,0,0,0,0,1,0,0,0
30,12,7,11587,16.1,3,5,3,2,3,3,30,0,0,21,59,4,8,3,3,0,1,0,0.538461538,1,1,4.0,3862.333333,0.738095238,0,1.238461538,2.75,0.5,0,0.5,0.307692308,1,2.681818182,0,2,1,1,0.230769231,1,0,2,1,0,1,0,1,0,0,0,0,1,1,0,0,0,0,0
46,0,0,3723,12.1,1,2,4,3,2,3,28,0,0,8,24,3,7,2,6,0,0,0,0.0,0,0,0.0,3723.0,0.055098684,1,12.1,3.0,0.816496581,0,0.428571429,3.0,0,2.666666667,0,0,0,0,6.0,1,0,2,0,0,0,1,0,0,0,0,1,0,0,0,1,0,0,0
41,10,10,9825,15.5,3,4,2,4,4,4,42,1,1,11,32,6,8,4,9,0,1,0,0.909090909,0,1,3.333333333,3275.0,0.734288355,0,1.409090909,3.5,1.0,0,0.75,0.545454545,0,2.666666667,0,0,1,0,0.818181818,2,0,3,1,1,0,0,0,0,0,1,1,0,0,1,0,0,1,1
39,4,3,8465,15.0,2,4,3,2,4,4,44,0,1,33,97,3,5,1,2,0,1,0,0.6,1,0,2.0,4232.5,0.364752086,1,3.0,3.25,0.957427108,0,0.6,0.6,0,2.852941176,1,3,1,1,0.4,2,0,1,1,0,0,0,1,0,0,0,1,0,0,1,0,0,0,0
41,11,10,12144,19.9,5,4,3,4,3,5,38,0,0,2,5,5,6,3,10,0,1,0,0.833333333,1,1,2.2,2428.8,0.956414474,0,1.658333333,3.75,0.957427108,0,0.833333333,0.416666667,1,1.666666667,0,1,1,1,0.833333333,2,0,2,1,0,1,1,0,0,0,0,1,0,0,1,0,0,0,0
32,0,0,10360,15.1,1,4,1,4,4,3,18,0,0,3,8,3,11,1,6,0,0,0,0.0,0,0,0.0,10360.0,0.60652921,0,15.1,3.0,1.414213562,0,0.272727273,3.0,1,2.0,0,3,1,1,6.0,0,0,4,0,0,1,0,1,0,0,0,1,0,1,0,0,0,0,0
36,16,11,13799,10.0,4,1,4,3,4,3,27,0,0,36,72,1,15,4,6,0,1,0,0.647058824,1,1,4.0,3449.75,0.877884143,0,0.588235294,3.5,0.577350269,0,0.066666667,0.058823529,0,1.945945946,1,-3,0,0,0.352941176,2,0,2,1,1,0,0,1,0,0,0,1,0,0,1,0,0,0,0
36,1,0,6616,15.9,1,4,3,3,5,3,38,0,1,14,37,1,8,3,5,0,0,0,0.0,1,0,1.0,6616.0,0.128129602,1,7.95,3.5,1.0,0,0.125,0.5,1,2.466666667,0,1,1,1,2.5,1,0,2,1,0,1,0,1,0,0,0,1,0,0,1,0,0,0,0
46,0,0,8436,9.2,3,2,4,1,3,3,41,0,1,11,26,6,7,4,4,0,1,0,0.0,0,0,0.0,2812.0,0.695507488,0,9.2,2.75,1.258305739,0,0.857142857,6.0,1,2.166666667,0,-2,0,0,4.0,0,0,2,1,0,1,0,0,0,1,0,0,0,0,0,1,0,0,0
39,4,1,7665,14.4,3,5,3,4,3,4,26,0,1,5,12,3,7,4,3,0,1,0,0.2,1,0,1.333333333,2555.0,0.340586146,1,2.88,3.5,0.577350269,0,0.428571429,0.6,0,2.0,0,1,1,1,0.6,1,0,1,1,1,0,0,0,0,0,0,1,0,0,1,0,0,0,0
36,9,2,9620,15.9,3,5,1,4,5,3,4,0,0,38,120,1,10,3,3,1,1,0,0.2,1,0,3.0,3206.666667,0.61678508,0,1.59,3.25,1.707825128,0,0.1,0.1,1,3.076923077,1,2,1,1,0.3,1,0,1,0,0,1,0,0,0,0,0,0,1,0,1,0,0,0,0
51,5,4,6997,14.1,2,3,1,4,4,3,31,0,0,5,18,7,3,3,7,0,1,1,0.666666667,1,1,2.5,3498.5,0.473793677,1,2.35,3.0,1.414213562,0,2.333333333,1.166666667,0,3.0,0,0,0,0,1.166666667,2,0,3,0,1,0,0,0,0,1,0,0,1,0,0,1,0,0,0
26,5,3,6509,14.7,2,2,4,5,3,3,45,1,1,1,5,6,2,3,6,0,0,0,0.5,1,0,2.5,3254.5,0.386023295,1,2.45,3.75,0.957427108,0,3.0,1.0,1,2.5,0,-1,0,0,1.0,1,0,2,0,0,1,0,0,0,1,0,1,0,1,0,0,0,0,1
36,3,0,6148,21.1,2,5,2,4,3,4,23,0,1,11,31,7,10,4,7,0,0,0,0.0,1,0,1.5,3074.0,0.216882317,1,5.275,3.25,0.957427108,0,0.7,1.75,0,2.583333333,0,1,1,1,1.75,1,0,1,0,1,0,0,0,0,0,1,1,0,0,1,0,0,0,0
31,9,2,7696,10.8,2,3,2,2,4,3,28,0,1,7,26,3,11,2,6,0,1,0,0.2,1,0,4.5,3848.0,0.530973451,0,1.08,2.75,0.957427108,0,0.272727273,0.3,2,3.25,0,1,0,1,0.6,0,0,2,0,1,0,0,0,1,0,0,1,0,1,0,0,0,0,0
39,8,2,10872,14.8,4,2,1,3,5,3,33,1,0,7,24,3,6,5,10,0,1,0,0.222222222,1,0,2.0,2718.0,0.897670549,0,1.644444444,3.0,1.632993162,0,0.5,0.333333333,2,3.0,0,-3,0,0,1.111111111,1,0,2,0,0,0,0,0,0,1,0,1,0,0,1,0,0,1,1
36,3,3,6740,12.9,3,3,1,3,3,3,37,0,0,16,44,3,2,5,4,0,1,0,0.75,0,0,1.0,2246.666667,0.352599558,1,3.225,2.5,1.0,0,1.5,0.75,0,2.588235294,0,-2,0,0,1.0,1,0,1,0,1,0,0,0,1,0,0,1,0,0,1,0,0,0,0
40,9,3,12946,18.1,4,3,3,3,4,2,37,0,0,5,12,4,14,5,6,0,1,0,0.3,1,0,2.25,3236.5,0.835787923,0,1.81,3.0,0.816496581,0,0.285714286,0.4,1,2.0,0,-2,0,0,0.6,0,0,3,1,1,0,0,1,0,0,0,0,0,0,1,0,0,0,0
27,4,0,7485,14.2,3,3,1,4,3,4,0,0,1,14,46,8,8,3,6,0,1,0,0.0,1,0,1.333333333,2495.0,0.557404326,0,2.84,3.0,1.414213562,0,1.0,1.6,2,3.066666667,0,0,0,0,1.2,0,0,2,1,0,0,0,0,0,1,0,1,0,1,0,0,0,0,0
29,5,4,7339,20.2,2,4,4,2,2,2,39,1,0,6,22,2,4,4,8,1,0,0,0.666666667,1,0,2.5,3669.5,0.529950083,0,3.366666667,2.5,1.0,0,0.5,0.333333333,0,3.142857143,0,0,1,0,1.333333333,1,0,1,1,1,0,0,0,0,1,0,1,0,1,0,0,0,0,1
30,2,0,12363,13.9,3,4,2,4,3,3,32,0,0,20,41,5,5,1,7,0,1,0,0.0,1,0,0.666666667,4121.0,0.798723613,0,4.633333333,3.0,0.816496581,0,1.0,1.666666667,2,1.952380952,0,3,1,1,2.333333333,0,0,2,0,1,0,0,1,0,0,0,1,0,1,0,0,0,0,0
36,0,0,6947,12.1,2,4,4,4,3,1,0,1,0,17,63,5,3,3,10,0,1,0,0.0,0,0,0.0,3473.5,0.46422629,1,12.1,3.0,1.414213562,0,1.666666667,5.0,1,3.5,1,1,1,1,10.0,3,0,3,1,0,1,0,0,0,1,0,0,0,0,1,0,0,1,1
42,9,3,7934,17.5,2,3,2,1,2,2,56,1,0,9,24,2,7,4,7,0,0,0,0.3,1,0,4.5,3967.0,0.6796875,0,1.75,1.75,0.5,1,0.285714286,0.2,2,2.4,0,-1,0,0,0.7,1,1,3,1,0,1,1,0,0,0,0,1,0,0,1,0,0,1,1
33,4,4,10496,18.5,2,4,2,4,5,3,28,1,1,13,32,8,2,4,4,0,0,0,0.8,0,1,2.0,5248.0,0.721136767,0,3.7,3.5,1.290994449,0,4.0,1.6,0,2.285714286,0,0,1,0,0.8,1,0,3,1,1,0,0,0,0,0,0,0,1,1,0,0,0,0,0
32,4,2,4342,14.5,2,3,4,4,3,2,16,0,0,6,15,6,2,3,3,0,1,0,0.4,1,0,2.0,2171.0,0.014209591,1,2.9,3.25,0.957427108,0,3.0,1.2,1,2.142857143,0,0,0,0,0.6,1,0,1,1,1,0,0,0,0,0,0,1,0,1,0,0,0,0,0
32,8,2,12905,16.4,4,3,3,4,2,3,50,1,0,4,13,5,6,5,9,0,1,0,0.222222222,1,0,2.0,3226.25,0.884325044,0,1.822222222,3.0,0.816496581,0,0.833333333,0.555555556,0,2.6,0,-2,0,0,1.0,1,0,2,0,0,1,0,0,0,0,0,0,0,1,0,0,0,1,1
27,0,0,6793,13.8,1,2,3,5,4,2,40,1,0,14,44,6,11,3,7,0,1,0,0.0,0,0,0.0,6793.0,0.218028419,1,13.8,3.5,1.290994449,0,0.545454545,6.0,1,2.933333333,0,-1,0,0,7.0,1,0,2,0,0,1,0,0,0,0,0,1,0,1,0,0,0,1,1
33,4,3,6716,10.4,1,3,4,5,5,5,29,0,0,11,37,1,8,3,5,0,0,0,0.6,1,0,4.0,6716.0,0.347621681,1,2.08,4.75,0.5,0,0.125,0.2,0,3.083333333,0,0,0,0,1.0,1,0,3,0,0,1,0,0,1,0,0,1,0,1,0,0,0,0,0
52,5,0,5777,15.6,1,3,4,3,3,5,67,1,0,9,27,4,5,4,6,0,1,1,0.0,1,0,5.0,5777.0,0.270382696,1,2.6,3.75,0.957427108,0,0.8,0.666666667,2,2.7,0,-1,0,0,1.0,1,0,3,1,1,0,0,0,0,1,0,1,0,0,0,1,0,0,1
41,2,2,9657,15.8,2,2,3,2,2,3,61,0,0,17,41,6,8,1,5,0,0,0,0.666666667,0,0,1.0,4828.5,0.520864016,0,5.266666667,2.5,0.577350269,0,0.75,2.0,1,2.277777778,0,1,0,1,1.666666667,0,0,3,1,0,1,0,1,0,0,0,1,0,0,1,0,0,0,0
51,17,17,11945,12.0,5,3,3,3,5,4,51,1,0,14,37,6,8,3,7,0,1,1,0.944444444,0,1,3.4,2389.0,0.923672566,0,0.666666667,3.75,0.957427108,0,0.75,0.333333333,1,2.466666667,0,0,0,0,0.388888889,1,0,1,1,0,1,0,0,1,0,0,1,0,0,0,1,0,0,0
30,6,4,7336,13.0,2,3,4,4,3,4,33,0,0,4,14,6,7,3,11,0,0,0,0.571428571,1,1,3.0,3668.0,0.46460177,1,1.857142857,3.75,0.5,0,0.857142857,0.857142857,1,2.8,0,0,0,0,1.571428571,3,0,2,1,1,0,0,0,1,0,0,1,0,1,0,0,0,0,0
29,2,0,7564,21.3,3,4,4,1,3,2,36,0,1,12,38,4,6,1,3,0,1,0,0.0,1,0,0.666666667,2521.333333,0.436537277,1,7.1,2.5,1.290994449,0,0.666666667,1.333333333,1,2.923076923,0,3,1,1,1.0,1,0,1,0,1,0,0,0,0,0,1,1,0,1,0,0,0,0,0
51,13,10,15247,20.5,5,4,4,4,3,4,21,0,0,37,127,4,8,4,5,0,1,1,0.714285714,1,1,2.6,3049.4,0.97689464,0,1.464285714,3.75,0.5,0,0.5,0.285714286,1,3.342105263,1,0,1,0,0.357142857,2,0,2,0,0,0,0,0,0,0,1,0,0,0,0,1,0,0,0
19,1,1,7158,14.1,2,2,3,4,1,4,49,1,1,9,32,3,14,4,8,0,1,0,0.5,0,0,0.5,3579.0,0.366296981,1,7.05,3.0,1.414213562,0,0.214285714,1.5,1,3.2,0,-2,0,0,4.0,2,0,3,1,0,1,0,0,0,0,1,1,0,0,0,0,0,1,1
30,3,0,12015,11.5,3,3,4,2,4,2,13,0,0,16,70,4,14,2,7,0,1,0,0.0,1,0,1.0,4005.0,0.830373002,0,2.875,3.0,1.154700538,0,0.285714286,1.0,1,4.117647059,1,1,0,1,1.75,1,0,3,1,0,1,0,0,0,0,0,0,0,1,0,0,0,0,0
29,5,5,11596,15.4,3,3,3,5,4,3,27,0,1,9,32,5,3,3,4,0,1,0,0.833333333,0,1,1.666666667,3865.333333,0.739445263,0,2.566666667,3.75,0.957427108,0,1.666666667,0.833333333,1,3.2,0,0,0,0,0.666666667,1,0,2,0,1,0,0,1,0,0,0,1,0,1,0,0,0,0,0
22,4,1,7285,15.5,3,3,3,4,3,5,29,1,1,27,63,6,9,4,2,0,1,0,0.2,1,0,1.333333333,2428.333333,0.522462562,0,3.1,3.75,0.957427108,0,0.666666667,1.2,1,2.25,1,-1,0,0,0.4,1,0,2,0,1,0,0,0,0,1,0,1,0,0,0,0,0,1,1
33,2,2,4243,12.0,1,3,3,5,3,3,54,0,1,9,33,2,3,4,5,0,0,0,0.666666667,0,0,2.0,4243.0,0.032347505,1,4.0,3.5,1.0,0,0.666666667,0.666666667,0,3.3,0,-1,0,0,1.666666667,1,0,1,0,1,0,0,0,0,0,1,1,0,1,0,0,0,0,0
40,7,6,11055,14.5,2,3,4,4,3,3,33,0,0,13,26,7,14,3,5,0,1,0,0.75,1,1,3.5,5527.5,0.841651263,0,1.8125,3.5,0.577350269,0,0.5,0.875,0,1.857142857,0,0,0,0,0.625,1,0,4,1,1,0,0,0,0,0,1,1,0,0,1,0,0,0,0
41,10,7,9230,11.9,3,1,3,3,3,3,42,0,0,22,73,5,7,3,5,0,1,0,0.636363636,1,1,3.333333333,3076.666667,0.669747381,0,1.081818182,3.0,0.0,0,0.714285714,0.454545455,1,3.173913043,1,-2,0,0,0.454545455,2,0,2,1,1,0,0,0,0,0,1,1,0,0,1,0,0,0,0
20,0,0,6962,14.1,1,3,4,2,5,2,57,0,1,18,68,4,5,4,1,0,0,0,0.0,0,0,0.0,6962.0,0.166175749,1,14.1,3.25,1.5,0,0.8,4.0,1,3.578947368,1,-1,0,0,1.0,2,0,4,1,1,0,0,1,0,0,0,1,0,0,0,0,0,0,0
30,12,12,15817,18.3,5,4,3,3,3,3,29,0,1,10,40,4,7,4,8,1,1,0,0.923076923,0,0,2.4,3163.4,0.946489936,0,1.407692308,3.0,0.0,0,0.571428571,0.307692308,1,3.636363636,0,0,1,0,0.615384615,1,0,2,1,0,0,0,1,0,0,0,1,0,1,0,0,0,0,0
25,5,1,7204,10.6,2,3,1,2,5,2,51,1,1,9,22,4,12,5,8,0,0,0,0.166666667,1,0,2.5,3602.0,0.277531083,1,1.766666667,2.5,1.732050808,0,0.333333333,0.666666667,1,2.2,0,-2,0,0,1.333333333,2,0,1,1,1,0,0,0,0,0,0,1,0,1,0,0,0,1,1
31,7,1,11878,15.3,3,1,5,4,3,3,50,1,1,13,40,2,9,4,6,0,1,0,0.125,1,0,2.333333333,3959.333333,0.888786198,0,1.9125,3.75,0.957427108,0,0.222222222,0.25,1,2.857142857,0,-3,0,0,0.75,0,0,4,1,1,0,0,0,0,0,1,1,0,1,0,0,0,0,0
32,3,0,10875,22.3,2,5,3,3,2,4,34,1,0,44,150,7,6,4,5,0,0,0,0.0,1,0,1.5,5437.5,0.665684831,0,5.575,3.0,0.816496581,0,1.166666667,1.75,0,3.333333333,1,1,1,1,1.25,1,0,3,0,1,0,0,1,0,0,0,1,0,1,0,0,0,1,0
46,7,1,11868,13.0,4,3,2,4,2,3,28,1,0,16,48,1,16,3,6,0,1,0,0.125,1,0,1.75,2967.0,0.887553913,0,1.625,2.75,0.957427108,0,0.0625,0.125,0,2.823529412,0,0,0,0,0.75,0,0,2,0,1,0,0,0,0,0,1,0,1,0,0,1,0,0,0
43,8,4,7484,14.6,3,3,3,3,3,3,46,0,1,19,32,3,2,3,5,0,1,0,0.444444444,1,1,2.666666667,2494.666667,0.422982132,1,1.622222222,3.0,0.0,0,1.5,0.333333333,0,1.6,0,0,0,0,0.555555556,2,0,1,0,0,1,0,0,0,0,1,1,0,0,1,0,0,0,0
22,3,3,5752,13.5,1,4,4,3,3,4,37,0,0,12,50,5,16,3,8,0,0,0,0.75,0,0,3.0,5752.0,0.322368421,1,3.375,3.5,0.577350269,0,0.3125,1.25,1,3.846153846,0,1,1,1,2.0,2,0,3,0,1,0,1,0,0,0,0,1,0,0,0,0,0,0,0
40,6,2,7585,16.2,2,3,4,3,3,2,36,0,0,9,35,7,7,4,4,0,0,0,0.285714286,1,0,3.0,3792.5,0.512997788,0,2.314285714,3.0,0.816496581,0,1.0,1.0,0,3.5,0,-1,0,0,0.571428571,0,0,2,1,1,0,0,0,1,0,0,1,0,0,1,0,0,0,0
18,0,0,4402,15.1,1,3,4,3,4,4,6,0,1,7,24,5,5,3,4,0,0,0,0.0,0,0,0.0,4402.0,0.008836524,1,15.1,3.75,0.5,0,1.0,5.0,1,3.0,0,0,0,0,4.0,1,0,2,1,0,1,0,1,0,0,0,0,0,0,0,0,0,0,0
23,2,2,6767,25.3,1,5,5,4,5,3,24,0,1,11,34,8,5,4,3,0,0,0,0.666666667,0,0,2.0,6767.0,0.143716249,1,8.433333333,4.25,0.957427108,0,1.6,2.666666667,1,2.833333333,0,1,1,1,1.0,1,0,3,1,0,1,0,1,0,0,0,0,1,0,0,0,0,0,0
44,3,2,6959,16.0,3,4,3,4,3,3,32,1,0,8,34,5,17,3,3,0,1,0,0.5,1,0,1.0,2319.666667,0.466930116,1,4.0,3.25,0.5,0,0.294117647,1.25,1,3.777777778,0,1,1,1,0.75,1,0,2,0,1,0,0,0,0,1,0,1,0,0,1,0,0,0,0
43,4,0,9340,11.6,2,3,2,4,3,4,37,0,0,27,101,5,7,3,7,0,0,0,0.0,1,0,2.0,4670.0,0.580817052,0,2.32,3.25,0.957427108,0,0.714285714,1.0,1,3.607142857,1,0,0,0,1.4,1,0,2,1,0,1,0,0,0,0,0,1,0,0,1,0,0,0,0
44,3,0,7019,16.5,2,3,5,3,4,2,30,1,0,22,83,1,4,3,7,0,0,0,0.0,1,0,1.5,3509.5,0.337954405,1,4.125,3.5,1.290994449,0,0.25,0.25,1,3.608695652,1,0,0,0,1.75,2,0,2,1,0,1,0,0,0,0,1,1,0,0,1,0,0,0,0
40,0,0,7496,15.0,2,4,3,3,4,4,51,0,0,19,48,4,2,3,3,0,0,0,0.0,0,0,0.0,3748.0,0.55844426,0,15.0,3.5,0.577350269,0,2.0,4.0,1,2.4,0,1,1,1,3.0,0,0,4,1,0,1,0,0,0,1,0,1,0,0,1,0,0,0,0
38,2,0,6645,9.1,1,3,4,2,5,3,27,0,1,13,36,3,12,1,4,0,0,0,0.0,1,0,2.0,6645.0,0.335176991,1,3.033333333,3.5,1.290994449,0,0.25,1.0,1,2.571428571,0,2,0,1,1.333333333,1,0,4,1,0,1,0,0,1,0,0,1,0,0,1,0,0,0,0
37,0,0,7545,17.2,1,4,2,5,4,4,65,0,1,16,59,2,4,2,5,0,0,0,0.0,0,0,0.0,7545.0,0.239567992,1,17.2,3.75,1.258305739,0,0.5,2.0,1,3.470588235,0,2,1,1,5.0,1,0,2,1,0,1,0,1,0,0,0,0,0,0,1,0,0,0,0
24,6,1,4820,9.3,1,3,3,3,4,4,82,1,0,5,14,7,8,3,8,0,0,0,0.142857143,1,0,6.0,4820.0,0.120216306,1,1.328571429,3.5,0.577350269,0,0.875,1.0,1,2.333333333,0,0,0,0,1.142857143,2,0,2,1,0,1,0,0,0,1,0,0,0,0,0,0,0,1,1
39,3,0,4534,10.7,1,3,2,2,4,3,40,1,0,24,94,5,14,2,5,0,0,0,0.0,1,0,3.0,4534.0,0.07300885,1,2.675,2.75,0.957427108,0,0.357142857,1.25,1,3.76,1,1,0,1,1.25,2,0,1,1,1,0,0,0,1,0,0,1,0,0,1,0,0,1,0
49,1,0,10563,12.6,2,4,3,4,5,2,16,0,0,13,51,6,10,4,3,0,0,0,0.0,1,0,0.5,5281.5,0.845685841,0,6.3,3.5,1.290994449,0,0.6,3.0,1,3.642857143,0,0,1,0,1.5,0,0,3,1,1,0,0,0,1,0,0,1,0,0,0,1,0,0,0
39,7,7,9002,11.2,3,2,4,3,4,1,9,1,1,4,8,6,2,3,6,0,1,0,0.875,0,1,2.333333333,3000.666667,0.705199115,0,1.4,3.0,1.414213562,0,3.0,0.75,0,1.6,0,-1,0,0,0.75,1,0,2,0,1,0,0,0,1,0,0,1,0,0,1,0,0,1,0
33,3,3,8200,17.9,1,4,2,2,2,4,25,1,1,14,52,4,10,4,11,0,0,0,0.75,0,0,3.0,8200.0,0.328178694,1,4.475,2.5,1.0,0,0.4,1.0,1,3.466666667,0,0,1,0,2.75,2,0,3,1,1,0,0,1,0,0,0,1,0,1,0,0,0,1,1
41,6,3,8684,17.8,3,3,2,3,3,2,61,1,0,1,5,6,10,3,7,0,1,0,0.428571429,1,0,2.0,2894.666667,0.392979872,1,2.542857143,2.5,0.577350269,0,0.6,0.857142857,1,2.5,0,0,0,0,1.0,1,0,1,1,0,1,0,1,0,0,0,0,0,0,1,0,0,1,1
18,0,0,5071,19.9,2,3,3,3,3,5,22,0,1,9,26,1,13,3,8,0,0,0,0.0,0,0,0.0,2535.5,0.048845471,1,19.9,3.5,1.0,0,0.076923077,1.0,0,2.6,0,0,0,0,8.0,2,0,2,0,0,1,0,0,0,0,0,1,0,0,0,0,0,0,0
25,7,5,7050,18.8,1,3,3,4,4,4,45,0,0,21,50,5,2,5,4,0,0,0,0.625,1,1,7.0,7050.0,0.343961799,1,2.35,3.75,0.5,0,2.5,0.625,0,2.272727273,0,-2,0,0,0.5,2,0,2,1,0,0,0,0,0,0,1,1,0,1,0,0,0,0,0
42,0,0,4627,17.0,1,3,2,4,3,3,32,0,0,15,39,6,8,3,8,0,1,0,0.0,0,0,0.0,4627.0,0.098169717,1,17.0,3.0,0.816496581,0,0.75,6.0,1,2.4375,0,0,0,0,8.0,2,0,2,1,0,1,0,0,0,1,0,1,0,0,1,0,0,0,0
31,1,0,4543,14.1,1,2,3,3,2,4,36,1,0,30,105,4,13,4,5,0,1,0,0.0,1,0,1.0,4543.0,0.073561947,1,7.05,3.0,0.816496581,0,0.307692308,2.0,1,3.387096774,1,-2,0,0,2.5,2,0,3,0,1,0,0,0,1,0,0,0,0,1,0,0,0,0,1
26,2,0,6631,12.5,1,5,4,3,4,5,38,0,0,19,56,7,9,4,5,0,1,0,0.0,1,0,2.0,6631.0,0.285582255,1,4.166666667,4.0,0.816496581,0,0.777777778,2.333333333,0,2.8,0,1,1,1,1.666666667,1,0,3,0,1,0,0,0,0,0,1,1,0,1,0,0,0,0,0
43,25,1,19465,18.3,5,3,2,4,3,1,28,1,0,10,32,1,8,4,9,0,1,0,0.038461538,1,0,5.0,3893.0,0.996447602,0,0.703846154,2.5,1.290994449,0,0.125,0.038461538,1,2.909090909,0,-1,0,0,0.346153846,1,0,3,1,0,1,0,0,0,0,0,0,0,0,1,0,0,1,1
34,0,0,8428,16.6,2,4,1,3,3,4,75,0,1,10,31,7,7,4,5,0,0,0,0.0,0,0,0.0,4214.0,0.635785398,0,16.6,2.75,1.258305739,0,1.0,7.0,1,2.818181818,0,0,1,0,5.0,0,0,4,1,0,1,0,0,1,0,0,1,0,1,0,0,0,0,0
31,3,1,6606,10.4,2,3,4,3,2,2,42,0,0,25,99,4,2,4,4,0,0,0,0.25,1,0,1.5,3303.0,0.281885397,1,2.6,2.75,0.957427108,0,2.0,1.0,0,3.807692308,1,-1,0,0,1.0,2,0,2,1,0,1,0,0,0,0,1,0,0,1,0,0,0,0,0
44,2,1,7713,12.5,2,3,4,1,1,4,0,0,1,13,33,3,2,3,5,0,1,0,0.333333333,1,0,1.0,3856.5,0.459950709,1,4.166666667,2.5,1.732050808,0,1.5,1.0,0,2.357142857,0,0,0,0,1.666666667,1,0,3,0,0,0,0,0,0,0,1,1,0,0,1,0,0,0,0
18,0,0,7030,12.3,2,2,1,4,2,3,17,0,1,15,61,4,2,4,3,0,0,0,0.0,0,0,0.0,3515.0,0.406803097,1,12.3,2.5,1.290994449,0,2.0,4.0,2,3.8125,1,-2,0,0,3.0,2,0,2,0,1,0,0,0,1,0,0,1,0,0,0,0,0,0,0
39,1,0,9312,10.2,3,3,4,3,3,4,15,0,1,7,16,2,16,3,6,0,1,0,0.0,1,0,0.333333333,3104.0,0.678989526,0,5.1,3.5,0.577350269,0,0.125,1.0,1,2.0,0,0,0,0,3.0,0,0,3,0,0,1,0,0,0,0,1,0,1,0,1,0,0,0,0
42,3,0,5859,15.7,1,3,5,2,3,3,55,1,0,2,5,3,11,2,6,0,1,0,0.0,1,0,3.0,5859.0,0.283693844,1,3.925,3.25,1.258305739,0,0.272727273,0.75,2,1.666666667,0,1,0,1,1.5,1,0,3,1,1,0,0,0,0,1,0,1,0,0,1,0,0,1,1
32,2,0,5992,12.6,2,1,3,3,4,3,1,1,1,10,35,4,9,3,7,0,0,0,0.0,1,0,1.0,2996.0,0.198089957,1,4.2,3.25,0.5,0,0.444444444,1.333333333,1,3.181818182,0,-2,0,0,2.333333333,1,0,2,1,0,1,0,0,0,0,1,0,0,1,0,0,0,0,0
29,3,0,4847,9.7,1,4,1,3,4,3,35,0,0,14,40,4,11,4,7,0,0,0,0.0,1,0,3.0,4847.0,0.123544093,1,2.425,2.75,1.258305739,0,0.363636364,1.0,1,2.666666667,0,0,1,0,1.75,1,0,2,0,0,0,0,0,0,1,0,1,0,1,0,0,0,0,0
18,0,0,5967,16.7,1,5,1,2,1,4,38,0,0,20,79,6,2,3,2,0,1,0,0.0,0,0,0.0,5967.0,0.075724104,1,16.7,2.0,1.414213562,1,3.0,6.0,2,3.761904762,1,2,1,1,2.0,3,0,2,1,1,0,0,1,0,0,0,0,0,0,0,0,0,0,0
44,5,3,7547,14.8,2,4,4,4,5,4,28,1,1,5,16,6,5,3,3,1,0,0,0.5,1,0,2.5,3773.5,0.56593178,0,2.466666667,4.25,0.5,0,1.2,1.0,1,2.666666667,0,1,1,1,0.5,0,0,3,1,0,1,0,0,0,1,0,1,0,0,1,0,0,0,1
53,7,1,11321,7.5,3,3,5,5,2,5,26,0,0,41,150,2,14,4,7,0,1,1,0.125,1,0,2.333333333,3773.666667,0.714285714,0,0.9375,4.25,1.5,0,0.142857143,0.25,2,3.571428571,1,-1,0,0,0.875,1,0,2,1,0,1,0,1,0,0,0,0,1,0,0,1,0,0,0
30,4,1,10219,14.3,2,2,3,4,5,2,49,1,1,20,44,6,6,3,5,0,0,0,0.2,1,0,2.0,5109.5,0.590574374,0,2.86,3.5,1.290994449,0,1.0,1.2,0,2.095238095,0,-1,0,0,1.0,0,0,3,1,0,1,0,1,0,0,0,1,0,1,0,0,0,0,0
32,14,11,9833,15.1,2,4,1,4,4,4,12,0,0,11,35,2,14,2,8,0,0,0,0.733333333,1,1,7.0,4916.5,0.832362729,0,1.006666667,3.25,1.5,0,0.142857143,0.133333333,0,2.916666667,0,2,1,1,0.533333333,2,0,2,1,0,1,0,0,0,1,0,1,0,1,0,0,0,0,0
18,0,0,6642,17.5,2,3,2,3,3,4,49,0,0,13,41,1,7,4,3,0,0,0,0.0,0,0,0.0,3321.0,0.40702995,1,17.5,3.0,0.816496581,0,0.142857143,1.0,1,2.928571429,0,-1,0,0,3.0,1,0,2,0,0,0,0,0,0,1,0,1,0,0,0,0,0,0,0
32,7,2,11826,12.6,4,3,2,2,5,3,28,0,0,4,11,2,2,3,2,0,1,0,0.25,1,0,1.75,2956.5,0.918141593,0,1.575,3.0,1.414213562,0,1.0,0.25,1,2.2,0,0,0,0,0.25,0,0,3,1,0,0,0,0,1,0,0,0,0,1,0,0,0,0,0
35,2,1,6640,17.9,1,4,4,2,4,2,40,0,0,2,5,5,9,3,5,0,1,0,0.333333333,1,0,2.0,6640.0,0.406198003,1,5.966666667,3.0,1.154700538,0,0.555555556,1.666666667,0,1.666666667,0,1,1,1,1.666666667,1,0,2,1,0,1,0,0,0,1,0,1,0,0,1,0,0,0,0
39,4,4,9663,13.7,2,3,4,2,2,5,24,1,1,30,148,4,6,4,5,0,0,0,0.8,0,1,2.0,4831.5,0.522091311,0,2.74,3.25,1.5,0,0.666666667,0.8,1,4.774193548,1,-1,0,0,1.0,2,0,3,1,1,0,0,1,0,0,0,1,0,0,1,0,0,1,1
34,11,2,10139,15.8,4,4,2,3,4,2,27,0,0,9,30,2,11,1,2,1,1,0,0.166666667,1,0,2.75,2534.75,0.821902655,0,1.316666667,2.75,0.957427108,0,0.181818182,0.166666667,1,3.0,0,3,1,1,0.166666667,0,0,2,1,1,0,0,0,1,0,0,0,0,1,0,0,0,0,0
41,3,0,9411,16.0,3,4,5,3,3,4,61,0,0,10,38,1,15,2,5,0,1,0,0.0,1,0,1.0,3137.0,0.795757072,0,4.0,3.75,0.957427108,0,0.066666667,0.25,0,3.454545455,0,2,1,1,1.25,0,0,3,0,1,0,0,0,0,1,0,0,0,0,1,0,0,0,0
32,3,2,6143,11.9,2,2,5,4,3,5,19,0,0,14,59,3,9,2,3,0,0,0,0.5,1,0,1.5,3071.5,0.392269737,1,2.975,4.25,0.957427108,0,0.333333333,0.75,1,3.933333333,0,0,0,0,0.75,1,0,2,1,0,1,1,0,0,0,0,0,0,1,0,0,0,0,0
41,0,0,5938,14.4,2,4,3,2,3,4,26,0,0,7,19,2,6,4,6,0,0,0,0.0,0,0,0.0,2969.0,0.300332779,1,14.4,3.0,0.816496581,0,0.333333333,2.0,0,2.375,0,0,1,0,6.0,1,0,2,0,0,1,0,0,0,1,0,1,0,0,1,0,0,0,0
45,14,4,6325,17.3,2,3,2,3,4,4,64,0,0,5,16,5,9,2,5,0,0,0,0.266666667,1,1,7.0,3162.5,0.355865225,1,1.153333333,3.25,0.957427108,0,0.555555556,0.333333333,2,2.666666667,0,1,0,1,0.333333333,2,0,1,0,0,1,0,0,0,1,0,0,1,0,0,1,0,0,0
44,5,0,9785,16.6,3,3,3,3,5,3,27,0,1,2,6,3,6,3,3,0,1,0,0.0,1,0,1.666666667,3261.666667,0.829034942,0,2.766666667,3.5,1.0,0,0.5,0.5,1,2.0,0,0,0,0,0.5,0,0,3,1,0,1,0,0,0,1,0,1,0,0,1,0,0,0,0
29,4,1,9426,16.2,2,4,3,3,3,3,25,0,1,3,9,2,16,4,4,0,0,0,0.2,1,0,2.0,4713.0,0.694855206,0,3.24,3.0,0.0,0,0.125,0.4,2,2.25,0,0,1,0,0.8,0,0,3,1,0,0,0,0,0,0,1,1,0,1,0,0,0,0,0
33,5,2,7022,13.3,3,4,5,4,3,3,39,1,0,9,34,4,9,3,6,0,1,0,0.333333333,1,0,1.666666667,2340.666667,0.477329451,1,2.216666667,3.75,0.957427108,0,0.444444444,0.666666667,2,3.4,0,1,1,1,1.0,1,0,2,1,1,0,0,0,0,1,0,1,0,1,0,0,0,1,1
44,16,7,17816,12.6,4,4,3,5,1,3,46,0,0,9,27,9,8,2,4,1,1,0,0.411764706,1,0,4.0,4454.0,0.975945017,0,0.741176471,3.0,1.632993162,0,1.125,0.529411765,1,2.7,0,2,1,1,0.235294118,0,0,3,1,1,0,0,1,0,0,0,1,0,0,1,0,0,0,0
37,3,3,10230,14.7,2,5,2,5,3,2,39,0,0,26,82,5,10,3,6,0,1,0,0.75,0,0,1.5,5115.0,0.690719361,0,3.675,3.0,1.414213562,0,0.5,1.25,1,3.037037037,1,2,1,1,1.5,1,0,3,0,1,0,0,0,0,0,0,1,0,0,1,0,0,0,0
37,4,4,10718,14.9,2,4,2,2,3,3,23,0,1,9,31,6,11,3,7,0,0,0,0.8,0,1,2.0,5359.0,0.648870889,0,2.98,2.5,0.577350269,0,0.545454545,1.2,1,3.1,0,1,1,1,1.4,1,0,3,1,0,1,0,1,0,0,0,1,0,0,1,0,0,0,0
37,12,1,10366,18.1,4,1,3,1,3,4,27,0,0,12,46,2,11,3,1,0,1,0,0.076923077,1,0,3.0,2591.5,0.704706927,0,1.392307692,2.75,1.258305739,0,0.181818182,0.153846154,2,3.538461538,0,-2,0,0,0.076923077,0,0,1,0,1,0,0,0,0,0,0,0,1,0,1,0,0,0,0
34,1,1,7236,13.9,2,2,3,4,5,1,74,0,0,14,38,2,13,2,10,0,0,0,0.5,0,0,0.5,3618.0,0.284635879,1,6.95,3.25,1.707825128,0,0.153846154,1.0,1,2.533333333,0,0,0,0,5.0,2,0,2,1,0,1,0,0,0,0,0,1,0,1,0,0,0,0,0
38,7,1,15138,12.3,5,4,4,3,3,3,59,1,0,18,92,3,5,3,2,0,1,0,0.125,1,0,1.4,3027.6,0.928816888,0,1.5375,3.25,0.5,0,0.6,0.375,1,4.842105263,1,1,1,1,0.25,1,0,2,0,0,0,0,1,0,0,0,0,0,0,1,0,0,1,0
35,3,2,7869,10.1,1,2,2,4,4,2,44,0,1,5,19,2,15,2,3,0,0,0,0.5,1,0,3.0,7869.0,0.279577811,1,2.525,3.0,1.154700538,0,0.133333333,0.5,1,3.166666667,0,0,0,0,0.75,1,0,2,1,1,0,0,1,0,0,0,1,0,0,1,0,0,0,0
22,4,1,8950,12.9,2,2,4,5,3,2,7,1,0,24,80,6,7,3,10,0,1,0,0.2,1,0,2.0,4475.0,0.430044183,1,2.58,3.5,1.290994449,0,0.857142857,1.2,2,3.2,1,-1,0,0,2.0,3,0,3,1,1,0,0,1,0,0,0,1,0,0,0,0,0,1,1
49,8,4,11836,23.7,3,5,4,4,5,2,49,0,0,19,64,5,10,3,8,1,1,0,0.444444444,1,0,2.666666667,3945.333333,0.761168385,0,2.633333333,3.75,1.258305739,0,0.5,0.555555556,1,3.2,1,2,1,1,0.888888889,2,0,2,0,0,1,0,1,0,0,0,0,0,0,0,1,0,0,0
42,0,0,6653,16.5,2,3,1,4,4,3,30,0,0,13,57,1,8,2,3,0,1,0,0.0,0,0,0.0,3326.5,0.13107511,1,16.5,3.0,1.414213562,0,0.125,1.0,0,4.071428571,0,1,0,1,3.0,1,0,1,1,0,0,0,1,0,0,0,1,0,0,1,0,0,0,0
42,6,1,12226,13.0,3,4,1,1,4,3,66,0,1,32,100,5,8,3,4,1,1,0,0.142857143,1,0,2.0,4075.333333,0.789396171,0,1.857142857,2.25,1.5,1,0.625,0.714285714,1,3.03030303,1,1,1,1,0.571428571,2,0,2,1,0,0,0,1,0,0,0,1,0,0,1,0,0,0,0
35,13,3,15708,12.9,4,3,3,2,2,5,0,0,1,36,123,6,4,2,5,0,1,0,0.214285714,1,0,3.25,3927.0,0.965586146,0,0.921428571,3.0,1.414213562,0,1.5,0.428571429,0,3.324324324,1,1,0,1,0.357142857,1,0,3,1,0,1,0,0,0,0,0,1,0,0,1,0,0,0,0
52,4,2,9731,17.2,3,3,4,1,3,2,37,0,0,19,54,3,13,3,4,0,1,1,0.4,1,0,1.333333333,3243.666667,0.784292035,0,3.44,2.5,1.290994449,0,0.230769231,0.6,2,2.7,0,0,0,0,0.8,0,0,2,1,0,1,0,0,1,0,0,1,0,0,0,1,0,0,0
47,2,2,6728,19.8,1,5,5,4,2,1,13,1,0,11,27,5,7,3,7,0,1,0,0.666666667,0,0,2.0,6728.0,0.349557522,1,6.6,3.0,1.825741858,0,0.714285714,1.666666667,1,2.25,0,2,1,1,2.333333333,1,0,4,1,1,0,0,0,1,0,0,0,0,0,0,1,0,1,1
32,4,1,8379,18.4,2,5,3,2,3,4,43,0,0,13,52,7,9,1,5,0,0,0,0.2,1,0,2.0,4189.5,0.445825933,1,3.68,3.0,0.816496581,0,0.777777778,1.4,1,3.714285714,0,4,1,1,1.0,1,0,1,0,1,0,0,0,0,0,0,1,0,1,0,0,0,0,0
36,10,1,8674,5.9,3,3,1,4,3,3,29,1,1,9,37,3,9,3,7,0,1,0,0.090909091,1,0,3.333333333,2891.333333,0.598582871,0,0.536363636,2.75,1.258305739,0,0.333333333,0.272727273,2,3.7,0,0,0,0,0.636363636,0,0,1,0,0,1,0,0,0,0,1,1,0,0,1,0,0,0,1
43,3,1,11084,12.4,3,4,5,3,5,4,47,0,1,14,32,3,11,2,7,0,1,0,0.25,1,0,1.0,3694.666667,0.688880707,0,3.1,4.25,0.957427108,0,0.272727273,0.75,0,2.133333333,0,2,1,1,1.75,0,0,2,0,0,1,0,1,0,0,0,1,0,0,1,0,0,0,0
32,1,1,6423,16.9,1,3,3,3,4,4,43,0,1,8,22,6,12,4,6,0,0,0,0.5,0,0,1.0,6423.0,0.177841918,1,8.45,3.5,0.577350269,0,0.5,3.0,1,2.444444444,0,-1,0,0,3.0,1,0,3,1,1,0,0,0,0,0,0,1,0,1,0,0,0,0,0
25,6,2,8693,11.8,3,3,3,4,3,4,44,1,1,8,21,3,9,3,8,0,1,0,0.285714286,1,0,2.0,2897.666667,0.665929204,0,1.685714286,3.5,0.577350269,0,0.333333333,0.428571429,0,2.333333333,0,0,0,0,1.142857143,1,0,2,0,1,0,0,0,1,0,0,0,0,1,0,0,0,1,0
34,1,1,10161,12.5,3,2,3,4,4,2,22,0,1,14,44,7,2,2,4,0,1,0,0.5,0,0,0.333333333,3387.0,0.823838496,0,6.25,3.25,0.957427108,0,3.5,3.5,0,2.933333333,0,0,0,0,2.0,0,0,3,1,0,1,0,0,1,0,0,1,0,1,0,0,0,0,0
37,2,1,8576,13.1,4,3,1,3,2,3,27,0,1,12,43,4,9,3,6,0,1,0,0.333333333,1,0,0.5,2144.0,0.585643869,0,4.366666667,2.25,0.957427108,1,0.444444444,1.333333333,0,3.307692308,0,0,0,0,2.0,1,0,1,1,0,1,0,0,0,0,1,1,0,0,1,0,0,0,0
28,3,3,6735,8.3,2,1,2,4,3,3,41,1,1,23,69,6,6,2,7,0,1,0,0.75,0,0,1.5,3367.5,0.139543446,1,2.075,3.0,0.816496581,0,1.0,1.5,0,2.875,1,-1,0,0,1.75,2,0,2,0,0,1,0,1,0,0,0,1,0,1,0,0,0,0,1
21,1,1,7026,14.4,1,2,4,1,2,3,11,1,1,25,90,6,7,1,8,0,0,0,0.5,0,0,1.0,7026.0,0.253108348,1,7.2,2.5,1.290994449,0,0.857142857,3.0,1,3.461538462,1,1,0,1,4.0,3,0,3,0,0,1,0,0,0,0,0,1,0,0,0,0,0,1,1
27,1,1,8070,16.4,2,3,2,4,4,3,48,0,0,20,63,4,9,3,3,0,0,0,0.5,0,0,0.5,4035.0,0.308051055,1,8.2,3.25,0.957427108,0,0.444444444,2.0,1,3.0,1,0,0,0,1.5,2,0,2,0,1,0,0,1,0,0,0,0,0,1,0,0,0,0,0
31,4,1,6915,14.2,1,4,5,3,2,3,46,0,0,34,103,1,15,1,9,0,1,0,0.2,1,0,4.0,6915.0,0.533717105,0,2.84,3.25,1.258305739,0,0.066666667,0.2,1,2.942857143,1,3,1,1,1.8,2,0,2,1,1,0,1,0,0,0,0,1,0,1,0,0,0,1,0
33,0,0,6031,9.7,2,1,4,3,3,2,33,0,0,13,37,1,11,4,4,0,1,0,0.0,0,0,0.0,3015.5,0.202248922,1,9.7,3.0,0.816496581,0,0.090909091,1.0,0,2.642857143,0,-3,0,0,4.0,1,0,2,1,1,0,0,0,0,0,1,1,0,1,0,0,0,0,0
31,4,1,11423,13.7,3,3,3,4,4,3,59,0,0,5,19,4,15,2,7,0,1,0,0.2,1,0,1.333333333,3807.666667,0.797069272,0,2.74,3.5,0.577350269,0,0.266666667,0.8,2,3.166666667,0,1,0,1,1.4,0,0,3,1,1,0,0,0,0,0,0,1,0,1,0,0,0,0,0
22,4,3,10013,16.7,3,3,3,5,3,3,52,1,1,14,40,2,8,4,6,0,1,0,0.6,1,0,1.333333333,3337.666667,0.877467105,0,3.34,3.5,1.0,0,0.25,0.4,1,2.666666667,0,-1,0,0,1.2,0,0,4,1,0,1,1,0,0,0,0,1,0,0,0,0,0,0,0
24,6,2,9616,17.4,4,4,1,4,4,4,35,0,0,13,36,1,8,3,4,1,1,0,0.285714286,1,0,1.5,2404.0,0.813643927,0,2.485714286,3.25,1.5,0,0.125,0.142857143,0,2.571428571,0,1,1,1,0.571428571,0,0,2,1,1,0,0,0,0,1,0,1,0,0,0,0,0,0,0
29,1,0,7319,16.0,2,3,5,3,3,4,57,0,0,12,39,1,13,1,2,0,1,0,0.0,1,0,0.5,3659.5,0.296181172,1,8.0,3.75,0.957427108,0,0.076923077,0.5,0,3.0,0,2,0,1,1.0,1,0,2,1,0,1,0,0,0,0,0,1,0,1,0,0,0,0,0
40,0,0,7328,9.8,1,3,2,3,2,2,33,0,1,9,27,9,2,4,6,0,0,0,0.0,0,0,0.0,7328.0,0.209376534,1,9.8,2.25,0.5,1,4.5,9.0,1,2.7,0,-1,0,0,6.0,2,0,2,1,0,1,0,1,0,0,0,1,0,0,1,0,0,0,0
18,0,0,7095,14.7,1,3,5,4,4,2,70,0,0,19,73,1,7,3,5,0,1,0,0.0,0,0,0.0,7095.0,0.352895872,1,14.7,3.75,1.258305739,0,0.142857143,1.0,0,3.65,1,0,0,0,5.0,2,0,3,0,0,1,0,0,0,0,1,1,0,0,0,0,0,0,0
30,12,2,9997,17.8,3,3,5,3,3,2,42,1,1,28,79,4,16,4,7,0,1,0,0.153846154,1,0,4.0,3332.333333,0.562469318,0,1.369230769,3.25,1.258305739,0,0.25,0.307692308,2,2.724137931,1,-1,0,0,0.538461538,1,0,1,0,0,1,0,1,0,0,0,1,0,1,0,0,0,0,1
28,4,0,10309,22.4,3,4,1,3,3,4,64,1,0,22,86,6,5,3,12,0,1,0,0.0,1,0,1.333333333,3436.333333,0.600392734,0,4.48,2.75,1.258305739,0,1.2,1.2,2,3.739130435,1,1,1,1,2.4,2,0,2,1,1,0,0,1,0,0,0,1,0,1,0,0,0,1,1
59,7,1,9730,11.9,4,3,3,2,2,3,31,0,1,20,36,1,2,5,6,0,1,1,0.125,1,0,1.75,2432.5,0.824875208,0,1.4875,2.5,0.577350269,0,0.5,0.125,0,1.714285714,0,-2,0,0,0.75,0,0,1,0,1,0,0,0,0,1,0,1,0,0,0,0,1,0,0
24,0,0,9130,14.9,2,5,2,3,4,4,40,0,0,33,90,1,8,3,3,0,0,0,0.0,0,0,0.0,4565.0,0.554174067,0,14.9,3.25,0.957427108,0,0.125,1.0,1,2.647058824,1,2,1,1,3.0,1,0,3,1,1,0,0,0,0,0,0,1,0,0,0,0,0,0,0
41,2,1,3963,12.5,1,4,3,2,2,2,35,0,0,15,51,5,7,5,3,0,0,0,0.333333333,1,0,2.0,3963.0,0.078125,1,4.166666667,2.25,0.5,1,0.714285714,1.666666667,1,3.1875,0,-1,1,0,1.0,2,0,1,1,1,0,1,0,0,0,0,1,0,0,1,0,0,0,0
24,1,0,5095,13.1,1,3,2,3,3,4,63,0,0,33,103,6,12,3,8,0,0,0,0.0,1,0,1.0,5095.0,0.025773196,1,6.55,3.0,0.816496581,0,0.5,3.0,2,3.029411765,1,0,0,0,4.0,3,0,1,1,1,0,0,1,0,0,0,1,0,0,0,0,0,1,0
31,8,6,7269,16.9,3,4,1,3,5,3,30,0,0,10,33,3,9,5,3,0,1,0,0.666666667,1,1,2.666666667,2423.0,0.597861842,0,1.877777778,3.0,1.632993162,0,0.333333333,0.333333333,0,3.0,0,-1,1,0,0.333333333,1,0,2,0,0,0,1,0,0,0,0,1,0,1,0,0,0,0,0
33,1,0,8749,20.0,2,4,4,2,3,3,49,1,0,13,42,6,5,2,6,0,0,0,0.0,1,0,0.5,4374.5,0.672013274,0,10.0,3.0,0.816496581,0,1.2,3.0,1,3.0,0,2,1,1,3.0,0,0,3,1,0,1,0,0,1,0,0,0,1,1,0,0,0,1,1
42,5,5,11447,14.8,3,4,5,3,4,2,37,0,1,12,29,5,3,2,5,0,1,0,0.833333333,0,1,1.666666667,3815.666667,0.726067747,0,2.466666667,3.5,1.290994449,0,1.666666667,0.833333333,1,2.230769231,0,2,1,1,0.833333333,1,0,2,0,0,1,0,1,0,0,0,0,0,0,1,0,0,0,0
34,1,0,3077,8.8,1,1,3,3,5,3,38,0,0,11,29,3,6,3,5,0,1,0,0.0,1,0,1.0,3077.0,0.004977876,1,4.4,3.5,1.0,0,0.5,1.5,1,2.416666667,0,-2,0,0,2.5,1,0,2,0,0,1,0,0,1,0,0,1,0,1,0,0,0,0,0
40,6,0,11187,13.5,3,3,4,4,2,1,31,0,0,9,39,2,6,3,2,0,1,0,0.0,1,0,2.0,3729.0,0.700294551,0,1.928571429,2.75,1.5,0,0.333333333,0.285714286,1,3.9,0,0,0,0,0.285714286,0,0,2,1,0,1,0,1,0,0,0,1,0,0,1,0,0,0,0
23,4,3,7313,14.0,2,3,4,5,1,4,30,1,0,12,38,3,7,3,4,0,0,0,0.6,1,0,2.0,3656.5,0.604440789,0,2.8,3.5,1.732050808,0,0.428571429,0.6,0,2.923076923,0,0,0,0,0.8,0,0,4,1,1,0,1,0,0,0,0,0,1,0,0,0,0,0,0
54,2,2,4554,12.2,1,2,3,4,3,2,43,0,0,4,13,4,13,2,7,0,0,1,0.666666667,0,0,2.0,4554.0,0.011782032,1,4.066666667,3.0,0.816496581,0,0.307692308,1.333333333,2,2.6,0,0,0,0,2.333333333,1,0,1,0,0,1,0,1,0,0,0,1,0,0,0,1,0,0,0
40,1,1,7515,9.5,2,3,3,3,4,1,22,1,1,6,23,3,17,5,7,0,0,0,0.5,0,0,0.5,3757.5,0.236745214,1,4.75,2.75,1.258305739,0,0.176470588,1.5,1,3.285714286,0,-2,0,0,3.5,1,0,1,1,0,1,0,1,0,0,0,1,0,0,1,0,0,0,0
35,15,8,11491,11.9,5,3,2,3,4,2,31,1,0,15,45,4,5,3,8,0,1,0,0.5,1,1,3.0,2298.2,0.926788686,0,0.74375,2.75,0.957427108,0,0.8,0.25,1,2.8125,0,0,0,0,0.5,2,0,2,1,1,0,0,0,0,1,0,1,0,0,1,0,0,1,1
20,2,2,5639,17.3,2,3,3,2,4,4,44,0,1,1,5,6,9,3,6,0,0,0,0.666666667,0,0,1.0,2819.5,0.300164474,1,5.766666667,3.25,0.957427108,0,0.666666667,2.0,1,2.5,0,0,0,0,2.0,1,0,2,0,0,1,1,0,0,0,0,1,0,0,0,0,0,0,0
27,4,2,7522,11.4,2,1,2,4,3,2,34,0,0,12,55,3,7,3,6,0,1,0,0.4,1,0,2.0,3761.0,0.500553097,0,2.28,2.75,0.957427108,0,0.428571429,0.6,1,4.230769231,0,-2,0,0,1.2,0,0,2,1,1,0,0,0,1,0,0,1,0,1,0,0,0,0,0
36,0,0,7453,17.6,2,4,3,1,4,3,41,1,0,30,95,2,15,4,7,0,0,0,0.0,0,0,0.0,3726.5,0.624177632,0,17.6,2.75,1.258305739,0,0.133333333,2.0,0,3.064516129,1,0,1,0,7.0,1,0,2,1,1,0,1,0,0,0,0,1,0,0,1,0,0,1,0
28,5,3,7012,17.2,2,4,4,4,4,4,46,0,0,32,113,2,8,2,4,0,1,0,0.5,1,0,2.5,3506.0,0.403484513,1,2.866666667,4.0,0.0,0,0.25,0.333333333,1,3.424242424,1,2,1,1,0.666666667,2,0,1,0,1,0,0,0,1,0,0,1,0,1,0,0,0,0,0
42,2,0,9919,17.0,2,4,2,2,2,3,30,1,1,4,13,8,6,1,4,0,0,0,0.0,1,0,1.0,4959.5,0.553632793,0,5.666666667,2.25,0.5,1,1.333333333,2.666666667,1,2.6,0,3,1,1,1.333333333,1,1,2,1,0,1,0,1,0,0,0,1,0,0,1,0,0,1,1
49,7,4,14810,17.6,5,4,3,2,1,5,55,1,0,10,32,4,2,3,4,0,1,0,0.5,1,1,1.4,2962.0,0.990044248,0,2.2,2.75,1.707825128,0,2.0,0.5,2,2.909090909,0,1,1,1,0.5,1,0,3,0,1,0,0,0,1,0,0,0,0,0,0,1,0,1,1
39,2,0,4782,13.8,1,3,4,4,4,4,37,0,1,14,52,6,5,2,6,0,0,0,0.0,1,0,2.0,4782.0,0.015832106,1,4.6,4.0,0.0,0,1.2,2.0,0,3.466666667,0,1,0,1,2.0,1,0,2,0,0,1,0,1,0,0,0,0,1,0,1,0,0,0,0
47,2,0,6195,17.5,2,3,3,2,2,5,0,0,0,13,47,8,8,2,8,0,0,0,0.0,1,0,1.0,3097.5,0.267146018,1,5.833333333,3.0,1.414213562,0,1.0,2.666666667,1,3.357142857,0,1,0,1,2.666666667,2,0,3,1,0,1,0,0,1,0,0,1,0,0,0,1,0,1,0
51,0,0,5399,14.5,2,3,3,4,4,1,47,0,0,26,99,8,7,2,2,0,1,1,0.0,0,0,0.0,2699.5,0.259046053,1,14.5,3.0,1.414213562,0,1.142857143,8.0,1,3.666666667,1,1,0,1,2.0,2,0,1,0,1,0,1,0,0,0,0,1,0,0,0,1,0,0,0
39,1,1,7939,10.3,2,2,4,5,3,3,50,0,1,31,61,4,6,3,2,0,0,0,0.5,0,0,0.5,3969.5,0.627703827,0,5.15,3.75,0.957427108,0,0.666666667,2.0,1,1.90625,1,-1,0,0,1.0,1,0,4,0,0,1,0,0,0,1,0,0,0,0,1,0,0,0,0
40,3,0,7148,22.0,3,5,2,4,5,3,59,0,1,11,28,4,15,2,7,0,1,0,0.0,1,0,1.0,2382.666667,0.579769737,0,5.5,3.5,1.290994449,0,0.266666667,1.0,1,2.333333333,0,3,1,1,1.75,0,0,2,1,0,1,1,0,0,0,0,1,0,0,1,0,0,0,0
41,1,1,9522,16.4,2,3,4,2,3,4,15,1,0,24,79,5,14,3,6,0,0,0,0.5,0,0,0.5,4761.0,0.501227295,0,8.2,3.25,0.957427108,0,0.357142857,2.5,0,3.16,1,0,0,0,3.0,1,0,3,1,1,0,0,1,0,0,0,0,0,0,1,0,0,1,0
34,0,0,10179,12.6,3,4,4,2,2,3,33,0,0,9,35,9,13,2,12,0,1,0,0.0,0,0,0.0,3393.0,0.585787923,0,12.6,2.75,0.957427108,0,0.692307692,9.0,0,3.5,0,2,1,1,12.0,1,0,2,1,1,0,0,1,0,0,0,1,0,1,0,0,0,1,0
60,7,6,10497,18.6,4,4,5,4,3,4,29,0,0,9,22,5,8,3,3,0,1,1,0.75,1,1,1.75,2624.25,0.904605263,0,2.325,4.0,0.816496581,0,0.625,0.625,2,2.2,0,1,1,1,0.375,1,0,3,0,1,0,1,0,0,0,0,1,0,0,0,0,1,0,0
39,1,0,6491,18.5,1,5,2,3,3,2,7,0,0,7,20,11,11,1,6,0,1,0,0.0,1,0,1.0,6491.0,0.114138439,1,9.25,2.5,0.577350269,0,1.0,5.5,1,2.5,0,4,1,1,3.0,1,0,2,1,0,0,0,1,0,0,0,1,0,0,1,0,0,0,0
29,6,4,13463,11.2,4,3,3,1,5,3,32,1,1,5,18,6,8,4,7,0,1,0,0.571428571,1,1,1.5,3365.75,0.967367257,0,1.6,3.0,1.632993162,0,0.75,0.857142857,1,3.0,0,-1,0,0,1.0,1,0,4,1,0,1,0,0,1,0,0,1,0,1,0,0,0,1,1
31,5,2,5851,17.2,1,3,4,4,4,4,33,1,1,10,33,2,2,4,6,0,0,0,0.333333333,1,0,5.0,5851.0,0.178373383,1,2.866666667,4.0,0.0,0,1.0,0.333333333,1,3.0,0,-1,0,0,1.0,1,0,2,1,1,0,0,0,0,0,1,1,0,1,0,0,0,0,1
33,12,4,13134,16.8,4,4,2,5,4,5,10,0,1,6,18,2,10,3,6,0,1,0,0.307692308,1,1,3.0,3283.5,0.961836283,0,1.292307692,4.0,1.414213562,0,0.2,0.153846154,1,2.571428571,0,1,1,1,0.461538462,1,0,3,1,1,0,0,0,1,0,0,1,0,1,0,0,0,0,0
45,0,0,5963,14.8,2,2,4,2,4,4,38,1,0,6,19,8,8,4,13,0,0,0,0.0,0,0,0.0,2981.5,0.304492512,1,14.8,3.5,1.0,0,1.0,8.0,1,2.714285714,0,-2,0,0,13.0,2,0,2,1,1,0,0,0,0,1,0,1,0,0,0,1,0,1,1
45,7,6,10940,13.5,5,3,3,2,4,1,43,0,0,8,22,2,8,1,8,0,1,0,0.75,1,1,1.4,2188.0,0.876659292,0,1.6875,2.5,1.290994449,0,0.25,0.25,0,2.444444444,0,2,0,1,1.0,2,0,2,0,1,0,0,0,1,0,0,1,0,0,0,1,0,0,0
39,10,0,9597,6.6,3,3,3,2,3,3,28,0,0,24,74,5,6,5,7,0,1,0,0.0,1,0,3.333333333,3199.0,0.81156406,0,0.6,2.75,0.5,0,0.833333333,0.454545455,2,2.96,1,-2,0,0,0.636363636,1,0,2,0,1,0,0,0,0,1,0,0,1,0,1,0,0,0,0
56,20,18,14045,10.3,5,3,3,1,3,2,69,0,1,15,56,5,7,3,9,0,1,1,0.857142857,1,1,4.0,2809.0,0.978429204,0,0.49047619,2.25,0.957427108,1,0.714285714,0.238095238,0,3.5,0,0,0,0,0.428571429,3,0,2,0,1,0,0,0,1,0,0,1,0,0,0,0,1,0,0
41,2,0,7558,13.7,2,3,4,3,2,3,22,1,0,10,35,3,5,3,11,0,0,0,0.0,1,0,1.0,3779.0,0.240549828,1,4.566666667,3.0,0.816496581,0,0.6,1.0,1,3.181818182,0,0,0,0,3.666666667,2,0,1,1,1,0,0,1,0,0,0,1,0,0,1,0,0,1,1
25,7,2,11895,16.3,4,3,4,2,4,2,57,0,1,13,56,3,6,3,7,0,1,0,0.25,1,0,1.75,2973.75,0.767182131,0,2.0375,3.0,1.154700538,0,0.5,0.375,1,4.0,0,0,0,0,0.875,0,0,2,0,0,1,0,1,0,0,0,1,0,1,0,0,0,0,0
32,8,2,7909,18.9,3,3,3,3,3,2,33,0,0,15,39,6,8,3,7,0,1,0,0.222222222,1,0,2.666666667,2636.333333,0.623960067,0,2.1,2.75,0.5,0,0.75,0.666666667,1,2.4375,0,0,0,0,0.777777778,0,0,2,1,0,1,0,0,0,1,0,1,0,1,0,0,0,0,0
43,6,2,11544,16.1,3,3,3,1,5,4,35,0,0,28,70,4,4,1,4,0,1,0,0.285714286,1,0,2.0,3848.0,0.73514973,0,2.3,3.25,1.707825128,0,1.0,0.571428571,0,2.413793103,1,2,0,1,0.571428571,1,0,2,1,1,0,0,1,0,0,0,0,0,0,1,0,0,0,0
51,1,1,6214,12.8,2,3,3,4,4,3,38,0,0,6,18,3,2,5,2,0,0,1,0.5,0,0,0.5,3107.0,0.271017699,1,6.4,3.5,0.577350269,0,1.5,1.5,2,2.571428571,0,-2,0,0,1.0,1,0,2,1,0,0,0,0,1,0,0,0,0,0,0,1,0,0,0
25,0,0,5424,10.3,1,2,5,5,2,3,23,1,1,12,34,9,3,2,5,0,1,0,0.0,0,0,0.0,5424.0,0.130006161,1,10.3,3.75,1.5,0,3.0,9.0,2,2.615384615,0,0,0,0,5.0,1,0,3,1,1,0,0,0,0,0,1,1,0,1,0,0,0,1,1
37,6,4,6331,10.8,2,3,3,5,2,4,55,0,1,5,19,4,8,4,6,0,1,0,0.571428571,1,1,3.0,3165.5,0.169182948,1,1.542857143,3.5,1.290994449,0,0.5,0.571428571,1,3.166666667,0,-1,0,0,0.857142857,2,0,1,0,1,0,0,0,0,0,0,1,0,0,1,0,0,0,0
47,12,4,13309,20.2,4,4,4,3,2,3,12,0,1,10,36,8,12,4,5,0,1,0,0.307692308,1,1,3.0,3327.25,0.939001848,0,1.553846154,3.0,0.816496581,0,0.666666667,0.615384615,1,3.272727273,0,0,1,0,0.384615385,1,0,3,0,1,0,0,0,0,0,1,1,0,0,0,1,0,0,0
26,4,0,11648,18.6,2,4,1,5,1,4,41,0,0,9,24,3,8,4,3,0,0,0,0.0,1,0,2.0,5824.0,0.744722631,0,3.72,2.75,2.061552813,0,0.375,0.6,1,2.4,0,0,1,0,0.6,0,0,4,0,0,1,0,1,0,0,0,1,0,1,0,0,0,0,0
39,10,0,13117,14.0,4,2,2,3,3,4,44,0,0,9,31,4,10,3,5,0,1,0,0.0,1,0,2.5,3279.25,0.934380776,0,1.272727273,3.0,0.816496581,0,0.4,0.363636364,0,3.1,0,-1,0,0,0.454545455,0,0,2,0,0,1,0,0,0,0,1,1,0,0,1,0,0,0,0
44,3,3,7894,14.1,2,3,3,4,3,4,58,0,0,22,79,4,4,3,9,0,0,0,0.75,0,0,1.5,3947.0,0.374111901,1,3.525,3.5,0.577350269,0,1.0,1.0,0,3.434782609,1,0,0,0,2.25,3,0,2,1,1,0,0,0,0,0,0,1,0,0,1,0,0,0,0
52,1,0,5533,14.5,1,4,1,4,3,3,56,0,1,3,12,2,11,3,3,0,0,1,0.0,1,0,1.0,5533.0,0.179756637,1,7.25,2.75,1.258305739,0,0.181818182,1.0,0,3.0,0,1,1,1,1.5,1,0,2,1,1,0,0,0,1,0,0,1,0,0,0,1,0,0,0
51,8,5,12196,15.4,3,3,3,4,4,2,0,0,0,19,55,8,2,2,5,0,1,1,0.555555556,1,1,2.666666667,4065.333333,0.786941581,0,1.711111111,3.25,0.957427108,0,4.0,0.888888889,1,2.75,0,1,0,1,0.555555556,1,0,3,1,0,1,0,1,0,0,0,1,0,0,0,1,0,0,0
30,2,1,7144,16.5,2,2,5,1,1,2,20,0,0,17,55,5,12,4,2,0,0,0,0.333333333,1,0,1.0,3572.0,0.1880216,1,5.5,2.25,1.892969449,1,0.416666667,1.666666667,0,3.055555556,0,-2,0,0,0.666666667,2,0,2,1,1,0,0,1,0,0,0,1,0,1,0,0,0,0,0
29,3,3,6432,19.2,2,5,2,2,2,4,41,0,1,6,26,5,2,3,6,0,0,0,0.75,0,0,1.5,3216.0,0.257393715,1,4.8,2.5,1.0,0,2.5,1.25,0,3.714285714,0,2,1,1,1.5,1,0,2,0,1,0,0,0,0,0,1,1,0,1,0,0,0,0,0
18,0,0,10665,15.5,3,5,5,4,5,4,6,0,1,4,12,7,14,3,8,0,1,0,0.0,0,0,0.0,3555.0,0.854811947,0,15.5,4.5,0.577350269,0,0.5,7.0,1,2.4,0,2,1,1,8.0,1,0,3,1,1,0,0,0,1,0,0,1,0,0,0,0,0,0,0
38,6,1,8831,12.1,2,4,4,2,3,4,50,0,0,13,32,5,5,3,3,0,1,0,0.142857143,1,0,3.0,4415.5,0.513321492,0,1.728571429,3.25,0.957427108,0,1.0,0.714285714,0,2.285714286,0,1,1,1,0.428571429,0,0,3,0,1,0,0,0,0,0,0,1,0,0,1,0,0,0,0
26,2,1,10426,11.4,2,3,3,2,4,3,56,0,1,22,68,2,7,2,1,0,0,0,0.333333333,1,0,1.0,5213.0,0.711811723,0,3.8,3.0,0.816496581,0,0.285714286,0.666666667,0,2.956521739,1,1,0,1,0.333333333,1,0,3,1,0,0,0,0,0,0,0,1,0,1,0,0,0,0,0
37,4,0,9246,13.8,4,3,1,2,3,4,50,1,1,10,29,5,3,3,8,0,1,0,0.0,1,0,1.0,2311.5,0.567939609,0,2.76,2.5,1.290994449,0,1.666666667,1.0,1,2.636363636,0,0,0,0,1.6,1,0,1,0,1,0,0,0,0,0,0,1,0,0,1,0,0,1,1
31,3,0,6271,12.7,1,2,2,1,1,4,53,0,0,39,104,4,11,2,7,0,0,0,0.0,1,0,3.0,6271.0,0.232131855,1,3.175,2.0,1.414213562,1,0.363636364,1.0,2,2.6,1,0,0,0,1.75,3,0,2,0,1,0,0,0,0,0,1,1,0,1,0,0,0,0,0
35,1,0,6527,17.5,1,4,5,1,1,2,27,0,1,12,34,2,6,4,3,0,1,0,0.0,1,0,1.0,6527.0,0.389351082,1,8.75,2.25,1.892969449,1,0.333333333,1.0,1,2.615384615,0,0,1,0,1.5,2,0,2,0,0,1,0,0,0,1,0,1,0,0,1,0,0,0,0
41,16,12,11073,12.3,4,3,2,3,3,3,34,0,0,17,62,4,7,3,10,0,1,0,0.705882353,1,1,4.0,2768.25,0.908485857,0,0.723529412,2.75,0.5,0,0.571428571,0.235294118,1,3.444444444,1,0,0,0,0.588235294,3,0,1,1,1,0,0,0,0,1,0,1,0,0,1,0,0,0,0
29,5,5,7471,16.8,3,4,3,2,5,3,40,0,0,12,54,1,15,1,5,0,1,0,0.833333333,0,1,1.666666667,2490.333333,0.420363524,1,2.8,3.25,1.258305739,0,0.066666667,0.166666667,1,4.153846154,0,3,1,1,0.833333333,2,0,1,0,1,0,0,0,0,0,1,1,0,1,0,0,0,0,0
31,1,0,10601,13.7,3,3,3,3,4,4,31,1,0,17,68,7,10,3,6,0,1,0,0.0,1,0,0.333333333,3533.666667,0.812692545,0,6.85,3.5,0.577350269,0,0.7,3.5,1,3.777777778,1,0,0,0,3.0,1,0,3,0,1,0,0,0,0,0,1,1,0,1,0,0,0,0,1
55,6,5,8726,13.9,1,4,1,3,2,3,53,1,0,23,57,4,10,3,10,1,1,1,0.714285714,1,0,6.0,8726.0,0.398870889,1,1.985714286,2.25,0.957427108,1,0.4,0.571428571,1,2.375,0,1,1,1,1.428571429,3,1,3,0,0,1,0,1,0,0,0,1,0,0,0,0,1,1,1
37,5,5,8910,18.9,2,3,2,1,1,3,19,0,0,6,19,9,2,2,4,0,0,0,0.833333333,0,1,2.5,4455.0,0.628465804,0,3.15,1.75,0.957427108,1,4.5,1.5,0,2.714285714,0,1,0,1,0.666666667,2,0,3,1,1,0,0,0,0,0,1,1,0,0,1,0,0,0,0
31,7,5,11872,14.5,3,4,3,3,1,3,53,1,1,21,38,2,10,2,8,0,1,0,0.625,1,1,2.333333333,3957.333333,0.764113893,0,1.8125,2.5,1.0,0,0.2,0.25,1,1.727272727,0,2,1,1,1.0,2,0,2,1,0,0,0,1,0,0,0,1,0,1,0,0,0,1,1
42,5,0,6351,10.7,2,3,5,4,3,4,24,1,0,21,53,3,11,3,4,0,1,0,0.0,1,0,2.5,3175.5,0.244300678,1,1.783333333,4.0,0.816496581,0,0.272727273,0.5,1,2.409090909,0,0,0,0,0.666666667,1,0,2,0,0,1,0,0,0,0,1,1,0,0,1,0,0,0,0
48,1,1,11140,10.3,2,4,1,4,5,4,44,0,0,8,31,7,6,3,6,0,0,0,0.5,0,0,0.5,5570.0,0.696244477,0,5.15,3.5,1.732050808,0,1.166666667,3.5,2,3.444444444,0,1,1,1,3.0,0,0,3,1,1,0,0,1,0,0,0,0,0,0,0,1,0,0,0
43,5,4,8016,18.7,2,4,5,3,3,3,41,1,0,6,21,2,15,3,5,1,0,0,0.666666667,1,0,2.5,4008.0,0.298478154,1,3.116666667,3.5,1.0,0,0.133333333,0.333333333,2,3.0,0,1,1,1,0.833333333,1,0,1,0,0,1,0,1,0,0,0,1,0,0,1,0,0,1,0
32,1,1,6525,12.9,2,3,3,3,2,3,15,0,1,2,7,2,9,3,7,0,0,0,0.5,0,0,0.5,3262.5,0.118065783,1,6.45,2.75,0.5,0,0.222222222,1.0,1,2.333333333,0,0,0,0,3.5,1,0,1,1,0,1,0,1,0,0,0,1,0,1,0,0,0,0,0
44,2,2,4898,15.0,1,2,5,4,2,4,51,1,0,21,65,5,10,3,11,0,0,0,0.666666667,0,0,2.0,4898.0,0.129783694,1,5.0,3.75,1.258305739,0,0.5,1.666666667,0,2.954545455,1,-1,0,0,3.666666667,3,0,2,0,0,1,0,0,0,1,0,1,0,0,1,0,0,0,1
27,4,4,9274,21.8,3,4,4,1,4,2,30,0,0,23,75,4,4,4,8,0,1,0,0.8,0,1,1.333333333,3091.333333,0.736172566,0,4.36,2.75,1.5,0,1.0,0.8,0,3.125,1,0,1,0,1.6,3,0,2,1,0,0,0,0,1,0,0,1,0,1,0,0,0,0,0
41,0,0,9978,15.2,2,4,3,5,4,3,63,1,0,14,33,4,6,4,7,0,0,0,0.0,0,0,0.0,4989.0,0.561119293,0,15.2,3.75,0.957427108,0,0.666666667,4.0,1,2.2,0,0,1,0,7.0,0,0,2,1,0,1,0,1,0,0,0,1,0,0,1,0,0,0,0
27,9,9,8334,17.7,3,4,3,3,2,5,38,1,1,9,33,3,2,4,5,1,1,0,0.9,0,0,3.0,2778.0,0.740953947,0,1.77,3.25,1.258305739,0,1.5,0.3,1,3.3,0,0,1,0,0.5,0,0,2,1,1,0,1,0,0,0,0,1,0,1,0,0,0,0,0
44,4,0,5439,14.3,2,3,3,3,1,3,54,0,1,3,11,2,3,3,7,0,1,0,0.0,1,0,2.0,2719.5,0.07571048,1,2.86,2.5,1.0,0,0.666666667,0.4,1,2.75,0,0,0,0,1.4,1,0,1,0,0,1,0,0,0,0,0,1,0,0,1,0,0,0,0
44,3,0,7944,15.5,2,3,4,2,5,4,34,0,1,7,8,3,7,2,4,0,0,0,0.0,1,0,1.5,3972.0,0.288414335,1,3.875,3.75,1.258305739,0,0.428571429,0.75,0,1.0,0,1,0,1,1.0,1,0,2,0,0,1,0,1,0,0,0,1,0,0,1,0,0,0,0
39,10,3,11259,15.1,3,2,5,4,4,5,43,1,1,30,101,3,8,3,3,0,1,0,0.272727273,1,0,3.333333333,3753.0,0.786856128,0,1.372727273,4.5,0.577350269,0,0.375,0.272727273,1,3.258064516,1,-1,0,0,0.272727273,1,0,3,0,0,1,0,0,0,0,0,0,1,0,1,0,0,0,0
39,1,1,4947,21.2,1,4,4,5,4,3,51,0,0,33,71,2,7,1,2,0,0,0,0.5,0,0,1.0,4947.0,0.07840419,1,10.6,4.0,0.816496581,0,0.285714286,1.0,1,2.088235294,1,3,1,1,1.0,2,0,1,0,1,0,0,0,0,0,1,1,0,0,1,0,0,0,0
30,12,9,12475,11.1,3,3,3,2,3,4,26,0,0,49,150,1,12,2,4,0,1,0,0.692307692,1,1,4.0,4158.333333,0.807314678,0,0.853846154,3.0,0.816496581,0,0.083333333,0.076923077,1,3.0,1,1,0,1,0.307692308,2,0,1,1,1,0,0,1,0,0,0,1,0,1,0,0,0,0,0
36,3,2,7871,12.1,2,4,4,4,2,3,58,1,1,9,24,4,12,2,1,0,0,0,0.5,1,0,1.5,3935.5,0.27982327,1,3.025,3.25,0.957427108,0,0.333333333,1.0,1,2.4,0,2,1,1,0.25,1,0,2,0,1,0,0,1,0,0,0,1,0,0,1,0,0,0,0
36,1,1,7861,19.1,2,3,3,4,4,4,41,0,1,30,82,6,12,4,4,0,0,0,0.5,0,0,0.5,3930.5,0.481361676,1,9.55,3.75,0.5,0,0.5,3.0,2,2.64516129,1,-1,0,0,2.0,2,0,2,0,1,0,0,0,0,0,1,1,0,0,1,0,0,0,0
35,0,0,8771,13.8,1,4,4,5,3,4,65,0,1,7,27,5,10,2,3,0,1,0,0.0,0,0,0.0,8771.0,0.406480118,1,13.8,4.0,0.816496581,0,0.5,5.0,2,3.375,0,2,1,1,3.0,1,0,3,0,0,0,0,1,0,0,0,1,0,0,1,0,0,0,0
25,4,3,6661,16.3,3,3,3,3,4,3,29,0,0,20,47,3,9,5,6,0,1,0,0.6,1,0,1.333333333,2220.333333,0.132670594,1,3.26,3.25,0.5,0,0.333333333,0.6,2,2.238095238,0,-2,0,0,1.2,1,0,1,1,1,0,0,1,0,0,0,1,0,1,0,0,0,0,0
47,1,1,5997,20.4,1,3,3,4,3,3,80,0,0,11,46,5,9,2,5,0,0,0,0.5,0,0,1.0,5997.0,0.198860136,1,10.2,3.25,0.5,0,0.555555556,2.5,2,3.833333333,0,1,0,1,2.5,1,0,2,0,0,1,0,0,0,0,1,1,0,0,0,1,0,0,0
30,4,2,9489,15.1,2,5,3,3,2,3,27,0,1,12,56,5,8,4,5,0,0,0,0.4,1,0,2.0,4744.5,0.496931762,1,3.02,2.75,0.5,0,0.625,1.0,0,4.307692308,0,1,1,1,1.0,1,0,2,0,1,0,0,1,0,0,0,0,0,1,0,0,0,0,0
38,4,0,5316,10.4,1,3,2,3,3,2,33,0,0,7,22,6,5,4,3,0,0,0,0.0,1,0,4.0,5316.0,0.11706716,1,2.08,2.5,0.577350269,0,1.2,1.2,2,2.75,0,-1,0,0,0.6,1,0,2,0,0,1,0,0,0,0,1,1,0,0,1,0,0,0,0
56,10,4,10385,14.8,4,5,4,4,3,5,32,0,0,26,73,4,2,1,4,0,1,1,0.363636364,1,1,2.5,2596.25,0.790511399,0,1.345454545,4.0,0.816496581,0,2.0,0.363636364,1,2.703703704,1,4,1,1,0.363636364,2,0,1,1,0,1,0,0,0,0,1,0,0,0,0,0,1,0,0
19,1,0,4218,19.4,1,3,3,3,3,4,25,1,0,24,103,4,5,4,4,0,1,0,0.0,1,0,1.0,4218.0,0.030191004,1,9.7,3.25,0.5,0,0.8,2.0,0,4.12,1,-1,0,0,2.0,2,0,2,0,1,0,0,0,0,0,1,0,0,0,0,0,0,0,0
25,7,1,7980,18.0,3,4,4,3,2,3,5,0,0,1,5,6,19,4,5,1,1,0,0.125,1,0,2.333333333,2660.0,0.632071547,0,2.25,3.0,0.816496581,0,0.315789474,0.75,1,2.5,0,0,1,0,0.625,0,0,1,0,1,0,0,0,0,1,0,1,0,1,0,0,0,0,0
37,3,2,5810,21.7,1,4,3,3,4,3,21,0,0,13,39,4,7,4,5,0,0,0,0.5,1,0,3.0,5810.0,0.063082965,1,5.425,3.25,0.5,0,0.571428571,1.0,1,2.785714286,0,0,1,0,1.25,1,0,2,0,1,0,0,1,0,0,0,1,0,0,1,0,0,0,0
37,3,1,10892,18.3,3,5,5,4,2,5,39,1,0,10,36,6,10,3,10,0,1,0,0.25,1,0,1.0,3630.666667,0.898918469,0,4.575,4.0,1.414213562,0,0.6,1.5,1,3.272727273,0,2,1,1,2.5,1,0,2,1,0,0,0,0,0,1,0,1,0,0,1,0,0,1,1
23,2,1,5608,10.2,2,2,2,4,3,4,33,0,1,26,55,2,2,4,6,0,1,0,0.333333333,1,0,1.0,2804.0,0.191371681,1,3.4,3.25,0.957427108,0,1.0,0.666666667,0,2.037037037,0,-2,0,0,2.0,1,0,1,0,0,0,0,0,1,0,0,0,0,0,0,0,0,0,0
36,2,1,9828,13.8,2,2,1,1,3,1,42,1,1,26,78,3,18,2,9,0,0,0,0.333333333,1,0,1.0,4914.0,0.543691703,0,4.6,1.5,1.0,1,0.166666667,1.0,0,2.888888889,1,0,0,0,3.0,3,1,3,1,0,1,0,1,0,0,0,1,0,0,1,0,0,1,1
32,7,5,8055,13.9,3,3,4,2,3,3,16,0,0,9,21,4,17,2,6,0,1,0,0.625,1,1,2.333333333,2685.0,0.507701787,0,1.7375,3.0,0.816496581,0,0.235294118,0.5,1,2.1,0,1,0,1,0.75,1,0,2,1,0,1,0,0,0,0,1,1,0,1,0,0,0,0,0
32,1,1,10053,16.5,2,4,2,3,3,5,11,0,0,13,55,6,10,1,8,0,0,0,0.5,0,0,0.5,5026.5,0.569955817,0,8.25,3.25,1.258305739,0,0.6,3.0,2,3.928571429,0,3,1,1,4.0,1,0,4,0,1,0,0,1,0,0,0,1,0,1,0,0,0,1,0
46,0,0,11695,11.9,3,3,3,3,4,4,44,0,1,4,12,6,12,4,5,0,1,0,0.0,0,0,0.0,3898.333333,0.879852126,0,11.9,3.5,0.577350269,0,0.5,6.0,1,2.4,0,-1,0,0,5.0,0,0,3,0,0,1,0,0,0,0,1,1,0,0,0,1,0,0,0
24,1,0,6948,16.9,2,2,4,1,2,3,35,0,0,12,47,5,7,4,6,0,1,0,0.0,1,0,0.5,3474.0,0.327017868,1,8.45,2.5,1.290994449,0,0.714285714,2.5,1,3.615384615,0,-2,0,0,3.0,1,0,3,1,0,1,0,0,0,0,1,1,0,0,0,0,0,0,0
55,5,5,11421,18.5,4,4,3,3,2,2,44,0,0,15,28,6,13,3,6,0,1,1,0.833333333,0,1,1.25,2855.25,0.903207965,0,3.083333333,2.5,0.577350269,0,0.461538462,1.0,1,1.75,0,1,1,1,1.0,1,0,2,1,0,1,0,0,1,0,0,1,0,0,0,0,1,0,0
52,1,1,11658,18.7,3,1,2,5,4,2,37,0,1,20,71,3,8,2,2,0,1,1,0.5,0,0,0.333333333,3886.0,0.745459008,0,9.35,3.25,1.5,0,0.375,1.5,0,3.380952381,1,-1,0,0,1.0,1,0,3,1,0,0,0,1,0,0,0,0,0,0,0,1,0,0,0
45,10,6,10659,18.0,4,4,3,4,3,3,31,1,0,14,42,3,7,3,7,0,1,0,0.545454545,1,1,2.5,2664.75,0.853429204,0,1.636363636,3.25,0.5,0,0.428571429,0.272727273,2,2.8,0,1,1,1,0.636363636,1,0,2,0,1,0,0,0,1,0,0,1,0,0,0,1,0,0,1
31,4,4,14059,18.0,3,4,2,4,3,3,42,1,1,24,56,6,6,3,2,0,1,0,0.8,0,1,1.333333333,4686.333333,0.929840142,0,3.6,3.0,0.816496581,0,1.0,1.2,0,2.24,0,1,1,1,0.4,1,0,4,0,1,0,0,0,0,0,0,0,0,1,0,0,0,0,0
29,5,4,6389,14.9,2,4,5,3,5,1,53,1,0,24,59,3,14,3,12,0,0,0,0.666666667,1,1,2.5,3194.5,0.367512479,1,2.483333333,3.5,1.914854216,0,0.214285714,0.5,1,2.36,0,1,1,1,2.0,3,0,2,1,1,0,0,0,0,1,0,1,0,1,0,0,0,0,1
36,0,0,4495,17.9,1,4,5,1,4,4,48,0,0,21,46,4,8,4,5,0,0,0,0.0,0,0,0.0,4495.0,0.011045655,1,17.9,3.5,1.732050808,0,0.5,4.0,1,2.090909091,0,0,1,0,5.0,1,0,2,1,0,1,0,1,0,0,0,1,0,0,1,0,0,0,0
34,2,1,4095,10.8,1,3,4,4,3,3,55,0,1,22,62,5,12,2,7,0,0,0,0.333333333,1,0,2.0,4095.0,0.026802218,1,3.6,3.5,0.577350269,0,0.416666667,1.666666667,0,2.695652174,1,1,0,1,2.333333333,2,0,1,1,0,1,0,0,0,0,1,1,0,1,0,0,0,0,0
24,0,0,5388,12.6,1,3,4,2,3,5,29,0,0,4,16,4,14,2,1,0,1,0,0.0,0,0,0.0,5388.0,0.038291605,1,12.6,3.5,1.290994449,0,0.285714286,4.0,1,3.2,0,1,0,1,1.0,1,0,2,0,0,1,0,1,0,0,0,1,0,0,0,0,0,0,0
28,2,0,8371,16.3,2,3,4,2,4,4,23,1,0,27,119,6,6,5,3,0,0,0,0.0,1,0,1.0,4185.5,0.351006382,1,5.433333333,3.5,1.0,0,1.0,2.0,2,4.25,1,-2,0,0,1.0,2,0,2,0,1,0,0,1,0,0,0,1,0,1,0,0,0,1,1
26,1,0,10745,19.1,4,4,3,1,3,2,50,1,0,10,23,3,10,1,4,0,1,0,0.0,1,0,0.25,2686.25,0.823475046,0,9.55,2.25,0.957427108,1,0.3,1.5,2,2.090909091,0,3,1,1,2.0,1,1,2,1,1,0,0,0,0,0,1,1,0,1,0,0,0,1,1
37,7,4,9287,11.8,3,3,3,3,4,4,33,0,0,24,63,3,16,1,8,0,1,0,0.5,1,1,2.333333333,3095.666667,0.675138632,0,1.475,3.5,0.577350269,0,0.1875,0.375,0,2.52,1,2,0,1,1.0,3,0,2,1,0,1,0,0,0,0,1,1,0,0,1,0,0,0,0
21,3,2,6937,19.7,2,3,4,4,3,2,46,0,1,20,62,7,6,2,3,0,0,0,0.5,1,0,1.5,3468.5,0.238454707,1,4.925,3.25,0.957427108,0,1.166666667,1.75,0,2.952380952,1,1,0,1,0.75,2,0,2,1,0,1,0,0,0,0,0,1,0,0,0,0,0,0,0
27,3,1,7078,18.7,2,4,5,3,4,4,48,0,0,15,55,4,15,3,4,0,0,0,0.25,1,0,1.5,3539.0,0.261545293,1,4.675,4.0,0.816496581,0,0.266666667,1.0,1,3.4375,0,1,1,1,1.0,1,0,2,0,1,0,0,0,0,0,0,1,0,1,0,0,0,0,0
44,24,12,16240,18.3,5,4,2,2,3,4,32,0,0,32,112,5,7,4,1,0,1,0,0.48,1,1,4.8,3248.0,0.974689165,0,0.732,2.75,0.957427108,0,0.714285714,0.2,1,3.393939394,1,0,1,0,0.04,2,0,2,0,1,0,0,0,0,0,0,1,0,0,1,0,0,0,0
35,4,4,8854,15.0,3,5,5,2,2,3,29,1,0,14,59,2,6,4,8,0,1,0,0.8,0,1,1.333333333,2951.333333,0.793585526,0,3.0,3.0,1.414213562,0,0.333333333,0.4,1,3.933333333,0,1,1,1,1.6,2,0,3,1,1,0,1,0,0,0,0,0,0,0,1,0,0,1,1
30,0,0,10872,15.5,3,4,3,3,5,5,55,0,0,11,39,3,7,4,4,0,1,0,0.0,0,0,0.0,3624.0,0.664948454,0,15.5,4.0,1.154700538,0,0.428571429,3.0,1,3.25,0,0,1,0,4.0,0,0,2,1,0,1,0,1,0,0,0,1,0,1,0,0,0,0,0
54,1,1,5107,16.9,1,3,2,5,4,5,29,1,0,37,110,1,4,2,10,0,0,1,0.5,0,0,1.0,5107.0,0.161397671,1,8.45,4.0,1.414213562,0,0.25,0.5,2,2.894736842,1,1,0,1,5.0,3,0,2,0,0,0,0,0,0,1,0,0,0,0,0,1,0,1,1
40,3,2,6258,14.3,2,4,4,4,1,3,53,1,0,11,40,4,7,3,10,0,0,0,0.5,1,0,1.5,3129.0,0.15785968,1,3.575,3.0,1.414213562,0,0.571428571,1.0,2,3.333333333,0,1,1,1,2.5,2,0,1,1,1,0,0,0,0,0,0,1,0,0,1,0,0,1,1
41,1,0,6767,12.3,2,3,4,3,4,3,47,0,1,15,62,6,9,3,2,0,0,0,0.0,1,0,0.5,3383.5,0.35619469,1,6.15,3.5,0.577350269,0,0.666666667,3.0,2,3.875,1,0,0,0,1.0,2,0,2,1,1,0,0,0,1,0,0,1,0,0,1,0,0,0,0
27,5,1,10827,10.8,3,4,3,2,5,2,51,0,0,13,24,6,6,3,4,1,1,0,0.166666667,1,0,1.666666667,3609.0,0.828712261,0,1.8,3.0,1.414213562,0,1.0,1.0,1,1.714285714,0,1,1,1,0.666666667,0,0,3,1,1,0,0,0,0,0,1,0,0,1,0,0,0,0,0
39,0,0,6365,15.8,1,4,3,3,4,3,9,1,1,16,48,3,6,3,10,0,0,0,0.0,0,0,0.0,6365.0,0.103338243,1,15.8,3.25,0.5,0,0.5,3.0,1,2.823529412,0,1,1,1,10.0,2,0,2,0,0,1,0,1,0,0,0,0,1,0,1,0,0,0,1
33,8,5,5118,10.5,1,3,2,4,2,4,5,0,0,16,60,3,2,4,6,0,0,0,0.555555556,1,1,8.0,5118.0,0.163269551,1,1.166666667,3.0,1.154700538,0,1.5,0.333333333,1,3.529411765,0,-1,0,0,0.666666667,2,0,2,0,1,0,0,0,0,1,0,1,0,1,0,0,0,0,0
47,6,0,6984,16.4,2,4,4,1,3,3,51,1,0,15,54,2,2,3,14,1,0,0,0.0,1,0,3.0,3492.0,0.331484904,1,2.342857143,2.75,1.258305739,0,1.0,0.285714286,1,3.375,0,1,1,1,2.0,2,0,2,1,1,0,0,0,0,0,1,0,1,0,0,1,0,1,1
24,0,0,9407,13.0,3,3,4,3,2,4,58,1,0,5,12,3,2,2,10,0,1,0,0.0,0,0,0.0,3135.666667,0.746681416,0,13.0,3.25,0.957427108,0,1.5,3.0,0,2.0,0,1,0,1,10.0,1,0,2,1,0,1,0,0,1,0,0,1,0,0,0,0,0,1,1
36,9,1,12372,18.7,5,3,4,3,4,3,17,1,0,27,95,2,8,1,10,0,1,0,0.1,1,0,1.8,2474.4,0.853019538,0,1.87,3.5,0.577350269,0,0.25,0.2,1,3.392857143,1,2,0,1,1.0,2,0,1,0,0,1,0,0,0,0,0,1,0,0,1,0,0,0,1
50,5,0,7402,11.6,2,3,3,2,2,4,37,0,0,11,39,5,12,2,5,0,0,1,0.0,1,0,2.5,3701.0,0.220790378,1,1.933333333,2.75,0.957427108,0,0.416666667,0.833333333,1,3.25,0,1,0,1,0.833333333,1,0,1,1,0,1,0,1,0,0,0,0,1,0,0,1,0,0,0
42,0,0,10466,21.6,2,3,2,4,5,4,65,0,0,10,46,5,15,4,5,0,0,0,0.0,0,0,0.0,5233.0,0.619293078,0,21.6,3.75,1.258305739,0,0.333333333,5.0,2,4.181818182,0,-1,0,0,5.0,0,0,3,1,0,1,0,1,0,0,0,1,0,0,1,0,0,0,0
32,14,13,12139,13.2,5,4,3,3,5,3,55,1,1,8,31,5,5,3,4,1,1,0,0.866666667,1,0,2.8,2427.8,0.947171381,0,0.88,3.5,1.0,0,1.0,0.333333333,0,3.444444444,0,1,1,1,0.266666667,0,0,2,1,0,0,0,0,0,1,0,1,0,1,0,0,0,0,0
28,7,4,8624,18.3,3,3,1,2,3,2,70,0,1,32,112,5,17,4,4,0,1,0,0.5,1,1,2.333333333,2874.666667,0.71859401,0,2.2875,2.0,0.816496581,1,0.294117647,0.625,0,3.393939394,1,-1,0,0,0.5,3,0,2,0,1,0,0,0,0,1,0,1,0,1,0,0,0,0,0
33,9,1,7836,14.0,3,1,3,4,4,3,61,1,1,15,33,3,8,4,8,0,1,0,0.1,1,0,3.0,2612.0,0.47689464,1,1.4,3.5,0.577350269,0,0.375,0.3,2,2.0625,0,-3,0,0,0.8,2,0,1,0,0,0,0,0,0,0,1,1,0,1,0,0,0,1,1
43,15,6,16229,20.1,5,3,4,1,3,3,47,0,0,16,58,3,11,4,5,0,1,0,0.375,1,1,3.0,3245.8,0.974245115,0,1.25625,2.75,1.258305739,0,0.272727273,0.1875,2,3.411764706,0,-1,0,0,0.3125,1,0,2,1,1,0,0,0,0,0,0,0,0,0,1,0,0,0,0
37,6,4,10226,21.1,2,4,3,2,5,5,52,0,0,21,61,2,5,2,3,0,0,0,0.571428571,1,1,3.0,5113.0,0.591433481,0,3.014285714,3.75,1.5,0,0.4,0.285714286,1,2.772727273,1,2,1,1,0.428571429,2,0,2,0,0,0,0,1,0,0,0,1,0,0,1,0,0,0,0
40,12,1,12468,17.7,4,4,3,2,3,3,28,0,0,5,14,2,8,3,1,0,1,0,0.076923077,1,0,3.0,3117.0,0.860124334,0,1.361538462,2.75,0.5,0,0.25,0.153846154,1,2.333333333,0,1,1,1,0.076923077,0,0,2,1,1,0,0,0,0,0,0,1,0,0,1,0,0,0,0
47,0,0,10218,11.4,3,3,1,4,2,3,50,0,1,15,38,2,3,2,13,0,1,0,0.0,0,0,0.0,3406.0,0.776186075,0,11.4,2.5,1.290994449,0,0.666666667,2.0,1,2.375,0,1,0,1,13.0,1,0,2,1,1,0,0,0,0,0,1,0,1,0,0,1,0,1,0
26,1,0,7422,14.8,2,4,3,5,5,4,38,1,1,16,59,5,16,2,8,0,0,0,0.0,1,0,0.5,3711.0,0.308170515,1,7.4,4.25,0.957427108,0,0.3125,2.5,0,3.470588235,0,2,1,1,4.0,2,0,1,0,1,0,0,0,0,0,0,1,0,1,0,0,0,1,1
36,8,4,10013,14.9,3,2,5,3,4,5,48,0,0,7,16,2,8,2,3,0,1,0,0.444444444,1,1,2.666666667,3337.666667,0.668738899,0,1.655555556,4.25,0.957427108,0,0.25,0.222222222,0,2.0,0,0,0,0,0.333333333,1,0,2,1,1,0,0,0,0,0,0,0,0,0,1,0,0,0,0
43,1,1,5138,17.5,1,3,4,2,5,3,32,0,0,16,49,5,11,5,7,0,0,0,0.5,0,0,1.0,5138.0,0.099815157,1,8.75,3.5,1.290994449,0,0.454545455,2.5,0,2.882352941,0,-2,0,0,3.5,1,0,3,1,1,0,0,0,0,0,1,0,1,0,1,0,0,0,0
48,1,1,6813,20.3,1,4,2,4,4,3,35,0,0,23,83,6,9,4,9,0,0,0,0.5,0,0,1.0,6813.0,0.221136767,1,10.15,3.25,0.957427108,0,0.666666667,3.0,0,3.458333333,1,0,1,0,4.5,3,0,3,1,0,1,0,0,0,0,0,1,0,0,0,1,0,0,0
39,4,2,8366,18.2,2,3,5,3,4,3,50,0,1,25,85,1,6,3,3,0,1,0,0.4,1,0,2.0,4183.0,0.443161634,1,3.64,3.75,0.957427108,0,0.166666667,0.2,1,3.269230769,1,0,0,0,0.6,2,0,2,1,1,0,0,0,0,0,0,1,0,0,1,0,0,0,0
22,1,1,6387,19.3,2,3,1,4,4,3,61,0,1,25,77,4,7,2,3,0,0,0,0.5,0,0,0.5,3193.5,0.250308071,1,9.65,3.0,1.414213562,0,0.571428571,2.0,0,2.961538462,1,1,0,1,1.5,2,0,2,1,0,1,0,0,0,0,1,1,0,0,0,0,0,0,0
46,3,2,5948,11.2,2,3,3,4,3,4,23,0,0,10,36,4,7,3,8,0,0,0,0.5,1,0,1.5,2974.0,0.303660566,1,2.8,3.5,0.577350269,0,0.571428571,1.0,1,3.272727273,0,0,0,0,2.0,2,0,1,0,1,0,0,0,0,1,0,1,0,0,0,1,0,0,0
29,11,3,6071,17.3,2,3,4,4,2,5,56,0,0,17,60,4,12,3,7,0,0,0,0.25,1,0,5.5,3035.5,0.379111842,1,1.441666667,3.75,1.258305739,0,0.333333333,0.333333333,1,3.333333333,0,0,0,0,0.583333333,1,0,2,0,1,0,1,0,0,0,0,1,0,1,0,0,0,0,0
33,0,0,9723,15.7,2,3,4,3,1,4,51,0,1,19,65,4,8,3,2,0,0,0,0.0,0,0,0.0,4861.5,0.531909671,0,15.7,3.0,1.414213562,0,0.5,4.0,1,3.25,1,0,0,0,2.0,1,0,2,1,0,0,0,1,0,0,0,1,0,1,0,0,0,0,0
46,1,0,4995,16.0,1,2,3,1,5,3,66,0,0,26,85,7,9,4,9,0,0,0,0.0,1,0,1.0,4995.0,0.189967105,1,8.0,3.0,1.632993162,0,0.777777778,3.5,0,3.148148148,1,-2,0,0,4.5,3,0,2,1,1,0,1,0,0,0,0,1,0,0,0,1,0,1,0
45,3,3,12178,15.3,3,5,3,4,3,3,37,1,0,18,60,4,9,3,6,0,1,0,0.75,0,0,1.0,4059.333333,0.785468827,0,3.825,3.25,0.5,0,0.444444444,1.0,2,3.157894737,0,2,1,1,1.5,0,0,3,0,0,1,0,1,0,0,0,0,1,0,0,1,0,1,0
32,7,4,9968,19.3,3,4,2,4,3,3,58,0,0,5,19,8,5,2,4,0,1,0,0.5,1,1,2.333333333,3322.666667,0.749845964,0,2.4125,3.0,0.816496581,0,1.6,1.0,1,3.166666667,0,2,1,1,0.5,1,0,2,0,1,0,0,0,0,0,1,1,0,1,0,0,0,0,0
27,7,6,10008,12.2,2,3,3,3,2,4,73,1,0,20,71,3,15,2,11,0,0,0,0.75,1,1,3.5,5004.0,0.563819342,0,1.525,3.0,0.816496581,0,0.2,0.375,0,3.380952381,1,1,0,1,1.375,3,0,3,0,0,1,0,1,0,0,0,1,0,1,0,0,0,0,1
41,1,0,8437,16.7,3,3,4,4,2,4,60,0,0,27,107,6,10,2,7,0,1,0,0.0,1,0,0.333333333,2812.333333,0.695923461,0,8.35,3.5,1.0,0,0.6,3.0,1,3.821428571,1,1,0,1,3.5,1,0,3,0,0,1,0,0,0,1,0,1,0,0,1,0,0,0,0
46,1,0,7909,13.7,2,3,2,3,1,3,28,0,0,7,27,4,14,2,2,0,1,0,0.0,1,0,0.5,3954.5,0.286327933,1,6.85,2.25,0.957427108,1,0.285714286,2.0,1,3.375,0,1,0,1,1.0,2,0,2,1,0,1,0,1,0,0,0,1,0,0,0,1,0,0,0
27,9,0,9939,14.5,4,3,1,5,2,5,25,0,1,6,21,6,3,3,5,0,1,0,0.0,1,0,2.25,2484.75,0.557928326,0,1.45,3.25,2.061552813,0,2.0,0.6,0,3.0,0,0,0,0,0.5,0,0,1,1,0,0,0,1,0,0,0,0,0,1,0,0,0,0,0
30,1,1,6432,12.8,1,2,5,3,3,2,49,1,0,20,48,3,3,2,4,0,1,0,0.5,0,0,1.0,6432.0,0.108615611,1,6.4,3.25,1.258305739,0,1.0,1.5,0,2.285714286,0,0,0,0,2.0,1,0,2,1,1,0,0,1,0,0,0,1,0,1,0,0,0,0,0
32,3,0,13290,18.9,3,3,4,4,3,3,65,0,1,22,80,4,11,3,3,0,1,0,0.0,1,0,1.0,4430.0,0.90053286,0,4.725,3.5,0.577350269,0,0.363636364,1.0,1,3.47826087,1,0,0,0,0.75,1,0,3,1,1,0,0,0,0,0,0,1,0,1,0,0,0,0,0
31,4,3,10010,11.5,2,4,2,2,3,4,23,0,0,9,34,4,9,4,5,0,0,0,0.6,1,0,2.0,5005.0,0.564064801,0,2.3,2.75,0.957427108,0,0.444444444,0.8,1,3.4,0,0,1,0,1.0,0,0,2,1,1,0,0,1,0,0,0,1,0,1,0,0,0,0,0
28,3,1,9542,17.3,3,4,4,3,4,4,49,0,1,6,23,4,12,2,5,0,1,0,0.25,1,0,1.0,3180.666667,0.505645557,0,4.325,3.75,0.5,0,0.333333333,1.0,1,3.285714286,0,2,1,1,1.25,0,0,1,1,1,0,0,1,0,0,0,0,1,1,0,0,0,0,0
47,20,18,18271,15.1,5,3,3,3,5,1,59,1,0,6,21,1,6,4,7,0,1,0,0.857142857,1,1,4.0,3654.2,0.982326951,0,0.719047619,3.0,1.632993162,0,0.166666667,0.047619048,0,3.0,0,-1,0,0,0.333333333,1,0,2,1,0,1,0,1,0,0,0,1,0,0,0,1,0,0,0
37,4,4,6585,16.4,1,3,3,3,4,2,30,1,0,9,19,6,2,3,11,0,0,0,0.8,0,1,4.0,6585.0,0.279112754,1,3.28,3.0,0.816496581,0,3.0,1.2,2,1.9,0,0,0,0,2.2,3,0,2,1,1,0,0,0,0,0,1,0,1,0,1,0,0,1,1
41,3,2,8917,12.3,2,4,3,4,2,3,25,0,1,10,23,1,9,3,6,0,0,0,0.5,1,0,1.5,4458.5,0.528197158,0,3.075,3.0,0.816496581,0,0.111111111,0.25,1,2.090909091,0,1,1,1,1.5,0,0,2,1,1,0,0,0,0,0,0,1,0,0,1,0,0,0,0
40,1,1,13817,16.4,3,4,3,5,3,1,46,0,1,8,23,5,10,4,5,0,1,0,0.5,0,0,0.333333333,4605.666667,0.918738899,0,8.2,3.0,1.632993162,0,0.5,2.5,1,2.555555556,0,0,1,0,2.5,0,0,3,0,1,0,0,0,0,0,0,0,1,0,1,0,0,0,0
35,8,6,9014,19.5,3,3,5,3,2,2,59,1,0,16,46,4,8,3,6,0,1,0,0.666666667,1,1,2.666666667,3004.666667,0.440967108,1,2.166666667,3.0,1.414213562,0,0.5,0.444444444,2,2.705882353,0,0,0,0,0.666666667,2,0,1,0,0,1,0,1,0,0,0,1,0,0,1,0,0,1,1
45,2,2,9638,16.9,3,3,4,3,4,4,13,0,1,12,37,4,7,4,7,0,1,0,0.666666667,0,0,0.666666667,3212.666667,0.617673179,0,5.633333333,3.75,0.5,0,0.571428571,1.333333333,1,2.846153846,0,-1,0,0,2.333333333,0,0,2,1,1,0,0,0,0,0,0,1,0,0,0,1,0,0,0
44,4,3,9973,12.9,3,3,2,2,5,3,44,0,0,21,85,4,6,3,3,0,1,0,0.6,1,0,1.333333333,3324.333333,0.750462107,0,2.58,3.0,1.414213562,0,0.666666667,0.8,0,3.863636364,1,0,0,0,0.6,1,0,3,1,1,0,0,0,0,0,1,0,0,0,1,0,0,0,0
33,2,2,7679,13.7,2,3,4,2,3,2,13,1,0,9,20,2,7,3,7,0,0,0,0.666666667,0,0,1.0,3839.5,0.454251386,1,4.566666667,2.75,0.957427108,0,0.285714286,0.666666667,1,2.0,0,0,0,0,2.333333333,1,0,3,1,0,1,0,0,0,0,1,1,0,1,0,0,0,0,0
31,3,0,8873,18.2,3,3,3,3,4,2,47,0,0,37,126,4,8,4,6,0,1,0,0.0,1,0,1.0,2957.666667,0.519760213,0,4.55,3.0,0.816496581,0,0.5,1.0,1,3.315789474,1,-1,0,0,1.5,1,0,2,0,0,1,0,0,0,0,0,1,0,1,0,0,0,0,0
38,2,1,10845,11.6,3,4,3,3,1,4,29,0,0,7,24,4,7,3,3,0,1,0,0.333333333,1,0,0.666666667,3615.0,0.661757486,0,3.866666667,2.75,1.258305739,0,0.571428571,1.333333333,0,3.0,0,1,1,1,1.0,0,0,2,0,1,0,0,1,0,0,0,1,0,0,1,0,0,0,0
29,11,1,11766,15.2,4,3,5,3,3,3,31,0,0,9,27,5,5,4,1,0,1,0,0.083333333,1,0,2.75,2941.5,0.754663721,0,1.266666667,3.5,1.0,0,1.0,0.416666667,1,2.7,0,-1,0,0,0.083333333,0,0,1,1,0,1,0,1,0,0,0,1,0,1,0,0,0,0,0
31,4,0,10106,15.6,3,2,3,3,2,3,29,0,0,23,69,3,7,3,5,0,1,0,0.0,1,0,1.333333333,3368.666667,0.762784966,0,3.12,2.75,0.5,0,0.428571429,0.6,0,2.875,1,-1,0,0,1.0,1,0,4,1,0,1,0,0,0,0,1,1,0,1,0,0,0,0,0
41,1,1,8365,20.7,3,3,2,4,2,4,31,0,1,17,46,2,3,3,5,0,1,0,0.5,0,0,0.333333333,2788.333333,0.442717584,1,10.35,3.0,1.154700538,0,0.666666667,1.0,2,2.555555556,0,0,0,0,2.5,1,0,2,0,1,0,0,0,0,0,0,1,0,0,1,0,0,0,0
28,5,1,4867,20.8,2,3,2,4,3,5,0,0,0,21,72,3,4,1,5,0,1,0,0.166666667,1,0,2.5,2433.5,0.07116451,1,3.466666667,3.5,1.290994449,0,0.75,0.5,0,3.272727273,1,2,0,1,0.833333333,2,0,1,1,1,0,0,0,0,0,1,1,0,1,0,0,0,0,0
40,1,0,5869,15.0,1,3,4,5,3,5,14,1,1,6,20,6,8,5,5,0,0,0,0.0,1,0,1.0,5869.0,0.067255768,1,7.5,4.25,0.957427108,0,0.75,3.0,0,2.857142857,0,-2,0,0,2.5,1,0,1,0,1,0,0,1,0,0,0,0,1,0,1,0,0,0,0
33,15,11,15893,16.6,4,3,3,4,1,4,37,1,1,9,19,3,3,4,8,0,1,0,0.6875,1,1,3.75,3973.25,0.970692718,0,1.0375,3.0,1.414213562,0,1.0,0.1875,1,1.9,0,-1,0,0,0.5,2,0,3,1,1,0,0,0,0,0,0,1,0,1,0,0,0,1,1
39,4,0,11876,22.2,3,5,4,5,1,4,28,1,0,8,18,3,7,3,9,0,1,0,0.0,1,0,1.333333333,3958.666667,0.888478127,0,4.44,3.5,1.732050808,0,0.428571429,0.6,2,2.0,0,2,1,1,1.8,1,0,3,1,1,0,0,0,0,0,1,1,0,0,1,0,0,1,1
41,9,8,5534,11.4,2,4,5,2,5,3,36,1,0,17,36,3,7,3,5,0,0,0,0.8,1,1,4.5,2767.0,0.229825291,1,1.14,3.75,1.5,0,0.428571429,0.3,1,2.0,0,1,1,1,0.5,2,0,1,0,0,0,0,0,0,1,0,0,1,0,1,0,0,0,0
30,0,0,7297,13.9,1,4,3,5,3,3,40,0,0,7,25,5,12,3,5,0,0,0,0.0,0,0,0.0,7297.0,0.205940108,1,13.9,3.5,1.0,0,0.416666667,5.0,1,3.125,0,1,1,1,5.0,1,0,4,0,1,0,0,1,0,0,0,1,0,1,0,0,0,0,0
29,11,4,11888,13.4,3,3,3,3,2,1,47,0,1,24,71,8,10,3,6,0,1,0,0.333333333,1,1,3.666666667,3962.666667,0.889402341,0,1.116666667,2.25,0.957427108,1,0.8,0.666666667,1,2.84,1,0,0,0,0.5,3,0,3,0,1,0,0,0,0,0,1,0,1,1,0,0,0,0,0
32,7,4,9785,14.8,3,2,2,5,2,3,11,1,1,37,146,2,12,3,8,0,1,0,0.5,1,1,2.333333333,3261.666667,0.539764359,0,1.85,3.0,1.414213562,0,0.166666667,0.25,1,3.842105263,1,-1,0,0,1.0,3,0,2,0,1,0,0,1,0,0,0,1,0,1,0,0,0,1,1
34,6,4,12097,11.7,3,4,3,4,3,3,62,0,1,29,33,4,10,4,7,1,1,0,0.571428571,1,0,2.0,4032.333333,0.779577811,0,1.671428571,3.25,0.5,0,0.4,0.571428571,2,1.1,0,0,1,0,1.0,0,0,3,1,0,0,0,1,0,0,0,1,0,1,0,0,0,0,0
31,4,3,9025,17.1,3,3,5,3,3,4,63,0,0,11,26,7,10,3,6,0,1,0,0.6,1,0,1.333333333,3008.333333,0.707964602,0,3.42,3.75,0.957427108,0,0.7,1.4,0,2.166666667,0,0,0,0,1.2,0,0,3,1,1,0,0,0,1,0,0,0,1,1,0,0,0,0,0
32,1,0,8481,11.6,3,3,3,2,3,3,45,0,1,18,75,4,20,1,2,0,1,0,0.0,1,0,0.333333333,2827.0,0.702995008,0,5.8,2.75,0.5,0,0.2,2.0,2,3.947368421,1,2,0,1,1.0,1,0,2,0,0,0,0,0,0,1,0,1,0,1,0,0,0,0,0
18,0,0,4640,6.8,1,2,3,3,3,2,45,0,0,30,85,4,5,4,5,0,0,0,0.0,0,0,0.0,4640.0,0.145970395,1,6.8,2.75,0.5,0,0.8,4.0,1,2.741935484,1,-2,0,0,5.0,2,0,1,0,1,0,1,0,0,0,0,0,0,0,0,0,0,0,0
48,5,0,10564,13.6,2,3,2,1,2,4,44,1,0,2,6,10,8,4,12,0,0,0,0.0,1,0,2.5,5282.0,0.727353464,0,2.266666667,2.25,1.258305739,1,1.25,1.666666667,1,2.0,0,-1,0,0,2.0,2,1,3,0,0,1,0,0,0,0,0,1,0,0,0,1,0,1,1
29,3,1,8186,18.3,3,3,3,2,5,3,29,0,1,20,63,2,10,3,3,0,1,0,0.25,1,0,1.0,2728.666667,0.662645591,0,4.575,3.25,1.258305739,0,0.2,0.5,0,3.0,1,0,0,0,0.75,1,0,2,1,1,0,0,0,0,1,0,1,0,1,0,0,0,0,0
35,1,0,5116,15.1,1,3,4,3,2,4,46,0,1,11,27,4,6,5,6,0,0,0,0.0,1,0,1.0,5116.0,0.096426371,1,7.55,3.25,0.957427108,0,0.666666667,2.0,0,2.25,0,-2,0,0,3.0,1,0,2,1,1,0,0,0,0,0,1,1,0,0,1,0,0,0,0
38,4,2,7849,11.6,3,3,5,2,2,4,31,0,0,8,27,1,9,4,9,0,1,0,0.4,1,0,1.333333333,2616.333333,0.47905114,1,2.32,3.25,1.5,0,0.111111111,0.2,2,3.0,0,-1,0,0,1.8,2,0,2,0,1,0,0,0,0,0,1,1,0,0,1,0,0,0,0
28,6,2,12392,16.6,3,2,5,3,3,2,56,0,0,12,43,7,10,3,9,0,1,0,0.285714286,1,0,2.0,4130.666667,0.854795737,0,2.371428571,3.25,1.258305739,0,0.7,1.0,1,3.307692308,0,-1,0,0,1.285714286,1,0,3,1,0,1,0,0,0,0,0,1,0,1,0,0,0,0,0
32,1,1,5035,16.1,1,3,1,4,3,3,21,0,0,46,150,5,10,4,4,0,0,0,0.5,0,0,1.0,5035.0,0.087954405,1,8.05,2.75,1.258305739,0,0.5,2.5,0,3.191489362,1,-1,0,0,2.0,2,0,3,1,0,1,0,0,0,0,1,0,1,1,0,0,0,0,0
55,2,2,8216,17.0,3,3,5,3,3,5,66,0,0,7,19,4,8,3,2,0,1,1,0.666666667,0,0,0.666666667,2738.666667,0.330510555,1,5.666666667,4.0,1.154700538,0,0.5,1.333333333,1,2.375,0,0,0,0,0.666666667,1,0,1,0,1,0,0,1,0,0,0,1,0,0,0,0,1,0,0
45,10,9,11126,14.9,4,4,3,2,1,4,60,1,0,26,32,5,6,3,8,1,1,0,0.818181818,1,0,2.5,2781.5,0.848736907,0,1.354545455,2.5,1.290994449,0,0.833333333,0.454545455,0,1.185185185,0,1,1,1,0.727272727,1,0,2,1,1,0,0,0,0,0,1,1,0,0,0,1,0,1,1
42,1,1,7293,16.2,2,3,4,3,4,1,0,0,1,2,5,4,7,4,3,0,0,0,0.5,0,0,0.5,3646.5,0.293072824,1,8.1,3.0,1.414213562,0,0.571428571,2.0,0,1.666666667,0,-1,0,0,1.5,1,0,1,0,1,0,0,0,0,0,0,1,0,0,1,0,0,0,0
29,1,1,4169,15.4,1,4,3,3,4,2,59,0,1,13,48,3,6,5,6,0,1,0,0.5,0,0,1.0,4169.0,0.048119469,1,7.7,3.0,0.816496581,0,0.5,1.5,0,3.428571429,0,-1,1,0,3.0,1,0,2,0,1,0,0,0,1,0,0,1,0,1,0,0,0,0,0
29,6,0,6809,14.4,2,3,4,2,3,3,38,1,0,6,24,4,3,3,3,0,0,0,0.0,1,0,3.0,3404.5,0.438227953,1,2.057142857,3.0,0.816496581,0,1.333333333,0.571428571,1,3.428571429,0,0,0,0,0.428571429,1,0,2,0,1,0,0,0,0,1,0,1,0,1,0,0,0,0,1
35,2,0,9797,19.4,2,4,3,3,3,3,40,1,0,20,54,6,4,2,4,0,0,0,0.0,1,0,1.0,4898.5,0.541114384,0,6.466666667,3.0,0.0,0,1.5,2.0,1,2.571428571,0,2,1,1,1.333333333,0,0,2,0,1,0,0,1,0,0,0,1,0,0,1,0,0,1,1
36,10,2,17349,12.1,5,3,2,4,3,3,43,0,1,11,38,2,4,4,5,0,1,0,0.181818182,1,0,2.0,3469.8,0.971035837,0,1.1,3.0,0.816496581,0,0.5,0.181818182,1,3.166666667,0,-1,0,0,0.454545455,0,0,2,1,1,0,0,1,0,0,0,0,0,0,1,0,0,0,0
30,4,0,9028,14.2,2,3,3,3,1,4,28,0,1,25,98,9,8,2,3,0,0,0,0.0,1,0,2.0,4514.0,0.643715342,0,2.84,2.75,1.258305739,0,1.125,1.8,0,3.769230769,1,1,0,1,0.6,1,0,3,1,0,0,0,0,0,0,1,1,0,1,0,0,0,0,0
32,2,0,4970,16.7,2,3,5,4,4,1,33,0,0,17,52,7,13,4,8,0,0,0,0.0,1,0,1.0,2485.0,0.113938053,1,5.566666667,3.5,1.732050808,0,0.538461538,2.333333333,1,2.888888889,0,-1,0,0,2.666666667,2,0,1,1,0,1,0,0,1,0,0,0,1,1,0,0,0,0,0
22,4,2,11112,12.6,3,3,3,4,5,3,37,1,0,25,93,7,8,3,4,0,1,0,0.4,1,0,1.333333333,3704.0,0.692071674,0,2.52,3.75,0.957427108,0,0.875,1.4,1,3.576923077,1,0,0,0,0.8,1,0,2,1,0,1,0,1,0,0,0,1,0,0,0,0,0,1,1
18,0,0,5697,16.1,1,3,4,2,5,3,22,0,0,3,7,3,7,3,4,0,1,0,0.0,0,0,0.0,5697.0,0.055719195,1,16.1,3.5,1.290994449,0,0.428571429,3.0,0,1.75,0,0,0,0,4.0,1,0,1,1,1,0,0,1,0,0,0,1,0,0,0,0,0,0,0
18,0,0,4832,14.3,1,4,2,5,1,3,0,0,1,21,43,4,5,2,3,0,0,0,0.0,0,0,0.0,4832.0,0.068391867,1,14.3,2.75,1.707825128,0,0.8,4.0,2,1.954545455,0,2,1,1,3.0,1,0,1,1,1,0,0,0,0,0,1,1,0,0,0,0,0,0,0
18,0,0,10540,15.2,2,4,3,3,1,5,22,0,1,35,89,5,7,3,5,0,1,0,0.0,0,0,0.0,5270.0,0.630584192,0,15.2,3.0,1.632993162,0,0.714285714,5.0,1,2.472222222,1,1,1,1,5.0,1,0,3,0,0,1,0,1,0,0,0,0,0,0,0,0,0,0,0
23,0,0,6853,11.1,2,4,2,2,1,3,38,0,0,9,24,7,11,3,3,0,0,0,0.0,0,0,0.0,3426.5,0.375,1,11.1,2.0,0.816496581,1,0.636363636,7.0,1,2.4,0,1,1,1,3.0,2,0,1,1,1,0,0,0,1,0,0,1,0,0,0,0,0,0,0
50,1,1,7314,14.8,2,1,3,4,1,3,23,0,1,6,21,4,3,3,3,0,1,1,0.5,0,0,0.5,3657.0,0.20790378,1,7.4,2.75,1.258305739,0,1.333333333,2.0,1,3.0,0,-2,0,0,1.5,1,0,3,0,0,1,0,1,0,0,0,1,0,0,0,1,0,0,0
28,8,1,7755,13.2,3,3,3,2,3,2,28,0,1,42,115,3,7,2,4,0,1,0,0.111111111,1,0,2.666666667,2585.0,0.537887168,0,1.466666667,2.5,0.577350269,0,0.428571429,0.333333333,2,2.674418605,1,1,0,1,0.444444444,1,0,1,1,1,0,0,0,1,0,0,1,0,1,0,0,0,0,0
27,3,3,8273,14.9,2,3,3,3,2,4,16,0,0,11,31,1,7,1,4,0,0,0,0.75,0,0,1.5,4136.5,0.336769759,1,3.725,3.0,0.816496581,0,0.142857143,0.25,0,2.583333333,0,2,0,1,1.0,1,0,2,0,1,0,0,1,0,0,0,1,0,1,0,0,0,0,0
33,1,1,4721,11.6,1,4,1,4,5,3,19,0,0,3,10,3,15,3,8,0,1,0,0.5,0,0,1.0,4721.0,0.106905158,1,5.8,3.25,1.707825128,0,0.2,1.5,1,2.5,0,1,1,1,4.0,2,0,2,1,1,0,0,0,0,1,0,1,0,1,0,0,0,0,0
53,6,4,11954,22.0,4,5,3,3,3,2,44,1,0,15,46,6,10,4,4,0,1,1,0.571428571,1,1,1.5,2988.5,0.924778761,0,3.142857143,2.75,0.5,0,0.6,0.857142857,1,2.875,0,1,1,1,0.571428571,1,0,3,0,0,1,0,0,1,0,0,0,1,0,0,1,0,1,1
50,5,4,10034,13.3,3,2,3,4,3,4,35,0,1,15,33,3,13,1,4,0,1,1,0.666666667,1,1,1.666666667,3344.666667,0.755391251,0,2.216666667,3.5,0.577350269,0,0.230769231,0.5,0,2.0625,0,1,0,1,0.666666667,1,0,3,1,0,1,0,0,0,0,1,1,0,0,0,1,0,0,0
42,0,0,5036,12.2,1,3,4,2,4,5,17,0,0,12,40,3,7,3,4,0,0,0,0.0,0,0,0.0,5036.0,0.022827688,1,12.2,3.75,1.258305739,0,0.428571429,3.0,0,3.076923077,0,0,0,0,4.0,1,0,2,0,0,1,0,1,0,0,0,0,0,0,1,0,0,0,0
22,4,4,5201,15.5,2,4,4,2,4,4,34,0,0,38,92,9,8,4,4,0,0,0,0.8,0,1,2.0,2600.5,0.136061947,1,3.1,3.5,1.0,0,1.125,1.8,1,2.358974359,1,0,1,0,0.8,3,0,1,1,1,0,0,0,1,0,0,1,0,0,0,0,0,0,0
40,4,2,9326,13.0,2,3,2,3,3,4,68,1,1,6,22,4,4,1,9,0,0,0,0.4,1,0,2.0,4663.0,0.680683919,0,2.6,3.0,0.816496581,0,1.0,0.8,0,3.142857143,0,2,0,1,1.8,1,0,3,0,0,1,0,0,0,0,1,1,0,0,1,0,0,1,1
32,0,0,5358,13.2,2,3,1,3,2,2,26,0,1,6,22,3,12,2,7,0,1,0,0.0,0,0,0.0,2679.0,0.155420354,1,13.2,2.0,0.816496581,1,0.25,3.0,1,3.142857143,0,1,0,1,7.0,2,0,2,1,1,0,0,0,1,0,0,0,1,1,0,0,0,0,0
34,14,11,12305,20.5,4,4,5,3,5,3,34,0,0,6,17,3,17,4,4,1,1,0,0.733333333,1,0,3.5,3076.25,0.904497843,0,1.366666667,4.0,1.154700538,0,0.176470588,0.2,1,2.428571429,0,0,1,0,0.266666667,0,0,2,0,1,0,0,0,0,0,1,1,0,1,0,0,0,0,0
36,0,0,9689,13.8,1,3,2,4,4,5,57,1,1,13,38,5,11,3,11,0,0,0,0.0,0,0,0.0,9689.0,0.52479136,0,13.8,3.75,1.258305739,0,0.454545455,5.0,0,2.714285714,0,0,0,0,11.0,1,0,3,0,1,0,0,1,0,0,0,1,0,0,1,0,0,1,1
47,3,2,9728,11.9,3,4,2,4,3,5,41,0,0,22,87,5,6,3,4,0,1,0,0.5,1,0,1.0,3242.666667,0.532891507,0,2.975,3.5,1.290994449,0,0.833333333,1.25,2,3.782608696,1,1,1,1,1.0,1,0,2,1,0,1,0,1,0,0,0,1,0,0,0,1,0,0,0
36,8,6,12001,14.6,3,4,5,5,1,4,64,1,1,7,27,4,4,4,5,0,1,0,0.666666667,1,1,2.666666667,4000.333333,0.773441335,0,1.622222222,3.75,1.892969449,0,1.0,0.444444444,1,3.375,0,0,1,0,0.555555556,1,0,2,1,1,0,0,1,0,0,0,1,0,0,1,0,0,0,0
44,4,3,9009,15.8,3,4,2,3,4,3,40,1,0,7,17,1,8,1,6,0,1,0,0.6,1,0,1.333333333,3003.0,0.803453947,0,3.16,3.0,0.816496581,0,0.125,0.2,1,2.125,0,3,1,1,1.2,0,0,2,1,1,0,1,0,0,0,0,1,0,0,1,0,0,0,0
35,0,0,7015,17.7,2,3,3,4,3,2,8,0,1,18,67,3,12,5,6,0,0,0,0.0,0,0,0.0,3507.5,0.476289517,1,17.7,3.0,0.816496581,0,0.25,3.0,1,3.526315789,1,-2,0,0,6.0,2,0,3,0,1,0,0,0,0,1,0,1,0,0,1,0,0,0,0
27,2,1,6704,11.9,2,4,3,5,1,3,12,0,0,20,104,3,11,3,5,0,0,0,0.333333333,1,0,1.0,3352.0,0.495888158,1,3.966666667,3.0,1.632993162,0,0.272727273,1.0,1,4.952380952,1,1,1,1,1.666666667,2,0,2,1,0,1,1,0,0,0,0,1,0,1,0,0,0,0,0
48,6,1,6529,14.9,3,3,2,5,4,3,38,0,0,6,14,5,15,5,5,0,1,0,0.142857143,1,0,2.0,2176.333333,0.272335182,1,2.128571429,3.5,1.290994449,0,0.333333333,0.714285714,2,2.0,0,-2,0,0,0.714285714,1,0,1,1,0,1,0,0,0,0,1,0,0,0,0,1,0,0,0
37,2,1,6231,18.5,1,4,4,2,3,3,24,0,0,14,52,1,6,3,4,0,0,0,0.333333333,1,0,2.0,6231.0,0.412006579,1,6.166666667,3.0,0.816496581,0,0.166666667,0.333333333,0,3.466666667,0,1,1,1,1.333333333,1,0,3,0,0,1,1,0,0,0,0,1,0,0,1,0,0,0,0
32,0,0,5727,15.2,1,5,5,3,3,3,38,0,1,8,19,4,3,3,7,0,0,0,0.0,0,0,0.0,5727.0,0.263311148,1,15.2,3.5,1.0,0,1.333333333,4.0,1,2.111111111,0,2,1,1,7.0,1,0,2,0,1,0,0,0,0,1,0,0,1,1,0,0,0,0,0
35,6,0,6855,14.3,2,3,4,2,4,2,14,0,0,3,12,4,2,3,6,0,0,0,0.0,1,0,3.0,3427.5,0.446963394,1,2.042857143,3.0,1.154700538,0,2.0,0.571428571,0,3.0,0,0,0,0,0.857142857,1,0,1,1,0,1,0,0,0,1,0,0,0,0,1,0,0,0,0
40,0,0,9155,14.6,2,4,3,3,3,4,38,0,0,7,19,6,12,3,4,0,1,0,0.0,0,0,0.0,4577.5,0.555950266,0,14.6,3.25,0.5,0,0.5,6.0,1,2.375,0,1,1,1,4.0,0,0,3,0,1,0,0,0,0,0,0,1,0,0,1,0,0,0,0
52,1,0,6191,16.8,1,3,3,1,3,2,60,1,0,51,72,3,10,5,4,0,1,1,0.0,1,0,1.0,6191.0,0.403371711,1,8.4,2.25,0.957427108,1,0.3,1.5,1,1.384615385,1,-2,0,0,2.0,3,1,2,0,1,0,1,0,0,0,0,1,0,0,0,1,0,1,0
37,10,9,12157,17.4,4,4,4,4,4,3,13,0,0,36,93,5,8,4,3,1,1,0,0.818181818,1,0,2.5,3039.25,0.841030195,0,1.581818182,3.75,0.5,0,0.625,0.454545455,1,2.513513514,1,0,1,0,0.272727273,1,0,2,1,1,0,0,0,0,0,0,0,1,0,1,0,0,0,0
32,8,8,14008,17.7,4,3,4,3,2,3,28,0,0,8,18,3,4,3,3,0,1,0,0.888888889,0,1,2.0,3502.0,0.92562167,0,1.966666667,3.0,0.816496581,0,0.75,0.333333333,1,2.0,0,0,0,0,0.333333333,1,0,3,0,1,0,0,0,0,0,0,1,0,1,0,0,0,0,0
30,5,2,8372,12.7,2,4,4,4,5,2,50,0,1,15,51,9,14,3,11,0,1,0,0.333333333,1,0,2.5,4186.0,0.3514973,1,2.116666667,3.75,1.258305739,0,0.642857143,1.5,1,3.1875,0,1,1,1,1.833333333,2,0,2,1,1,0,0,1,0,0,0,1,0,1,0,0,0,0,0
33,4,1,7628,14.6,2,3,4,5,4,4,19,1,1,13,39,4,7,3,6,0,1,0,0.2,1,0,2.0,3814.0,0.520188053,0,2.92,4.25,0.5,0,0.571428571,0.8,1,2.785714286,0,0,0,0,1.2,0,0,2,0,0,1,0,0,1,0,0,1,0,1,0,0,0,1,1
53,4,1,5782,10.3,2,3,3,5,2,2,34,1,0,8,33,2,7,4,9,0,0,1,0.2,1,0,2.0,2891.0,0.271214642,1,2.06,3.0,1.414213562,0,0.285714286,0.4,1,3.666666667,0,-1,0,0,1.8,2,0,2,0,0,1,0,0,0,1,0,1,0,0,0,1,0,1,1
32,6,3,5899,15.9,1,4,4,2,5,4,0,0,1,12,42,8,4,4,5,1,0,0,0.428571429,1,0,6.0,5899.0,0.184380776,1,2.271428571,3.75,1.258305739,0,2.0,1.142857143,1,3.230769231,0,0,1,0,0.714285714,1,0,2,1,0,1,0,0,0,0,1,0,0,1,0,0,0,0,0
43,3,2,11518,15.1,3,5,3,2,2,3,55,0,0,8,19,1,5,4,4,0,1,0,0.5,1,0,1.0,3839.333333,0.733186058,0,3.775,2.5,0.577350269,0,0.2,0.25,0,2.111111111,0,1,1,1,1.0,0,0,3,1,0,1,0,1,0,0,0,1,0,0,1,0,0,0,0
34,0,0,9697,15.6,3,5,4,3,4,3,16,1,0,19,53,2,6,2,5,0,1,0,0.0,0,0,0.0,3232.333333,0.526141384,0,15.6,3.5,0.577350269,0,0.333333333,2.0,1,2.65,0,3,1,1,5.0,0,0,1,1,1,0,0,1,0,0,0,1,0,1,0,0,0,0,0
26,8,0,13241,12.3,3,4,4,3,2,2,16,1,1,9,27,3,4,4,4,0,1,0,0.0,1,0,2.666666667,4413.666667,0.851251841,0,1.366666667,2.75,0.957427108,0,0.75,0.333333333,1,2.7,0,0,1,0,0.444444444,0,0,2,1,0,1,0,1,0,0,0,1,0,1,0,0,0,1,1
29,10,0,14536,17.7,4,5,4,2,3,3,78,0,0,18,75,7,6,4,5,0,1,0,0.0,1,0,2.5,3634.0,0.966728281,0,1.609090909,3.0,0.816496581,0,1.166666667,0.636363636,1,3.947368421,1,1,1,1,0.454545455,1,0,3,1,1,0,0,0,0,0,1,1,0,1,0,0,0,0,0
31,1,1,6948,10.9,2,2,4,3,2,3,36,0,1,30,112,2,3,3,7,0,0,0,0.5,0,0,0.5,3474.0,0.327017868,1,5.45,3.0,0.816496581,0,0.666666667,1.0,1,3.612903226,1,-1,0,0,3.5,2,0,2,0,1,0,0,0,0,0,1,0,0,1,0,0,0,0,0
32,8,0,11331,15.5,3,3,3,3,2,2,42,0,0,15,46,4,2,3,5,0,1,0,0.0,1,0,2.666666667,3777.0,0.861367837,0,1.722222222,2.5,0.577350269,0,2.0,0.444444444,1,2.875,0,0,0,0,0.555555556,0,0,2,1,1,0,0,0,0,0,1,0,1,1,0,0,0,0,0
27,9,8,10658,14.9,3,4,4,3,1,4,22,0,1,12,36,3,7,3,7,0,1,0,0.8,1,1,3.0,3552.666667,0.852876106,0,1.49,3.0,1.414213562,0,0.428571429,0.3,1,2.769230769,0,1,1,1,0.7,1,0,2,0,1,0,0,0,1,0,0,1,0,1,0,0,0,0,0
38,1,1,6843,17.3,2,4,4,4,2,3,26,1,1,5,13,6,10,4,7,0,0,0,0.5,0,0,0.5,3421.5,0.443843594,1,8.65,3.25,0.957427108,0,0.6,3.0,2,2.166666667,0,0,1,0,3.5,1,0,3,1,1,0,0,0,0,1,0,1,0,0,1,0,0,1,1
30,2,2,6477,20.2,2,3,3,4,4,3,43,1,1,9,38,4,10,3,6,0,0,0,0.666666667,0,0,1.0,3238.5,0.309181416,1,6.733333333,3.5,0.577350269,0,0.4,1.333333333,1,3.8,0,0,0,0,2.0,1,0,2,1,1,0,0,0,1,0,0,0,1,1,0,0,0,0,0
54,3,0,8406,20.0,2,5,2,3,4,5,20,1,0,14,32,1,12,5,6,0,0,1,0.0,1,0,1.5,4203.0,0.565619224,0,5.0,3.5,1.290994449,0,0.083333333,0.25,1,2.133333333,0,0,1,0,1.5,0,0,2,1,0,0,0,0,0,0,1,1,0,0,0,1,0,1,0
51,4,3,7118,15.6,2,4,2,3,4,4,28,0,0,22,62,1,10,3,8,0,0,1,0.6,1,0,2.0,3559.0,0.184094256,1,3.12,3.25,0.957427108,0,0.1,0.2,0,2.695652174,1,1,1,1,1.6,3,0,1,1,0,1,0,1,0,0,0,1,0,0,0,1,0,0,0
44,10,7,9561,11.0,4,2,5,2,4,5,9,0,1,14,55,7,3,4,5,0,1,0,0.636363636,1,1,2.5,2390.25,0.767146018,0,1.0,4.0,1.414213562,0,2.333333333,0.636363636,1,3.666666667,0,-2,0,0,0.454545455,1,0,2,1,1,0,0,0,1,0,0,0,0,0,1,0,0,0,0
30,12,7,11989,14.2,5,5,1,3,4,3,29,0,0,5,15,4,7,2,4,1,1,0,0.538461538,1,0,2.4,2397.8,0.892020949,0,1.092307692,2.75,1.258305739,0,0.571428571,0.307692308,1,2.5,0,3,1,1,0.307692308,0,0,1,1,1,0,0,0,0,0,1,1,0,1,0,0,0,0,0
42,9,4,10804,19.2,3,4,2,3,3,4,84,0,1,25,87,2,9,4,10,1,1,0,0.4,1,0,3.0,3601.333333,0.745115453,0,1.92,3.0,0.816496581,0,0.222222222,0.2,1,3.346153846,1,0,1,0,1.0,2,0,2,0,1,0,0,0,0,0,0,1,0,0,1,0,0,0,0
22,4,1,11052,13.1,2,4,4,1,4,4,19,1,0,12,39,5,7,3,7,0,0,0,0.2,1,0,2.0,5526.0,0.685076092,0,2.62,3.25,1.5,0,0.714285714,1.0,0,3.0,0,1,1,1,1.4,0,0,3,1,0,1,0,1,0,0,0,1,0,0,0,0,0,0,0
34,2,2,9740,21.6,2,3,4,3,3,3,37,0,1,13,31,2,6,4,5,0,0,0,0.666666667,0,0,1.0,4870.0,0.727202711,0,7.2,3.25,0.5,0,0.333333333,0.666666667,1,2.214285714,0,-1,0,0,1.666666667,0,0,3,1,0,1,0,0,0,0,1,1,0,1,0,0,0,0,0
34,0,0,6811,8.7,2,3,4,3,4,2,42,1,1,13,49,3,11,3,8,0,0,0,0.0,0,0,0.0,3405.5,0.220692718,1,8.7,3.25,0.957427108,0,0.272727273,3.0,1,3.5,0,0,0,0,8.0,2,0,2,0,1,0,0,0,0,0,0,1,0,1,0,0,0,1,1
48,4,1,9938,12.5,3,4,3,1,1,4,44,0,0,11,23,1,7,4,4,0,1,0,0.2,1,0,1.333333333,3312.666667,0.875822368,0,2.5,2.25,1.5,1,0.142857143,0.2,1,1.916666667,0,0,1,0,0.8,1,0,3,1,1,0,1,0,0,0,0,1,0,0,0,1,0,0,0
40,5,4,11120,11.3,3,4,4,4,5,4,28,1,0,13,39,1,15,3,5,0,1,0,0.666666667,1,1,1.666666667,3706.666667,0.693789887,0,1.883333333,4.25,0.5,0,0.066666667,0.166666667,2,2.785714286,0,1,1,1,0.833333333,1,0,2,1,0,1,0,1,0,0,0,1,0,0,1,0,0,0,0
59,3,3,5894,16.6,2,4,2,4,2,3,41,1,0,4,13,2,5,2,4,0,0,1,0.75,0,0,1.5,2947.0,0.183918669,1,4.15,2.75,0.957427108,0,0.4,0.5,0,2.6,0,2,1,1,1.0,1,0,2,1,0,1,0,0,0,0,1,1,0,0,0,0,1,1,0
40,10,6,9892,14.8,4,3,3,3,3,2,52,0,1,21,97,8,13,2,4,0,1,0,0.545454545,1,1,2.5,2473.0,0.741065927,0,1.345454545,2.75,0.5,0,0.615384615,0.727272727,1,4.409090909,1,1,0,1,0.363636364,2,0,2,0,0,0,0,0,0,0,1,1,0,0,1,0,0,0,0
38,6,3,9464,12.9,2,3,3,3,2,3,35,0,1,2,7,2,2,4,6,0,0,0,0.428571429,1,0,3.0,4732.0,0.597246892,0,1.842857143,2.75,0.5,0,1.0,0.285714286,1,2.333333333,0,-1,0,0,0.857142857,0,0,2,1,1,0,0,0,0,0,0,1,0,0,1,0,0,0,0
37,1,1,5079,17.7,2,3,2,4,2,4,47,0,0,12,31,6,13,5,6,0,0,0,0.5,0,0,0.5,2539.5,0.199013158,1,8.85,3.0,1.154700538,0,0.461538462,3.0,1,2.384615385,0,-2,0,0,3.0,1,0,2,1,0,1,1,0,0,0,0,1,0,0,1,0,0,0,0
36,0,0,4479,13.9,1,3,5,4,3,3,45,0,0,18,62,6,8,3,7,0,0,0,0.0,0,0,0.0,4479.0,0.067477876,1,13.9,3.75,0.957427108,0,0.75,6.0,2,3.263157895,1,0,0,0,7.0,2,0,1,1,1,0,0,0,1,0,0,1,0,0,1,0,0,0,0
34,7,5,6889,15.6,2,4,2,2,3,4,47,1,1,15,46,5,8,3,9,0,0,0,0.625,1,1,3.5,3444.5,0.232238011,1,1.95,2.75,0.957427108,0,0.625,0.625,1,2.875,0,1,1,1,1.125,3,0,2,0,1,0,0,0,0,0,0,1,0,1,0,0,0,1,1
32,3,0,12544,12.7,3,3,4,4,2,4,55,0,1,20,58,2,11,4,5,0,1,0,0.0,1,0,1.0,4181.333333,0.917128774,0,3.175,3.5,1.0,0,0.181818182,0.5,2,2.761904762,0,-1,0,0,1.25,0,0,4,0,1,0,0,0,0,0,1,1,0,1,0,0,0,0,0
38,0,0,8713,13.4,2,3,1,1,3,5,35,0,1,13,26,5,2,3,4,0,0,0,0.0,0,0,0.0,4356.5,0.667588496,0,13.4,2.5,1.914854216,0,2.5,5.0,1,1.857142857,0,0,0,0,4.0,0,0,4,1,0,1,0,0,1,0,0,1,0,0,1,0,0,0,0
50,4,4,6003,18.5,2,3,3,2,1,3,34,1,0,7,21,2,14,2,9,0,0,1,0.8,0,1,2.0,3001.5,0.239214602,1,3.7,2.25,0.957427108,1,0.142857143,0.4,1,2.625,0,1,0,1,1.8,4,1,1,1,0,0,0,0,1,0,0,1,0,0,0,1,0,1,1
46,3,0,7974,16.6,3,4,2,3,2,3,26,0,0,14,40,2,8,3,8,0,1,0,0.0,1,0,1.0,2658.0,0.569690265,0,4.15,2.5,0.577350269,0,0.25,0.5,0,2.666666667,0,1,1,1,2.0,1,0,2,1,1,0,0,0,1,0,0,1,0,0,0,1,0,0,0
25,4,0,5290,15.6,1,5,2,2,2,3,11,0,0,42,122,4,8,3,5,0,0,0,0.0,1,0,4.0,5290.0,0.187396007,1,3.12,2.25,0.5,1,0.5,0.8,1,2.837209302,1,2,1,1,1.0,3,0,1,0,0,1,0,0,0,1,0,1,0,1,0,0,0,0,0
27,9,3,7229,13.2,2,2,2,3,4,5,22,0,0,9,11,2,6,4,4,0,0,0,0.3,1,0,4.5,3614.5,0.377387554,1,1.32,3.5,1.290994449,0,0.333333333,0.2,2,1.1,0,-2,0,0,0.4,1,0,1,0,1,0,0,0,0,0,1,1,0,1,0,0,0,0,0
40,6,2,7221,17.7,1,2,3,4,2,2,64,1,0,6,23,3,2,3,10,0,0,0,0.285714286,1,0,6.0,7221.0,0.280417407,1,2.528571429,2.75,0.957427108,0,1.5,0.428571429,1,3.285714286,0,-1,0,0,1.428571429,2,0,3,1,0,0,0,0,0,0,0,1,0,0,1,0,0,1,1
39,2,2,8019,8.6,2,4,4,2,5,1,54,1,0,17,61,3,12,3,6,0,0,0,0.666666667,0,0,1.0,4009.5,0.699013158,0,2.866666667,3.0,1.825741858,0,0.25,1.0,1,3.388888889,1,1,1,1,2.0,1,0,3,1,1,0,1,0,0,0,0,0,0,0,1,0,0,0,0
24,0,0,3590,11.7,1,1,4,3,4,5,32,0,0,14,42,5,3,4,2,0,1,0,0.0,0,0,0.0,3590.0,0.046052632,1,11.7,4.0,0.816496581,0,1.666666667,5.0,0,2.8,0,-3,0,0,2.0,1,0,2,1,0,1,1,0,0,0,0,1,0,0,0,0,0,0,0
30,4,0,7588,15.2,2,5,2,1,3,2,28,0,0,8,31,4,10,3,6,0,0,0,0.0,1,0,2.0,3794.0,0.439617991,1,3.04,2.0,0.816496581,1,0.4,0.8,2,3.444444444,0,2,1,1,1.2,2,0,2,1,1,0,0,0,0,0,1,0,1,1,0,0,0,0,0
40,1,0,5265,14.6,1,3,3,4,4,5,40,1,0,13,46,5,3,4,5,0,1,0,0.0,1,0,1.0,5265.0,0.142699115,1,7.3,4.0,0.816496581,0,1.666666667,2.5,1,3.285714286,0,-1,0,0,2.5,1,0,2,0,1,0,0,0,1,0,0,1,0,0,1,0,0,1,1
43,0,0,6537,15.5,1,4,3,2,2,2,46,1,1,22,66,2,8,4,11,0,0,0,0.0,0,0,0.0,6537.0,0.190053286,1,15.5,2.25,0.5,1,0.25,2.0,0,2.869565217,1,0,1,0,11.0,4,1,2,1,1,0,0,0,0,0,0,1,0,0,1,0,0,1,1
27,2,2,9441,16.5,3,4,2,3,3,3,49,0,1,19,40,4,10,3,3,0,1,0,0.666666667,0,0,0.666666667,3147.0,0.593916519,0,5.5,2.75,0.5,0,0.4,1.333333333,1,2.0,0,1,1,1,1.0,0,0,2,0,0,1,0,0,0,0,0,0,1,1,0,0,0,0,0
37,4,0,5379,11.3,2,3,4,3,2,3,35,0,1,9,27,3,11,3,5,0,0,0,0.0,1,0,2.0,2689.5,0.253289474,1,2.26,3.0,0.816496581,0,0.272727273,0.6,2,2.7,0,0,0,0,1.0,1,0,2,1,1,0,1,0,0,0,0,1,0,0,1,0,0,0,0
31,2,2,11961,10.7,3,3,1,2,3,4,15,0,1,10,33,7,4,4,9,0,1,0,0.666666667,0,0,0.666666667,3987.0,0.771232204,0,3.566666667,2.5,1.290994449,0,1.75,2.333333333,0,3.0,0,-1,0,0,3.0,1,0,3,0,0,0,0,1,0,0,0,1,0,1,0,0,0,1,0
34,8,0,7790,19.5,3,4,1,2,4,4,14,0,1,15,36,8,17,3,3,1,1,0,0.0,1,0,2.666666667,2596.666667,0.543141593,0,2.166666667,2.75,1.5,0,0.470588235,0.888888889,1,2.25,0,1,1,1,0.333333333,0,0,2,1,0,1,0,0,1,0,0,1,0,1,0,0,0,0,0
28,3,3,6695,12.0,2,3,4,3,4,5,62,1,0,8,23,2,20,3,3,0,0,0,0.75,0,0,1.5,3347.5,0.417845258,1,3.0,4.0,0.816496581,0,0.1,0.5,1,2.555555556,0,0,0,0,0.75,1,0,3,1,1,0,0,0,0,1,0,1,0,1,0,0,0,0,0
33,1,1,5604,12.4,1,3,3,4,3,4,15,1,0,11,43,3,6,3,11,0,0,0,0.5,0,0,1.0,5604.0,0.190818584,1,6.2,3.5,0.577350269,0,0.5,1.5,2,3.583333333,0,0,0,0,5.5,2,0,3,0,1,0,0,0,1,0,0,1,0,1,0,0,0,1,1
25,5,0,9796,20.0,2,5,3,2,3,5,50,0,0,5,15,6,10,3,6,0,0,0,0.0,1,0,2.5,4898.0,0.540746195,0,3.333333333,3.25,1.258305739,0,0.6,1.0,2,2.5,0,2,1,1,1.0,0,0,2,1,1,0,0,1,0,0,0,1,0,1,0,0,0,0,0
21,2,0,8138,13.2,2,2,3,1,1,3,52,0,0,6,28,4,9,2,3,0,0,0,0.0,1,0,1.0,4069.0,0.65640599,0,4.4,2.0,1.154700538,1,0.444444444,1.333333333,1,4.0,0,0,0,0,1.0,1,0,4,1,1,0,0,0,0,1,0,1,0,0,0,0,0,0,0
54,2,2,7288,19.8,2,4,3,2,3,3,25,1,0,21,61,7,7,3,5,0,1,1,0.666666667,0,0,1.0,3644.0,0.389402341,1,6.6,2.75,0.5,0,1.0,2.333333333,2,2.772727273,1,1,1,1,1.666666667,2,0,2,1,0,1,0,0,0,0,1,1,0,0,0,1,0,1,1
44,0,0,6744,18.1,2,5,4,2,2,1,45,0,0,36,97,3,8,4,5,0,0,0,0.0,0,0,0.0,3372.0,0.298367221,1,18.1,2.25,1.258305739,1,0.375,3.0,1,2.621621622,1,1,1,1,5.0,3,0,2,0,1,0,0,0,0,0,1,0,0,0,1,0,0,0,0
43,4,2,8219,18.8,2,3,2,3,3,5,46,0,0,13,48,1,5,2,7,0,0,0,0.4,1,0,2.0,4109.5,0.668469218,0,3.76,3.25,1.258305739,0,0.2,0.2,1,3.428571429,0,1,0,1,1.4,0,0,3,1,0,1,0,0,0,1,0,1,0,0,1,0,0,0,0
47,1,0,6899,8.8,1,2,2,3,4,3,15,1,0,15,46,3,6,3,5,0,0,0,0.0,1,0,1.0,6899.0,0.161021109,1,4.4,3.0,0.816496581,0,0.5,1.5,1,2.875,0,-1,0,0,2.5,1,0,3,0,1,0,0,1,0,0,0,1,0,0,0,1,0,0,0
46,4,4,4091,20.1,1,4,4,2,3,4,25,1,0,17,39,2,3,3,9,0,0,0,0.8,0,1,4.0,4091.0,0.00490918,1,4.02,3.25,0.957427108,0,0.666666667,0.4,1,2.166666667,0,1,1,1,1.8,3,0,1,1,0,0,0,1,0,0,0,1,0,0,0,1,0,1,1
36,8,8,9309,14.5,3,3,1,2,3,2,31,0,1,6,24,6,10,3,8,0,1,0,0.888888889,0,1,2.666666667,3103.0,0.678527418,0,1.611111111,2.0,0.816496581,1,0.6,0.666666667,1,3.428571429,0,0,0,0,0.888888889,3,0,2,1,0,1,0,0,0,0,1,0,0,0,1,0,0,0,0
21,2,2,5855,12.4,1,4,2,3,2,2,35,1,1,15,68,7,2,5,2,0,0,0,0.666666667,0,0,2.0,5855.0,0.06676485,1,4.133333333,2.25,0.5,1,3.5,2.333333333,0,4.25,1,-1,1,0,0.666666667,3,1,2,0,0,1,0,1,0,0,0,0,1,0,0,0,0,1,1
52,2,2,11040,19.0,2,4,5,3,3,3,15,1,1,6,16,4,8,2,7,0,0,1,0.666666667,0,0,1.0,5520.0,0.681762396,0,6.333333333,3.5,1.0,0,0.5,1.333333333,1,2.285714286,0,2,1,1,2.333333333,0,0,2,0,1,0,0,1,0,0,0,1,0,0,0,1,0,0,0
39,2,0,8608,14.9,2,3,2,2,3,2,59,0,1,34,80,2,14,3,5,0,0,0,0.0,1,0,1.0,4304.0,0.382916053,1,4.966666667,2.25,0.5,1,0.142857143,0.666666667,2,2.285714286,1,0,0,0,1.666666667,3,0,2,1,0,1,0,1,0,0,0,0,1,0,1,0,0,0,0
41,11,2,12939,12.7,3,2,4,1,3,3,34,0,0,2,7,3,5,5,2,0,1,0,0.166666667,1,0,3.666666667,4313.0,0.835297005,0,1.058333333,2.75,1.258305739,0,0.6,0.25,1,2.333333333,0,-3,0,0,0.166666667,0,0,3,0,1,0,0,1,0,0,0,1,0,0,1,0,0,0,0
26,7,2,7510,18.1,3,4,1,5,3,3,55,1,1,9,25,6,6,3,7,0,1,0,0.25,1,0,2.333333333,2503.333333,0.5,1,2.2625,3.0,1.632993162,0,1.0,0.75,0,2.5,0,1,1,1,0.875,1,0,2,0,0,1,0,0,1,0,0,0,1,1,0,0,0,0,0
37,12,5,14443,13.3,4,3,4,3,2,3,38,1,0,22,78,5,9,3,8,0,1,0,0.384615385,1,1,3.0,3610.75,0.939609236,0,1.023076923,3.0,0.816496581,0,0.555555556,0.384615385,1,3.391304348,1,0,0,0,0.615384615,3,0,2,0,1,0,0,0,0,0,0,1,0,0,1,0,0,1,1
30,9,4,10225,12.5,2,3,4,4,3,3,30,0,0,43,150,3,6,4,5,0,0,0,0.4,1,1,4.5,5112.5,0.590942563,0,1.25,3.5,0.577350269,0,0.5,0.3,1,3.409090909,1,-1,0,0,0.5,2,0,3,1,1,0,0,1,0,0,0,1,0,1,0,0,0,0,0
24,0,0,9872,14.8,3,3,2,2,4,1,24,0,1,4,19,3,7,3,8,0,1,0,0.0,0,0,0.0,3290.666667,0.548846343,0,14.8,2.25,1.258305739,1,0.428571429,3.0,1,3.8,0,0,0,0,8.0,2,0,2,0,0,0,0,1,0,0,0,0,0,0,0,0,0,1,0
28,4,2,9991,13.9,4,3,4,4,4,2,46,1,1,1,5,6,4,5,6,0,1,0,0.4,1,0,1.0,2497.75,0.751540357,0,2.78,3.5,1.0,0,1.5,1.2,0,2.5,0,-2,0,0,1.2,0,0,1,0,1,0,0,0,0,0,1,1,0,1,0,0,0,1,0
36,0,0,4618,11.9,1,3,3,3,3,4,23,1,0,13,47,3,11,4,7,0,0,0,0.0,0,0,0.0,4618.0,0.09608985,1,11.9,3.25,0.5,0,0.272727273,3.0,2,3.357142857,0,-1,0,0,7.0,1,0,2,0,0,1,0,0,0,1,0,0,1,0,1,0,0,1,1
41,15,9,12271,17.6,5,4,4,5,3,3,60,0,1,7,25,6,2,3,4,0,1,0,0.5625,1,1,3.0,2454.2,0.903265558,0,1.1,3.75,0.957427108,0,3.0,0.375,0,3.125,0,1,1,1,0.25,1,0,2,1,1,0,0,0,0,0,1,0,0,0,1,0,0,0,0
25,7,5,9469,16.6,2,4,1,3,4,3,23,0,0,3,11,7,7,4,6,0,0,0,0.625,1,1,3.5,4734.5,0.494845361,1,2.075,2.75,1.258305739,0,1.0,0.875,1,2.75,0,0,1,0,0.75,2,0,2,1,0,1,0,1,0,0,0,1,0,1,0,0,0,0,0
33,6,2,8746,18.8,3,2,5,3,3,3,53,0,1,25,84,4,7,1,4,0,1,0,0.285714286,1,0,2.0,2915.333333,0.732945092,0,2.685714286,3.5,1.0,0,0.571428571,0.571428571,1,3.230769231,1,1,0,1,0.571428571,1,0,3,1,1,0,0,0,0,1,0,1,0,1,0,0,0,0,0
23,2,0,5025,13.5,1,3,1,4,5,4,28,0,0,14,26,1,18,3,4,0,1,0,0.0,1,0,2.0,5025.0,0.086876155,1,4.5,3.5,1.732050808,0,0.055555556,0.333333333,1,1.733333333,0,0,0,0,1.333333333,1,0,2,1,0,1,0,0,0,0,1,1,0,0,0,0,0,0,0
25,2,2,7532,21.5,3,5,1,3,2,5,25,1,0,21,52,6,8,4,8,0,1,0,0.666666667,0,0,0.666666667,2510.666667,0.56343594,0,7.166666667,2.75,1.707825128,0,0.75,2.0,1,2.363636364,0,1,1,1,2.666666667,1,0,3,1,0,0,0,0,0,1,0,1,0,1,0,0,0,1,1
44,12,7,12775,12.4,4,2,3,3,4,4,25,0,1,9,30,5,9,1,3,0,1,0,0.538461538,1,1,3.0,3193.75,0.926370918,0,0.953846154,3.5,0.577350269,0,0.555555556,0.384615385,2,3.0,0,1,0,1,0.230769231,1,0,3,0,1,0,0,0,0,0,1,1,0,0,1,0,0,0,0
46,8,2,13350,10.4,4,2,2,2,4,3,34,0,0,15,49,5,2,4,3,0,1,0,0.222222222,1,0,2.0,3337.5,0.939617991,0,1.155555556,2.75,0.957427108,0,2.5,0.555555556,2,3.0625,0,-2,0,0,0.333333333,0,0,3,1,1,0,0,0,0,0,1,0,1,0,0,1,0,0,0
25,7,7,9205,14.8,4,4,5,3,5,3,53,1,0,16,58,6,12,1,13,0,1,0,0.875,0,1,1.75,2301.25,0.730641593,0,1.85,4.0,1.154700538,0,0.5,0.75,1,3.411764706,0,3,1,1,1.625,2,0,1,0,1,0,0,0,1,0,0,1,0,1,0,0,0,1,1
40,0,0,5528,10.2,2,1,5,5,3,3,18,1,1,12,35,10,4,4,6,0,0,0,0.0,0,0,0.0,2764.0,0.045409917,1,10.2,4.0,1.154700538,0,2.5,10.0,0,2.692307692,0,-3,0,0,6.0,1,0,2,0,0,1,0,1,0,0,0,1,0,0,1,0,0,0,0
30,6,6,7748,15.6,3,4,4,2,2,4,47,0,1,14,46,10,8,4,5,1,1,0,0.857142857,0,0,2.0,2582.666667,0.463955638,1,2.228571429,3.0,1.154700538,0,1.25,1.428571429,1,3.066666667,0,0,1,0,0.714285714,1,0,1,0,0,1,0,0,0,0,1,1,0,1,0,0,0,0,0
41,3,2,9267,13.5,3,4,2,4,2,3,30,0,0,8,25,8,2,3,5,0,1,0,0.5,1,0,1.0,3089.0,0.735619469,0,3.375,2.75,0.957427108,0,4.0,2.0,0,2.777777778,0,1,1,1,1.25,0,0,2,1,1,0,0,0,1,0,0,0,1,0,1,0,0,0,0
42,15,13,17656,13.3,5,4,4,3,5,2,0,0,1,16,54,2,6,3,6,0,1,0,0.8125,1,1,3.0,3531.2,0.987566607,0,0.83125,3.5,1.290994449,0,0.333333333,0.125,0,3.176470588,0,1,1,1,0.375,1,0,3,0,1,0,0,0,0,0,0,1,0,0,1,0,0,0,0
32,6,2,8382,12.3,3,3,1,3,5,4,40,0,1,5,14,2,10,5,7,0,1,0,0.285714286,1,0,2.0,2794.0,0.628318584,0,1.757142857,3.25,1.707825128,0,0.2,0.285714286,0,2.333333333,0,-2,0,0,1.0,0,0,2,1,1,0,0,0,1,0,0,1,0,1,0,0,0,0,0
37,0,0,4276,12.0,1,2,5,3,4,3,12,1,0,27,132,9,11,3,11,0,0,0,0.0,0,0,0.0,4276.0,0.053097345,1,12.0,3.75,0.957427108,0,0.818181818,9.0,2,4.714285714,1,-1,0,0,11.0,3,0,1,1,1,0,0,0,1,0,0,0,1,0,1,0,0,1,1
40,2,2,4325,13.4,1,3,4,3,4,3,23,1,0,5,15,8,5,4,6,0,0,0,0.666666667,0,0,2.0,4325.0,0.055862832,1,4.466666667,3.5,0.577350269,0,1.6,2.666666667,2,2.5,0,-1,0,0,2.0,1,0,2,0,1,0,0,0,1,0,0,1,0,0,1,0,0,1,1
49,4,4,7816,13.0,2,3,1,4,3,2,4,0,1,7,23,1,2,4,4,0,0,0,0.8,0,1,2.0,3908.0,0.271232204,1,2.6,2.5,1.290994449,0,0.5,0.2,0,2.875,0,-1,0,0,0.8,2,0,1,1,1,0,0,1,0,0,0,1,0,0,0,1,0,0,0
43,3,0,8391,15.9,3,4,2,3,1,4,38,0,0,12,46,5,10,3,6,0,1,0,0.0,1,0,1.0,2797.0,0.746710526,0,3.975,2.5,1.290994449,0,0.5,1.25,1,3.538461538,0,1,1,1,1.5,0,0,2,0,0,1,1,0,0,0,0,1,0,0,1,0,0,0,0
49,1,1,5508,17.1,2,4,4,3,2,4,48,0,0,12,46,3,10,3,3,0,0,0,0.5,0,0,0.5,2754.0,0.274671053,1,8.55,3.25,0.957427108,0,0.3,1.5,0,3.538461538,0,1,1,1,1.5,1,0,2,0,1,0,1,0,0,0,0,1,0,0,0,1,0,0,0
32,11,9,8400,17.1,3,3,4,3,4,5,24,0,1,18,61,3,14,4,3,0,1,0,0.75,1,1,3.666666667,2800.0,0.749177632,0,1.425,4.0,0.816496581,0,0.214285714,0.25,1,3.210526316,1,-1,0,0,0.25,2,0,2,0,0,0,1,0,0,0,0,1,0,1,0,0,0,0,0
39,3,3,8453,15.0,2,3,3,3,3,4,23,1,0,13,45,3,4,3,13,0,0,0,0.75,0,0,1.5,4226.5,0.571934689,0,3.75,3.25,0.5,0,0.75,0.75,1,3.214285714,0,0,0,0,3.25,1,0,2,1,0,1,0,0,0,0,1,1,0,0,1,0,0,1,1
28,2,1,6310,16.6,3,2,2,4,3,4,67,0,0,15,61,3,3,3,5,0,1,0,0.333333333,1,0,0.666666667,2103.333333,0.426809211,1,5.533333333,3.25,0.957427108,0,1.0,1.0,1,3.8125,1,-1,0,0,1.666666667,2,0,2,1,0,0,1,0,0,0,0,1,0,1,0,0,0,0,0
42,1,0,6159,17.2,1,3,2,2,5,1,8,1,1,33,120,6,15,4,7,0,0,0,0.0,1,0,1.0,6159.0,0.089347079,1,8.6,2.5,1.732050808,0,0.4,3.0,0,3.529411765,1,-1,0,0,3.5,2,0,2,1,0,1,0,1,0,0,0,1,0,0,1,0,0,0,0
31,8,0,6405,12.6,3,1,5,2,1,3,34,0,1,18,53,4,6,5,3,0,1,0,0.0,1,0,2.666666667,2135.0,0.371464226,1,1.4,2.75,1.707825128,0,0.666666667,0.444444444,2,2.789473684,0,-4,0,0,0.333333333,1,0,1,1,1,0,0,0,0,1,0,1,0,1,0,0,0,0,0
32,3,2,9510,21.6,3,4,4,3,4,5,25,1,0,22,66,3,14,3,4,0,1,0,0.5,1,0,1.0,3170.0,0.759402655,0,5.4,4.0,0.816496581,0,0.214285714,0.75,2,2.869565217,1,1,1,1,1.0,1,0,2,1,1,0,0,0,1,0,0,1,0,1,0,0,0,0,1
33,13,10,13667,19.5,4,3,4,2,2,3,20,0,1,14,43,3,9,4,7,0,1,0,0.714285714,1,1,3.25,3416.75,0.947935921,0,1.392857143,2.75,0.957427108,0,0.333333333,0.214285714,1,2.866666667,0,-1,0,0,0.5,1,0,3,1,1,0,0,0,0,0,1,1,0,1,0,0,0,0,0
31,3,1,10671,16.2,4,4,4,3,1,2,41,0,1,16,63,3,6,3,6,0,1,0,0.25,1,0,0.75,2667.75,0.914473684,0,4.05,2.5,1.290994449,0,0.5,0.75,1,3.705882353,1,1,1,1,1.5,1,0,3,0,0,0,1,0,0,0,0,1,0,1,0,0,0,0,0
26,8,5,10123,15.0,2,3,5,3,2,3,3,0,1,10,23,5,2,3,6,0,0,0,0.555555556,1,1,4.0,5061.5,0.68250444,0,1.666666667,3.25,1.258305739,0,2.5,0.555555556,0,2.090909091,0,0,0,0,0.666666667,1,0,3,0,0,0,0,0,0,0,0,0,0,1,0,0,0,0,0
25,1,1,7275,12.1,1,4,4,3,4,2,25,0,1,16,65,4,5,2,2,0,1,0,0.5,0,0,1.0,7275.0,0.291740675,1,6.05,3.25,0.957427108,0,0.8,2.0,1,3.823529412,1,2,1,1,1.0,2,0,3,1,1,0,0,0,0,0,0,1,0,1,0,0,0,0,0
38,12,7,11100,13.9,5,3,4,5,4,1,52,0,1,10,36,3,11,3,5,0,1,0,0.538461538,1,1,2.4,2220.0,0.909941764,0,1.069230769,3.5,1.732050808,0,0.272727273,0.230769231,1,3.272727273,0,0,0,0,0.384615385,1,0,2,1,0,1,0,0,0,1,0,0,1,0,1,0,0,0,0
31,13,13,10854,12.2,3,3,4,1,2,2,53,0,0,9,27,2,7,2,4,0,1,0,0.928571429,0,1,4.333333333,3618.0,0.868639381,0,0.871428571,2.25,1.258305739,1,0.285714286,0.142857143,0,2.7,0,1,0,1,0.285714286,2,0,2,1,0,1,0,0,1,0,0,0,0,1,0,0,0,0,0
33,2,2,11151,15.6,2,4,2,3,4,3,43,0,1,3,12,1,7,4,14,0,0,0,0.666666667,0,0,1.0,5575.5,0.777975133,0,5.2,3.0,0.816496581,0,0.142857143,0.333333333,2,3.0,0,0,1,0,4.666666667,1,0,4,0,0,1,0,0,0,0,0,1,0,1,0,0,0,0,0
30,8,6,10837,14.2,4,3,4,2,3,3,29,1,0,20,72,4,3,4,6,0,1,0,0.666666667,1,1,2.0,2709.25,0.829636476,0,1.577777778,3.0,0.816496581,0,1.333333333,0.444444444,2,3.428571429,1,-1,0,0,0.666666667,2,0,2,1,1,0,0,0,0,0,1,1,0,1,0,0,0,1,1
53,4,3,5198,14.4,2,3,4,4,3,3,33,1,1,18,58,6,7,4,6,0,0,1,0.6,1,0,2.0,2599.0,0.174500832,1,2.88,3.5,0.577350269,0,0.857142857,1.2,1,3.052631579,0,-1,0,0,1.2,1,0,2,0,0,1,0,0,0,1,0,1,0,0,0,1,0,0,1
23,5,0,7417,11.8,2,3,2,3,2,3,41,0,0,5,20,5,14,1,4,0,0,0,0.0,1,0,2.5,3708.5,0.479535398,1,1.966666667,2.5,0.577350269,0,0.357142857,0.833333333,0,3.333333333,0,2,0,1,0.666666667,1,0,2,0,1,0,0,0,1,0,0,1,0,0,0,0,0,0,0
35,0,0,6412,15.4,2,3,4,3,2,3,51,1,1,13,51,5,19,5,9,0,0,0,0.0,0,0,0.0,3206.0,0.175843694,1,15.4,3.0,0.816496581,0,0.263157895,5.0,0,3.642857143,0,-2,0,0,9.0,2,0,1,1,1,0,0,0,0,0,0,1,0,0,1,0,0,1,1
40,2,1,8261,13.8,1,3,4,5,3,2,22,0,1,17,57,4,11,2,4,0,1,0,0.333333333,1,0,2.0,8261.0,0.335419735,1,4.6,3.5,1.290994449,0,0.363636364,1.333333333,1,3.166666667,0,1,0,1,1.333333333,1,0,4,0,0,0,0,1,0,0,0,0,0,0,1,0,0,0,0
50,11,9,14105,17.1,4,4,2,3,1,3,27,1,0,6,29,2,8,3,9,0,1,1,0.75,1,1,2.75,3526.25,0.890279823,0,1.425,2.25,0.957427108,1,0.25,0.166666667,1,4.142857143,0,1,1,1,0.75,3,1,2,1,1,0,0,1,0,0,0,1,0,0,0,1,0,1,1
53,8,5,12445,15.3,4,4,4,3,3,2,76,1,0,11,34,2,10,3,4,1,1,1,0.555555556,1,0,2.0,3111.25,0.966282895,0,1.7,3.0,0.816496581,0,0.2,0.222222222,2,2.833333333,0,1,1,1,0.444444444,0,0,3,1,1,0,1,0,0,0,0,1,0,0,0,1,0,0,1
37,8,5,8765,18.1,3,4,4,3,3,5,46,0,1,10,24,5,8,3,8,1,1,0,0.555555556,1,0,2.666666667,2921.666667,0.609981516,0,2.011111111,3.75,0.957427108,0,0.625,0.555555556,1,2.181818182,0,1,1,1,0.888888889,1,0,1,0,0,0,0,0,0,0,1,0,0,0,1,0,0,0,0
36,10,5,16189,9.9,4,4,2,3,5,3,6,1,1,10,30,8,4,3,13,1,1,0,0.454545455,1,0,2.5,4047.25,0.986136784,0,0.9,3.25,1.258305739,0,2.0,0.727272727,2,2.727272727,0,1,1,1,1.181818182,1,0,4,1,0,1,0,0,0,0,1,0,1,0,1,0,0,1,1
50,13,12,14851,18.4,3,4,3,4,3,4,55,0,0,17,35,3,4,3,4,1,1,1,0.857142857,1,0,4.333333333,4950.333333,0.971041282,0,1.314285714,3.5,0.577350269,0,0.75,0.214285714,1,1.944444444,0,1,1,1,0.285714286,0,0,3,0,1,0,0,0,0,0,1,1,0,0,0,1,0,0,0
32,14,3,15049,17.4,3,3,3,5,4,3,56,0,0,8,20,4,5,4,5,0,1,0,0.2,1,0,4.666666667,5016.333333,0.952930728,0,1.16,3.75,0.957427108,0,0.8,0.266666667,1,2.222222222,0,-1,0,0,0.333333333,0,0,4,1,1,0,0,0,0,0,0,1,0,1,0,0,0,0,0
38,8,3,9442,16.4,3,4,5,5,3,3,64,0,1,19,74,7,7,4,5,1,1,0,0.333333333,1,0,2.666666667,3147.333333,0.798668885,0,1.822222222,4.0,1.154700538,0,1.0,0.777777778,1,3.7,1,0,1,0,0.555555556,1,0,2,1,0,0,0,0,0,1,0,1,0,0,1,0,0,0,0
